<?xml version="1.0" encoding="utf-8"?>
<COLLADA xmlns="http://www.collada.org/2005/11/COLLADASchema" version="1.4.1">
  <asset />
  <library_images>
    <image id="MI_body_alb">
      <init_from>MI_body_alb.png</init_from>
    </image>
    <image id="MI_body_nml">
      <init_from>MI_body_nml.png</init_from>
    </image>
    <image id="MI_body_smt">
      <init_from>MI_body_smt.png</init_from>
    </image>
    <image id="MI_eye_alb.0">
      <init_from>MI_eye_alb.0.png</init_from>
    </image>
    <image id="MI_eye_alb.1">
      <init_from>MI_eye_alb.1.png</init_from>
    </image>
    <image id="MI_eye_alb.2">
      <init_from>MI_eye_alb.2.png</init_from>
    </image>
    <image id="MI_eye_alb.3">
      <init_from>MI_eye_alb.3.png</init_from>
    </image>
    <image id="MI_eye_alb.4">
      <init_from>MI_eye_alb.4.png</init_from>
    </image>
    <image id="MI_eye_alb.5">
      <init_from>MI_eye_alb.5.png</init_from>
    </image>
    <image id="MI_eye_alb.6">
      <init_from>MI_eye_alb.6.png</init_from>
    </image>
    <image id="MI_eye_alb.7">
      <init_from>MI_eye_alb.7.png</init_from>
    </image>
    <image id="MI_eye_alb.8">
      <init_from>MI_eye_alb.8.png</init_from>
    </image>
    <image id="MI_eye_alb.9">
      <init_from>MI_eye_alb.9.png</init_from>
    </image>
    <image id="MI_eye_alb.10">
      <init_from>MI_eye_alb.10.png</init_from>
    </image>
    <image id="MI_eye_alb.11">
      <init_from>MI_eye_alb.11.png</init_from>
    </image>
    <image id="MI_eye_alb.12">
      <init_from>MI_eye_alb.12.png</init_from>
    </image>
    <image id="MI_eye_alb.13">
      <init_from>MI_eye_alb.13.png</init_from>
    </image>
    <image id="MI_eye_nml">
      <init_from>MI_eye_nml.png</init_from>
    </image>
    <image id="MI_eye_smt">
      <init_from>MI_eye_smt.png</init_from>
    </image>
    <image id="MI_mouth_alb.0">
      <init_from>MI_mouth_alb.0.png</init_from>
    </image>
    <image id="MI_mouth_alb.1">
      <init_from>MI_mouth_alb.1.png</init_from>
    </image>
    <image id="MI_mouth_alb.2">
      <init_from>MI_mouth_alb.2.png</init_from>
    </image>
    <image id="MI_mouth_alb.3">
      <init_from>MI_mouth_alb.3.png</init_from>
    </image>
    <image id="MI_mouth_alb.4">
      <init_from>MI_mouth_alb.4.png</init_from>
    </image>
    <image id="MI_mouth_alb.5">
      <init_from>MI_mouth_alb.5.png</init_from>
    </image>
    <image id="MI_mouth_alb.6">
      <init_from>MI_mouth_alb.6.png</init_from>
    </image>
    <image id="MI_mouth_alb.7">
      <init_from>MI_mouth_alb.7.png</init_from>
    </image>
    <image id="MI_mouth_alb.8">
      <init_from>MI_mouth_alb.8.png</init_from>
    </image>
    <image id="MI_mouth_alb.9">
      <init_from>MI_mouth_alb.9.png</init_from>
    </image>
    <image id="MI_mouth_alb.10">
      <init_from>MI_mouth_alb.10.png</init_from>
    </image>
    <image id="MI_mouth_alb.11">
      <init_from>MI_mouth_alb.11.png</init_from>
    </image>
    <image id="MI_mouth_alb.12">
      <init_from>MI_mouth_alb.12.png</init_from>
    </image>
    <image id="MI_mouth_nml">
      <init_from>MI_mouth_nml.png</init_from>
    </image>
    <image id="MI_mouth_smt">
      <init_from>MI_mouth_smt.png</init_from>
    </image>
    <image id="MI_sword_alb">
      <init_from>MI_sword_alb.png</init_from>
    </image>
    <image id="MI_sword_nml">
      <init_from>MI_sword_nml.png</init_from>
    </image>
    <image id="MI_sword_mtl">
      <init_from>MI_sword_mtl.png</init_from>
    </image>
    <image id="MI_sword_smt">
      <init_from>MI_sword_smt.png</init_from>
    </image>
  </library_images>
  <library_materials>
    <material id="MI_body">
      <instance_effect url="#Effect_MI_body" />
    </material>
    <material id="MI_eye">
      <instance_effect url="#Effect_MI_eye" />
    </material>
    <material id="MI_mouth">
      <instance_effect url="#Effect_MI_mouth" />
    </material>
    <material id="MI_sword">
      <instance_effect url="#Effect_MI_sword" />
    </material>
  </library_materials>
  <library_effects>
    <effect id="Effect_MI_body">
      <profile_COMMON>
        <newparam sid="surface_MI_body-diffuse">
          <surface type="2D">
            <init_from>MI_body_alb</init_from>
            <format>A8R8G8B8</format>
          </surface>
        </newparam>
        <newparam sid="sampler_MI_body-diffuse">
          <sampler2D>
            <source>surface_MI_body-diffuse</source>
            <wrap_s>WRAP</wrap_s>
            <wrap_t>WRAP</wrap_t>
          </sampler2D>
        </newparam>
        <newparam sid="surface_MI_body-bump">
          <surface type="2D">
            <init_from>MI_body_nml</init_from>
            <format>A8R8G8B8</format>
          </surface>
        </newparam>
        <newparam sid="sampler_MI_body-bump">
          <sampler2D>
            <source>surface_MI_body-bump</source>
            <wrap_s>WRAP</wrap_s>
            <wrap_t>WRAP</wrap_t>
          </sampler2D>
        </newparam>
        <technique sid="common">
          <phong>
            <diffuse>
              <texture texture="sampler_MI_body-diffuse" texcoord="CHANNEL0" />
            </diffuse>
            <bump>
              <texture texture="sampler_MI_body-bump" texcoord="CHANNEL0" />
            </bump>
            <emission>
              <color sid="emission">0 0 0 1</color>
            </emission>
            <specular>
              <color sid="specular">0 0 0 1</color>
            </specular>
          </phong>
        </technique>
      </profile_COMMON>
    </effect>
    <effect id="Effect_MI_eye">
      <profile_COMMON>
        <newparam sid="surface_MI_eye-diffuse">
          <surface type="2D">
            <init_from>MI_eye_alb.0</init_from>
            <format>A8R8G8B8</format>
          </surface>
        </newparam>
        <newparam sid="sampler_MI_eye-diffuse">
          <sampler2D>
            <source>surface_MI_eye-diffuse</source>
            <wrap_s>WRAP</wrap_s>
            <wrap_t>WRAP</wrap_t>
          </sampler2D>
        </newparam>
        <newparam sid="surface_MI_eye-bump">
          <surface type="2D">
            <init_from>MI_eye_nml</init_from>
            <format>A8R8G8B8</format>
          </surface>
        </newparam>
        <newparam sid="sampler_MI_eye-bump">
          <sampler2D>
            <source>surface_MI_eye-bump</source>
            <wrap_s>WRAP</wrap_s>
            <wrap_t>WRAP</wrap_t>
          </sampler2D>
        </newparam>
        <technique sid="common">
          <phong>
            <diffuse>
              <texture texture="sampler_MI_eye-diffuse" texcoord="CHANNEL0" />
            </diffuse>
            <bump>
              <texture texture="sampler_MI_eye-bump" texcoord="CHANNEL0" />
            </bump>
            <emission>
              <color sid="emission">0 0 0 1</color>
            </emission>
            <specular>
              <color sid="specular">0 0 0 1</color>
            </specular>
          </phong>
        </technique>
      </profile_COMMON>
    </effect>
    <effect id="Effect_MI_mouth">
      <profile_COMMON>
        <newparam sid="surface_MI_mouth-diffuse">
          <surface type="2D">
            <init_from>MI_mouth_alb.0</init_from>
            <format>A8R8G8B8</format>
          </surface>
        </newparam>
        <newparam sid="sampler_MI_mouth-diffuse">
          <sampler2D>
            <source>surface_MI_mouth-diffuse</source>
            <wrap_s>WRAP</wrap_s>
            <wrap_t>WRAP</wrap_t>
          </sampler2D>
        </newparam>
        <newparam sid="surface_MI_mouth-bump">
          <surface type="2D">
            <init_from>MI_mouth_nml</init_from>
            <format>A8R8G8B8</format>
          </surface>
        </newparam>
        <newparam sid="sampler_MI_mouth-bump">
          <sampler2D>
            <source>surface_MI_mouth-bump</source>
            <wrap_s>WRAP</wrap_s>
            <wrap_t>WRAP</wrap_t>
          </sampler2D>
        </newparam>
        <technique sid="common">
          <phong>
            <diffuse>
              <texture texture="sampler_MI_mouth-diffuse" texcoord="CHANNEL0" />
            </diffuse>
            <bump>
              <texture texture="sampler_MI_mouth-bump" texcoord="CHANNEL0" />
            </bump>
            <emission>
              <color sid="emission">0 0 0 1</color>
            </emission>
            <specular>
              <color sid="specular">0 0 0 1</color>
            </specular>
          </phong>
        </technique>
      </profile_COMMON>
    </effect>
    <effect id="Effect_MI_sword">
      <profile_COMMON>
        <newparam sid="surface_MI_sword-diffuse">
          <surface type="2D">
            <init_from>MI_sword_alb</init_from>
            <format>A8R8G8B8</format>
          </surface>
        </newparam>
        <newparam sid="sampler_MI_sword-diffuse">
          <sampler2D>
            <source>surface_MI_sword-diffuse</source>
            <wrap_s>WRAP</wrap_s>
            <wrap_t>WRAP</wrap_t>
          </sampler2D>
        </newparam>
        <newparam sid="surface_MI_sword-bump">
          <surface type="2D">
            <init_from>MI_sword_nml</init_from>
            <format>A8R8G8B8</format>
          </surface>
        </newparam>
        <newparam sid="sampler_MI_sword-bump">
          <sampler2D>
            <source>surface_MI_sword-bump</source>
            <wrap_s>WRAP</wrap_s>
            <wrap_t>WRAP</wrap_t>
          </sampler2D>
        </newparam>
        <technique sid="common">
          <phong>
            <diffuse>
              <texture texture="sampler_MI_sword-diffuse" texcoord="CHANNEL0" />
            </diffuse>
            <bump>
              <texture texture="sampler_MI_sword-bump" texcoord="CHANNEL0" />
            </bump>
            <emission>
              <color sid="emission">0 0 0 1</color>
            </emission>
            <specular>
              <color sid="specular">0 0 0 1</color>
            </specular>
          </phong>
        </technique>
      </profile_COMMON>
    </effect>
  </library_effects>
  <library_geometries>
    <geometry id="backle_low__MI_body-mesh" name="backle_low__MI_body">
      <mesh>
        <source id="backle_low__MI_body-position">
          <float_array id="backle_low__MI_body-position-array" count="780">8.692206E-09 0.2714329 0.2154177 -0.04061846 0.3661412 0.2025968 -1.064058E-08 0.3665281 0.2069349 -0.04061844 0.2710459 0.2110797 -0.0812369 0.3175347 0.1949693 -0.08123691 0.3650824 0.1907279 -0.08123689 0.2699871 0.1992108 -1.064058E-08 0.3665281 0.2069349 0.04061844 0.3661412 0.2025969 8.692206E-09 0.2714329 0.2154177 0.04061846 0.2710459 0.2110797 0.0812369 0.3175348 0.1949693 0.08123689 0.3650824 0.1907279 0.08123691 0.2699871 0.1992108 -0.2632366 1.017096 0.1408994 -0.2371589 1.016041 0.2049144 -0.2457645 1.074799 0.1779674 -0.2361198 0.9659436 0.2046425 -0.2638695 0.9654223 0.1380044 -0.2335657 0.9214945 0.2034976 -0.2742694 0.9616077 0.07085197 -0.2618551 0.918833 0.1368854 -0.2270995 0.8610251 0.2001784 -0.2745883 0.9136606 0.06601042 -0.2814806 0.9300629 0.006535389 -0.2788028 0.8907549 0.02610868 -0.2545885 0.860468 0.1329535 -0.2132616 0.8075628 0.1934526 -0.2676081 0.8530222 0.06196004 -0.2694489 0.8479585 0.0380539 -0.2395067 0.8061911 0.1279676 -0.2527411 0.8043447 0.06088571 -0.2557271 0.798979 0.03745927 -0.2169199 0.7582809 0.1213045 -0.1901843 0.7561721 0.1823263 -0.2283435 0.7620093 0.05954859 -0.1781355 0.7191619 0.1164066 -0.1596802 0.7161727 0.1678621 -0.1908822 0.7249432 0.05748866 -0.2360129 0.769607 -0.005105407 -0.2460756 0.7792569 -0.002563023 -0.2451378 0.7854123 -0.03753747 -0.2404018 0.7829753 -0.06684402 -0.254052 0.8064286 -0.07094109 -0.2696833 0.8463764 -0.09875167 -0.2395699 0.7975245 -0.1059866 -0.2011436 0.7569835 -0.1165484 -0.1982216 0.7372377 -0.03623174 -0.1502987 0.722431 -0.1268449 -0.1460137 0.7040572 -0.03913414 -0.08113609 0.6983516 -0.1371227 -0.1398549 0.6904355 0.05541134 -0.07887124 0.6796442 -0.04257651 3.417461E-08 0.6892509 -0.1426805 4.45234E-08 0.6675192 -0.04442463 -0.07751727 0.6685278 0.05637508 5.738661E-08 0.6566831 0.05750751 -0.1330192 0.6857174 0.1130397 -0.09627531 0.6707749 0.1114927 -0.05295462 0.6601783 0.113006 6.536297E-08 0.6557635 0.1134734 -0.09902769 0.675733 0.1554815 -0.03753386 0.6633227 0.1731775 7.563881E-08 0.6615249 0.1769006 -0.0690255 0.6673659 0.1672194 -0.0404003 0.6762109 0.2236406 8.603356E-08 0.6751418 0.231337 1.007764E-07 0.7100469 0.2890755 -0.04689762 0.7104316 0.2764006 -0.09332941 0.7116777 0.248086 -0.07492833 0.6796243 0.2074675 -0.1305442 0.713497 0.2110105 -0.1057032 0.6841703 0.183169 -0.1218374 0.6872393 0.1563483 0.2457648 1.074799 0.1779673 0.2371592 1.016041 0.2049143 0.2632369 1.017096 0.1408993 0.2361201 0.9659435 0.2046425 0.2638697 0.9654222 0.1380043 0.2335659 0.9214944 0.2034975 0.2742697 0.9616077 0.07085187 0.2618553 0.9188329 0.1368853 0.2270997 0.861025 0.2001783 0.2745885 0.9136605 0.06601031 0.2814808 0.9300628 0.006535289 0.278803 0.8907549 0.02610859 0.2545887 0.8604679 0.1329534 0.2132618 0.8075627 0.1934525 0.2676083 0.8530221 0.06195995 0.2694491 0.8479584 0.0380538 0.2395069 0.806191 0.1279675 0.2527412 0.8043446 0.06088562 0.2557273 0.798979 0.03745918 0.2169201 0.7582808 0.1213045 0.1901845 0.756172 0.1823263 0.2283437 0.7620092 0.05954851 0.1781357 0.7191619 0.1164065 0.1596804 0.7161727 0.1678621 0.1908823 0.7249431 0.05748859 0.2360131 0.7696069 -0.005105492 0.2460757 0.7792568 -0.002563111 0.245138 0.7854123 -0.03753756 0.2404019 0.7829752 -0.06684411 0.2540521 0.8064286 -0.07094118 0.23957 0.7975244 -0.1059867 0.2696834 0.8463764 -0.09875176 0.2011437 0.7569834 -0.1165485 0.1982217 0.7372376 -0.03623181 0.1502988 0.7224309 -0.126845 0.1460139 0.7040571 -0.03913419 0.08113615 0.6983516 -0.1371227 0.139855 0.6904355 0.05541129 0.07887132 0.6796442 -0.04257654 3.417461E-08 0.6892509 -0.1426805 4.45234E-08 0.6675192 -0.04442463 0.07751738 0.6685278 0.05637505 5.738661E-08 0.6566831 0.05750751 0.1330193 0.6857174 0.1130396 0.09627544 0.6707748 0.1114926 0.05295475 0.6601783 0.113006 6.536297E-08 0.6557635 0.1134734 0.09902784 0.6757329 0.1554814 0.03753401 0.6633227 0.1731775 7.563881E-08 0.6615249 0.1769006 0.06902565 0.6673659 0.1672194 0.04040048 0.6762109 0.2236406 8.603356E-08 0.6751418 0.231337 0.04689782 0.7104316 0.2764006 1.007764E-07 0.7100469 0.2890755 0.09332959 0.7116776 0.2480859 0.07492849 0.6796243 0.2074675 0.1305444 0.713497 0.2110105 0.1057034 0.6841703 0.183169 0.1218376 0.6872393 0.1563482 -0.2962764 0.9409944 -0.05291913 -0.3078734 0.9341197 -0.09899157 -0.332878 0.9571251 -0.09263849 -0.3267726 0.9307362 -0.1125385 -0.2888284 0.8818853 -0.1041541 -0.3523312 0.9263863 -0.1219571 -0.316914 0.8709233 -0.1192031 -0.2696833 0.8463764 -0.09875167 -0.3512184 0.8657239 -0.1252579 -0.297736 0.8268596 -0.1056297 -0.254052 0.8064286 -0.07094109 -0.3301792 0.8129207 -0.1037248 -0.2690138 0.7922855 -0.07019214 -0.29278 0.7833382 -0.0604673 -0.2451378 0.7854123 -0.03753747 -0.2633084 0.7750493 -0.02332313 -0.2460756 0.7792569 -0.002563023 0.2962765 0.9409943 -0.05291924 0.3328782 0.9571249 -0.09263861 0.3078736 0.9341196 -0.09899168 0.3267728 0.9307362 -0.1125386 0.2888286 0.8818853 -0.1041542 0.3523313 0.9263862 -0.1219572 0.3169141 0.8709233 -0.1192032 0.2696834 0.8463764 -0.09875176 0.3512185 0.8657238 -0.125258 0.2977361 0.8268595 -0.1056298 0.2540521 0.8064286 -0.07094118 0.3301793 0.8129206 -0.1037249 0.2690139 0.7922854 -0.07019223 0.2927801 0.7833382 -0.0604674 0.245138 0.7854123 -0.03753756 0.2633085 0.7750493 -0.02332322 0.2460757 0.7792568 -0.002563111 -0.03749584 0.2762879 0.2389245 8.692206E-09 0.2714329 0.2154177 5.938953E-09 0.2766749 0.2432626 -3.171134E-09 0.3214861 0.2392652 -0.04061844 0.2710459 0.2110797 -0.03749585 0.3210992 0.2349272 -1.228123E-08 0.3662974 0.2352679 -0.07499169 0.2752291 0.2270555 -0.08123689 0.2699871 0.1992108 -0.0812369 0.3175347 0.1949693 -0.0749917 0.3200404 0.2230581 -0.0749917 0.3648517 0.2190608 -0.08123691 0.3650824 0.1907279 -0.04061846 0.3661412 0.2025968 -0.03749586 0.3659104 0.2309298 -1.064058E-08 0.3665281 0.2069349 8.692206E-09 0.2714329 0.2154177 0.03749586 0.2762879 0.2389245 5.938953E-09 0.2766749 0.2432626 0.04061846 0.2710459 0.2110797 -3.171134E-09 0.3214861 0.2392652 0.0749917 0.2752291 0.2270555 0.08123691 0.2699871 0.1992108 0.0812369 0.3175348 0.1949693 0.03749584 0.3210992 0.2349272 -1.228123E-08 0.3662974 0.2352679 0.0749917 0.3200404 0.2230582 0.07499169 0.3648517 0.2190609 0.08123689 0.3650824 0.1907279 0.04061844 0.3661412 0.2025969 0.03749584 0.3659104 0.2309299 -1.064058E-08 0.3665281 0.2069349 0.3218899 0.9600271 -0.03565818 0.3328782 0.9571249 -0.09263861 0.2962765 0.9409943 -0.05291924 0.2814808 0.9300628 0.006535289 0.3613781 0.9565474 -0.07352596 0.3523313 0.9263862 -0.1219572 0.3271082 0.9296366 -0.02752678 0.3799051 0.9241943 -0.1002229 0.3512185 0.8657238 -0.125258 0.354118 0.9317067 -0.05565061 0.3770816 0.8655512 -0.1007624 0.3301793 0.8129206 -0.1037249 0.3668784 0.9043552 -0.07066176 0.3001404 0.8593037 -0.03839815 0.3029875 0.9092131 -0.008580353 0.278803 0.8907549 0.02610859 0.3630745 0.8662318 -0.07230672 0.2855837 0.8783491 0.003259221 0.2712959 0.8425559 0.01215146 0.2694491 0.8479584 0.0380538 0.2557273 0.798979 0.03745918 0.2885892 0.8118178 0.005100635 0.3442664 0.8325894 -0.05875384 0.2831769 0.7801803 0.006442646 0.2460757 0.7792568 -0.002563111 0.2633085 0.7750493 -0.02332322 0.3165906 0.8166518 -0.02819784 0.3189721 0.7877209 -0.03701828 0.2927801 0.7833382 -0.0604674 0.3561093 0.8178293 -0.08084528 -0.3218897 0.9600272 -0.03565807 -0.2962764 0.9409944 -0.05291913 -0.332878 0.9571251 -0.09263849 -0.2814806 0.9300629 0.006535389 -0.3613779 0.9565475 -0.07352583 -0.3523312 0.9263863 -0.1219571 -0.3271081 0.9296367 -0.02752666 -0.379905 0.9241945 -0.1002228 -0.3512184 0.8657239 -0.1252579 -0.3541178 0.9317068 -0.05565049 -0.3770814 0.8655514 -0.1007623 -0.3301792 0.8129207 -0.1037248 -0.3668782 0.9043553 -0.07066163 -0.3001402 0.8593038 -0.03839804 -0.3029873 0.9092132 -0.008580244 -0.2788028 0.8907549 0.02610868 -0.3630744 0.8662319 -0.0723066 -0.2855835 0.8783492 0.003259324 -0.2712957 0.842556 0.01215156 -0.2694489 0.8479585 0.0380539 -0.2557271 0.798979 0.03745927 -0.2885891 0.8118178 0.005100739 -0.3442662 0.8325894 -0.05875371 -0.2831767 0.7801805 0.006442747 -0.2460756 0.7792569 -0.002563023 -0.2633084 0.7750493 -0.02332313 -0.3165904 0.8166519 -0.02819773 -0.318972 0.787721 -0.03701817 -0.29278 0.7833382 -0.0604673 -0.3561092 0.8178294 -0.08084515</float_array>
          <technique_common>
            <accessor source="#backle_low__MI_body-position-array" count="260" stride="3">
              <param name="X" type="float" />
              <param name="Y" type="float" />
              <param name="Z" type="float" />
            </accessor>
          </technique_common>
        </source>
        <source id="backle_low__MI_body-normal">
          <float_array id="backle_low__MI_body-normal-array" count="780">2.130486E-07 -0.08806254 -0.9960859 0.1819963 -0.0880625 -0.9784734 2.130486E-07 -0.08806254 -0.9960859 0.1819963 -0.0880625 -0.9784734 0.2818005 -0.08610553 -0.95499 0.2818005 -0.08610553 -0.95499 0.2818005 -0.08610553 -0.95499 2.130486E-07 -0.08806254 -0.9960859 -0.1819958 -0.08806258 -0.9784734 2.130486E-07 -0.08806254 -0.9960859 -0.1819958 -0.08806258 -0.9784734 -0.2818001 -0.08610565 -0.95499 -0.2818001 -0.08610565 -0.95499 -0.2818001 -0.08610565 -0.95499 -0.9452054 0.0058731 0.3287672 -0.847358 0.01565911 0.5322896 -0.9080234 0.09197927 0.4090015 -0.8512719 -0.03717852 0.5225052 -0.960861 -0.02152449 0.2759298 -0.849315 -0.09001612 0.5185917 -0.9902152 -0.005869755 0.1428573 -0.9530332 -0.09393147 0.287672 -0.8454011 -0.1937345 0.4970659 -0.9843444 -0.06849195 0.1604702 -0.8434441 0.2818035 0.4598809 -0.9647749 -0.08806088 0.246576 -0.9373777 -0.2035206 0.2818018 -0.8101761 -0.3542043 0.4677127 -0.962818 -0.2035212 0.1819975 -0.964775 -0.2328757 0.1252462 -0.8923679 -0.3600764 0.2759319 -0.9080235 -0.3757325 0.1800416 -0.8180039 -0.4814069 0.3150716 -0.7847359 -0.5792548 0.2230958 -0.739726 -0.5381578 0.4031346 -0.7710372 -0.6340504 0.06849727 -0.6438357 -0.7534237 0.1291634 -0.6438357 -0.7142839 0.2739772 -0.6203524 -0.7847357 -0.00782274 -0.706458 -0.7064581 -0.04304827 -0.1859101 -0.9569457 0.2270119 -0.2700589 -0.9217238 -0.2759237 -0.7240705 -0.6712338 -0.1565514 -0.3757341 -0.7005909 -0.6086061 0.1859098 -0.3502994 -0.917806 -0.782779 -0.5733869 -0.2387438 -0.6262232 -0.7592965 -0.1780773 -0.6046968 -0.7886502 -0.1056701 -0.4442272 -0.8786703 -0.1722057 -0.4363994 -0.8904117 -0.1291528 -0.2250491 -0.9569483 -0.183947 -0.4520549 -0.8904113 -0.06848746 -0.2367908 -0.958905 -0.1506788 -1.818457E-07 -0.9784749 -0.2015594 -1.760135E-07 -0.9863024 -0.1624204 -0.2309199 -0.9686894 -0.09392731 -1.645241E-07 -0.9960867 -0.09001327 -0.5107633 -0.8571424 0.05675696 -0.3072408 -0.9510763 -0.003907841 -0.154599 -0.9882583 6.266403E-06 -1.434116E-07 -0.9999998 0.03131747 -0.3581215 -0.9256351 0.1272075 -0.1056753 -0.9823865 0.1546051 -1.172251E-07 -0.9863003 0.1663467 -0.225049 -0.962817 0.150691 -0.187867 -0.8943222 0.4050938 -6.041972E-08 -0.9080208 0.4187925 5.308749E-09 -0.7534205 0.657539 -0.2935421 -0.7260234 0.6223139 -0.4579256 -0.6868848 0.5655621 -0.334638 -0.8649682 0.3757394 -0.5714286 -0.6849285 0.4501023 -0.4579257 -0.8336574 0.3111599 -0.522505 -0.8317012 0.1859153 0.9080235 0.09197894 0.4090013 0.8473582 0.0156588 0.5322894 0.9452055 0.005872757 0.3287669 0.851272 -0.03717884 0.522505 0.9608611 -0.02152484 0.2759295 0.8493151 -0.09001643 0.5185915 0.9902152 -0.005870115 0.142857 0.9530333 -0.09393181 0.2876717 0.8454012 -0.1937348 0.4970657 0.9843444 -0.06849231 0.1604699 0.8434443 0.2818032 0.4598807 0.964775 -0.08806124 0.2465758 0.9373777 -0.2035209 0.2818015 0.8101762 -0.3542046 0.4677125 0.962818 -0.2035215 0.1819972 0.964775 -0.2328761 0.125246 0.8923679 -0.3600767 0.2759317 0.9080235 -0.3757329 0.1800414 0.8180039 -0.4814072 0.3150714 0.7847357 -0.579255 0.2230955 0.739726 -0.538158 0.4031344 0.7710371 -0.6340506 0.06849705 0.6438355 -0.7534239 0.1291632 0.6438355 -0.7142841 0.273977 0.6203521 -0.784736 -0.007822921 0.7064578 -0.7064583 -0.04304848 0.1859099 -0.9569458 0.2270119 0.2700585 -0.9217239 -0.2759238 0.7240703 -0.671234 -0.1565516 0.3757336 -0.700591 -0.6086062 0.7827787 -0.5733871 -0.2387441 -0.1859102 -0.3502993 -0.917806 0.626223 -0.7592968 -0.1780775 0.6046966 -0.7886505 -0.1056703 0.4442269 -0.8786704 -0.1722059 0.4363991 -0.8904119 -0.1291529 0.2250488 -0.9569484 -0.183947 0.4520546 -0.8904114 -0.06848759 0.2367904 -0.9589051 -0.1506789 -1.818457E-07 -0.9784749 -0.2015594 -1.760135E-07 -0.9863024 -0.1624204 0.2309196 -0.9686895 -0.09392738 -1.645241E-07 -0.9960867 -0.09001327 0.5107631 -0.8571426 0.05675681 0.3072405 -0.9510764 -0.00390793 0.1545987 -0.9882583 6.221412E-06 -1.434116E-07 -0.9999998 0.03131747 0.3581212 -0.9256352 0.1272074 0.105675 -0.9823865 0.154605 -1.172251E-07 -0.9863003 0.1663467 0.2250488 -0.9628171 0.150691 0.1878669 -0.8943223 0.4050937 -6.041972E-08 -0.9080208 0.4187925 0.2935421 -0.7260235 0.6223137 5.308749E-09 -0.7534205 0.657539 0.4579256 -0.6868849 0.565562 0.3346379 -0.8649683 0.3757392 0.5714286 -0.6849288 0.4501021 0.4579256 -0.8336576 0.3111598 0.5225047 -0.8317015 0.1859152 0.5753426 0.8121323 -0.09980952 0.5792564 0.5694678 -0.5831739 0.1252447 0.9178059 -0.3757397 0.3620351 0.3424602 -0.8669298 0.4363991 0.1487223 -0.8864981 -0.264188 0.3307184 -0.9060686 0.2915849 -6.127574E-06 -0.9569472 0.1859098 -0.3502994 -0.917806 -0.3111548 -0.2074422 -0.9275916 0.2681015 -0.3913951 -0.8806238 -0.3757341 -0.7005909 -0.6086061 -0.228963 -0.6829789 -0.6927549 0.2759293 -0.7377731 -0.6164337 -0.1350296 -0.931509 -0.336589 -0.2700589 -0.9217238 -0.2759237 0.003913731 -0.9960867 -0.08022854 -0.1859101 -0.9569457 0.2270119 -0.5753424 0.8121325 -0.09980936 -0.1252445 0.9178059 -0.3757396 -0.5792564 0.569468 -0.5831738 -0.3620353 0.3424603 -0.8669297 -0.4363994 0.1487224 -0.886498 0.2641878 0.3307182 -0.9060687 -0.2915853 -6.021625E-06 -0.9569471 -0.1859102 -0.3502993 -0.917806 0.3111544 -0.2074423 -0.9275917 -0.268102 -0.391395 -0.8806237 0.3757336 -0.700591 -0.6086062 0.2289626 -0.682979 -0.692755 -0.2759297 -0.7377729 -0.6164336 0.1350292 -0.931509 -0.3365891 0.2700585 -0.9217239 -0.2759238 -0.003914057 -0.9960867 -0.08022854 0.1859099 -0.9569458 0.2270119 -0.1839532 -0.4031311 0.8962815 1.977104E-08 -0.9823872 0.1859097 -1.671495E-07 -0.4011741 0.915851 -2.130486E-07 0.08806254 0.9960859 -0.02152639 -0.9823872 0.1878667 -0.2113505 0.08610555 0.9726025 -2.063416E-07 0.5577298 0.8297455 -0.6125244 -0.373777 0.6986299 -0.845401 -0.4559688 0.2759293 -0.9765164 0.01956925 0.2152641 -0.6751468 0.06457905 0.7338549 -0.6125245 0.4911935 0.6203522 -0.845401 0.4990212 0.1898239 -0.02152647 0.9999998 0.01174189 -0.1839532 0.5557728 0.8101761 -6.123766E-08 0.9999998 0.007827995 1.977104E-08 -0.9823872 0.1859097 0.1839528 -0.4031311 0.8962815 -1.671495E-07 -0.4011741 0.915851 0.02152643 -0.9823872 0.1878667 -2.130486E-07 0.08806254 0.9960859 0.6125242 -0.3737767 0.69863 0.8454009 -0.4559684 0.2759295 0.9765163 0.01956966 0.2152642 0.21135 0.08610564 0.9726025 -2.063416E-07 0.5577298 0.8297455 0.6751464 0.06457934 0.7338551 0.6125242 0.4911937 0.6203523 0.8454009 0.4990216 0.189824 0.02152635 0.9999998 0.01174189 0.1839528 0.5557729 0.8101761 -6.123766E-08 0.9999998 0.007827995 -0.03718179 0.9334661 0.3581154 -0.1252445 0.9178059 -0.3757396 -0.5753424 0.8121325 -0.09980936 0.8434443 0.2818032 0.4598807 0.6223093 0.7769085 0.08805762 0.2641878 0.3307182 -0.9060687 0.7005872 -0.0939291 0.7064584 0.9099804 0.2661426 -0.3170272 0.3111544 -0.2074423 -0.9275917 0.7103719 -0.04500546 0.7025442 0.9119372 -0.2583192 -0.3170239 0.2289626 -0.682979 -0.692755 0.7181997 -0.08805838 0.6888458 0.7123289 -0.003909564 0.7025439 0.7651664 -0.1702506 0.6203532 0.964775 -0.08806124 0.2465758 0.6751469 -0.09392893 0.7318987 0.8630137 -0.277884 0.4207453 0.890411 0.003916615 0.4540116 0.964775 -0.2328761 0.125246 0.8180039 -0.4814072 0.3150714 0.7397261 0.1428612 0.6575332 0.6751469 0.01174624 0.7377689 0.4579256 -0.7397229 0.4931553 0.1859099 -0.9569458 0.2270119 -0.003914057 -0.9960867 -0.08022854 0.7201567 0.1663447 0.6731886 0.626223 -0.7573375 0.1878716 0.1350292 -0.931509 -0.3365891 0.7612523 -0.6399225 -0.1037143 0.0371822 0.9334661 0.3581154 0.5753426 0.8121323 -0.09980952 0.1252447 0.9178059 -0.3757397 -0.8434441 0.2818035 0.4598809 -0.6223091 0.7769087 0.0880578 -0.264188 0.3307184 -0.9060686 -0.700587 -0.09392885 0.7064586 -0.9099804 0.266143 -0.317027 -0.3111548 -0.2074422 -0.9275916 -0.7103717 -0.04500519 0.7025445 -0.9119375 -0.2583189 -0.3170237 -0.228963 -0.6829789 -0.6927549 -0.7181995 -0.08805811 0.6888461 -0.7123287 -0.003909305 0.7025442 -0.7651663 -0.1702503 0.6203535 -0.9647749 -0.08806088 0.246576 -0.6751466 -0.09392869 0.731899 -0.8630136 -0.2778837 0.4207455 -0.8904109 0.003916938 0.4540118 -0.964775 -0.2328757 0.1252462 -0.8180039 -0.4814069 0.3150716 -0.7397259 0.1428615 0.6575335 -0.6751466 0.01174649 0.7377691 -0.4579257 -0.7397228 0.4931554 -0.1859101 -0.9569457 0.2270119 0.003913731 -0.9960867 -0.08022854 -0.7201564 0.1663449 0.6731889 -0.6262231 -0.7573372 0.1878718 -0.1350296 -0.931509 -0.336589 -0.7612526 -0.6399223 -0.103714</float_array>
          <technique_common>
            <accessor source="#backle_low__MI_body-normal-array" count="260" stride="3">
              <param name="X" type="float" />
              <param name="Y" type="float" />
              <param name="Z" type="float" />
            </accessor>
          </technique_common>
        </source>
        <source id="backle_low__MI_body-texcoord">
          <float_array id="backle_low__MI_body-texcoord-array" count="520">0.9941404 -0.02148503 0.9746086 -0.06054872 0.9941404 -0.06054872 0.9746086 -0.02148503 0.9550768 -0.04101688 0.9550768 -0.06054872 0.9550768 -0.02148503 0.9941404 0.9394513 0.9746086 0.9394513 0.9941404 0.978515 0.9746086 0.978515 0.9550768 0.9589831 0.9550768 0.9394513 0.9550768 0.978515 0.8514054 0.1269875 0.8187506 0.1298257 0.8277535 0.09183019 0.8187811 0.1564684 0.8525956 0.1561327 0.8176824 0.1801508 0.8865017 0.1590625 0.8506424 0.1804865 0.8135319 0.2112186 0.8861355 0.185522 0.9174169 0.1811274 0.9045381 0.201178 0.8473464 0.2116764 0.8081912 0.2407605 0.8813135 0.2196722 0.8923002 0.2253181 0.8406628 0.2416456 0.8715171 0.2482376 0.881344 0.2551347 0.8311716 0.26957 0.799768 0.2700278 0.8596759 0.2738121 0.8171331 0.2969451 0.7895749 0.2959075 0.8456069 0.3003327 0.8891262 0.2839442 0.8918119 0.2767418 0.9071016 0.2840663 0.918485 0.2936796 0.926603 0.2824183 0.949675 0.2698141 0.9392682 0.2980132 0.9300516 0.3270058 0.8896145 0.3150731 0.9188818 0.3584704 0.8745079 0.3447981 0.905942 0.3950316 0.8276315 0.3301798 0.8580279 0.379284 0.8926664 0.4354991 0.8419752 0.4178594 0.8068789 0.3605762 0.7862484 0.3968017 0.799646 0.321543 0.785699 0.3399152 0.7676931 0.359508 0.750206 0.3835872 0.7656789 0.3295083 0.7225562 0.3501694 0.6907254 0.3592639 0.7452315 0.3399762 0.7138584 0.3252968 0.6907254 0.3254189 0.6907254 0.2905362 0.713187 0.292642 0.7383648 0.2943205 0.7355266 0.3227638 0.7636036 0.2950835 0.7581103 0.3186743 0.7758721 0.3183691 0.8277535 0.09183019 0.8187506 0.1298257 0.8514054 0.1269875 0.8187811 0.1564684 0.8525956 0.1561327 0.8176824 0.1801508 0.8865017 0.1590625 0.8506424 0.1804865 0.8135319 0.2112186 0.8861355 0.185522 0.9174169 0.1811884 0.9045381 0.201178 0.8473464 0.2116764 0.8081912 0.2407605 0.8813135 0.2196722 0.8923002 0.2253181 0.8406628 0.2416456 0.8715171 0.2482376 0.881344 0.2551347 0.8311716 0.26957 0.799768 0.2700278 0.8596759 0.2738121 0.8171331 0.2969451 0.7895749 0.2959075 0.8456069 0.3003327 0.8891262 0.2839442 0.8918119 0.2767418 0.9071016 0.2840663 0.918485 0.2936796 0.926603 0.2824183 0.9392682 0.2980132 0.949675 0.2698141 0.9300516 0.3270058 0.8896145 0.3150731 0.9188818 0.3584704 0.8745079 0.3447981 0.905942 0.3950316 0.8276315 0.3301798 0.8580279 0.379284 0.8926664 0.4354991 0.8419752 0.4178594 0.8068789 0.3605762 0.7862484 0.3968017 0.799646 0.321543 0.785699 0.3399152 0.7676931 0.359508 0.750206 0.3835872 0.7656789 0.3295083 0.7225562 0.3501694 0.6907254 0.3592639 0.7452315 0.3399762 0.7138584 0.3252968 0.6907254 0.3254189 0.713187 0.292642 0.6907254 0.2905362 0.7383648 0.2943205 0.7355266 0.3227638 0.7636036 0.2950835 0.7581103 0.3186743 0.7758721 0.3183691 0.9927976 -0.8865627 0.9849849 -0.8694723 0.9685965 -0.8908658 0.9655446 -0.8761254 0.9783624 -0.850032 0.9478744 -0.8821681 0.9582507 -0.8489944 0.9734184 -0.8240608 0.9352397 -0.8509476 0.9586474 -0.8212225 0.9762261 -0.8033692 0.9379559 -0.8184149 0.9667348 -0.7987304 0.9584338 -0.7916806 0.9761345 -0.7885983 0.9725333 -0.7809381 0.9878842 -0.7796564 0.9927976 0.1134373 0.9685965 0.1091342 0.9849849 0.1305277 0.9655446 0.1238746 0.9783319 0.149968 0.9478744 0.117832 0.9582507 0.1510056 0.9734184 0.1759392 0.9352397 0.1490524 0.9586474 0.1787774 0.9762261 0.1966308 0.9379559 0.1815851 0.9667348 0.2012696 0.9584338 0.2083194 0.9761345 0.2114017 0.9725333 0.2190619 0.9878842 0.2203436 0.9199194 -0.02148503 0.9003876 -0.009765923 0.9003876 -0.02148503 0.9003876 -0.04101688 0.9238258 -0.009765923 0.9199194 -0.04101688 0.9003876 -0.06054872 0.9355449 -0.02148503 0.947264 -0.009765923 0.947264 -0.04101688 0.9355449 -0.04101688 0.9355449 -0.06054872 0.947264 -0.07226783 0.9238258 -0.07226783 0.9199194 -0.06054872 0.9003876 -0.07226783 0.9003876 0.9902341 0.9199194 0.978515 0.9003876 0.978515 0.9238258 0.9902341 0.9003876 0.9589831 0.9355449 0.978515 0.947264 0.9902341 0.947264 0.9589831 0.9199194 0.9589831 0.9003876 0.9394513 0.9355449 0.9589831 0.9355449 0.9394513 0.947264 0.9277322 0.9238258 0.9277322 0.9199194 0.9394513 0.9003876 0.9277322 0.8680685 0.03369243 0.887753 0.007812738 0.8593402 0.01831111 0.8509781 0.05426191 0.8899808 0.02410962 0.9212012 0.009918516 0.8747215 0.04605243 0.9118015 0.02609333 0.9460433 0.0463271 0.8882717 0.03592028 0.9306314 0.05502487 0.9452803 0.08951079 0.9058504 0.04348888 0.8863186 0.0826136 0.8655354 0.06387524 0.8512528 0.08075198 0.9148228 0.06048769 0.8633076 0.08407849 0.8673666 0.1017487 0.8570818 0.1114536 0.8727683 0.1292154 0.8863186 0.1190832 0.9160436 0.08188116 0.8941313 0.1279641 0.8820155 0.1362346 0.9036226 0.1366009 0.9087191 0.1011078 0.9195837 0.1079134 0.9325235 0.1177709 0.9297464 0.08499405 0.8680685 -0.9663076 0.8593402 -0.9816889 0.887753 -0.9921873 0.8509781 -0.9457381 0.8899808 -0.9758904 0.9212012 -0.9900815 0.8747215 -0.9539475 0.9118015 -0.9739067 0.9460433 -0.9536729 0.8882717 -0.9640797 0.9306314 -0.9449751 0.9452803 -0.9104892 0.9058504 -0.9565111 0.8863186 -0.9173864 0.8655354 -0.9361247 0.8512528 -0.919248 0.9147923 -0.9395123 0.8633076 -0.9159215 0.8673666 -0.8982513 0.8570818 -0.8885464 0.8727683 -0.8707846 0.8863186 -0.8809168 0.9160436 -0.9181188 0.8941313 -0.8720359 0.8820155 -0.8637654 0.9036226 -0.8633991 0.9087191 -0.8988922 0.9195837 -0.8920866 0.9325235 -0.8822291 0.9297464 -0.9150059</float_array>
          <technique_common>
            <accessor source="#backle_low__MI_body-texcoord-array" count="260" stride="2">
              <param name="S" type="float" />
              <param name="T" type="float" />
            </accessor>
          </technique_common>
        </source>
        <vertices id="backle_low__MI_body-vertex">
          <input semantic="POSITION" source="#backle_low__MI_body-position" />
        </vertices>
        <triangles material="MI_body" count="352">
          <input semantic="VERTEX" source="#backle_low__MI_body-vertex" offset="0" />
          <input semantic="NORMAL" source="#backle_low__MI_body-normal" offset="1" />
          <input semantic="TEXCOORD" source="#backle_low__MI_body-texcoord" offset="2" set="0" />
          <p>0 0 0 1 1 1 2 2 2 3 3 3 1 1 1 0 0 0 1 1 1 3 3 3 4 4 4 5 5 5 1 1 1 4 4 4 4 4 4 3 3 3 6 6 6 7 7 7 8 8 8 9 9 9 9 9 9 8 8 8 10 10 10 8 8 8 11 11 11 10 10 10 8 8 8 12 12 12 11 11 11 10 10 10 11 11 11 13 13 13 14 14 14 15 15 15 16 16 16 15 15 15 14 14 14 17 17 17 17 17 17 14 14 14 18 18 18 17 17 17 18 18 18 19 19 19 18 18 18 14 14 14 20 20 20 19 19 19 18 18 18 21 21 21 19 19 19 21 21 21 22 22 22 23 23 23 18 18 18 20 20 20 21 21 21 18 18 18 23 23 23 20 20 20 24 24 24 23 23 23 24 24 24 25 25 25 23 23 23 22 22 22 21 21 21 26 26 26 21 21 21 23 23 23 26 26 26 26 26 26 27 27 27 22 22 22 23 23 23 25 25 25 28 28 28 26 26 26 23 23 23 28 28 28 25 25 25 29 29 29 28 28 28 30 30 30 27 27 27 26 26 26 26 26 26 28 28 28 30 30 30 28 28 28 29 29 29 31 31 31 30 30 30 28 28 28 31 31 31 29 29 29 32 32 32 31 31 31 33 33 33 27 27 27 30 30 30 31 31 31 33 33 33 30 30 30 34 34 34 27 27 27 33 33 33 31 31 31 32 32 32 35 35 35 35 35 35 33 33 33 31 31 31 36 36 36 34 34 34 33 33 33 37 37 37 34 34 34 36 36 36 38 38 38 33 33 33 35 35 35 36 36 36 33 33 33 38 38 38 32 32 32 39 39 39 35 35 35 35 35 35 39 39 39 38 38 38 39 39 39 32 32 32 40 40 40 39 39 39 40 40 40 41 41 41 39 39 39 41 41 41 42 42 42 41 41 41 43 43 43 42 42 42 43 43 43 44 44 44 45 45 45 42 42 42 43 43 43 45 45 45 42 42 42 45 45 45 46 46 46 47 47 47 39 39 39 42 42 42 47 47 47 42 42 42 46 46 46 39 39 39 47 47 47 38 38 38 48 48 48 47 47 47 46 46 46 49 49 49 47 47 47 48 48 48 47 47 47 49 49 49 38 38 38 48 48 48 50 50 50 49 49 49 38 38 38 49 49 49 51 51 51 51 51 51 36 36 36 38 38 38 49 49 49 50 50 50 52 52 52 52 52 52 51 51 51 49 49 49 50 50 50 53 53 53 52 52 52 52 52 52 53 53 53 54 54 54 54 54 54 55 55 55 52 52 52 55 55 55 51 51 51 52 52 52 56 56 56 55 55 55 54 54 54 57 57 57 36 36 36 51 51 51 57 57 57 37 37 37 36 36 36 55 55 55 58 58 58 51 51 51 58 58 58 57 57 57 51 51 51 55 55 55 56 56 56 59 59 59 59 59 59 58 58 58 55 55 55 56 56 56 60 60 60 59 59 59 58 58 58 61 61 61 57 57 57 59 59 59 60 60 60 62 62 62 60 60 60 63 63 63 62 62 62 58 58 58 59 59 59 64 64 64 59 59 59 62 62 62 64 64 64 61 61 61 58 58 58 64 64 64 63 63 63 65 65 65 62 62 62 66 66 66 65 65 65 63 63 63 67 67 67 68 68 68 66 66 66 66 66 66 68 68 68 65 65 65 68 68 68 69 69 69 65 65 65 65 65 65 70 70 70 62 62 62 65 65 65 69 69 69 70 70 70 62 62 62 70 70 70 64 64 64 69 69 69 71 71 71 70 70 70 70 70 70 72 72 72 64 64 64 70 70 70 71 71 71 72 72 72 64 64 64 72 72 72 61 61 61 71 71 71 37 37 37 72 72 72 61 61 61 72 72 72 73 73 73 72 72 72 37 37 37 73 73 73 61 61 61 73 73 73 57 57 57 73 73 73 37 37 37 57 57 57 74 74 74 75 75 75 76 76 76 77 77 77 76 76 76 75 75 75 78 78 78 76 76 76 77 77 77 79 79 79 78 78 78 77 77 77 78 78 78 80 80 80 76 76 76 81 81 81 78 78 78 79 79 79 82 82 82 81 81 81 79 79 79 78 78 78 83 83 83 80 80 80 81 81 81 83 83 83 78 78 78 80 80 80 83 83 83 84 84 84 84 84 84 83 83 83 85 85 85 86 86 86 81 81 81 82 82 82 86 86 86 83 83 83 81 81 81 82 82 82 87 87 87 86 86 86 83 83 83 88 88 88 85 85 85 88 88 88 83 83 83 86 86 86 85 85 85 88 88 88 89 89 89 86 86 86 87 87 87 90 90 90 90 90 90 88 88 88 86 86 86 88 88 88 91 91 91 89 89 89 91 91 91 88 88 88 90 90 90 89 89 89 91 91 91 92 92 92 87 87 87 93 93 93 90 90 90 90 90 90 93 93 93 91 91 91 94 94 94 93 93 93 87 87 87 91 91 91 95 95 95 92 92 92 91 91 91 93 93 93 95 95 95 94 94 94 96 96 96 93 93 93 97 97 97 96 96 96 94 94 94 93 93 93 98 98 98 95 95 95 96 96 96 98 98 98 93 93 93 92 92 92 95 95 95 99 99 99 95 95 95 98 98 98 99 99 99 99 99 99 100 100 100 92 92 92 99 99 99 101 101 101 100 100 100 99 99 99 102 102 102 101 101 101 101 101 101 102 102 102 103 103 103 103 103 103 104 104 104 105 105 105 102 102 102 104 104 104 103 103 103 102 102 102 106 106 106 104 104 104 107 107 107 102 102 102 99 99 99 107 107 107 106 106 106 102 102 102 99 99 99 98 98 98 107 107 107 107 107 107 108 108 108 106 106 106 109 109 109 108 108 108 107 107 107 98 98 98 109 109 109 107 107 107 109 109 109 110 110 110 108 108 108 111 111 111 109 109 109 98 98 98 96 96 96 111 111 111 98 98 98 112 112 112 110 110 110 109 109 109 109 109 109 111 111 111 112 112 112 112 112 112 113 113 113 110 110 110 114 114 114 113 113 113 112 112 112 112 112 112 115 115 115 114 114 114 112 112 112 111 111 111 115 115 115 114 114 114 115 115 115 116 116 116 117 117 117 111 111 111 96 96 96 97 97 97 117 117 117 96 96 96 115 115 115 111 111 111 118 118 118 118 118 118 111 111 111 117 117 117 115 115 115 119 119 119 116 116 116 119 119 119 115 115 115 118 118 118 116 116 116 119 119 119 120 120 120 118 118 118 117 117 117 121 121 121 119 119 119 122 122 122 120 120 120 120 120 120 122 122 122 123 123 123 118 118 118 124 124 124 119 119 119 119 119 119 124 124 124 122 122 122 121 121 121 124 124 124 118 118 118 122 122 122 125 125 125 123 123 123 123 123 123 125 125 125 126 126 126 126 126 126 127 127 127 128 128 128 125 125 125 127 127 127 126 126 126 125 125 125 129 129 129 127 127 127 122 122 122 130 130 130 125 125 125 130 130 130 129 129 129 125 125 125 124 124 124 130 130 130 122 122 122 129 129 129 130 130 130 131 131 131 130 130 130 124 124 124 132 132 132 131 131 131 130 130 130 132 132 132 132 132 132 124 124 124 121 121 121 132 132 132 97 97 97 131 131 131 121 121 121 133 133 133 132 132 132 133 133 133 97 97 97 132 132 132 121 121 121 117 117 117 133 133 133 133 133 133 117 117 117 97 97 97 134 134 134 135 135 135 136 136 136 135 135 135 137 137 137 136 136 136 135 135 135 138 138 138 137 137 137 139 139 139 136 136 136 137 137 137 138 138 138 140 140 140 137 137 137 137 137 137 140 140 140 139 139 139 138 138 138 141 141 141 140 140 140 140 140 140 142 142 142 139 139 139 141 141 141 143 143 143 140 140 140 142 142 142 140 140 140 143 143 143 143 143 143 141 141 141 144 144 144 145 145 145 142 142 142 143 143 143 146 146 146 143 143 143 144 144 144 145 145 145 143 143 143 146 146 146 147 147 147 145 145 145 146 146 146 146 146 146 144 144 144 148 148 148 149 149 149 147 147 147 146 146 146 148 148 148 149 149 149 146 146 146 150 150 150 149 149 149 148 148 148 151 151 151 152 152 152 153 153 153 153 153 153 152 152 152 154 154 154 153 153 153 154 154 154 155 155 155 156 156 156 154 154 154 152 152 152 155 155 155 154 154 154 157 157 157 154 154 154 156 156 156 157 157 157 155 155 155 157 157 157 158 158 158 157 157 157 156 156 156 159 159 159 158 158 158 157 157 157 160 160 160 159 159 159 160 160 160 157 157 157 160 160 160 161 161 161 158 158 158 162 162 162 160 160 160 159 159 159 163 163 163 161 161 161 160 160 160 162 162 162 163 163 163 160 160 160 164 164 164 163 163 163 162 162 162 163 163 163 165 165 165 161 161 161 164 164 164 166 166 166 163 163 163 163 163 163 166 166 166 165 165 165 167 167 167 165 165 165 166 166 166 168 168 168 169 169 169 170 170 170 171 171 171 168 168 168 170 170 170 172 172 172 169 169 169 168 168 168 173 173 173 168 168 168 171 171 171 174 174 174 173 173 173 171 171 171 175 175 175 172 172 172 168 168 168 176 176 176 172 172 172 175 175 175 176 176 176 175 175 175 177 177 177 175 175 175 168 168 168 178 178 178 177 177 177 175 175 175 178 178 178 178 178 178 168 168 168 173 173 173 178 178 178 179 179 179 177 177 177 178 178 178 173 173 173 179 179 179 177 177 177 179 179 179 180 180 180 179 179 179 181 181 181 180 180 180 179 179 179 173 173 173 182 182 182 182 182 182 181 181 181 179 179 179 182 182 182 173 173 173 174 174 174 181 181 181 182 182 182 183 183 183 183 183 183 182 182 182 174 174 174 184 184 184 185 185 185 186 186 186 187 187 187 185 185 185 184 184 184 186 186 186 185 185 185 188 188 188 185 185 185 187 187 187 189 189 189 189 189 189 187 187 187 190 190 190 190 190 190 191 191 191 189 189 189 188 188 188 185 185 185 192 192 192 188 188 188 192 192 192 193 193 193 194 194 194 185 185 185 189 189 189 189 189 189 191 191 191 194 194 194 192 192 192 185 185 185 194 194 194 194 194 194 191 191 191 195 195 195 195 195 195 192 192 192 194 194 194 195 195 195 191 191 191 196 196 196 197 197 197 195 195 195 196 196 196 198 198 198 192 192 192 195 195 195 198 198 198 195 195 195 197 197 197 193 193 193 192 192 192 198 198 198 199 199 199 198 198 198 197 197 197 193 193 193 198 198 198 199 199 199 200 200 200 201 201 201 202 202 202 200 200 200 202 202 202 203 203 203 204 204 204 201 201 201 200 200 200 201 201 201 204 204 204 205 205 205 200 200 200 203 203 203 206 206 206 205 205 205 204 204 204 207 207 207 205 205 205 207 207 207 208 208 208 204 204 204 200 200 200 209 209 209 209 209 209 207 207 207 204 204 204 209 209 209 200 200 200 206 206 206 208 208 208 207 207 207 210 210 210 208 208 208 210 210 210 211 211 211 212 212 212 207 207 207 209 209 209 207 207 207 212 212 212 210 210 210 209 209 209 206 206 206 213 213 213 212 212 212 209 209 209 213 213 213 206 206 206 203 203 203 214 214 214 213 213 213 206 206 206 214 214 214 203 203 203 215 215 215 214 214 214 210 210 210 212 212 212 216 216 216 216 216 216 212 212 212 213 213 213 214 214 214 215 215 215 217 217 217 213 213 213 214 214 214 217 217 217 217 217 217 215 215 215 218 218 218 213 213 213 217 217 217 218 218 218 218 218 218 215 215 215 219 219 219 220 220 220 218 218 218 219 219 219 218 218 218 221 221 221 213 213 213 221 221 221 218 218 218 220 220 220 222 222 222 216 216 216 213 213 213 223 223 223 221 221 221 220 220 220 224 224 224 223 223 223 220 220 220 225 225 225 223 223 223 224 224 224 221 221 221 226 226 226 213 213 213 223 223 223 226 226 226 221 221 221 226 226 226 222 222 222 213 213 213 223 223 223 225 225 225 227 227 227 227 227 227 226 226 226 223 223 223 227 227 227 222 222 222 226 226 226 227 227 227 225 225 225 228 228 228 228 228 228 211 211 211 227 227 227 229 229 229 222 222 222 227 227 227 227 227 227 211 211 211 229 229 229 229 229 229 216 216 216 222 222 222 211 211 211 210 210 210 229 229 229 210 210 210 216 216 216 229 229 229 230 230 230 231 231 231 232 232 232 230 230 230 233 233 233 231 231 231 234 234 234 230 230 230 232 232 232 232 232 232 235 235 235 234 234 234 230 230 230 236 236 236 233 233 233 235 235 235 237 237 237 234 234 234 235 235 235 238 238 238 237 237 237 234 234 234 239 239 239 230 230 230 239 239 239 234 234 234 237 237 237 239 239 239 236 236 236 230 230 230 238 238 238 240 240 240 237 237 237 238 238 238 241 241 241 240 240 240 242 242 242 239 239 239 237 237 237 237 237 237 240 240 240 242 242 242 239 239 239 243 243 243 236 236 236 242 242 242 243 243 243 239 239 239 236 236 236 244 244 244 233 233 233 243 243 243 244 244 244 236 236 236 233 233 233 244 244 244 245 245 245 240 240 240 246 246 246 242 242 242 246 246 246 243 243 243 242 242 242 244 244 244 247 247 247 245 245 245 243 243 243 247 247 247 244 244 244 247 247 247 248 248 248 245 245 245 243 243 243 248 248 248 247 247 247 248 248 248 249 249 249 245 245 245 250 250 250 249 249 249 248 248 248 248 248 248 243 243 243 251 251 251 251 251 251 250 250 250 248 248 248 252 252 252 243 243 243 246 246 246 253 253 253 250 250 250 251 251 251 254 254 254 250 250 250 253 253 253 255 255 255 254 254 254 253 253 253 251 251 251 243 243 243 256 256 256 253 253 253 251 251 251 256 256 256 256 256 256 243 243 243 252 252 252 253 253 253 257 257 257 255 255 255 257 257 257 253 253 253 256 256 256 257 257 257 256 256 256 252 252 252 257 257 257 258 258 258 255 255 255 258 258 258 257 257 257 241 241 241 259 259 259 257 257 257 252 252 252 257 257 257 259 259 259 241 241 241 259 259 259 252 252 252 246 246 246 241 241 241 259 259 259 240 240 240 240 240 240 259 259 259 246 246 246 </p>
        </triangles>
      </mesh>
    </geometry>
    <geometry id="body_low__MI_body-mesh" name="body_low__MI_body">
      <mesh>
        <source id="body_low__MI_body-position">
          <float_array id="body_low__MI_body-position-array" count="8199">0.2000502 0.516959 0.01313926 0.2153865 0.5063583 -0.02435227 0.2103501 0.5157226 0.01284815 -0.2103501 0.5157226 0.01284815 -0.2153867 0.5063583 -0.02435227 -0.2000502 0.516959 0.01313926 0.1912291 0.5269637 -0.08724059 0.1999963 0.5169527 -0.06331479 0.1942904 0.5396084 -0.0927103 0.2107979 0.515706 -0.06236354 0.2153865 0.5063583 -0.02435227 -0.191229 0.5269637 -0.08724055 -0.1942904 0.5396084 -0.0927103 -0.1999963 0.5169527 -0.06331479 -0.2107979 0.515706 -0.06236354 -0.2153867 0.5063583 -0.02435227 -0.07268213 0.1015608 0.1150374 -0.07057133 0.1017749 0.1200156 -0.1169259 0.1016633 0.1311144 -0.1625092 0.1017789 0.1158729 -0.1632344 0.1015627 0.1119633 -0.1956328 0.1017729 0.06211299 -0.1946216 0.1015745 0.05886045 0.1169259 0.1016633 0.1311144 0.07057133 0.1017749 0.1200156 0.07268213 0.1015608 0.1150374 0.1632344 0.1015627 0.1119633 0.1625092 0.1017789 0.1158729 0.1946216 0.1015745 0.05886045 0.1956328 0.1017729 0.06211299 -0.3463263 1.077473 0.168041 -0.3527144 1.144592 0.1575661 -0.3366128 1.077527 0.1661564 -0.3203177 1.033326 0.1779199 0.1999963 0.5169527 -0.06331479 0.2153865 0.5063583 -0.02435227 0.2033893 0.5069678 -0.02438797 0.2107979 0.515706 -0.06236354 0.1912291 0.5269637 -0.08724059 0.17661 0.4911257 -0.06108227 0.1698081 0.4839529 -0.02424263 0.1945827 0.5097823 -0.08807352 0.1824773 0.4678024 -0.06185532 0.1743193 0.4616461 -0.02408651 0.2051603 0.4837424 -0.0895051 0.1998277 0.4410662 -0.06230405 0.1914761 0.4350623 -0.02393518 0.2227924 0.4572561 -0.09039307 0.2184881 0.415323 -0.06186109 0.2100291 0.4096105 -0.02378795 0.2360694 0.3797385 -0.02364076 0.2439009 0.3853686 -0.05961985 0.2654352 0.4005501 -0.08595934 0.2412758 0.4313881 -0.08973361 0.2949035 0.4212161 -0.09560146 0.2724592 0.4532569 -0.09993692 0.254218 0.4792947 -0.1006756 0.3036817 0.4750692 -0.08973497 0.3244088 0.4418287 -0.08596063 0.2856832 0.5012763 -0.09039445 0.2361202 0.5054417 -0.09962691 0.3265768 0.4909795 -0.06186326 0.3460446 0.4568639 -0.05962191 0.2226655 0.5355625 -0.09799088 0.2670598 0.5270845 -0.08950652 0.2081421 0.5639539 -0.09632519 0.1942904 0.5396084 -0.0927103 0.1897501 0.5769032 -0.09887178 0.2475649 0.5591937 -0.08815019 0.2245632 0.5933926 -0.08683987 0.1934793 0.6123676 -0.0887974 0.2033843 0.6364566 -0.06251864 0.2888252 0.5428715 -0.0618576 0.2673237 0.577535 -0.0611518 0.2395302 0.6145549 -0.06049543 0.206668 0.6442984 -0.02451231 0.3087561 0.5173103 -0.06230625 0.2444877 0.6215056 -0.02437408 0.3172553 0.5231011 -0.02393763 0.2745156 0.5841989 -0.02423658 0.2396816 0.6144216 0.01174097 0.2029588 0.6365736 0.01352532 0.2972523 0.5483278 -0.02408901 0.2671636 0.5773857 0.01267615 0.2248657 0.5931784 0.0380817 0.1928559 0.6128104 0.040594 0.187682 0.5775215 0.05061629 0.2890941 0.5421712 0.01367981 0.247286 0.5589308 0.03967057 0.2084526 0.5636997 0.04757494 0.1956041 0.5393224 0.04067516 0.2672744 0.5262307 0.04132957 0.2223418 0.5352562 0.04950739 0.1918889 0.5278887 0.03840896 0.2103501 0.5157226 0.01284815 0.2000502 0.516959 0.01313926 0.2033893 0.5069678 -0.02438797 0.2153865 0.5063583 -0.02435227 0.1943128 0.5095773 0.03958184 0.1764655 0.4909754 0.01259784 0.1698081 0.4839529 -0.02424263 0.2363147 0.5045316 0.05145139 0.205375 0.4828889 0.04133096 0.1827464 0.4671023 0.01368208 0.1743193 0.4616461 -0.02408651 0.1914761 0.4350623 -0.02393518 0.1999754 0.440853 0.01443344 0.2100291 0.4096105 -0.02378795 0.2230481 0.456887 0.04252161 0.2182912 0.415602 0.01428496 0.2360694 0.3797385 -0.02364076 0.2440394 0.3851689 0.01233809 0.2411861 0.4315122 0.04215663 0.265675 0.4002039 0.03867679 0.2545132 0.4788686 0.05280282 0.2724087 0.4533244 0.0523586 0.2951804 0.4208164 0.04831765 0.3246486 0.4414825 0.03867553 0.3035921 0.4751933 0.04215529 0.346183 0.4566641 0.01233603 0.2859388 0.5009072 0.04252026 0.3263798 0.4912584 0.01428277 0.3540144 0.4622941 -0.02364305 0.3089036 0.5170972 0.01443125 0.3348388 0.496971 -0.02379037 -0.2153867 0.5063583 -0.02435227 -0.1999963 0.5169527 -0.06331479 -0.2033892 0.5069678 -0.02438797 -0.2107979 0.515706 -0.06236354 -0.191229 0.5269637 -0.08724055 -0.1766098 0.491126 -0.06108227 -0.1698079 0.4839532 -0.02424263 -0.1945824 0.5097826 -0.08807352 -0.1824772 0.4678026 -0.06185532 -0.1743191 0.4616463 -0.02408651 -0.2051601 0.4837427 -0.0895051 -0.1998277 0.4410663 -0.06230405 -0.191476 0.4350624 -0.02393518 -0.2227924 0.4572562 -0.09039307 -0.2184881 0.415323 -0.06186109 -0.210031 0.4096129 -0.02378809 -0.243901 0.3853685 -0.05961985 -0.2360695 0.3797385 -0.02364076 -0.2654353 0.40055 -0.08595934 -0.2412758 0.4313881 -0.08973361 -0.2949036 0.421216 -0.09560146 -0.2724592 0.4532569 -0.09993692 -0.2542179 0.4792949 -0.1006756 -0.3036817 0.4750691 -0.08973497 -0.3244088 0.4418286 -0.08596063 -0.2856831 0.5012765 -0.09039445 -0.2361201 0.5054419 -0.09962691 -0.3265768 0.4909794 -0.06186326 -0.3460447 0.4568638 -0.05962191 -0.2226653 0.5355628 -0.09799089 -0.3348388 0.4969709 -0.02379037 -0.3540145 0.462294 -0.02364305 -0.308756 0.5173105 -0.06230625 -0.3172552 0.5231012 -0.02393763 -0.3263798 0.4912583 0.01428277 -0.3461831 0.456664 0.01233603 -0.3089035 0.5170973 0.01443125 -0.3035921 0.4751933 0.04215529 -0.3246487 0.4414825 0.03867553 -0.2859387 0.5009073 0.04252026 -0.2724087 0.4533244 0.0523586 -0.2951804 0.4208163 0.04831765 -0.2656751 0.4002039 0.03867679 -0.2545131 0.4788686 0.05280282 -0.2411862 0.4315121 0.04215663 -0.2440395 0.3851688 0.01233809 -0.2672742 0.526231 0.04132957 -0.2182912 0.415602 0.01428496 -0.2360695 0.3797385 -0.02364076 -0.210031 0.4096129 -0.02378809 -0.223048 0.4568871 0.04252161 -0.1999753 0.4408532 0.01443344 -0.191476 0.4350624 -0.02393518 -0.2363145 0.5045318 0.05145139 -0.2053748 0.4828893 0.04133096 -0.1827462 0.4671026 0.01368208 -0.1743191 0.4616463 -0.02408651 -0.1698079 0.4839532 -0.02424263 -0.1764653 0.4909756 0.01259784 -0.2153867 0.5063583 -0.02435227 -0.2000502 0.516959 0.01313926 -0.2033892 0.5069678 -0.02438797 -0.2103501 0.5157226 0.01284815 -0.195604 0.5393224 0.04067517 -0.1943125 0.5095776 0.03958183 -0.1918887 0.527889 0.03840897 -0.2223416 0.5352565 0.04950739 -0.2084525 0.5636999 0.04757494 -0.1875756 0.5774735 0.05061629 -0.2472857 0.5589311 0.03967057 -0.2248658 0.5931784 0.03808171 -0.1928006 0.6128087 0.04059449 -0.2029425 0.6365957 0.01352539 -0.2890939 0.5421714 0.01367981 -0.2671664 0.5773934 0.0126763 -0.2396812 0.6144222 0.01174096 -0.2066762 0.6443239 -0.0245123 -0.2972521 0.5483281 -0.02408901 -0.2745153 0.5841991 -0.02423658 -0.2444868 0.6215068 -0.02437409 -0.2395299 0.6145554 -0.06049543 -0.203371 0.6364758 -0.06251871 -0.2673234 0.5775353 -0.0611518 -0.288825 0.5428717 -0.0618576 -0.2245645 0.5933961 -0.08684018 -0.1934137 0.6123616 -0.08879787 -0.1896242 0.5768577 -0.09887178 -0.2475647 0.559194 -0.08815019 -0.2670597 0.5270847 -0.08950652 -0.2081419 0.5639542 -0.09632519 -0.1942904 0.5396084 -0.0927103 -0.06790118 0.3521188 0.2061274 0 0.2884816 0.2198977 0 0.3521188 0.216537 -0.07181668 0.2884816 0.2115519 -0.1306868 0.3521188 0.178765 -0.1380508 0.2884816 0.1855598 -0.1839773 0.3521188 0.1326845 -0.1889568 0.2884816 0.1356979 -0.2158408 0.3521189 0.07069607 -0.2220764 0.2884816 0.07193861 -0.2335047 0.2884816 0.001178576 -0.2269427 0.3521189 0 -0.2220764 0.2884816 -0.07385395 -0.2158408 0.3521189 -0.07332691 -0.1889102 0.2884816 -0.1358929 -0.1836218 0.3521188 -0.1335662 -0.1349519 0.3521188 -0.1737189 -0.1373153 0.2884816 -0.1820828 -0.07014874 0.3521188 -0.1953406 -0.07215776 0.2884816 -0.202007 0 0.2884816 -0.2093512 0 0.3521188 -0.2024021 0 0.2884816 0.2198977 0.06790116 0.3521188 0.2061274 0 0.3521188 0.216537 0.07181666 0.2884816 0.2115519 0.1306868 0.3521188 0.178765 0.1380508 0.2884816 0.1855598 0.1839773 0.3521188 0.1326845 0.1889568 0.2884816 0.1356979 0.2158407 0.3521189 0.07069605 0.2220764 0.2884816 0.07193859 0.2335046 0.2884816 0.001178576 0.2269426 0.3521189 0 0.2220766 0.2884816 -0.07385397 0.2158409 0.3521189 -0.07332693 0.1889103 0.2884816 -0.1358929 0.1836218 0.3521188 -0.1335662 0.1349519 0.3521188 -0.1737189 0.1373154 0.2884816 -0.1820828 0.07014872 0.3521188 -0.1953406 0.07215776 0.2884816 -0.202007 0 0.2884816 -0.2093512 0 0.3521188 -0.2024021 -0.2440395 0.3851688 0.01233809 -0.2354405 0.3726614 -0.02361448 -0.2360695 0.3797385 -0.02364076 -0.2439175 0.378437 0.01465327 -0.2656751 0.4002039 0.03867679 -0.2530141 0.3527834 -0.02349349 -0.2669281 0.3944273 0.04266737 -0.2951804 0.4208163 0.04831765 -0.2611598 0.3583336 0.01327914 -0.2706408 0.3377372 -0.02333966 -0.2983096 0.4163497 0.05292131 -0.3246487 0.4414825 0.03867553 -0.2832728 0.3737004 0.04019894 -0.2781466 0.3428513 0.01053189 -0.2813579 0.3303909 -0.02163239 -0.2875955 0.334754 0.01300097 -0.2985162 0.3570065 0.03532571 -0.3134292 0.3947677 0.05005248 -0.3296523 0.4383303 0.04266588 -0.3525565 0.4544775 0.01465096 -0.3461831 0.456664 0.01233603 -0.3435474 0.4158897 0.04019764 -0.3262925 0.3764112 0.04440047 -0.3608859 0.4604656 -0.02361668 -0.3540145 0.462294 -0.02364305 -0.365557 0.4314062 0.01327703 -0.3540333 0.3958658 0.03532421 -0.3065823 0.3480453 0.03345314 -0.3330953 0.3666074 0.04234977 -0.2992634 0.3298354 0.04805245 -0.2797361 0.3159028 0.01469094 -0.278545 0.2991317 0.03326101 -0.2952911 0.3136511 0.05977061 -0.2793009 0.2801657 0.05298139 -0.3247482 0.315722 0.07296081 -0.2925366 0.2927515 0.07301524 -0.2917598 0.2783328 0.07976092 -0.2804925 0.2680575 0.05931953 -0.2816074 0.2520352 0.06688671 -0.3190964 0.2966334 0.08008146 -0.2928658 0.2588121 0.08640251 -0.2831803 0.2440927 0.07030547 -0.3164961 0.282906 0.08460061 -0.3500127 0.2884852 0.07723327 -0.2939849 0.2500602 0.08894682 -0.3460994 0.2772877 0.07993173 -0.3165326 0.2608538 0.09087073 -0.3449278 0.2605261 0.08381155 -0.3634548 0.2677319 0.06079689 -0.357893 0.2615671 0.06293032 -0.3691029 0.2719503 0.05939933 -0.3538854 0.2524992 0.06537832 -0.3440634 0.252697 0.08539172 -0.3515068 0.2463568 0.06681188 -0.3165103 0.252561 0.09282926 -0.343136 0.2394933 0.08706634 -0.3480679 0.2341584 0.07022256 -0.3181709 0.2382129 0.09567958 -0.3412175 0.2249247 0.0887284 -0.3457085 0.2180163 0.07455805 -0.3209944 0.2050007 0.07942165 -0.3216197 0.2170107 0.09705634 -0.2967203 0.2332241 0.09137607 -0.2875751 0.2284381 0.07601397 -0.3020269 0.2170095 0.09328505 -0.2957855 0.2106232 0.08091197 -0.3591184 0.3040545 0.06985247 -0.3383502 0.3389974 0.06288528 -0.395731 0.2923864 0.05914816 -0.377719 0.3242009 0.05986581 -0.356511 0.3511031 0.05343307 -0.3583317 0.3842761 0.03378453 -0.3956978 0.3381635 0.0465941 -0.3743072 0.4101587 0.01052967 -0.3760898 0.3632721 0.04120217 -0.3764926 0.3969927 0.01360465 -0.3735612 0.4371605 -0.02349583 -0.3816827 0.415461 -0.0233418 -0.392491 0.3729013 0.01595406 -0.3835979 0.4019705 -0.02089028 -0.3654155 0.4316104 -0.06026845 -0.3524092 0.4546901 -0.0618841 -0.3460447 0.4568638 -0.05962191 -0.3293972 0.4386984 -0.0898982 -0.3244088 0.4418286 -0.08596063 -0.3741817 0.4103503 -0.0572164 -0.3433025 0.4162435 -0.08718828 -0.2980151 0.4167748 -0.1001523 -0.2949036 0.421216 -0.09560146 -0.2654353 0.40055 -0.08595934 -0.3538124 0.3961951 -0.08201691 -0.266673 0.3947942 -0.08989683 -0.243901 0.3853685 -0.05961985 -0.3131461 0.3951762 -0.0970418 -0.2437702 0.3786495 -0.06188236 -0.2360695 0.3797385 -0.02364076 -0.2354405 0.3726614 -0.02361448 -0.2830277 0.3740543 -0.08718695 -0.2610183 0.3585378 -0.06026635 -0.2530141 0.3527834 -0.02349349 -0.3260316 0.3767873 -0.0910953 -0.2982857 0.3573292 -0.082016 -0.2780117 0.3430361 -0.05721477 -0.2706408 0.3377372 -0.02333966 -0.2813579 0.3303909 -0.02163239 -0.2892386 0.3359114 -0.0561273 -0.307747 0.3488715 -0.07630708 -0.3330341 0.3665771 -0.08487237 -0.3202076 0.326531 -0.08638212 -0.3580081 0.3840599 -0.07597573 -0.3468601 0.3454707 -0.09442902 -0.3382417 0.3009686 -0.09315064 -0.376238 0.3968211 -0.0555236 -0.3654695 0.320562 -0.1015076 -0.3624139 0.2797057 -0.09410933 -0.3745564 0.3639683 -0.08630242 -0.3928969 0.3739423 -0.0587948 -0.4001686 0.3764386 -0.02154516 -0.4093468 0.3472802 -0.06227876 -0.4085985 0.3458859 0.01749925 -0.4157542 0.3493348 -0.02178045 -0.4320367 0.3179773 -0.02253079 -0.3938109 0.3389051 -0.09327975 -0.4262362 0.3166063 -0.06299467 -0.3881977 0.2961616 -0.1037269 -0.4122748 0.3102774 -0.09430479 -0.3680693 0.2724471 -0.09393081 -0.4314467 0.3042946 -0.06323718 -0.4170086 0.2993427 -0.09402458 -0.3929107 0.2875043 -0.1035764 -0.3959396 0.2783656 -0.103334 -0.3714792 0.2650141 -0.09329514 -0.4210413 0.2882093 -0.09377202 -0.4345859 0.2915169 -0.06234306 -0.4022193 0.2499521 -0.1006501 -0.3804179 0.2421052 -0.09112073 -0.4266513 0.2578037 -0.09212269 -0.4031145 0.2403727 -0.09913921 -0.3826547 0.2333551 -0.08936217 -0.4275143 0.2461083 -0.09111545 -0.4065875 0.2139657 -0.09339497 -0.3870522 0.2091295 -0.08408594 -0.4287888 0.2192365 -0.08594847 -0.392713 0.1954847 -0.08042694 -0.4088498 0.1928832 -0.08460708 -0.4264227 0.202407 -0.07971229 -0.4409064 0.2482054 -0.06129021 -0.415175 0.1774879 -0.05688985 -0.392713 0.1954847 -0.08042694 -0.4405265 0.2186616 -0.05997452 -0.4367189 0.1934932 -0.05863954 -0.4407707 0.2605752 -0.06163994 -0.4488974 0.248785 -0.02355179 -0.4474387 0.2176884 -0.02365562 -0.4411518 0.1886951 -0.02396327 -0.4441851 0.2170711 0.01323045 -0.4386176 0.1914971 0.0103045 -0.418896 0.1727425 -0.0228042 -0.4191561 0.1777825 0.009757807 -0.4313805 0.1974344 0.03072988 -0.3948402 0.1788399 -0.02061919 -0.3930251 0.183557 -0.05483189 -0.3977186 0.1837972 0.01180826 -0.3868205 0.2063565 -0.05412038 -0.3870522 0.2091295 -0.08408594 -0.3893657 0.2043257 -0.01910503 -0.3812809 0.2313192 -0.05407275 -0.3826547 0.2333551 -0.08936217 -0.3825291 0.2291656 -0.01728115 -0.3786669 0.2397759 -0.05373924 -0.3804179 0.2421052 -0.09112073 -0.3923996 0.2034416 0.01423595 -0.3687836 0.2605786 -0.05245661 -0.3714792 0.2650141 -0.09329514 -0.3794526 0.2374523 -0.01660923 -0.3857576 0.2287209 0.01765301 -0.4025882 0.1913399 0.03599807 -0.3974642 0.2036879 0.04311348 -0.4182802 0.1901255 0.03765022 -0.3909849 0.2287833 0.04885285 -0.3821919 0.2369976 0.01886832 -0.3876502 0.2375901 0.05029592 -0.4025882 0.1913399 0.03599807 -0.3974642 0.2036879 0.04311348 -0.3700268 0.2571058 0.02168246 -0.3772164 0.2609823 0.05338001 -0.4180352 0.2092152 0.04773116 -0.3909849 0.2287833 0.04885285 -0.4370919 0.2152777 0.03712618 -0.4142395 0.23466 0.05481347 -0.3876502 0.2375901 0.05029592 -0.4444861 0.2461915 0.0155714 -0.4353421 0.2424968 0.04339948 -0.4122578 0.2450921 0.05638299 -0.3772164 0.2609823 0.05338001 -0.434239 0.2539996 0.04487482 -0.4031142 0.273723 0.05916268 -0.37329 0.2679462 0.05530975 -0.4439488 0.2584101 0.01638214 -0.4251209 0.2837509 0.04698589 -0.3998973 0.2830239 0.05927903 -0.420941 0.2945396 0.04729602 -0.4353854 0.2886764 0.01705358 -0.4487743 0.2615398 -0.02346445 -0.4413424 0.2924314 -0.02313481 -0.4318978 0.3010117 0.01798761 -0.4377211 0.3055509 -0.02291702 -0.4261887 0.313068 0.01797859 -0.4155784 0.3062357 0.04712441 -0.2484707 0.2280541 0.0008251733 -0.2363097 0.2280541 0.07609776 -0.2442439 0.2673 0.0009261453 -0.2322897 0.2673 0.07491902 -0.2335047 0.2884816 0.001178576 -0.2010171 0.2280541 0.1439438 -0.2220764 0.2884816 0.07193861 -0.1975974 0.2673 0.1416107 -0.1466507 0.2280541 0.1971747 -0.1889568 0.2884816 0.1356979 -0.1442082 0.2673 0.1939023 -0.07617202 0.2280541 0.2246632 -0.1380508 0.2884816 0.1855598 -0.0749286 0.2673 0.2209563 0 0.2280541 0.2335443 -0.07181668 0.2884816 0.2115519 0 0.2673 0.2296863 0 0.2884816 0.2198977 0.07181666 0.2884816 0.2115519 0.07492856 0.2673 0.2209563 0.07617202 0.2280541 0.2246632 0.1380508 0.2884816 0.1855598 0.1442081 0.2673 0.1939023 0.1466507 0.2280541 0.1971747 0.1889568 0.2884816 0.1356979 0.1975974 0.2673 0.1416107 0.201017 0.2280541 0.1439438 0.2220764 0.2884816 0.07193859 0.2322897 0.2673 0.07491902 0.2335046 0.2884816 0.001178576 0.2363096 0.2280541 0.07609776 0.2442438 0.2673 0.0009261453 0.2484707 0.2280541 0.0008251733 -0.2029425 0.6365957 0.01352539 -0.158049 0.6580536 -0.02387112 -0.2066762 0.6443239 -0.0245123 -0.1574952 0.6478192 0.01766821 -0.1928006 0.6128087 0.04059449 -0.1160644 0.6680378 -0.02110873 -0.1566848 0.6270438 0.04767024 -0.1172901 0.65561 0.02779314 -0.1601098 0.5910456 0.07196818 -0.1875756 0.5774735 0.05061629 -0.1182986 0.632554 0.06729405 -0.08294294 0.6645648 0.03620979 -0.08893436 0.6750226 -0.01765594 -0.07926653 0.6788475 -0.01490834 -0.07953399 0.6549793 0.0598696 -0.05604988 0.668698 0.04305803 -0.07522981 0.6956263 -0.008961133 -0.05319549 0.6933516 0.0461022 -0.04554067 0.6566312 0.07110946 0 0.6660472 0.06627469 0 0.6924093 0.06811637 0 0.6579967 0.08371653 -0.06078826 0.6405384 0.09403924 0 0.6430768 0.1058693 -0.1186439 0.5969222 0.109828 -0.06049423 0.6052413 0.1325767 0 0.6072639 0.1408266 -0.1674984 0.5434067 0.09864493 -0.195604 0.5393224 0.04067517 -0.1203157 0.5507221 0.134674 -0.06244766 0.5578456 0.1607503 0 0.5579858 0.1698476 -0.1984528 0.5081724 0.04792722 -0.2000502 0.516959 0.01313926 -0.06353409 0.5010564 0.1834922 0 0.5010576 0.1925879 -0.2065349 0.5034844 -0.02144499 -0.2033892 0.5069678 -0.02438797 -0.06669797 0.4415863 0.2006173 0 0.4415863 0.2105771 0 0.375858 0.2210858 -0.2034668 0.4951785 0.0539279 -0.2100857 0.4945652 -0.01723846 -0.22269 0.4415863 -0.006603166 0 0.3521188 0.216537 -0.06790118 0.3521188 0.2061274 -0.2119242 0.4415863 0.06475628 -0.232586 0.375858 -0.002140643 -0.06960884 0.375858 0.2104881 -0.1306868 0.3521188 0.178765 -0.1290298 0.4415863 0.1734846 -0.1341564 0.375858 0.1823667 -0.1839773 0.3521188 0.1326845 -0.188672 0.375858 0.135059 -0.2158408 0.3521189 0.07069607 -0.1248465 0.5007874 0.1572277 -0.1809614 0.4415863 0.1279746 -0.2212435 0.375858 0.07086528 -0.2269427 0.3521189 0 -0.1736464 0.4984905 0.1147789 -0.2269427 0.3521189 0 -0.232586 0.375858 -0.002140643 -0.2158408 0.3521189 -0.07332691 -0.2212435 0.375858 -0.07614973 -0.22269 0.4415863 -0.006603166 -0.1836218 0.3521188 -0.1335662 -0.2119242 0.4415863 -0.07783433 -0.2100857 0.4945652 -0.01723846 -0.1883266 0.375858 -0.1376037 -0.1387499 0.375858 -0.1782718 -0.1349519 0.3521188 -0.1737189 -0.1806807 0.4415863 -0.1324742 -0.2029059 0.4973426 -0.08156735 -0.2065349 0.5034844 -0.02144499 -0.2033892 0.5069678 -0.02438797 -0.1999963 0.5169527 -0.06331479 -0.1998239 0.5129268 -0.08334637 -0.1942904 0.5396084 -0.0927103 -0.1746569 0.4981155 -0.1259485 -0.1704985 0.5457973 -0.1166887 -0.1340162 0.4415863 -0.170134 -0.1290845 0.4997259 -0.1606063 -0.163653 0.5874735 -0.1080501 -0.1896242 0.5768577 -0.09887178 -0.1934137 0.6123616 -0.08879787 -0.07202028 0.375858 -0.2006216 -0.07014874 0.3521188 -0.1953406 0 0.3521188 -0.2024021 0 0.375858 -0.2070812 -0.06929243 0.4415863 -0.1920369 0 0.4415863 -0.1984242 -0.06696666 0.5010636 -0.1808763 0 0.5010636 -0.1874914 0 0.5569646 -0.1751517 -0.06756698 0.5563515 -0.1682582 -0.1234753 0.5498248 -0.1486929 -0.0657066 0.6033065 -0.1512634 0 0.6054147 -0.1575482 -0.1208997 0.5951453 -0.1337968 -0.1589577 0.6257989 -0.09484587 -0.203371 0.6364758 -0.06251871 -0.1179385 0.634455 -0.1136991 -0.1579444 0.651499 -0.06521723 -0.2066762 0.6443239 -0.0245123 -0.158049 0.6580536 -0.02387112 -0.1161203 0.6625001 -0.07194113 -0.1160644 0.6680378 -0.02110873 -0.06230468 0.6427673 -0.1262803 0 0.6452872 -0.1307622 0 0.6743996 -0.1008155 -0.07884584 0.6691105 -0.08462007 -0.07353374 0.6734775 -0.07006348 -0.08893436 0.6750226 -0.01765594 -0.07926653 0.6788475 -0.01490834 -0.04448919 0.6721007 -0.09417472 0 0.6814795 -0.09225838 -0.05604988 0.6790701 -0.06904172 0 0.6988431 -0.0834601 -0.05319549 0.6979008 -0.06144594 -0.07522981 0.6956263 -0.008961133 0 0.3521188 0.216537 0.06790116 0.3521188 0.2061274 0 0.375858 0.2210858 0.06960882 0.375858 0.2104881 0 0.4415863 0.2105771 0.1306868 0.3521188 0.178765 0.06669795 0.4415863 0.2006173 0 0.5010576 0.1925879 0.1341563 0.375858 0.1823667 0.1839773 0.3521188 0.1326845 0.1290298 0.4415863 0.1734845 0.06353407 0.5010564 0.1834922 0 0.5579858 0.1698476 0.1886719 0.375858 0.135059 0.2158407 0.3521189 0.07069605 0.06244764 0.5578456 0.1607503 0 0.6072639 0.1408266 0.1248464 0.5007874 0.1572277 0.1809613 0.4415863 0.1279746 0.2212434 0.375858 0.07086525 0.2269426 0.3521189 0 0.2325859 0.375858 -0.002140643 0.2158409 0.3521189 -0.07332693 0.2119241 0.4415863 0.06475628 0.2212436 0.375858 -0.07614975 0.1836218 0.3521188 -0.1335662 0.22269 0.4415863 -0.006603166 0.1736464 0.4984905 0.1147788 0.2034668 0.4951785 0.05392788 0.1203157 0.5507221 0.1346739 0.1984527 0.5081724 0.0479272 0.06049419 0.6052413 0.1325767 0 0.6430768 0.1058693 0.1674984 0.5434067 0.0986449 0.1186439 0.5969222 0.109828 0.06078821 0.6405384 0.09403924 0 0.6579967 0.08371653 0.1601098 0.5910456 0.07196818 0.04554067 0.6566312 0.07110946 0 0.6660472 0.06627469 0.1182983 0.6325527 0.0672939 0.07953399 0.6549794 0.0598696 0.05319549 0.6933516 0.0461022 0 0.6924093 0.06811637 0.05604988 0.668698 0.04305803 0.07522981 0.6956263 -0.008961133 0.08294294 0.664565 0.03620979 0.07926653 0.6788475 -0.01490834 0.05319549 0.6979008 -0.06144594 0.11729 0.65561 0.02779314 0.08893435 0.6750226 -0.01765594 0.1566848 0.6270438 0.04767024 0.1160644 0.6680378 -0.02110873 0.1574963 0.6478183 0.01766821 0.1928559 0.6128104 0.040594 0.187682 0.5775215 0.05061629 0.2029588 0.6365736 0.01352532 0.1956041 0.5393224 0.04067516 0.2000502 0.516959 0.01313926 0.158049 0.6580514 -0.02387113 0.206668 0.6442984 -0.02451231 0.2065348 0.5034844 -0.02144499 0.2033893 0.5069678 -0.02438797 0.1999963 0.5169527 -0.06331479 0.2100856 0.4945652 -0.01723846 0.1998239 0.5129268 -0.08334639 0.1942904 0.5396084 -0.0927103 0.202906 0.4973426 -0.08156736 0.2119242 0.4415863 -0.07783435 0.1883266 0.375858 -0.1376037 0.1806808 0.4415863 -0.1324742 0.13875 0.375858 -0.1782718 0.1349519 0.3521188 -0.1737189 0.174657 0.4981155 -0.1259485 0.1340163 0.4415863 -0.170134 0.07202028 0.375858 -0.2006217 0.07014872 0.3521188 -0.1953406 0 0.3521188 -0.2024021 0 0.375858 -0.2070812 0.06929243 0.4415863 -0.1920369 0 0.4415863 -0.1984242 0.1290845 0.4997259 -0.1606064 0.06696666 0.5010636 -0.1808764 0 0.5010636 -0.1874914 0 0.5569646 -0.1751517 0.1704985 0.5457973 -0.1166887 0.06756698 0.5563515 -0.1682582 0.1234743 0.5498211 -0.148692 0.1636531 0.5874735 -0.1080501 0.1897501 0.5769032 -0.09887178 0.1934793 0.6123676 -0.0887974 0.0657066 0.6033065 -0.1512634 0 0.6054147 -0.1575482 0.1208997 0.5951453 -0.1337968 0.1589572 0.6257964 -0.09484558 0.2033843 0.6364566 -0.06251864 0.1179382 0.6344525 -0.1136989 0.1579454 0.6514983 -0.06521723 0.1161203 0.6625001 -0.07194115 0.06230466 0.6427673 -0.1262802 0 0.6452872 -0.1307622 0 0.6743996 -0.1008155 0.07884583 0.6691105 -0.08462006 0.04448919 0.6721007 -0.09417472 0 0.6814795 -0.09225838 0.07353374 0.6734775 -0.07006348 0.05604988 0.6790701 -0.06904172 0 0.6988431 -0.0834601 0.2354386 0.372659 -0.02361425 0.2440394 0.3851689 0.01233809 0.2360694 0.3797385 -0.02364076 0.2439156 0.3784346 0.01465315 0.253014 0.3527835 -0.02349349 0.265675 0.4002039 0.03867679 0.2611598 0.3583336 0.01327914 0.2706407 0.3377373 -0.02333966 0.2669275 0.3944261 0.04266721 0.2951804 0.4208164 0.04831765 0.2781466 0.3428514 0.01053189 0.2813578 0.330391 -0.02163239 0.2875955 0.3347541 0.01300097 0.2832727 0.3737005 0.04019894 0.2983096 0.4163498 0.05292131 0.3296522 0.4383304 0.04266588 0.3246486 0.4414825 0.03867553 0.3134291 0.3947678 0.05005248 0.2985161 0.3570066 0.03532571 0.3525564 0.4544776 0.01465096 0.346183 0.4566641 0.01233603 0.3435474 0.4158897 0.04019764 0.3262924 0.3764113 0.04440047 0.3065822 0.3480453 0.03345314 0.2992633 0.3298354 0.04805245 0.279736 0.3159028 0.01469094 0.3330952 0.3666075 0.04234977 0.3540332 0.3958659 0.03532421 0.2952911 0.3136511 0.05977061 0.278545 0.2991318 0.03326101 0.2925366 0.2927516 0.07301524 0.2792929 0.2801579 0.05298002 0.3247481 0.3157221 0.07296081 0.2917598 0.2783328 0.07976092 0.2804924 0.2680576 0.05931953 0.2816073 0.2520353 0.06688671 0.3190963 0.2966334 0.08008146 0.2928657 0.2588121 0.08640251 0.2831803 0.2440928 0.07030547 0.316496 0.2829061 0.08460061 0.2939849 0.2500602 0.08894682 0.3165326 0.2608539 0.09087073 0.2967203 0.2332242 0.09137607 0.287575 0.2284382 0.07601397 0.3165102 0.2525611 0.09282926 0.3020268 0.2170096 0.09328505 0.2957854 0.2106233 0.08091197 0.3209943 0.2050007 0.07942165 0.3181708 0.238213 0.09567958 0.3216196 0.2170107 0.09705634 0.3412174 0.2249248 0.0887284 0.3457084 0.2180164 0.07455805 0.3480679 0.2341585 0.07022256 0.3431359 0.2394933 0.08706634 0.3515067 0.2463569 0.06681188 0.3440633 0.2526971 0.08539172 0.3538853 0.2524993 0.06537832 0.3449277 0.2605262 0.08381155 0.357893 0.2615672 0.06293032 0.3460993 0.2772878 0.07993173 0.3634547 0.267732 0.06079689 0.3500126 0.2884852 0.07723327 0.3691028 0.2719504 0.05939933 0.3591183 0.3040546 0.06985247 0.3383501 0.3389975 0.06288528 0.3957309 0.2923865 0.05914816 0.377719 0.324201 0.05986581 0.356511 0.3511031 0.05343307 0.3583317 0.3842762 0.03378453 0.3956977 0.3381635 0.0465941 0.3760897 0.3632722 0.04120217 0.3743071 0.4101588 0.01052967 0.3764926 0.3969928 0.01360465 0.392491 0.3729014 0.01595406 0.4155784 0.3062358 0.04712441 0.4085985 0.345886 0.01749925 0.3835978 0.4019706 -0.02089028 0.4001685 0.3764387 -0.02154516 0.3816826 0.415461 -0.0233418 0.3762379 0.3968211 -0.0555236 0.3741817 0.4103504 -0.0572164 0.3735611 0.4371606 -0.02349583 0.3654155 0.4316105 -0.06026845 0.365557 0.4314063 0.01327703 0.3608859 0.4604657 -0.02361669 0.3540144 0.4622941 -0.02364305 0.3524092 0.4546902 -0.0618841 0.3460446 0.4568639 -0.05962191 0.3293971 0.4386985 -0.0898982 0.3244088 0.4418287 -0.08596063 0.3433024 0.4162436 -0.08718828 0.2980151 0.4167749 -0.1001523 0.2949035 0.4212161 -0.09560146 0.3538123 0.3961952 -0.08201691 0.3131461 0.3951763 -0.0970418 0.2666724 0.3947943 -0.08989683 0.2654352 0.4005501 -0.08595934 0.2439009 0.3853686 -0.05961985 0.2437683 0.3786471 -0.0618819 0.2360694 0.3797385 -0.02364076 0.2354386 0.372659 -0.02361425 0.2830277 0.3740543 -0.08718695 0.2610182 0.3585379 -0.06026635 0.253014 0.3527835 -0.02349349 0.3260315 0.3767874 -0.0910953 0.2982856 0.3573292 -0.082016 0.2780116 0.3430362 -0.05721477 0.2706407 0.3377373 -0.02333966 0.2892386 0.3359115 -0.0561273 0.2813578 0.330391 -0.02163239 0.3077469 0.3488715 -0.07630708 0.3330341 0.3665771 -0.08487237 0.3202076 0.3265311 -0.08638212 0.358008 0.38406 -0.07597573 0.34686 0.3454707 -0.09442902 0.3382416 0.3009687 -0.09315064 0.3928969 0.3739424 -0.0587948 0.3745563 0.3639683 -0.08630242 0.3654695 0.3205621 -0.1015076 0.3624139 0.2797058 -0.09410933 0.4157542 0.3493349 -0.02178045 0.3881976 0.2961617 -0.1037269 0.3680692 0.2724472 -0.09393081 0.4093467 0.3472802 -0.06227876 0.3938108 0.3389052 -0.09327975 0.4320366 0.3179774 -0.02253079 0.4262361 0.3166064 -0.06299467 0.4122747 0.3102776 -0.09430479 0.4314466 0.3042946 -0.06323718 0.4170085 0.2993428 -0.09402458 0.4261887 0.3130681 0.01797859 0.4377211 0.305551 -0.02291702 0.4318977 0.3010117 0.01798761 0.4209409 0.2945396 0.04729602 0.4413424 0.2924315 -0.02313481 0.4345858 0.291517 -0.06234306 0.4353853 0.2886765 0.01705358 0.3998973 0.2830239 0.05927903 0.3732899 0.2679462 0.05530975 0.4251209 0.283751 0.04698589 0.4031142 0.273723 0.05916268 0.3772163 0.2609823 0.05338001 0.4439487 0.2584102 0.01638214 0.4122577 0.2450922 0.05638299 0.3876501 0.2375902 0.05029592 0.434239 0.2539996 0.04487482 0.4142394 0.23466 0.05481347 0.3909848 0.2287833 0.04885285 0.435342 0.2424969 0.04339948 0.444486 0.2461916 0.0155714 0.4370918 0.2152778 0.03712618 0.4180352 0.2092153 0.04773116 0.3974641 0.203688 0.04311348 0.4025882 0.1913399 0.03599807 0.4182802 0.1901255 0.03765022 0.4313804 0.1974344 0.03072988 0.444185 0.2170711 0.01323045 0.419156 0.1777825 0.009757807 0.4025882 0.1913399 0.03599807 0.4386175 0.1914972 0.0103045 0.4488973 0.248785 -0.02355179 0.4474386 0.2176885 -0.02365562 0.4411517 0.1886952 -0.02396327 0.4487743 0.2615398 -0.02346445 0.4407706 0.2605752 -0.06163994 0.4409064 0.2482055 -0.06129021 0.4266513 0.2578038 -0.09212269 0.4405265 0.2186617 -0.05997452 0.4275143 0.2461085 -0.09111545 0.4367189 0.1934933 -0.05863954 0.4287887 0.2192366 -0.08594847 0.4264226 0.2024071 -0.07971229 0.4151749 0.1774879 -0.05688985 0.4188959 0.1727426 -0.0228042 0.3948401 0.17884 -0.02061919 0.3977186 0.1837973 0.01180826 0.393025 0.183557 -0.05483189 0.3923995 0.2034417 0.01423595 0.3974641 0.203688 0.04311348 0.3893656 0.2043258 -0.01910503 0.3857575 0.2287209 0.01765301 0.3909848 0.2287833 0.04885285 0.3825291 0.2291656 -0.01728115 0.3868204 0.2063566 -0.05412038 0.3927129 0.1954848 -0.08042694 0.4088497 0.1928833 -0.08460708 0.3870521 0.2091295 -0.08408594 0.3812808 0.2313192 -0.05407275 0.3826546 0.2333551 -0.08936217 0.3786668 0.239776 -0.05373924 0.3804179 0.2421053 -0.09112073 0.3794525 0.2374524 -0.01660923 0.3687835 0.2605787 -0.05245661 0.3714791 0.2650142 -0.09329514 0.3821919 0.2369977 0.01886832 0.3876501 0.2375902 0.05029592 0.3680373 0.2575239 -0.01404649 0.3700267 0.2571059 0.02168246 0.3772163 0.2609823 0.05338001 0.3653102 0.2627437 0.02272438 0.3732899 0.2679462 0.05530975 0.3629644 0.2640808 -0.01376211 0.36434 0.2678256 -0.05241916 0.3680692 0.2724472 -0.09393081 0.3556944 0.2625967 0.03231518 0.3691028 0.2719504 0.05939933 0.35747 0.2747221 -0.06220244 0.3624139 0.2797058 -0.09410933 0.3546774 0.2709115 -0.03066261 0.3532418 0.2668918 0.0009090823 0.3236569 0.288706 -0.0630241 0.3382416 0.3009687 -0.09315064 0.3222991 0.2848698 -0.03430136 0.3027102 0.3129789 -0.05978561 0.3202076 0.3265311 -0.08638212 0.2892386 0.3359115 -0.0561273 0.3077469 0.3488715 -0.07630708 0.2813578 0.330391 -0.02163239 0.3004311 0.3080397 -0.03003244 0.2921152 0.2943851 -0.006571886 0.3180765 0.2757061 -0.009316793 0.279736 0.3159028 0.01469094 0.2875955 0.3347541 0.01300097 0.290419 0.2812795 0.01583086 0.278545 0.2991318 0.03326101 0.3149895 0.2658622 0.01318348 0.2890967 0.2657098 0.03212323 0.2792929 0.2801579 0.05298002 0.3517161 0.2582732 0.03704737 0.3634547 0.267732 0.06079689 0.357893 0.2615672 0.06293032 0.3146641 0.2577479 0.02543655 0.3477008 0.2532173 0.04174292 0.3538853 0.2524993 0.06537832 0.3146652 0.2521251 0.03235473 0.3441673 0.2457325 0.04634696 0.3515067 0.2463569 0.06681188 0.2879118 0.2566379 0.03914997 0.2804924 0.2680576 0.05931953 0.3154477 0.2416526 0.03789948 0.2889562 0.2445226 0.04794962 0.2816073 0.2520353 0.06688671 0.3424354 0.2398372 0.04912541 0.315491 0.2356309 0.04089968 0.2904103 0.2373841 0.05241692 0.2831803 0.2440928 0.07030547 0.287575 0.2284382 0.07601397 0.3399176 0.2285467 0.05518376 0.3480679 0.2341585 0.07022256 0.3166074 0.2225611 0.04797591 0.338607 0.2172482 0.06043242 0.3457084 0.2180164 0.07455805 0.3209943 0.2050007 0.07942165 0.2949517 0.2226963 0.05788647 0.3195093 0.2077369 0.05955093 0.3004087 0.2100114 0.0657628 0.2957854 0.2106233 0.08091197 -0.3202076 0.326531 -0.08638212 -0.307747 0.3488715 -0.07630708 -0.2892386 0.3359114 -0.0561273 -0.3027103 0.3129788 -0.05978561 -0.3382417 0.3009686 -0.09315064 -0.2813579 0.3303909 -0.02163239 -0.3236569 0.2887059 -0.0630241 -0.3624139 0.2797057 -0.09410933 -0.3004311 0.3080396 -0.03003244 -0.3574701 0.274722 -0.06220244 -0.3680693 0.2724471 -0.09393081 -0.3222991 0.2848697 -0.03430136 -0.2921153 0.294385 -0.006571886 -0.2797361 0.3159028 0.01469094 -0.2875955 0.334754 0.01300097 -0.290419 0.2812794 0.01583086 -0.278545 0.2991317 0.03326101 -0.3180765 0.2757061 -0.009316793 -0.3546775 0.2709114 -0.03066261 -0.3643401 0.2678255 -0.05241916 -0.3629645 0.2640808 -0.01376211 -0.3532418 0.2668917 0.0009090823 -0.3680374 0.2575238 -0.01404649 -0.3653103 0.2627437 0.02272438 -0.37329 0.2679462 0.05530975 -0.3556945 0.2625966 0.03231518 -0.3691029 0.2719503 0.05939933 -0.3149896 0.2658621 0.01318348 -0.3517162 0.2582731 0.03704737 -0.3634548 0.2677319 0.06079689 -0.357893 0.2615671 0.06293032 -0.3146641 0.2577478 0.02543655 -0.2890968 0.2657098 0.03212323 -0.2793009 0.2801657 0.05298139 -0.3146652 0.252125 0.03235473 -0.3477009 0.2532172 0.04174292 -0.3538854 0.2524992 0.06537832 -0.2879119 0.2566378 0.03914997 -0.2804925 0.2680575 0.05931953 -0.3441674 0.2457325 0.04634696 -0.3515068 0.2463568 0.06681188 -0.3154478 0.2416526 0.03789948 -0.2889563 0.2445225 0.04794962 -0.2816074 0.2520352 0.06688671 -0.3424355 0.2398371 0.04912541 -0.3154911 0.2356309 0.04089968 -0.2904104 0.237384 0.05241692 -0.2831803 0.2440927 0.07030547 -0.2875751 0.2284381 0.07601397 -0.3399176 0.2285466 0.05518376 -0.3480679 0.2341584 0.07022256 -0.3166074 0.222561 0.04797591 -0.338607 0.2172482 0.06043242 -0.3457085 0.2180163 0.07455805 -0.3209944 0.2050007 0.07942165 -0.2949518 0.2226963 0.05788647 -0.3195093 0.2077368 0.05955093 -0.3004087 0.2100114 0.0657628 -0.2957855 0.2106232 0.08091197 0.3870521 0.2091295 -0.08408594 0.3927129 0.1954848 -0.08042694 0.4065875 0.2139658 -0.09339497 0.3826546 0.2333551 -0.08936217 0.4031145 0.2403728 -0.09913921 0.3804179 0.2421053 -0.09112073 0.4022192 0.2499521 -0.1006501 0.3714791 0.2650142 -0.09329514 0.3959395 0.2783656 -0.103334 0.4210413 0.2882094 -0.09377202 0.3929107 0.2875043 -0.1035764 0.0005548862 0.2078688 -0.2851122 0.07190397 0.1120624 -0.2884569 0.0004875728 0.1120714 -0.2902835 0.07310128 0.2107366 -0.2839022 0.148536 0.1116007 -0.279504 0.0005655615 0.3041674 -0.2777951 0.1514991 0.2132275 -0.2742999 0.2259421 0.1097363 -0.2559635 0.07572053 0.3055626 -0.2759864 0 0.3975467 -0.2679765 0.2270605 0.213827 -0.2526022 0.2911386 0.1057998 -0.2199697 0.1546534 0.3102868 -0.2667767 0.07717294 0.4000999 -0.26534 0 0.4725279 -0.252772 0.2296984 0.3173973 -0.2436908 0.07881591 0.4769206 -0.2488511 0 0.5335337 -0.2337465 0.1571724 0.404571 -0.2544793 0.08107981 0.5384799 -0.2271867 0 0.5875105 -0.2144116 0.1601855 0.4866111 -0.2331295 0.08204859 0.5914271 -0.2035121 0 0.6350468 -0.1891676 0.1590963 0.5488999 -0.2051487 0.2325044 0.4126719 -0.2287 0.08206745 0.6367838 -0.1757344 0 0.6564252 -0.1678291 0.1594893 0.5991438 -0.1772432 0.2345975 0.4940586 -0.202563 0.08184562 0.6590668 -0.152807 0 0.6667799 -0.1678291 0.1564992 0.6405149 -0.1487181 0.2332121 0.5561519 -0.1704641 0.232363 0.6021795 -0.1401688 0.1508628 0.6672671 -0.09839958 0.2981719 0.4984969 -0.1620725 0.2271397 0.6408865 -0.09470542 0.2947467 0.5550508 -0.1296099 0.2903477 0.5947642 -0.08924998 0.2987598 0.4244806 -0.1902108 0.3470186 0.5005926 -0.114276 0.2954248 0.324033 -0.208473 0.3511903 0.4304061 -0.1424145 0.3509119 0.3330232 -0.1586801 0.293754 0.2145554 -0.2155908 0.3509945 0.216209 -0.1654182 0.3497348 0.09772144 -0.1675996 0.3905345 0.214784 -0.1009393 0.3952561 0.08121715 -0.09594876 0.3867934 0.3355198 -0.09691185 0.38042 0.427564 -0.09179311 0.3719217 0.4922073 -0.06814406 0.337573 0.5475253 -0.08093828 0.3513227 0.5303208 -0.02356909 0.3204712 0.5785637 -0.02252269 0.3115634 0.5542251 0.03034577 0.27756 0.6214505 -0.02087557 0.2834773 0.5902447 0.04163539 0.2675026 0.5487558 0.08536352 0.2182679 0.6598524 -0.0223476 0.2479939 0.6210486 0.04689767 0.2260244 0.5767616 0.1017669 0.2137691 0.5223538 0.1203187 0.1717725 0.5260353 0.14207 0.1249233 0.5530403 0.158299 0.1777305 0.6056284 0.1121155 0.05939097 0.5829552 0.1663145 0.2061657 0.6460972 0.0465469 0.1386594 0.623724 0.1158646 0.1228974 0.635199 0.1167274 0 0.6009445 0.1655042 0 0.6277351 0.1610606 0.1630959 0.658849 0.04543968 0.1761984 0.6704323 -0.02491506 0.1119579 0.6541876 0.1144989 0.1506258 0.6741804 0.1786722 0.1593786 0.6704769 0.04321122 0.2090146 0.6882774 0.1037379 0.2333605 0.7236388 0.197063 0.1761984 0.680198 -0.02491506 0.2923115 0.7343438 0.09870763 0.3095572 0.7926779 0.2219022 0.23824 0.6990072 0.01403366 0.3620807 0.7968965 0.09815086 0.3784446 0.879199 0.250952 0.41452 0.873329 0.09939703 0.3148913 0.7422106 -0.00977901 0.3738517 0.7964597 -0.02704484 0.41962 0.8645523 -0.0428616 0.2269638 0.7022879 -0.08164085 0.2867801 0.7429963 -0.1195234 0.3345471 0.7935935 -0.148902 0.3697225 0.8544014 -0.175469 0.2515321 0.7863151 -0.2470001 0.276189 0.8440156 -0.2823268 0.1450105 0.8369265 -0.3508131 0.2166797 0.7373508 -0.2065111 0.1333888 0.7821247 -0.3128196 0 0.8339222 -0.368711 0 0.7817039 -0.3330112 0.1144254 0.7302436 -0.2633926 0 0.7303467 -0.2835668 0.1692928 0.6977288 -0.1589965 0.08773489 0.6903686 -0.2071182 0 0.6889262 -0.2238319 0.08184562 0.6694216 -0.152807 0.1508628 0.6776218 -0.09839958 0.0005548862 0.2078688 -0.2851122 0.0004875728 0.1120714 -0.2902835 -0.07110885 0.1117444 -0.2895405 -0.07214841 0.2106613 -0.2847453 -0.1480417 0.111088 -0.280647 0.0005655615 0.3041674 -0.2777951 -0.1508218 0.2130104 -0.2751427 -0.2259305 0.1092218 -0.256739 -0.07462719 0.3057258 -0.2765818 0 0.3975467 -0.2679765 -0.2268802 0.2135654 -0.2531301 -0.2914054 0.1053774 -0.2203943 -0.1538067 0.3103583 -0.2673197 -0.0771729 0.4000999 -0.26534 0 0.4725279 -0.252772 -0.2293638 0.3173973 -0.2439474 -0.07881587 0.4769206 -0.2488511 0 0.5335337 -0.2337465 -0.1571724 0.404571 -0.2544793 -0.08107977 0.5384799 -0.2271867 0 0.5875105 -0.2144116 -0.1601855 0.4866111 -0.2331295 -0.08204856 0.5914271 -0.2035121 0 0.6350468 -0.1891676 -0.1590963 0.5489 -0.2051487 -0.232305 0.4127809 -0.2286906 -0.08206743 0.636784 -0.1757345 0 0.6564252 -0.1678291 -0.1594893 0.5991438 -0.1772432 -0.08184558 0.6590668 -0.152807 0 0.6667799 -0.1678291 -0.1564992 0.640515 -0.1426644 -0.233212 0.5561519 -0.1704641 -0.08184558 0.6694216 -0.152807 -0.2345975 0.4940586 -0.202563 -0.232363 0.6021796 -0.1341151 -0.2981719 0.4984969 -0.1620725 -0.298659 0.4246893 -0.1899772 -0.2947467 0.5550508 -0.1235562 -0.2954333 0.3240193 -0.2084869 -0.3513535 0.4306751 -0.1418886 -0.2938927 0.2143338 -0.2158147 -0.3510487 0.3330315 -0.1585627 -0.3512136 0.2160922 -0.1654241 -0.3500367 0.09748316 -0.167723 -0.3905345 0.214784 -0.1009393 -0.3952561 0.08121715 -0.09594876 -0.3867934 0.3355198 -0.09691185 -0.38042 0.4275641 -0.09179312 -0.3470186 0.5005927 -0.114276 -0.3719217 0.4922073 -0.06814406 -0.337573 0.5475253 -0.07488459 -0.3513227 0.5303208 -0.02356909 -0.2903477 0.5947642 -0.0831963 -0.3204712 0.5785637 -0.02252269 -0.3115633 0.5542251 0.03034577 -0.2271397 0.6408868 -0.08865175 -0.2775601 0.6214506 -0.02087557 -0.2834773 0.5902447 0.0416354 -0.2675026 0.5487558 0.08536352 -0.1508628 0.6672671 -0.09839958 -0.2260244 0.5767616 0.1017669 -0.213769 0.5223538 0.1203187 -0.1717725 0.5260353 0.14207 -0.1249233 0.5530403 0.158299 -0.2479939 0.6210486 0.04689767 -0.1777305 0.6056284 0.1121155 -0.05939093 0.5829552 0.1663145 -0.2182679 0.6598524 -0.0223476 -0.2061657 0.6460972 0.0465469 -0.1386594 0.623724 0.1158646 -0.1228974 0.635199 0.1167274 0 0.6009445 0.1655042 0 0.6277351 0.1610606 -0.1630959 0.658849 0.04543968 -0.1761984 0.6704323 -0.02491506 -0.1119579 0.6541876 0.1144989 -0.1506258 0.6741804 0.1786722 -0.1593786 0.6704769 0.04321122 -0.2090146 0.6882775 0.1037379 -0.2333605 0.7236388 0.197063 -0.1761984 0.680198 -0.02491506 -0.2923114 0.7343438 0.09870763 -0.3095572 0.7926779 0.2219022 -0.23824 0.6990072 0.01403366 -0.3620807 0.7968965 0.09815086 -0.3784445 0.879199 0.250952 -0.41452 0.873329 0.09939703 -0.3148912 0.7422106 -0.00977901 -0.3738517 0.7964597 -0.02704484 -0.41962 0.8645523 -0.0428616 -0.2269637 0.7022879 -0.08164085 -0.28678 0.7429963 -0.1195234 -0.3345471 0.7935935 -0.148902 -0.3697225 0.8544014 -0.175469 -0.2515321 0.7863151 -0.2470001 -0.276189 0.8440156 -0.2823268 -0.1450105 0.8369265 -0.3508131 -0.2166797 0.7373508 -0.2065111 -0.1333887 0.7821247 -0.3128196 0 0.8339222 -0.368711 0 0.7817039 -0.3330112 -0.1144254 0.7302436 -0.2633926 0 0.7303467 -0.2835668 -0.1692928 0.6977288 -0.1589966 -0.08773489 0.6903689 -0.2071183 0 0.6889262 -0.2238319 -0.1508628 0.6776218 -0.09839958 0.0005548862 0.2078688 -0.2851122 0.0004875728 0.1120714 -0.2902835 0.07190397 0.1120624 -0.2884569 0.07310128 0.2107366 -0.2839022 0.148536 0.1116007 -0.279504 0.0005655615 0.3041674 -0.2777951 0.1514991 0.2132275 -0.2742999 0.2259421 0.1097363 -0.2559635 0.07572054 0.3055626 -0.2759864 0 0.3975467 -0.2679765 0.2270605 0.213827 -0.2526022 0.2911386 0.1057998 -0.2199697 0.1546535 0.3102868 -0.2667768 0.07717294 0.4000999 -0.26534 0 0.4725279 -0.252772 0.2296984 0.3173973 -0.2436908 0.07881591 0.4769206 -0.2488511 0 0.5335337 -0.2337465 0.1571724 0.404571 -0.2544793 0.08107981 0.5384799 -0.2271867 0 0.5875105 -0.2144116 0.1601855 0.4866111 -0.2331295 0.08204859 0.5914271 -0.2035121 0 0.6350468 -0.1891676 0.1590963 0.5488999 -0.2051487 0.2325044 0.4126719 -0.2287 0.08206745 0.6367838 -0.1757344 0 0.65465 -0.1602335 0.1594893 0.5991438 -0.1772432 0.06965162 0.6584364 -0.1459398 0 0.6694921 -0.1602335 0.1564992 0.6405149 -0.1487181 0.2332121 0.5561519 -0.1704641 0.06965162 0.6732785 -0.1459398 0.2345975 0.4940586 -0.202563 0.232363 0.6021795 -0.1401688 0.2981719 0.4984969 -0.1620725 0.2987598 0.4244806 -0.1902108 0.2947467 0.5550508 -0.1296099 0.2954248 0.324033 -0.208473 0.3511903 0.4304061 -0.1424145 0.293754 0.2145554 -0.2155908 0.3509119 0.3330232 -0.1586801 0.3509945 0.216209 -0.1654182 0.3497348 0.09772144 -0.1675996 0.3905345 0.214784 -0.1009393 0.3952561 0.08121715 -0.09594876 0.3867934 0.3355198 -0.09691185 0.38042 0.427564 -0.09179311 0.3470186 0.5005926 -0.114276 0.3719217 0.4922073 -0.06814406 0.337573 0.5475253 -0.08093828 0.3513227 0.5303208 -0.02356909 0.2903477 0.5947642 -0.08924998 0.3204712 0.5785637 -0.02252269 0.3115634 0.5542251 0.03034577 0.2271397 0.6408865 -0.09470542 0.27756 0.6214505 -0.02087557 0.2834773 0.5902447 0.04163539 0.2675027 0.5487558 0.08536352 0.1283861 0.6660265 -0.09417055 0.2260244 0.5767616 0.1017669 0.2137691 0.5223538 0.1203187 0.1717725 0.5260354 0.14207 0.1249233 0.5530402 0.158299 0.2479939 0.6210487 0.04689767 0.1777305 0.6056284 0.1121155 0.05939097 0.5829552 0.1663145 0.2182679 0.6598524 -0.0223476 0.2061657 0.6460972 0.0465469 0.1386594 0.623724 0.1158646 0.09527754 0.6333709 0.1110293 0 0.6009445 0.1655042 0 0.6277351 0.1610606 0.1356332 0.6573784 0.0428021 0.149947 0.6681856 -0.02424924 0.09527754 0.6568468 0.1088008 0.1506258 0.6741804 0.1786722 0.1356332 0.6722204 0.04057363 0.2090146 0.6882774 0.1037379 0.2333605 0.7236388 0.197063 0.149947 0.6821831 -0.02424924 0.2923115 0.7343438 0.09870763 0.3095572 0.7926779 0.2219022 0.23824 0.6990072 0.01403366 0.3620807 0.7968965 0.09815086 0.3784446 0.879199 0.250952 0.41452 0.873329 0.09939703 0.3148913 0.7422106 -0.00977901 0.3738517 0.7964597 -0.02704484 0.41962 0.8645523 -0.0428616 0.2269638 0.7022879 -0.08164085 0.2867801 0.7429963 -0.1195234 0.3345471 0.7935935 -0.148902 0.3697225 0.8544014 -0.175469 0.2515321 0.7863151 -0.2470001 0.276189 0.8440156 -0.2823268 0.1450105 0.8369265 -0.3508131 0.2166797 0.7373508 -0.2065111 0.1333888 0.7821247 -0.3128196 0 0.8339222 -0.368711 0 0.7817039 -0.3330112 0.1144254 0.7302436 -0.2633926 0 0.7303467 -0.2835668 0.1692928 0.6977288 -0.1589965 0.08773489 0.6903686 -0.2071182 0 0.6889262 -0.2238319 0.1283861 0.6808685 -0.09417055 0.0005548862 0.2078688 -0.2851122 -0.07110885 0.1117444 -0.2895405 0.0004875728 0.1120714 -0.2902835 -0.07214841 0.2106613 -0.2847453 -0.1480417 0.111088 -0.280647 0.0005655615 0.3041674 -0.2777951 -0.1508218 0.2130104 -0.2751427 -0.2259305 0.1092218 -0.256739 -0.0746272 0.3057258 -0.2765818 0 0.3975467 -0.2679765 -0.2268802 0.2135654 -0.2531301 -0.2914054 0.1053774 -0.2203943 -0.1538067 0.3103583 -0.2673197 -0.0771729 0.4000999 -0.26534 0 0.4725279 -0.252772 -0.2293638 0.3173973 -0.2439474 -0.07881587 0.4769206 -0.2488511 0 0.5335337 -0.2337465 -0.1571724 0.404571 -0.2544793 -0.08107977 0.5384799 -0.2271867 0 0.5875105 -0.2144116 -0.1601855 0.4866111 -0.2331295 -0.08204855 0.5914271 -0.2035121 0 0.6350468 -0.1891676 -0.1590963 0.5488999 -0.2051487 -0.232305 0.4127809 -0.2286906 -0.08206742 0.6367838 -0.1757344 0 0.65465 -0.1602335 -0.1594893 0.5991438 -0.1772432 -0.2345975 0.4940586 -0.202563 -0.06965158 0.6584364 -0.1459398 0 0.6694921 -0.1602335 -0.1564992 0.640515 -0.1426644 -0.233212 0.5561519 -0.1704641 -0.232363 0.6021796 -0.1341151 -0.1283861 0.6660265 -0.09417055 -0.2981719 0.4984969 -0.1620725 -0.2271397 0.6408868 -0.08865175 -0.2947467 0.5550508 -0.1235562 -0.2903477 0.5947642 -0.0831963 -0.298659 0.4246893 -0.1899772 -0.3470185 0.5005926 -0.114276 -0.2954333 0.3240193 -0.2084869 -0.3513535 0.4306751 -0.1418886 -0.3510487 0.3330315 -0.1585627 -0.2938927 0.2143338 -0.2158147 -0.3512136 0.2160922 -0.1654241 -0.3500367 0.09748316 -0.167723 -0.3905345 0.214784 -0.1009393 -0.3952561 0.08121715 -0.09594876 -0.3867934 0.3355198 -0.09691185 -0.38042 0.427564 -0.09179311 -0.3719217 0.4922073 -0.06814406 -0.337573 0.5475253 -0.07488459 -0.3513227 0.5303208 -0.02356909 -0.3204712 0.5785637 -0.02252269 -0.3115633 0.5542251 0.03034577 -0.2775601 0.6214506 -0.02087557 -0.2834772 0.5902447 0.04163539 -0.2675026 0.5487558 0.08536352 -0.2182679 0.6598524 -0.0223476 -0.2479939 0.6210487 0.04689767 -0.2260244 0.5767616 0.1017669 -0.213769 0.5223538 0.1203187 -0.1717725 0.5260354 0.14207 -0.1249233 0.5530402 0.158299 -0.1777305 0.6056284 0.1121155 -0.05939093 0.5829552 0.1663145 -0.2061656 0.6460972 0.0465469 -0.1386594 0.623724 0.1158646 -0.0952775 0.6333709 0.1110293 0 0.6009445 0.1655042 0 0.6277351 0.1610606 -0.1356331 0.6573784 0.0428021 -0.1499469 0.6681856 -0.02424924 -0.0952775 0.6568468 0.1088008 -0.1506258 0.6741804 0.1786722 -0.1356331 0.6722204 0.04057363 -0.2090146 0.6882774 0.1037379 -0.2333605 0.7236388 0.197063 -0.149947 0.6821831 -0.02424924 -0.2923114 0.7343438 0.09870763 -0.3095572 0.7926779 0.2219022 -0.23824 0.6990072 0.01403366 -0.3620807 0.7968965 0.09815086 -0.3784445 0.879199 0.250952 -0.41452 0.873329 0.09939703 -0.3148912 0.7422106 -0.00977901 -0.3738517 0.7964597 -0.02704484 -0.41962 0.8645523 -0.0428616 -0.2269637 0.7022879 -0.08164085 -0.28678 0.7429963 -0.1195234 -0.3345471 0.7935935 -0.148902 -0.3697225 0.8544014 -0.175469 -0.2515321 0.7863151 -0.2470001 -0.276189 0.8440156 -0.2823268 -0.1450105 0.8369265 -0.3508131 -0.2166797 0.7373508 -0.2065111 -0.1333887 0.7821247 -0.3128196 0 0.8339222 -0.368711 0 0.7817039 -0.3330112 -0.1144254 0.7302436 -0.2633926 0 0.7303467 -0.2835668 -0.1692928 0.6977288 -0.1589965 -0.08773485 0.6903686 -0.2071182 0 0.6889262 -0.2238319 -0.06965158 0.6732785 -0.1459398 -0.1283861 0.6808685 -0.09417055 -0.175877 1.268108 0.2792563 -0.2221401 1.24955 0.3177037 -0.2026063 1.211306 0.3039856 -0.2543186 1.195016 0.3415554 -0.2394249 1.16428 0.3162636 -0.2723746 1.234486 0.3542104 -0.3041412 1.146998 0.335835 -0.2890806 1.130234 0.3073984 -0.3184404 1.185148 0.3643868 -0.3340657 1.227293 0.3721032 -0.3758387 1.118544 0.3017786 -0.3287646 1.132274 0.2575148 -0.3710667 1.142484 0.3436741 -0.3809838 1.187062 0.3743489 -0.3972326 1.234503 0.3769538 -0.4347077 1.154495 0.3479171 -0.4393141 1.208886 0.3734066 -0.4530022 1.261093 0.3719443 -0.4471172 1.134571 0.2984789 -0.4858734 1.247163 0.3676837 -0.4866436 1.300174 0.3550764 -0.4828382 1.18539 0.3469374 -0.5115944 1.297045 0.3506274 -0.5055038 1.342424 0.3282997 -0.5207788 1.236948 0.34013 -0.5155561 1.341908 0.3238097 -0.5052896 1.382465 0.2721256 -0.535661 1.294848 0.326908 -0.5310585 1.339181 0.3066786 -0.5055195 1.174695 0.2974903 -0.5407595 1.231297 0.296748 -0.551224 1.290804 0.2931944 -0.5378124 1.335918 0.2866268 -0.5441002 1.289165 0.2589171 -0.5325666 1.334334 0.2656382 -0.5178512 1.333416 0.2515918 -0.5005101 1.335046 0.2526759 -0.5316724 1.231477 0.2525476 -0.5217472 1.289107 0.2397847 -0.5005577 1.289814 0.2323699 -0.4827433 1.292721 0.2355257 -0.439183 1.25677 0.2081107 -0.493608 1.239694 0.2245198 -0.5017717 1.191619 0.2482029 -0.4459263 1.201112 0.2124915 -0.3863972 1.23869 0.1865234 -0.4501779 1.159342 0.244279 -0.3924021 1.184647 0.2020049 -0.3347833 1.234839 0.1608949 -0.3518625 1.181161 0.187008 -0.3902311 1.13827 0.2424051 -0.1375941 1.221626 0.2574259 -0.1193502 1.221423 0.2300389 -0.1246146 1.161376 0.2772909 -0.1352589 1.165213 0.2938953 -0.1435847 1.233856 0.2762046 -0.1103721 1.109273 0.3091678 -0.1160818 1.191694 0.3389572 -0.09437399 1.127013 0.3514711 -0.05406623 1.076092 0.3505164 -0.06045985 1.064928 0.3220144 0.02130478 1.034902 0.3299524 -0.03384553 1.085665 0.3763785 -0.05758984 1.141953 0.3876342 -0.1126354 1.265719 0.3173262 -0.1242369 1.293341 0.2553861 -0.06893381 1.211633 0.3784603 -0.07883877 1.336152 0.2759975 -0.1029591 1.334683 0.2253515 -0.07211179 1.381503 0.182345 -0.0586958 1.2787 0.3477948 -0.008566327 1.213391 0.3845386 -0.03299274 1.379254 0.2326486 -0.02418144 1.427786 0.1303132 -0.02509667 1.329106 0.3144113 0.009777051 1.270298 0.3578991 -0.01046823 1.147417 0.3905791 0.04212974 1.195811 0.3533854 0.001987034 1.093052 0.3778338 0.03075083 1.144948 0.3601935 0.02873169 1.096153 0.3559182 0.06622615 1.240098 0.3303297 0.07291231 1.170748 0.3002191 0.05234074 1.133219 0.3159371 0.03645714 1.093564 0.3239683 0.02613949 1.090127 0.3126989 0.03329307 1.12865 0.3004534 -0.04708765 1.080451 0.3100331 -0.06045985 1.064928 0.3220144 0.043659 1.16582 0.2813284 -0.08038417 1.121808 0.2941601 -0.1103721 1.109273 0.3091678 -0.1246146 1.161376 0.2772909 -0.09296784 1.165514 0.2685886 -0.1193502 1.221423 0.2300389 -0.06201266 1.228407 0.2474855 0 1.232239 0.2573273 0.06201266 1.228407 0.2474855 0.08659627 1.201066 0.2584452 0.1193502 1.221423 0.2300389 0.09965314 1.203487 0.2755335 0.1282731 1.226441 0.2425085 0.1011712 1.270605 0.297918 0.04358636 1.307645 0.3254766 0.1539832 1.240522 0.2164589 0.1193502 1.221423 0.2300389 0.1665476 1.236053 0.1581331 0.01983607 1.366088 0.2700047 0.08700023 1.331004 0.2874303 0.1343054 1.285227 0.2628261 0.020092 1.416269 0.1816668 0.07158813 1.383407 0.2260952 0.1330556 1.337376 0.246534 0.1636979 1.287146 0.2309875 0.1714295 1.247355 0.1988378 0.1689918 1.22607 0.1676852 0.1674989 1.332547 0.2125144 0.1826472 1.284047 0.2091238 0.1272369 1.387001 0.1810972 0.08571798 1.425694 0.1315786 0.1731636 1.379261 0.1455168 0.05115343 1.446722 0.07914225 0.1512658 1.419519 0.08922997 0.1256923 1.441177 0.03060021 0.1901975 1.407174 0.06137545 0.1996751 1.321931 0.1806783 0.2240944 1.358784 0.1045882 0.2018189 1.27644 0.1825932 0.2249392 1.301698 0.1393569 0.2325643 1.385134 0.02923833 0.2431294 1.327094 0.07704166 0.2393422 1.264493 0.1878849 0.1823371 1.424323 -0.01139191 0.2796539 1.290745 0.1313006 0.1901085 1.243827 0.2105571 0.1745705 1.235864 0.2108669 0.1811261 1.19706 0.2301106 0.217163 1.21226 0.2312483 0.175902 1.193691 0.2027357 0.2002927 1.184394 0.1806519 0.1890833 1.134104 0.2286003 0.2268823 1.126113 0.1892082 0.196014 1.141321 0.2455899 0.2077135 1.068493 0.2332645 0.2457646 1.074798 0.1779688 0.2385889 1.156375 0.2425986 0.2304699 1.001971 0.2161019 0.2632367 1.017095 0.1409004 0.220946 1.071145 0.2405595 0.2515296 0.9569759 0.172967 0.2476638 1.012146 0.2209378 0.2612983 1.091077 0.2350506 0.2792682 0.9312766 0.1012511 0.2742696 0.961607 0.07085264 0.2814807 0.9300625 0.006535864 0.2805873 0.9699174 0.1749139 0.3009869 0.9271448 0.01373876 0.326451 0.9356106 -0.07595433 0.3424751 0.945706 0.02218759 0.3133034 0.9466209 0.1041631 0.2866001 1.039154 0.2126953 0.3164722 0.9973419 0.1714846 0.3469665 0.9756401 0.101575 0.3354172 1.079424 0.1522534 0.3247709 1.132763 0.1775504 0.3054947 1.186168 0.1871926 0.3485389 1.039367 0.1146692 0.2767653 1.237552 0.1916934 0.3280073 1.260837 0.1228807 0.3547839 1.211629 0.1108888 0.3040334 1.317616 0.05927919 0.3494067 1.276102 0.03671251 0.3667366 1.166801 0.09706763 0.3705775 1.222131 0.01541409 0.3660018 1.115478 0.07218204 0.3762819 1.1917 0.006666895 0.3495831 1.282342 -0.05152963 0.3769059 1.13843 -0.01587127 0.3706002 1.209635 -0.0783394 0.3710329 1.15031 -0.09708504 0.3671329 1.072544 0.03714714 0.3755787 1.094512 -0.04215044 0.3600447 1.013018 0.06383912 0.3715913 1.043597 -0.006386058 0.3701888 0.9736973 0.02422957 0.3748161 1.003034 0.0002589726 0.3869919 0.9818717 -0.04854141 0.3652816 0.9548591 -0.05607064 0.3860231 1.005882 -0.05927143 0.3896489 0.9783038 -0.1165635 0.4075394 0.9968041 -0.1081078 0.3619894 0.9659132 -0.128513 0.3078735 0.93412 -0.09899108 0.3211334 0.9671375 -0.1440499 0.4190014 1.009154 -0.1539634 0.4099494 1.008606 -0.1638316 0.3732349 1.028892 -0.1704637 0.3350005 1.0317 -0.1632583 0.4303595 1.029571 -0.1616637 0.377802 1.074525 -0.1268676 0.4087223 1.028407 -0.1694497 0.3736235 1.104913 -0.1101271 0.3957549 1.052593 -0.1445836 0.4160793 1.038382 -0.1555957 0.4187088 1.034413 -0.1527568 0.3973745 1.041421 -0.1297264 0.4246159 1.018029 -0.14803 0.4230313 1.023981 -0.1493532 0.4216275 1.029633 -0.1505153 0.405041 1.014359 -0.1118117 0.4009762 1.029084 -0.1186395 0.3825276 1.029797 -0.07581243 0.3804926 1.052652 -0.09894289 0.3747431 1.06452 -0.07256729 0.3532399 1.152424 -0.1647671 0.3492596 1.091885 -0.1675853 0.3350005 1.0317 -0.1632583 0.3518312 1.211721 -0.1519282 0.3063208 1.147237 -0.2370114 0.3316145 1.282565 -0.129017 0.3055899 1.210297 -0.2273628 0.2906885 1.277545 -0.2053388 0.2949539 1.332498 -0.09732199 0.2608141 1.322016 -0.1720122 0.2358598 1.271808 -0.2679301 0.3087189 1.330853 -0.01783741 0.2494465 1.344622 0.006573361 0.241356 1.350753 -0.06588748 0.2274163 1.396191 -0.04431939 0.2164348 1.342407 -0.1375006 0.207091 1.395481 -0.1110887 0.1677665 1.427917 -0.07569645 0.1772706 1.331317 -0.2034347 0.1742607 1.390176 -0.1767956 0.1382648 1.424981 -0.1410352 0.1013263 1.451001 -0.02514371 0.07217909 1.451955 -0.08381346 0.02216302 1.458054 0.02977427 -0.009735466 1.46309 -0.02807609 -0.06058039 1.444516 0.07750437 0.03756073 1.446609 -0.1397683 -0.1092997 1.398803 0.1546365 -0.07211179 1.381503 0.182345 -0.09211646 1.448089 0.0175884 -0.1211192 1.350856 0.2115755 -0.1029591 1.334683 0.2253515 -0.1242369 1.293341 0.2553861 -0.1470924 1.413767 0.1054509 -0.1541212 1.311353 0.2427972 -0.175877 1.268108 0.2792563 -0.1749492 1.33393 0.2210875 -0.1541375 1.252637 0.2815533 -0.1467513 1.366009 0.1892811 -0.2045411 1.347429 0.1963904 -0.1435847 1.233856 0.2762046 -0.2026063 1.211306 0.3039856 -0.1859211 1.372433 0.1580443 -0.2392718 1.345504 0.1672297 -0.1780811 1.19806 0.2972544 -0.1375941 1.221626 0.2574259 -0.2452869 1.358455 0.1113762 -0.2714518 1.32616 0.1551004 -0.1761625 1.416335 0.04134636 -0.2943446 1.306022 0.1043144 -0.3097762 1.287052 0.1540138 -0.2551621 1.363714 0.04567793 -0.1207706 1.443705 -0.04673469 -0.1954244 1.411897 -0.02741684 -0.0412964 1.456156 -0.08660161 -0.1397983 1.433272 -0.1048873 -0.2644803 1.36355 -0.02566702 -0.07106712 1.443455 -0.1406567 -0.2003562 1.402425 -0.08787312 -0.2002419 1.393409 -0.1385275 -0.3015089 1.316389 0.04141324 -0.2633509 1.359826 -0.09362105 -0.3044521 1.319824 -0.0336083 -0.3340667 1.255882 0.09498587 -0.3387666 1.266432 0.02724478 -0.3272393 1.248987 0.1329411 -0.3347833 1.234839 0.1608949 -0.3655413 1.213168 0.08116364 -0.3436188 1.198099 0.1483998 -0.3518625 1.181161 0.187008 -0.3649415 1.216472 0.009748266 -0.3915397 1.176599 0.0684436 -0.3377363 1.269044 -0.04938558 -0.3771098 1.184603 -0.0005497424 -0.2939036 1.317936 -0.1093651 -0.3574268 1.212341 -0.06675476 -0.3771098 1.184603 -0.0005497424 -0.3228585 1.268864 -0.1274929 -0.2430805 1.358793 -0.1590114 -0.2690178 1.316504 -0.1811377 -0.3672202 1.144995 -0.08267637 -0.37999 1.146163 -0.02376019 -0.3779787 1.112224 -0.04236382 -0.3372341 1.210025 -0.1459715 -0.2882583 1.266129 -0.2037247 -0.3633522 1.07706 -0.09322718 -0.3735977 1.078921 -0.05094653 -0.3678699 1.052923 -0.0562535 -0.3605417 1.029216 -0.07134572 -0.3438661 1.146235 -0.1594184 -0.3412725 0.9926548 -0.09989374 -0.3427429 0.9884151 -0.06754801 -0.3202926 0.9336582 -0.03964164 -0.3078735 0.93412 -0.09899108 -0.3377514 1.077226 -0.1669744 -0.3007698 0.9428427 -0.1655818 -0.2888285 0.8818858 -0.104154 -0.3216625 1.000925 -0.1686205 -0.3005339 1.077013 -0.2427509 -0.2747339 0.8916783 -0.1630255 -0.2696833 0.8463768 -0.09875172 -0.2828444 1.002628 -0.2433601 -0.2483663 0.843786 -0.1607867 -0.2395699 0.7975249 -0.105987 -0.2418926 0.8980792 -0.2320747 -0.2165312 0.7974463 -0.1587069 -0.2011437 0.7569839 -0.1165491 -0.2167347 0.8385729 -0.2117412 -0.1709526 0.773531 -0.1918942 -0.1502987 0.7224315 -0.1268457 -0.2653688 0.9561056 -0.2430415 -0.1199201 0.7505191 -0.2124958 -0.08113612 0.6983522 -0.1371236 -0.1754008 0.8261665 -0.2485359 -0.1948957 0.9002073 -0.2944948 -0.06206677 0.7369758 -0.2250953 0 0.6892515 -0.1426815 -0.121097 0.8083546 -0.2797855 -0.06203537 0.7971643 -0.3014368 0 0.7318554 -0.2300841 -0.1262441 0.8649403 -0.3309288 -0.06245812 0.8530042 -0.3594378 0 0.7923235 -0.31254 0 0.8479176 -0.3754592 0.06206676 0.7369758 -0.2250953 0.08113612 0.6983522 -0.1371236 0.06203537 0.7971643 -0.3014368 0.1199201 0.7505191 -0.2124958 0.1502987 0.7224315 -0.1268457 0.06245812 0.8530042 -0.3594378 0.1709526 0.773531 -0.1918942 0.2011437 0.7569839 -0.1165491 0.121097 0.8083546 -0.2797856 0.1754008 0.8261665 -0.2485359 0.1262441 0.8649403 -0.3309288 0.2165312 0.7974463 -0.1587069 0.2395699 0.7975249 -0.105987 0.2167347 0.8385729 -0.2117412 0.2483663 0.843786 -0.1607867 0.2696833 0.8463768 -0.09875172 0.1948957 0.9002073 -0.2944948 0.2747339 0.8916783 -0.1630255 0.2888285 0.8818858 -0.104154 0.2418926 0.8980792 -0.2320747 0.3008814 0.9428404 -0.1654952 0.3078735 0.93412 -0.09899108 0.3211334 0.9671375 -0.1440499 0.2653688 0.9561053 -0.2430415 0.287571 1.011005 -0.2409441 0.2041952 0.9324529 -0.3077791 0.3023145 1.08026 -0.2409105 0.2175866 0.9638252 -0.3071463 0.2441036 1.077342 -0.3021702 0.2508005 1.147476 -0.2993608 0.2304991 1.007183 -0.3025809 0.2524269 1.209508 -0.2908127 0.1788402 1.147282 -0.3511974 0.1778708 1.208053 -0.3428875 0.1688474 1.265526 -0.321601 0.1736844 1.075665 -0.3500578 0.08998763 1.206348 -0.3787044 0.1646681 1.010887 -0.3472628 0.0935411 1.146799 -0.3838286 0.09010386 1.074883 -0.3813984 -0.0004724917 1.146527 -0.4004221 0.08441047 1.260277 -0.357645 -0.0004488212 1.20593 -0.3915209 0.0736149 1.299376 -0.3199127 -0.00287627 1.259264 -0.3702966 0.1496489 1.299579 -0.2940913 -0.006989516 1.304175 -0.3217013 0.2137078 1.308729 -0.2428741 0.1269331 1.319615 -0.2587777 0.06271318 1.310516 -0.3000776 0.1259185 1.375831 -0.2405021 0.05967743 1.359407 -0.2832278 0.09497059 1.415859 -0.2016557 0.04477864 1.402801 -0.2459182 0.001448442 1.434021 -0.188104 -0.009543333 1.351935 -0.2999164 -0.0391714 1.415721 -0.2278263 -0.01399211 1.392327 -0.2652439 -0.08352212 1.304454 -0.3224706 -0.07845894 1.3507 -0.2959877 -0.06638836 1.387502 -0.2625095 -0.08936893 1.260452 -0.3565029 -0.1544962 1.30815 -0.2964272 -0.1409855 1.353921 -0.2674496 -0.1216044 1.389896 -0.2340655 -0.09850584 1.420201 -0.190829 -0.1973123 1.356923 -0.2207673 -0.1532741 1.41321 -0.1561728 -0.1699243 1.389775 -0.1918061 -0.2191539 1.312065 -0.2459249 -0.1643603 1.261109 -0.3248492 -0.2337866 1.263244 -0.2673541 -0.2974252 1.207865 -0.2213773 -0.2442726 1.205578 -0.2865316 -0.3048009 1.147262 -0.2352445 -0.246476 1.146307 -0.2990096 -0.172123 1.205147 -0.3417265 -0.2412062 1.077272 -0.3041758 -0.0913685 1.204861 -0.3753622 -0.176921 1.146133 -0.3504074 -0.09492447 1.145666 -0.3847056 -0.1743028 1.075657 -0.3504279 -0.2293193 1.007208 -0.304968 -0.09255824 1.074905 -0.3821141 -0.1650552 1.010869 -0.34712 -0.2175866 0.963825 -0.3071463 -0.0005077971 1.074383 -0.3970222 -0.2041952 0.9324529 -0.3077791 -0.1430949 0.9519962 -0.3714623 -0.1376926 0.926597 -0.3677862 -0.1545471 0.9723898 -0.3553597 -0.06758134 0.961219 -0.4242398 -0.08157474 0.9824635 -0.3882157 -0.08564754 1.016073 -0.3782784 3.438619E-05 0.9902696 -0.4098845 -0.0002252513 1.020431 -0.3956865 0.08623965 1.016208 -0.378919 0 0.97418 -0.4503367 0.08157654 0.9824636 -0.3882158 0.1545471 0.9723898 -0.3553598 0.06758134 0.961219 -0.4242398 0.1430949 0.9519962 -0.3714623 0.1376926 0.926597 -0.3677862 0 0.930543 -0.4247799 0.06942223 0.9300152 -0.4075501 0.1345922 0.9020486 -0.3514993 0.06680723 0.9068226 -0.3812993 0.0658415 0.8967098 -0.3973789 0 0.9117497 -0.3989307 0 0.8936018 -0.4184507 -0.0658415 0.8967098 -0.3973789 -0.06680723 0.9068226 -0.3812993 -0.1345922 0.9020486 -0.3514993 -0.06942223 0.9300152 -0.4075501 -0.2453223 1.001285 0.1849474 -0.2632367 1.017095 0.1409004 -0.2516429 1.037611 0.165845 -0.2596332 0.9497018 0.1667787 -0.2853584 1.004468 0.1861962 -0.2742696 0.961607 0.07085264 -0.3001059 0.972438 0.1621458 -0.3203177 1.033326 0.1779199 -0.2826383 0.9185792 0.1012511 -0.2814807 0.9300625 0.006535864 -0.3202756 0.942157 0.1041634 -0.3436365 0.9978291 0.1476547 -0.3026482 0.9169242 0.02995306 -0.3202926 0.9336582 -0.03964164 -0.3375857 0.9311976 0.03779534 -0.3544905 0.9428097 -0.02748333 -0.3779652 0.9594642 0.03454483 -0.3637341 0.9725503 0.09449077 -0.3843632 0.9629367 -0.02798123 -0.3741514 1.006349 -0.09837553 -0.3427429 0.9884151 -0.06754801 -0.3605417 1.029216 -0.07134572 -0.4116422 0.9944513 0.01785551 -0.4069805 0.9907914 -0.03409706 -0.3912852 1.029097 -0.06821071 -0.3678699 1.052923 -0.0562535 -0.4028969 1.013167 -0.0497884 -0.3969461 1.050065 -0.04541418 -0.3735977 1.078921 -0.05094653 -0.4142297 1.02193 -0.01404224 -0.3840598 1.077999 -0.06453882 -0.4120895 1.036703 0.02133253 -0.3900239 1.090621 -0.06393376 -0.3779787 1.112224 -0.04236382 -0.4105669 1.080983 -0.08349562 -0.4093255 1.047173 0.00615006 -0.4195811 1.069871 -0.04988498 -0.4059767 1.094304 -0.06054114 -0.4230487 1.08268 -0.05320922 -0.4034885 1.107405 -0.04534323 -0.4269473 1.068321 -0.005509408 -0.4303578 1.090579 -0.02101168 -0.3985928 1.13114 -0.02831426 -0.37999 1.146163 -0.02376019 -0.422723 1.079692 0.04824983 -0.4306107 1.105688 0.01316226 -0.3898436 1.155959 -0.01285243 -0.4170996 1.137688 0.04597148 -0.4034196 1.062563 0.060152 -0.4044464 1.107533 0.09345286 -0.3702556 1.153466 0.1323906 -0.3873117 1.099505 0.1053861 -0.4010777 1.008208 0.06645411 -0.3872459 1.034592 0.1091643 -0.3691494 1.079189 0.1413774 -0.3366128 1.077527 0.1661564 -0.3527144 1.144592 0.1575661 -0.3535734 1.130213 0.2024929 -0.3463263 1.077473 0.168041 -0.3298241 1.117962 0.2591415 -0.3287646 1.132274 0.2575148 -0.3462592 1.073496 0.2129238 -0.2926987 1.115396 0.3051564 -0.2890806 1.130234 0.3073984 -0.329075 1.071174 0.2603941 -0.3286462 1.028167 0.181356 -0.3203177 1.033326 0.1779199 -0.2853584 1.004468 0.1861962 -0.329556 1.023902 0.2175513 -0.2854245 0.9854245 0.20105 -0.2453223 1.001285 0.1849474 -0.2261872 0.9480119 0.2314815 -0.2916797 0.9799771 0.222951 -0.2870378 0.9820966 0.2465454 -0.31596 1.024053 0.2558918 -0.2955065 1.071027 0.2974784 -0.2865471 1.028692 0.2826567 -0.2682404 0.9879376 0.2655689 -0.2576481 1.032781 0.2915531 -0.2482041 0.9934922 0.2680371 -0.2410467 0.9981453 0.2402199 -0.2453223 1.001285 0.1849474 -0.2483825 1.035037 0.2471416 -0.2516429 1.037611 0.165845 -0.2457646 1.074798 0.1779688 -0.2437081 1.073976 0.2548077 -0.2268823 1.126113 0.1892082 -0.2530282 1.073261 0.3067793 -0.2240569 1.119407 0.2610374 -0.2017304 1.161452 0.2081386 -0.2348157 1.115964 0.314397 -0.2394249 1.16428 0.3162636 -0.2102609 1.155928 0.3128943 -0.2002113 1.15809 0.2603333 -0.1695421 1.197414 0.2559 -0.1693706 1.205315 0.2002937 -0.1193502 1.221423 0.2300389 -0.1169259 0.0313373 -0.1395201 -0.1169259 -0.0005217929 -0.1371247 -0.151387 -0.0005217152 -0.1270534 -0.1519742 0.03131285 -0.1288258 -0.1169259 0.05712496 -0.1392043 -0.1810116 -0.000521599 -0.1011718 -0.153231 0.05714968 -0.1284759 -0.1169259 0.08611884 -0.1343804 -0.1813989 0.03132721 -0.1028305 -0.1561797 0.0860502 -0.1225362 -0.1169257 0.1014764 -0.1301454 -0.1588635 0.1014226 -0.112832 -0.1728987 0.0860609 -0.1028969 -0.1904372 0.101416 -0.06422637 -0.1808199 0.05714398 -0.1032898 -0.196467 0.08538812 -0.05798278 -0.2062462 0.08504841 0.0008538437 -0.2029986 0.1014614 0.0008857012 -0.2007488 0.05752119 -0.0559393 -0.2026196 0.03138631 -0.05674348 -0.2017949 -0.0005213273 -0.05643354 -0.2128351 -0.0005210556 0.0006482959 -0.2113425 0.05807166 0.0006861341 -0.2136637 0.03143303 0.0006842256 -0.2172173 -0.0005207063 0.05441223 -0.2181709 0.03160091 0.05501033 -0.2179006 -0.0005204346 0.1093048 -0.2120876 0.05928171 0.05628993 -0.2166755 0.03165353 0.1095749 -0.2118294 -0.0005202021 0.1631415 -0.2011621 0.08685967 0.05936812 -0.1946216 0.1015745 0.05886045 -0.2103831 0.05899168 0.1095836 -0.2097242 0.03163079 0.1624776 -0.194067 -0.000519969 0.2110561 -0.1952704 0.08078051 0.1119647 -0.1801298 0.09235723 0.1127339 -0.1632344 0.1015627 0.1119633 -0.1998955 0.05792785 0.1623497 -0.1828667 0.07820568 0.1655733 -0.1596086 0.09746619 0.1301852 -0.1169259 0.1016633 0.1311144 -0.1910134 0.03149468 0.2055794 -0.183584 0.05726419 0.1997784 -0.1588631 0.03151051 0.2425317 -0.15946 -0.0005198136 0.2474531 -0.155595 0.07556418 0.2052116 -0.116926 0.03160328 0.2534858 -0.1169259 -0.0005197751 0.2584808 -0.07439188 -0.0005198136 0.2474532 -0.1563526 0.05578145 0.2291993 -0.1169305 0.05557543 0.2434314 -0.07498771 0.03150919 0.2425325 -0.03978485 -0.000519969 0.2110561 -0.1574246 0.08886606 0.1720371 -0.1169283 0.07880193 0.2130669 -0.1169259 0.09210671 0.1736188 -0.1169259 0.09847818 0.1385399 -0.07424322 0.09746619 0.1301852 -0.07268213 0.1015608 0.1150374 -0.07642719 0.08886602 0.1720371 -0.05372211 0.09235729 0.1127339 -0.03912362 0.1009004 0.05724262 -0.07825278 0.07556882 0.2052033 -0.05099946 0.07821088 0.1655745 -0.07773392 0.05578014 0.2294073 -0.05026773 0.05726419 0.1997781 -0.0428385 0.03149468 0.2055794 -0.03395627 0.05792785 0.1623497 -0.02412775 0.03163079 0.1624776 -0.02202245 -0.0005202021 0.1631415 -0.03858147 0.08078051 0.1119647 -0.02346874 0.05899168 0.1095836 -0.01717629 0.03165353 0.1095748 -0.01595127 -0.0005204346 0.1093048 -0.03248685 0.08678693 0.05703108 -0.03085213 0.1014608 0.0008849728 -0.02176416 0.05928182 0.05629037 -0.01568093 0.03160091 0.05501086 -0.01663458 -0.0005207063 0.05441223 -0.0276057 0.08503038 0.0008509994 -0.04211789 0.1014177 -0.05753837 -0.02251885 0.0580644 0.0006798196 -0.02019597 0.03143791 0.0006818199 -0.02101684 -0.0005210165 0.0006482959 -0.03124156 0.03141533 -0.05672801 -0.03205733 -0.0005213273 -0.05643358 -0.03395538 0.05758474 -0.0559513 -0.05243495 0.03133284 -0.1028023 -0.05284006 -0.000521599 -0.1011717 -0.03824047 0.08490334 -0.05848195 -0.05301965 0.05715863 -0.1032178 -0.0610631 0.08604638 -0.103697 -0.07497671 0.1014219 -0.1128314 -0.08061691 0.05715343 -0.1284734 -0.07766677 0.08604538 -0.1225301 -0.1169257 0.1014764 -0.1301454 -0.1169259 0.08611884 -0.1343804 -0.1169259 0.05712496 -0.1392043 -0.08187786 0.03131285 -0.1288259 -0.1169259 0.0313373 -0.1395201 -0.08246474 -0.0005217152 -0.1270534 -0.1169259 -0.0005217929 -0.1371247 0.1169259 0.0313373 -0.1395201 0.151387 -0.0005217152 -0.1270534 0.1169259 -0.0005217929 -0.1371247 0.1519742 0.03131285 -0.1288258 0.1169259 0.05712496 -0.1392043 0.1810116 -0.000521599 -0.1011718 0.153231 0.05714968 -0.1284759 0.1169259 0.08611884 -0.1343804 0.1813989 0.03132721 -0.1028305 0.1561797 0.0860502 -0.1225362 0.1169257 0.1014764 -0.1301454 0.1588635 0.1014226 -0.112832 0.1728987 0.0860609 -0.1028969 0.1904372 0.101416 -0.06422637 0.1808199 0.05714398 -0.1032898 0.196467 0.08538812 -0.05798278 0.2007488 0.05752119 -0.0559393 0.2062462 0.08504841 0.0008538437 0.2029986 0.1014614 0.0008857012 0.2026196 0.03138631 -0.05674348 0.2017949 -0.0005213273 -0.05643354 0.2128351 -0.0005210556 0.0006482959 0.2113425 0.05807166 0.0006861341 0.2136637 0.03143303 0.0006842256 0.2172173 -0.0005207063 0.05441223 0.2181709 0.03160091 0.05501033 0.2179006 -0.0005204346 0.1093048 0.2120876 0.05928171 0.05628993 0.2166755 0.03165353 0.1095749 0.2118294 -0.0005202021 0.1631415 0.2011621 0.08685967 0.05936812 0.1946216 0.1015745 0.05886045 0.2103831 0.05899168 0.1095836 0.2097242 0.03163079 0.1624776 0.194067 -0.000519969 0.2110561 0.1952704 0.08078051 0.1119647 0.1998955 0.05792785 0.1623497 0.1910134 0.03149468 0.2055794 0.1588631 0.03151051 0.2425317 0.15946 -0.0005198136 0.2474531 0.183584 0.05726419 0.1997784 0.1828667 0.07820568 0.1655733 0.1801298 0.09235723 0.1127339 0.1632344 0.1015627 0.1119633 0.155595 0.07556418 0.2052116 0.1596086 0.09746619 0.1301852 0.1169259 0.1016633 0.1311144 0.1574246 0.08886606 0.1720371 0.1169259 0.09847818 0.1385399 0.1563526 0.05578145 0.2291993 0.1169259 0.09210671 0.1736188 0.07424322 0.09746619 0.1301852 0.07268213 0.1015608 0.1150374 0.1169283 0.07880193 0.2130669 0.07642719 0.08886602 0.1720371 0.05372211 0.09235729 0.1127339 0.03912362 0.1009004 0.05724262 0.07825278 0.07556882 0.2052033 0.03248685 0.08678693 0.05703108 0.03085213 0.1014608 0.0008849728 0.05099946 0.07821088 0.1655745 0.03858147 0.08078051 0.1119647 0.0276057 0.08503038 0.0008509994 0.04211789 0.1014177 -0.05753837 0.02346874 0.05899168 0.1095836 0.03395627 0.05792785 0.1623497 0.05026773 0.05726419 0.1997781 0.02176416 0.05928182 0.05629037 0.07773392 0.05578014 0.2294073 0.1169305 0.05557543 0.2434314 0.07498771 0.03150919 0.2425325 0.116926 0.03160328 0.2534858 0.1169259 -0.0005197751 0.2584808 0.07439188 -0.0005198136 0.2474532 0.03978485 -0.000519969 0.2110561 0.0428385 0.03149468 0.2055794 0.02412775 0.03163079 0.1624776 0.02202245 -0.0005202021 0.1631415 0.01717629 0.03165353 0.1095748 0.01595127 -0.0005204346 0.1093048 0.01568093 0.03160091 0.05501086 0.01663458 -0.0005207063 0.05441223 0.02251885 0.0580644 0.0006798196 0.02019597 0.03143791 0.0006818199 0.02101684 -0.0005210165 0.0006482959 0.03124156 0.03141533 -0.05672801 0.03205733 -0.0005213273 -0.05643358 0.03395538 0.05758474 -0.0559513 0.05243495 0.03133284 -0.1028023 0.05284006 -0.000521599 -0.1011717 0.03824047 0.08490334 -0.05848195 0.05301965 0.05715863 -0.1032178 0.0610631 0.08604638 -0.103697 0.07497671 0.1014219 -0.1128314 0.08061691 0.05715343 -0.1284734 0.07766677 0.08604538 -0.1225301 0.1169257 0.1014764 -0.1301454 0.1169259 0.08611884 -0.1343804 0.1169259 0.05712496 -0.1392043 0.08187786 0.03131285 -0.1288259 0.1169259 0.0313373 -0.1395201 0.08246474 -0.0005217152 -0.1270534 0.1169259 -0.0005217929 -0.1371247 0 0.2280541 -0.2271368 -0.0767817 0.2280541 -0.2179941 0 0.2673 -0.2209644 -0.07215776 0.2884816 -0.202007 0 0.2884816 -0.2093512 -0.07547553 0.2673 -0.2119771 -0.1460474 0.2280541 -0.194173 -0.1373153 0.2884816 -0.1820828 -0.143563 0.2673 -0.1885605 -0.2010171 0.2280541 -0.1449592 -0.1889102 0.2884816 -0.1358929 -0.1975975 0.2673 -0.141277 -0.2363097 0.2280541 -0.07899127 -0.2220764 0.2884816 -0.07385395 -0.2322897 0.2673 -0.07752413 -0.2484707 0.2280541 0.0008251733 -0.2442439 0.2673 0.0009261453 -0.2335047 0.2884816 0.001178576 0.07215776 0.2884816 -0.202007 0 0.2673 -0.2209644 0 0.2884816 -0.2093512 0.07547553 0.2673 -0.2119772 0.1373154 0.2884816 -0.1820828 0 0.2280541 -0.2271368 0.0767817 0.2280541 -0.2179941 0.143563 0.2673 -0.1885605 0.1460475 0.2280541 -0.194173 0.1889103 0.2884816 -0.1358929 0.2010172 0.2280541 -0.1449592 0.1975976 0.2673 -0.141277 0.2220766 0.2884816 -0.07385397 0.2363098 0.2280541 -0.07899129 0.2442438 0.2673 0.0009261453 0.2335046 0.2884816 0.001178576 0.2322898 0.2673 -0.07752414 0.2484707 0.2280541 0.0008251733 0 0.3173807 0.001295644 0.07617202 0.2280541 0.2246632 0 0.2280541 0.2335443 0.1466507 0.2280541 0.1971747 0.201017 0.2280541 0.1439438 0.2363096 0.2280541 0.07609776 0.2484707 0.2280541 0.0008251733 0.2363098 0.2280541 -0.07899129 0.2010172 0.2280541 -0.1449592 0.1460475 0.2280541 -0.194173 0.0767817 0.2280541 -0.2179941 0 0.2280541 -0.2271368 0 0.3173807 0.001295644 0 0.2280541 0.2335443 -0.07617202 0.2280541 0.2246632 -0.1466507 0.2280541 0.1971747 -0.2010171 0.2280541 0.1439438 -0.2363097 0.2280541 0.07609776 -0.2484707 0.2280541 0.0008251733 -0.2363097 0.2280541 -0.07899127 -0.2010171 0.2280541 -0.1449592 -0.1460474 0.2280541 -0.194173 -0.0767817 0.2280541 -0.2179941 0 0.2280541 -0.2271368 0 0.2064695 0.0001990291 0 0.2077368 0.07116994 -0.003466707 0.2064752 0.0001989331 -0.003648905 0.2080213 0.07157778 -0.005538223 0.2106308 0.1343265 0 0.2103697 0.1354731 -0.005253158 0.2053973 0.07134387 -0.004468488 0.203794 0.000198837 -0.007457593 0.2076338 0.13407 -0.01786685 0.2218429 0.1829166 0 0.2234668 0.1856828 0 0.2419375 0.1950289 0.003390406 0.1958388 0.0712399 0.004979485 0.1946791 0.0001982605 -0.03917532 0.2383945 0.1921229 0 0.2669122 0.1974927 -0.06726239 0.2675919 0.1943638 -0.03116344 0.215909 0.1845316 -0.06713374 0.2316634 0.1932517 -0.1161765 0.2394769 0.19667 -0.1140565 0.2687619 0.1890996 -0.1161799 0.221653 0.1977981 -0.03217506 0.1984865 0.1810512 -0.00174374 0.1973091 0.1321261 -0.004808361 0.1684608 0.13013 -0.1174131 0.2006252 0.1976061 0.00270326 0.1683566 0.07005139 0.006334646 0.1683305 0.0002078072 -0.03980504 0.1685583 0.1771753 -0.001335062 0.1416497 0.06761896 0.003261059 0.1416394 0.0002271947 -0.01005439 0.1169907 0.0002832619 -0.01270717 0.1416553 0.1244553 -0.04911493 0.1416582 0.168668 -0.1184991 0.1692767 0.1931718 -0.1828169 0.2015213 0.1615728 -0.1180619 0.1416695 0.1836047 -0.1788529 0.2266487 0.1606322 -0.1835143 0.1693705 0.1577394 -0.2233467 0.201874 0.09240195 -0.1770192 0.2451666 0.1585324 -0.1729801 0.2704563 0.1524874 -0.2192412 0.2289796 0.09192355 -0.2170592 0.2469963 0.09162205 -0.2129474 0.2708884 0.08886112 -0.23584 0.2458548 0.0002127373 -0.2319505 0.2709134 0.0002396226 -0.2166491 0.267321 -0.08750295 -0.237814 0.2274693 0.0002115476 -0.2217563 0.2392916 -0.0919216 -0.1759436 0.2626687 -0.1552276 -0.2420153 0.2019 0.0002015948 -0.1798239 0.2315062 -0.1613809 -0.1140565 0.2593173 -0.18894 -0.2234121 0.2207972 -0.09180906 -0.1159929 0.2262086 -0.1957007 -0.06633124 0.2590629 -0.1939463 -0.1809755 0.2142068 -0.1630288 -0.2272984 0.199767 -0.09219368 -0.1161747 0.2094766 -0.1962946 -0.1879988 0.195731 -0.1623416 -0.06684513 0.2191247 -0.1985003 -0.03520752 0.2275124 -0.1979703 0 0.2593752 -0.1983232 0 0.2316134 -0.2000339 -0.02227811 0.2056168 -0.1892104 -0.01428766 0.2099738 -0.1900202 0 0.2116705 -0.1914569 0 0.2075312 -0.1335977 -0.02337378 0.1933849 -0.1870221 -0.00910656 0.2074884 -0.1317924 0 0.2067593 -0.06533682 -0.01262912 0.2037138 -0.1313911 -0.005351669 0.2071276 -0.06512976 0 0.2064695 0.0001990291 -0.003466707 0.2064752 0.0001989331 -0.004468488 0.203794 0.000198837 -0.00693784 0.2032815 -0.06516423 0.004979485 0.1946791 0.0001982605 -0.008821464 0.1950141 -0.1297615 -0.0003226805 0.1948633 -0.06527474 -0.0004733712 0.1683355 -0.06468555 0.006334646 0.1683305 0.0002078072 -0.01270578 0.1681434 -0.1269668 -0.03263732 0.1686016 -0.1825319 -0.004879685 0.1416345 -0.06250414 0.003261059 0.1416394 0.0002271947 -0.01953644 0.141632 -0.1207045 -0.01959402 0.1169834 -0.05987813 -0.01005439 0.1169907 0.0002832619 -0.03280037 0.1169803 -0.1112566 -0.04500265 0.1416331 -0.1700017 -0.0365147 0.1017349 -0.05239283 -0.02324405 0.1017449 0.00129983 -0.03085213 0.1014608 0.0008849728 -0.04211789 0.1014177 -0.05753837 -0.05411171 0.1017315 -0.0912218 -0.07497671 0.1014219 -0.1128314 -0.07528897 0.1017343 -0.1145176 -0.1169257 0.1014764 -0.1301454 -0.06220402 0.1169828 -0.1504036 -0.1169263 0.1017466 -0.1344555 -0.1587217 0.1017347 -0.1147052 -0.1588635 0.1014226 -0.112832 -0.1172472 0.116991 -0.1671272 -0.1907676 0.1017333 -0.06803522 -0.1904372 0.101416 -0.06422637 -0.1699124 0.1169823 -0.13521 -0.2057097 0.1169818 -0.07663569 -0.210293 0.101745 0.00129995 -0.2029986 0.1014614 0.0008857012 -0.1946216 0.1015745 0.05886045 -0.1956328 0.1017729 0.06211299 -0.2253534 0.1169908 0.0002834738 -0.1625092 0.1017789 0.1158729 -0.1632344 0.1015627 0.1119633 -0.2081863 0.1170122 0.07525644 -0.2380856 0.1416395 0.000227318 -0.2214378 0.1416333 -0.08553652 -0.2191356 0.1416538 0.08490689 -0.1784987 0.1416328 -0.1517888 -0.2423952 0.1694467 0.0002078323 -0.2272393 0.1694091 -0.08967701 -0.1180619 0.1416383 -0.1849605 -0.1833402 0.1693395 -0.1585679 -0.1184991 0.1692533 -0.194552 -0.1200775 0.1907945 -0.1974735 -0.2233951 0.1694265 0.08985591 -0.1799493 0.1416571 0.149689 -0.1732551 0.1170166 0.1347834 -0.1172472 0.1170356 0.1658583 -0.1169264 0.1018036 0.1367238 -0.1169259 0.1016633 0.1311144 -0.07057133 0.1017749 0.1200156 -0.06211124 0.1170183 0.150003 -0.02768671 0.1170146 0.1121665 -0.04227354 0.1017778 0.09508616 -0.07268213 0.1015608 0.1150374 -0.01581458 0.1170073 0.06645064 -0.03148397 0.1017737 0.05897762 -0.03912362 0.1009004 0.05724262 -0.02324405 0.1017449 0.00129983 -0.03085213 0.1014608 0.0008849728 0.003466707 0.2064752 0.0001989331 0 0.2077368 0.07116994 0 0.2064695 0.0001990291 0.003648905 0.2080213 0.07157778 0.005538223 0.2106308 0.1343265 0 0.2103697 0.1354731 0.005253158 0.2053973 0.07134387 0.004468488 0.203794 0.000198837 0.007457593 0.2076338 0.13407 0.01786685 0.2218429 0.1829166 0 0.2234668 0.1856828 0 0.2419375 0.1950289 -0.003390406 0.1958388 0.0712399 -0.004979485 0.1946791 0.0001982605 0.03917532 0.2383945 0.1921229 0 0.2669122 0.1974927 0.06726239 0.2675919 0.1943638 0.03116344 0.215909 0.1845316 0.06713374 0.2316634 0.1932517 0.1161765 0.2394769 0.19667 0.1140565 0.2687619 0.1890996 0.1161799 0.221653 0.1977981 0.03217506 0.1984865 0.1810512 0.00174374 0.1973091 0.1321261 0.004808361 0.1684608 0.13013 0.1174131 0.2006252 0.1976061 -0.00270326 0.1683566 0.07005139 -0.006334646 0.1683305 0.0002078072 0.03980504 0.1685583 0.1771753 0.001335062 0.1416497 0.06761896 -0.003261059 0.1416394 0.0002271947 0.01005439 0.1169907 0.0002832619 0.01270717 0.1416553 0.1244553 0.04911493 0.1416582 0.168668 0.1184991 0.1692767 0.1931718 0.1828169 0.2015213 0.1615728 0.1180619 0.1416695 0.1836047 0.1788529 0.2266487 0.1606322 0.1835143 0.1693705 0.1577394 0.2233467 0.201874 0.09240195 0.1770192 0.2451666 0.1585324 0.1729801 0.2704563 0.1524874 0.2192412 0.2289796 0.09192355 0.2170592 0.2469963 0.09162205 0.2129474 0.2708884 0.08886112 0.23584 0.2458548 0.0002127373 0.2319505 0.2709134 0.0002396226 0.2166491 0.267321 -0.08750295 0.2398691 0.2274693 0.0002115476 0.2217563 0.2392916 -0.0919216 0.1759436 0.2626687 -0.1552276 0.2420153 0.2019 0.0002015948 0.1798239 0.2315062 -0.1613809 0.1140565 0.2593173 -0.18894 0.2234121 0.2207972 -0.09180906 0.1159929 0.2262086 -0.1957007 0.06633124 0.2590629 -0.1939463 0.1809755 0.2142068 -0.1630288 0.2272984 0.199767 -0.09219368 0.1161747 0.2094766 -0.1962946 0.1879988 0.195731 -0.1623416 0.06684513 0.2191247 -0.1985003 0.03520752 0.2275124 -0.1979703 0 0.2593752 -0.1983232 0 0.2316134 -0.2000339 0.02227811 0.2056168 -0.1892104 0.01428766 0.2099738 -0.1900202 0 0.2116705 -0.1914569 0 0.2075312 -0.1335977 0.00910656 0.2074884 -0.1317924 0 0.2067593 -0.06533682 0.01262912 0.2037138 -0.1313911 0.02337378 0.1933849 -0.1870221 0.005351669 0.2071276 -0.06512976 0 0.2064695 0.0001990291 0.003466707 0.2064752 0.0001989331 0.004468488 0.203794 0.000198837 0.00693784 0.2032815 -0.06516423 -0.004979485 0.1946791 0.0001982605 0.008821464 0.1950141 -0.1297615 0.0003226805 0.1948633 -0.06527474 0.0004733712 0.1683355 -0.06468555 -0.006334646 0.1683305 0.0002078072 0.01270578 0.1681434 -0.1269668 0.03263732 0.1686016 -0.1825319 0.004879685 0.1416345 -0.06250414 -0.003261059 0.1416394 0.0002271947 0.01953644 0.141632 -0.1207045 0.01959402 0.1169834 -0.05987813 0.01005439 0.1169907 0.0002832619 0.03280037 0.1169803 -0.1112566 0.04500265 0.1416331 -0.1700017 0.0365147 0.1017349 -0.05239283 0.02324405 0.1017449 0.00129983 0.03085213 0.1014608 0.0008849728 0.04211789 0.1014177 -0.05753837 0.05411171 0.1017315 -0.0912218 0.07497671 0.1014219 -0.1128314 0.07528897 0.1017343 -0.1145176 0.1169257 0.1014764 -0.1301454 0.06220402 0.1169828 -0.1504036 0.1169263 0.1017466 -0.1344555 0.1587217 0.1017347 -0.1147052 0.1588635 0.1014226 -0.112832 0.1172472 0.116991 -0.1671272 0.1907676 0.1017333 -0.06803522 0.1904372 0.101416 -0.06422637 0.1699124 0.1169823 -0.13521 0.2057097 0.1169818 -0.07663569 0.210293 0.101745 0.00129995 0.2029986 0.1014614 0.0008857012 0.1946216 0.1015745 0.05886045 0.1956328 0.1017729 0.06211299 0.2253534 0.1169908 0.0002834738 0.1632344 0.1015627 0.1119633 0.1625092 0.1017789 0.1158729 0.2081863 0.1170122 0.07525644 0.2380856 0.1416395 0.000227318 0.2214378 0.1416333 -0.08553652 0.2191356 0.1416538 0.08490689 0.1784987 0.1416328 -0.1517888 0.2423952 0.1694467 0.0002078323 0.2272393 0.1694091 -0.08967701 0.1180619 0.1416383 -0.1849605 0.1833402 0.1693395 -0.1585679 0.1184991 0.1692533 -0.194552 0.1200775 0.1907945 -0.1974735 0.2233951 0.1694265 0.08985591 0.1799493 0.1416571 0.149689 0.1732551 0.1170166 0.1347834 0.1172472 0.1170356 0.1658583 0.1169264 0.1018036 0.1367238 0.1169259 0.1016633 0.1311144 0.07057133 0.1017749 0.1200156 0.06211124 0.1170183 0.150003 0.02768671 0.1170146 0.1121665 0.04227354 0.1017778 0.09508616 0.07268213 0.1015608 0.1150374 0.01581458 0.1170073 0.06645064 0.03148397 0.1017737 0.05897762 0.03912362 0.1009004 0.05724262 0.02324405 0.1017449 0.00129983 0.03085213 0.1014608 0.0008849728 -0.1169259 -0.0005210556 -0.05286931 -0.151387 -0.0005217152 -0.1270534 -0.1169259 -0.0005217929 -0.1371247 -0.1810116 -0.000521599 -0.1011718 -0.08246474 -0.0005217152 -0.1270534 -0.05284006 -0.000521599 -0.1011717 -0.2017949 -0.0005213273 -0.05643354 -0.03205733 -0.0005213273 -0.05643358 -0.1169259 -0.0005207063 0.0007498479 -0.2128351 -0.0005210556 0.0006482959 -0.02101684 -0.0005210165 0.0006482959 -0.1169259 -0.0005204346 0.0549977 -0.2172173 -0.0005207063 0.05441223 -0.01663458 -0.0005207063 0.05441223 -0.1169259 -0.0005201244 0.109263 -0.2179006 -0.0005204346 0.1093048 -0.01595127 -0.0005204346 0.1093048 -0.2118294 -0.0005202021 0.1631415 -0.02202245 -0.0005202021 0.1631415 -0.1169259 -0.0005198913 0.1616373 -0.194067 -0.000519969 0.2110561 -0.03978485 -0.000519969 0.2110561 -0.15946 -0.0005198136 0.2474531 -0.07439188 -0.0005198136 0.2474532 -0.1169259 -0.0005197751 0.2584808 0.1169259 -0.0005210556 -0.05286931 0.1169259 -0.0005217929 -0.1371247 0.151387 -0.0005217152 -0.1270534 0.1810116 -0.000521599 -0.1011718 0.08246474 -0.0005217152 -0.1270534 0.05284006 -0.000521599 -0.1011717 0.2017949 -0.0005213273 -0.05643354 0.03205733 -0.0005213273 -0.05643358 0.1169259 -0.0005207063 0.0007498479 0.2128351 -0.0005210556 0.0006482959 0.02101684 -0.0005210165 0.0006482959 0.1169259 -0.0005204346 0.0549977 0.2172173 -0.0005207063 0.05441223 0.01663458 -0.0005207063 0.05441223 0.1169259 -0.0005201244 0.109263 0.2179006 -0.0005204346 0.1093048 0.01595127 -0.0005204346 0.1093048 0.2118294 -0.0005202021 0.1631415 0.02202245 -0.0005202021 0.1631415 0.1169259 -0.0005198913 0.1616373 0.194067 -0.000519969 0.2110561 0.03978485 -0.000519969 0.2110561 0.15946 -0.0005198136 0.2474531 0.07439188 -0.0005198136 0.2474532 0.1169259 -0.0005197751 0.2584808 -0.2714518 1.32616 0.1551004 -0.2593421 1.33624 0.1985869 -0.2392718 1.345504 0.1672297 -0.2045411 1.347429 0.1963904 -0.2963516 1.314832 0.1847499 -0.3097762 1.287052 0.1540138 -0.2307223 1.333223 0.2328462 -0.1749492 1.33393 0.2210875 -0.2840517 1.33391 0.2195882 -0.3370982 1.278812 0.1785644 -0.3347833 1.234839 0.1608949 -0.3863972 1.23869 0.1865234 -0.329333 1.312388 0.2022199 -0.3796285 1.282839 0.197158 -0.439183 1.25677 0.2081107 -0.3186851 1.342439 0.2374573 -0.4256231 1.301453 0.2124616 -0.4827433 1.292721 0.2355257 -0.3720046 1.324314 0.2160197 -0.4587668 1.339943 0.2273305 -0.5005101 1.335046 0.2526759 -0.4060471 1.349141 0.2217369 -0.3508788 1.359403 0.2444052 -0.4739539 1.375645 0.2338781 -0.5052896 1.382465 0.2721256 -0.4240252 1.375199 0.2238805 -0.3758401 1.38092 0.2431797 -0.394221 1.40408 0.2364521 -0.3584171 1.387383 0.284327 -0.4321549 1.401497 0.2214856 -0.4698946 1.408304 0.2316039 -0.4031317 1.427026 0.225025 -0.4929073 1.423442 0.2609276 -0.4311346 1.426907 0.2152898 -0.507624 1.388226 0.3019708 -0.5055038 1.342424 0.3282997 -0.4586016 1.437346 0.2233364 -0.5002652 1.39539 0.3287656 -0.4889793 1.439628 0.2973752 -0.4726794 1.453554 0.2388197 -0.4967147 1.344192 0.349536 -0.4866436 1.300174 0.3550764 -0.4712241 1.405323 0.3606051 -0.4639399 1.347441 0.3833215 -0.4657357 1.451702 0.3234606 -0.4298863 1.409055 0.375523 -0.4473905 1.301115 0.3907835 -0.4530022 1.261093 0.3719443 -0.4172194 1.355365 0.3952795 -0.4080837 1.266878 0.3912311 -0.3972326 1.234503 0.3769538 -0.3340657 1.227293 0.3721032 -0.385179 1.307256 0.3978071 -0.3514065 1.266512 0.3896645 -0.2723746 1.234486 0.3542104 -0.366547 1.361366 0.3791685 -0.3265057 1.314279 0.3755983 -0.2940209 1.273155 0.3668038 -0.2221401 1.24955 0.3177037 -0.2433417 1.28209 0.3232634 -0.175877 1.268108 0.2792563 -0.3359886 1.362338 0.338859 -0.1866452 1.290075 0.2745189 -0.1541212 1.311353 0.2427972 -0.2902878 1.324262 0.3292302 -0.2402677 1.310478 0.2910868 -0.2074778 1.316697 0.2594267 -0.259524 1.327197 0.2569933 -0.2970098 1.336181 0.2830486 -0.3346196 1.36081 0.2898897 -0.3675185 1.398948 0.3275822 -0.3927895 1.406944 0.3630423 -0.3998711 1.445007 0.3272179 -0.3821259 1.431399 0.3045997 -0.4306419 1.451795 0.3342867 -0.3772699 1.415157 0.2718501 -0.4446399 1.483725 0.2731117 -0.4226524 1.480101 0.2796622 -0.4646537 1.471826 0.2585633 -0.431713 1.48597 0.2138212 -0.4196896 1.491926 0.2213958 -0.4363452 1.47477 0.2083752 -0.3909761 1.477145 0.1748753 -0.4312506 1.459768 0.2032958 -0.4198548 1.451136 0.2034798 -0.4040345 1.449515 0.2096103 -0.3950374 1.456415 0.2182133 -0.3912192 1.437605 0.2500806 -0.3918173 1.467224 0.2247877 -0.3903597 1.453096 0.2709783 -0.3948236 1.478893 0.2283484 -0.4024678 1.467797 0.2792747 -0.4061832 1.488757 0.2270753</float_array>
          <technique_common>
            <accessor source="#body_low__MI_body-position-array" count="2733" stride="3">
              <param name="X" type="float" />
              <param name="Y" type="float" />
              <param name="Z" type="float" />
            </accessor>
          </technique_common>
        </source>
        <source id="body_low__MI_body-normal">
          <float_array id="body_low__MI_body-normal-array" count="8199">0.9471624 -0.1761252 0.2700587 -0.6477495 0.7612525 0 -0.7847358 0.5792564 -0.221135 0.7847358 0.5792564 -0.221135 0.6477495 0.7612525 0 -0.9471624 -0.1761252 0.2700587 -0.8062623 -0.02152642 -0.5909981 0.8982387 -0.37182 -0.2348337 0.6516634 -0.01174168 -0.7573385 -0.7573385 0.6066536 0.2426614 -0.6477495 0.7612525 0 0.8062623 -0.02152642 -0.5909981 -0.6516634 -0.01174168 -0.7573385 -0.8982387 -0.37182 -0.2348337 0.7573385 0.6066536 0.2426614 0.6477495 0.7612525 0 0.5596869 0.702544 0.4383562 0.2407045 -0.9041096 0.3522505 -0.01174168 0.6555773 0.7553816 -0.4050881 -0.8277887 0.3894325 -0.4187867 0.849315 0.3189824 -0.6125244 -0.7592955 0.221135 -0.9158513 0.3248532 0.2387476 0.01174168 0.6555773 0.7553816 -0.2407045 -0.9041096 0.3522505 -0.5596869 0.702544 0.4383562 0.4187867 0.849315 0.3189824 0.4050881 -0.8277887 0.3894325 0.9158513 0.3248532 0.2387476 0.6125244 -0.7592955 0.221135 -0.9452055 -0.2348337 -0.2250489 -0.9530333 0.04305284 0.3013699 -0.7573385 -0.1017613 0.6438356 -0.6947162 -0.3150685 0.6457925 0.8982387 -0.37182 -0.2348337 -0.6477495 0.7612525 0 0.3228963 -0.9471624 0.01761252 -0.7573385 0.6066536 0.2426614 -0.8062623 -0.02152642 -0.5909981 -0.8414873 0.518591 -0.148728 -0.8023483 0.5968689 0 -0.739726 0.1252446 -0.6614481 -0.7964775 -0.3600783 -0.4853229 -0.9119374 -0.4109589 -0.001956947 -0.4735812 -0.2093934 -0.8551859 -0.7142857 -0.4892368 -0.5009785 -0.8238748 -0.5655577 -0.001956947 -0.4129159 -0.2818004 -0.8669276 -0.6692759 -0.5518591 -0.4970646 -0.778865 -0.6262231 0.001956947 -0.8297456 -0.55773 0.003913894 -0.7201566 -0.483366 -0.4970646 -0.4187867 -0.2778865 -0.8649706 -0.369863 -0.3444227 -0.8630137 -0.007827789 0.009784736 -1 0.04109589 -0.05870841 -0.9980431 -0.001956947 0.003913894 -1 0.4500979 0.2289628 -0.8630137 0.4031311 0.3013699 -0.8649706 0.407045 0.2935421 -0.8649706 -0.03522505 0.03131115 -0.9980431 0.7475538 0.4403131 -0.4970646 0.7005871 0.5127202 -0.4970646 -0.01761252 0.05479452 -0.9980431 0.4109589 0.3013699 -0.8610567 0.1056751 0.06849315 -0.9921722 0.6516634 -0.01174168 -0.7573385 0.2759295 0.0704501 -0.9589041 0.4383562 0.3111546 -0.8434442 0.4090019 0.407045 -0.816047 0.3463796 0.4677104 -0.81409 0.3992172 0.8043053 -0.4403131 0.7123288 0.4990215 -0.4951076 0.7201566 0.4990215 -0.481409 0.6007828 0.6555773 -0.4579256 0.3972603 0.9178082 0.007827789 0.7005871 0.5107632 -0.4990215 0.6614481 0.7495108 0 0.8062623 0.5909981 0 0.816047 0.5772994 0.001956947 0.5988258 0.6575342 0.4598826 0.3620352 0.8180039 0.4461839 0.8199608 0.5733855 0.001956947 0.7181996 0.4990215 0.4853229 0.4109589 0.407045 0.816047 0.3816047 0.5244619 0.7612525 0.6575342 0.1878669 0.7299413 0.7064579 0.5048923 0.4951076 0.4344423 0.3131115 0.8454012 0.09393346 0.04892368 0.9941292 0.888454 0.1174168 0.444227 0.4011742 0.3091977 0.8610567 -0.02739726 0.06066536 0.9980431 -0.8727984 0.04696673 0.4853229 -0.7847358 0.5792564 -0.221135 0.9471624 -0.1761252 0.2700587 0.3228963 -0.9471624 0.01761252 -0.6477495 0.7612525 0 -0.7455969 0.1291585 0.6536204 -0.851272 0.5009785 0.1545988 -0.8023483 0.5968689 0 -0.04109589 0.037182 0.9980431 -0.479452 -0.2074364 0.853229 -0.7984344 -0.3600783 0.481409 -0.9119374 -0.4109589 -0.001956947 -0.8238748 -0.5655577 -0.001956947 -0.7162427 -0.4892368 0.4990215 -0.778865 -0.6262231 0.001956947 -0.4168297 -0.2759295 0.8669276 -0.6692759 -0.5479452 0.5009785 -0.8297456 -0.55773 0.003913894 -0.7201566 -0.479452 0.5029354 -0.37182 -0.3365949 0.8649706 -0.4207436 -0.2661448 0.8669276 -0.007827789 0.01174168 1 0.03522505 -0.05088063 0.9980431 -0.01565558 0.02152642 1 0.3953033 0.3033268 0.8669276 0.4422701 0.2328767 0.8649706 0.6966732 0.5127202 0.5029354 0.4011742 0.2994129 0.8669276 0.7436399 0.4422701 0.5009785 0.8082192 0.5890411 0.003913894 0.6986302 0.5146771 0.4970646 0.8551859 0.518591 0.001956947 0.6477495 0.7612525 0 -0.8982387 -0.37182 -0.2348337 -0.3228963 -0.9471624 0.01761252 0.7573385 0.6066536 0.2426614 0.8062623 -0.02152642 -0.5909981 0.8414873 0.518591 -0.148728 0.8023483 0.5968689 0 0.739726 0.1252446 -0.6614481 0.7964775 -0.3600783 -0.4853229 0.9119374 -0.4109589 -0.001956947 0.4735812 -0.2093934 -0.8551859 0.7142857 -0.4892368 -0.5009785 0.8238748 -0.5655577 -0.001956947 0.4129159 -0.2818004 -0.8669276 0.6692759 -0.5518591 -0.4970646 0.778865 -0.6262231 0.001956947 0.7201566 -0.483366 -0.4970646 0.8297456 -0.55773 0.003913894 0.4207436 -0.2759295 -0.8649706 0.369863 -0.3444227 -0.8630137 0.005870841 0.007827789 -1 -0.04109589 -0.05870841 -0.9980431 0.001956947 0.003913894 -1 -0.4500979 0.2289628 -0.8630137 -0.4031311 0.3013699 -0.8649706 -0.407045 0.2935421 -0.8649706 0.03522505 0.03131115 -0.9980431 -0.7475538 0.4403131 -0.4970646 -0.7005871 0.5127202 -0.4970646 0.01761252 0.05479452 -0.9980431 -0.8551859 0.518591 0.001956947 -0.8082192 0.5890411 0.003913894 -0.7005871 0.5107632 -0.4990215 -0.8062623 0.5909981 0 -0.7436399 0.4422701 0.5009785 -0.6966732 0.5127202 0.5029354 -0.6986302 0.5146771 0.4970646 -0.4422701 0.2328767 0.8649706 -0.3913894 0.3052838 0.8669276 -0.4011742 0.2994129 0.8669276 -0.03522505 -0.05088063 0.9980431 0.01565558 0.01956947 1 0.4207436 -0.2661448 0.8669276 0.007827789 0.01174168 1 0.37182 -0.3365949 0.8649706 0.7201566 -0.479452 0.5029354 -0.4011742 0.3091977 0.8610567 0.6692759 -0.5479452 0.5009785 0.8297456 -0.55773 0.003913894 0.778865 -0.6262231 0.001956947 0.4168297 -0.2759295 0.8669276 0.7162427 -0.4892368 0.4990215 0.8238748 -0.5655577 -0.001956947 0.04109589 0.037182 0.9980431 0.479452 -0.2074364 0.853229 0.7984344 -0.3600783 0.481409 0.9119374 -0.4109589 -0.001956947 0.8023483 0.5968689 0 0.851272 0.5009785 0.1545988 0.6477495 0.7612525 0 -0.9471624 -0.1761252 0.2700587 -0.3228963 -0.9471624 0.01761252 0.7847358 0.5792564 -0.221135 -0.888454 0.1193738 0.444227 0.7455969 0.1291585 0.6536204 0.8727984 0.04696673 0.4853229 0.02739726 0.06066536 0.9980431 -0.09393346 0.04892368 0.9941292 -0.6594912 0.1878669 0.7279844 -0.4344423 0.3131115 0.8454012 -0.4109589 0.407045 0.816047 -0.3816047 0.5225049 0.7612525 -0.3620352 0.8180039 0.4461839 -0.7064579 0.5048923 0.4951076 -0.7181996 0.4990215 0.4853229 -0.5988258 0.6575342 0.4598826 -0.3972603 0.9178082 0.007827789 -0.8199608 0.5733855 0.001956947 -0.816047 0.5772994 0.001956947 -0.6614481 0.7495108 0 -0.6007828 0.6555773 -0.4579256 -0.3992172 0.8043053 -0.4403131 -0.7201566 0.4990215 -0.481409 -0.7123288 0.4990215 -0.4951076 -0.4090019 0.407045 -0.816047 -0.3463796 0.4677104 -0.81409 -0.2778865 0.0704501 -0.9589041 -0.4383562 0.3111546 -0.8434442 -0.4109589 0.3013699 -0.8610567 -0.1056751 0.06849315 -0.9921722 -0.6516634 -0.01174168 -0.7573385 -0.2661448 0.01174168 0.964775 0 0.1722113 0.9843444 0 -0.01369863 1 -0.2426614 0.1976517 0.9491194 -0.5225049 0.04696673 0.851272 -0.5205479 0.223092 0.8238748 -0.7906067 0.01761252 0.6125244 -0.7886497 0.1956947 0.5831702 -0.9491194 0.01174168 0.3131115 -0.9295499 0.2015656 0.3091977 -0.9784736 0.2035225 0.001956947 -1 0.009784736 0 -0.9315069 0.2035225 -0.3013699 -0.9510763 0 -0.3091977 -0.7690802 0.1956947 -0.6086106 -0.776908 -0.009784736 -0.62818 -0.4892368 0.02152642 -0.8727984 -0.483366 0.2015656 -0.851272 -0.1996086 0.02152642 -0.9804305 -0.1917808 0.2054795 -0.9589041 0 0.2172211 -0.9765166 0 0.02544031 -1 0 0.1722113 0.9843444 0.2661448 0.01174168 0.964775 0 -0.01369863 1 0.2426614 0.1976517 0.9491194 0.5225049 0.04696673 0.851272 0.5205479 0.223092 0.8238748 0.7906067 0.01761252 0.6125244 0.7886497 0.1956947 0.5831702 0.9491194 0.01174168 0.3131115 0.9295499 0.2015656 0.3091977 0.9784736 0.2035225 0.001956947 1 0.009784736 0 0.9315069 0.2035225 -0.3013699 0.9510763 0 -0.3091977 0.7690802 0.1956947 -0.6086106 0.776908 -0.009784736 -0.62818 0.4892368 0.02152642 -0.8727984 0.483366 0.2015656 -0.851272 0.1996086 0.02152642 -0.9804305 0.1917808 0.2054795 -0.9589041 0 0.2172211 -0.9765166 0 0.02544031 -1 0.7201566 -0.479452 0.5029354 0.8395303 -0.5440313 0 0.8297456 -0.55773 0.003913894 0.7299413 -0.4657534 0.5009785 0.4207436 -0.2661448 0.8669276 0.7064579 -0.7064579 0.003913894 0.4305284 -0.2544031 0.8669276 0.01565558 0.01956947 1 0.5988258 -0.62818 0.4970646 0.6203523 -0.7847358 -0.003913894 0.02152642 0.0332681 1 -0.3913894 0.3052838 0.8669276 0.3033268 -0.4187867 0.8551859 0.5753425 -0.6692759 0.4716243 0.8277887 -0.5342466 -0.1663405 0.9119374 0.1135029 0.3953033 0.2622309 -0.4540117 0.851272 -0.1017613 -0.1350294 0.9863014 -0.3874756 0.3228963 0.8630137 -0.6888454 0.5283757 0.4951076 -0.6966732 0.5127202 0.5029354 -0.5048923 0.146771 0.851272 -0.1311155 -0.1780822 0.9745597 -0.7984344 0.6027398 -0.003913894 -0.8082192 0.5890411 0.003913894 -0.7984344 0.3502935 0.4872798 -0.5479452 0.08806262 0.8317025 0.6477495 0.3287671 0.6868885 0.1643836 0.3816047 0.9099804 0.6360078 0.5362035 0.555773 0.9980431 0.05870841 0.0332681 0.9921722 0.109589 0.0704501 0.6575342 0.5009785 0.5636008 0.9882583 0.0704501 0.1291585 0.1232877 0.4500979 0.8845401 0.6360078 0.4168297 0.6497065 0.6066536 0.2818004 0.7436399 0.9921722 -0.02739726 0.1252446 0.9882583 -0.05088063 0.1428571 0.04696673 0.3483366 0.9354208 0.5792564 0.2035225 0.7886497 0.9706458 -0.183953 0.1545988 0 0.2915851 0.9569471 -0.4031311 0.1428571 0.9041096 0.5831702 0.07827789 0.8082192 -0.444227 0.1213307 0.888454 -0.03913894 0.260274 0.964775 -0.518591 0.146771 0.8414873 -0.6908023 -0.5675147 0.4481409 -0.8688846 -0.4031311 0.2896282 -0.2994129 -0.3874756 0.8727984 -0.9275929 -0.3581213 0.111546 -0.5812133 0.07436399 0.8101761 -0.9589041 -0.2837573 0.03522505 -0.05870841 0.2015656 0.9784736 -0.62818 0.0332681 0.776908 -0.9745597 -0.223092 -0.01565558 -0.07240704 0.1291585 0.9882583 -0.6144814 -0.3150685 0.7240704 -0.7553816 -0.6457925 0.109589 -0.1898239 -0.9549902 0.2270059 -0.1937378 -0.4324853 0.8806262 0.5596869 -0.02348337 0.8277887 0.9432485 -0.2915851 0.1604697 0.3855186 -0.4344423 0.81409 0.6125244 -0.7534246 0.2407045 -0.2759295 0.1506849 0.9491194 0.1232877 0.4696673 0.8747554 -0.3013699 0.06262231 0.9510763 -0.3033268 0.295499 0.9060665 -0.1506849 0.4735812 0.8669276 -0.3307241 0.4207436 0.8454012 -0.5733855 0.4481409 0.6868885 -0.849315 0.2641879 0.4579256 -0.4246575 0.516634 0.7436399 -0.739726 0.4755382 0.4755382 -0.9060665 0.4227006 -0.005870841 -0.9589041 0.2798434 -0.01565558 -0.7592955 0.5244619 0.3855186 -0.9021527 0.4305284 0.001956947 -0.7964775 0.3424658 -0.4970646 -0.6868885 0.5225049 -0.5029354 -0.7005871 0.5127202 -0.4970646 -0.3874756 0.3111546 -0.8669276 -0.4031311 0.3013699 -0.8649706 -0.8571429 0.2074364 -0.4716243 -0.5009785 0.1330724 -0.8551859 0.01761252 0.02152642 -1 0.005870841 0.007827789 -1 0.4207436 -0.2759295 -0.8649706 -0.5675147 -0.007827789 -0.8238748 0.4285714 -0.260274 -0.8649706 0.7201566 -0.483366 -0.4970646 -0.09784736 -0.148728 -0.9843444 0.7279844 -0.4696673 -0.4990215 0.8297456 -0.55773 0.003913894 0.8395303 -0.5440313 0 0.3033268 -0.4305284 -0.849315 0.5988258 -0.6340509 -0.4892368 0.7064579 -0.7064579 0.003913894 -0.1819961 -0.2681018 -0.9452055 0.2054795 -0.5401174 -0.816047 0.5088063 -0.7221135 -0.4677104 0.6203523 -0.7847358 -0.003913894 0.8277887 -0.5342466 -0.1663405 0.7123288 -0.5048923 -0.4872798 0.4520548 -0.2074364 -0.8669276 0.04305284 0.07436399 -0.9960861 0.55773 -0.09784736 -0.8238748 -0.4168297 0.3268102 -0.849315 0.1624266 0.2328767 -0.9589041 0.4853229 -0.3287671 -0.8101761 -0.7906067 0.3953033 -0.4677104 0.08610567 0.1017613 -0.9902152 0.4246575 -0.5107632 -0.7475538 -0.3131115 0.5244619 -0.7925636 -0.7279844 0.55773 -0.3972603 -0.849315 0.5283757 0.005870841 -0.7964775 0.5029354 -0.334638 -0.8219178 0.4755382 0.3131115 -0.8767123 0.481409 0.01369863 -0.890411 0.4540117 0.01956947 -0.4559687 0.4403131 -0.7729941 -0.8434442 0.4520548 -0.2896282 -0.003913894 0.03913894 -1 -0.592955 0.3620352 -0.7201566 0.6399217 -0.4383562 -0.6320939 -0.9099804 0.297456 -0.2896282 -0.6634051 0.2387476 -0.7103718 -0.02935421 -0.009784736 -1 -0.05088063 -0.06066536 -0.9960861 0.7514677 -0.3483366 -0.5596869 -0.7123288 0.1350294 -0.6888454 -0.9393346 0.1898239 -0.2857143 -0.01956947 -0.1135029 -0.9941292 0.8023483 -0.3542074 -0.479452 -0.7103718 0.06849315 -0.7005871 -0.02935421 -0.1956947 -0.9804305 0.8199608 -0.2720157 -0.5029354 -0.7142857 -0.07240704 -0.6966732 -0.01761252 -0.2876712 -0.9569471 0.8356164 -0.3228963 -0.444227 -0.7142857 -0.1722113 -0.6771037 0.6516634 -0.6360078 -0.4129159 -0.1272016 -0.6947162 -0.7064579 -0.6379648 -0.4618395 -0.6164383 -0.9549902 -0.01761252 -0.297456 -0.18591 -0.9354208 -0.2994129 0.6516634 -0.6360078 -0.4129159 -0.9530333 -0.09197652 -0.2896282 -0.8003914 -0.5068493 -0.3228963 -0.9432485 0.1409002 -0.2994129 -0.9980431 -0.02152642 -0.04696673 -0.9921722 -0.1193738 -0.04500978 -0.8434442 -0.5362035 -0.03913894 -0.9765166 -0.1252446 0.1702544 -0.8277887 -0.5205479 0.2113503 -0.2133072 -0.9765166 -0.009784736 -0.1996086 -0.9510763 0.2367906 -0.7181996 -0.5146771 0.4696673 0.7142857 -0.6966732 0.05088063 0.7103718 -0.6888454 -0.1526419 0.6829746 -0.6947162 0.2270059 0.9686888 -0.2504892 0 0.8356164 -0.3228963 -0.444227 0.964775 -0.2504892 0.06849315 0.9726027 -0.2328767 -0.009784736 0.8199608 -0.2720157 -0.5029354 0.9589041 -0.2798434 0.05479452 0.9197652 -0.3933464 -0.0332681 0.8023483 -0.3542074 -0.479452 0.9510763 -0.2798434 0.1330724 0.888454 -0.4540117 -0.0665362 0.7514677 -0.3483366 -0.5596869 0.8943248 -0.4481409 0.01565558 0.9452055 -0.3052838 0.1193738 0.5303327 -0.7221135 0.4461839 0.6986302 -0.3992172 0.592955 -0.2504892 -0.739726 0.6242661 0.7005871 -0.3444227 0.6242661 0.8669276 -0.4892368 0.1017613 0.6497065 -0.3913894 0.6516634 0.5303327 -0.7221135 0.4461839 0.6986302 -0.3992172 0.592955 0.8336595 -0.5381604 0.1232877 0.5812133 -0.3855186 0.7162427 -0.2113503 -0.3209393 0.9236791 0.7005871 -0.3444227 0.6242661 -0.8121331 -0.2015656 0.5479452 -0.1917808 -0.2015656 0.960861 0.6497065 -0.3913894 0.6516634 -0.9804305 -0.003913894 0.1917808 -0.7964775 -0.05870841 0.6027398 -0.1585127 -0.07436399 0.9843444 0.5812133 -0.3855186 0.7162427 -0.7612525 0.1311155 0.6360078 -0.1643836 -0.02152642 0.9863014 0.2426614 -0.6829746 0.6888454 -0.9530333 0.1976517 0.2250489 -0.7436399 0.2054795 0.6360078 -0.18591 0.05675147 0.9804305 -0.704501 0.2857143 0.6497065 -0.9373777 0.2524462 0.2426614 -0.9843444 0.1780822 -0.02739726 -0.9706458 0.2367906 -0.007827789 -0.9041096 0.3307241 0.2681018 -0.9393346 0.3424658 0.007827789 -0.851272 0.444227 0.2759295 -0.6555773 0.3620352 0.6634051 -0.9941292 0.1076321 0 -0.9432485 0.1056751 0.3131115 -0.9726027 0.2328767 0.001956947 -0.9236791 0.2309198 0.3072407 -0.9784736 0.2035225 0.001956947 -0.7984344 0.1056751 0.592955 -0.9295499 0.2015656 0.3091977 -0.7808219 0.2289628 0.5812133 -0.5401174 0.1037182 0.8356164 -0.7886497 0.1956947 0.5831702 -0.5283757 0.2250489 0.8199608 -0.2387476 0.0998043 0.9667319 -0.5205479 0.223092 0.8238748 -0.2348337 0.2172211 0.9471624 0 0.09784736 0.9960861 -0.2426614 0.1976517 0.9491194 0 0.2152642 0.9765166 0 0.1722113 0.9843444 0.2426614 0.1976517 0.9491194 0.2348337 0.2172211 0.9471624 0.2387476 0.0998043 0.9667319 0.5205479 0.223092 0.8238748 0.5283757 0.2250489 0.8199608 0.5401174 0.1037182 0.8356164 0.7886497 0.1956947 0.5831702 0.7808219 0.2289628 0.5812133 0.7984344 0.1056751 0.592955 0.9295499 0.2015656 0.3091977 0.9236791 0.2309198 0.3072407 0.9784736 0.2035225 0.001956947 0.9432485 0.1056751 0.3131115 0.9726027 0.2328767 0.001956947 0.9941292 0.1076321 0 -0.3620352 0.8180039 0.4461839 -0.2563601 0.964775 0.037182 -0.3972603 0.9178082 0.007827789 -0.2759295 0.8806262 0.3874756 -0.3816047 0.5225049 0.7612525 -0.2485323 0.9667319 0.05088063 -0.3874756 0.6751468 0.62818 -0.3091977 0.8845401 0.3483366 -0.592955 0.483366 0.6438356 -0.6594912 0.1878669 0.7279844 -0.4187867 0.7201566 0.553816 -0.260274 0.9178082 0.2994129 -0.2837573 0.9569471 0.05283757 -0.7671233 0.6418787 0.02739726 -0.3033268 0.8297456 0.4677104 -0.5322896 0.553816 0.6399217 -0.9745597 0.1917808 0.109589 -0.6829746 -0.009784736 0.7299413 -0.1643836 0.8727984 0.4598826 0 0.4853229 0.8747554 0 -0.0704501 0.9980431 0 0.8610567 0.5088063 -0.2622309 0.7514677 0.6046967 0 0.7534246 0.6575342 -0.479452 0.55773 0.6771037 -0.258317 0.5988258 0.7573385 0 0.5988258 0.8003914 -0.7416829 0.3287671 0.5851272 -0.888454 0.1193738 0.444227 -0.5029354 0.4109589 0.7612525 -0.2681018 0.4344423 0.8590998 0 0.4363992 0.9001957 -0.9178082 0.2778865 0.2837573 -0.9471624 -0.1761252 0.2700587 -0.258317 0.3189824 0.9119374 0 0.3268102 0.9452055 -0.9236791 0.3816047 -0.01565558 -0.3228963 -0.9471624 0.01761252 -0.2681018 0.2152642 0.9393346 0.001956947 0.2191781 0.9765166 0.001956947 0.0665362 0.9980431 -0.9295499 0.2641879 0.260274 -0.9706458 0.2348337 -0.02544031 -0.9843444 0.1761252 -0.005870841 0 -0.01369863 1 -0.2661448 0.01174168 0.964775 -0.9393346 0.1800391 0.2935421 -0.9980431 0.04696673 0.001956947 -0.2759295 0.06262231 0.9589041 -0.5225049 0.04696673 0.851272 -0.5225049 0.2054795 0.8277887 -0.5342466 0.06066536 0.8434442 -0.7906067 0.01761252 0.6125244 -0.7886497 0.05870841 0.6125244 -0.9491194 0.01174168 0.3131115 -0.5107632 0.3150685 0.8003914 -0.776908 0.1937378 0.5988258 -0.9510763 0.06066536 0.3033268 -1 0.009784736 0 -0.7690802 0.2759295 0.5772994 -1 0.009784736 0 -0.9980431 0.04696673 0.001956947 -0.9510763 0 -0.3091977 -0.9510763 0.02739726 -0.3072407 -0.9843444 0.1761252 -0.005870841 -0.776908 -0.009784736 -0.62818 -0.9412916 0.1389433 -0.3091977 -0.9706458 0.2348337 -0.02544031 -0.7729941 0.02739726 -0.6340509 -0.4755382 0.03913894 -0.8786693 -0.4892368 0.02152642 -0.8727984 -0.7495108 0.1409002 -0.6457925 -0.9393346 0.1448141 -0.3111546 -0.9236791 0.3816047 -0.01565558 -0.3228963 -0.9471624 0.01761252 -0.8982387 -0.37182 -0.2348337 -0.9099804 0.1545988 -0.3855186 -0.6516634 -0.01174168 -0.7573385 -0.7123288 0.1741683 -0.6790606 -0.6536204 0.223092 -0.7240704 -0.4598826 0.1565558 -0.8727984 -0.4481409 0.2054795 -0.8708415 -0.5068493 0.2739726 -0.8180039 -0.2778865 0.0704501 -0.9589041 -0.3463796 0.4677104 -0.81409 -0.2035225 0.03913894 -0.9784736 -0.1996086 0.02152642 -0.9804305 0 0.02544031 -1 0 0.04305284 -1 -0.2015656 0.1585127 -0.9667319 0 0.1565558 -0.9882583 -0.1996086 0.1996086 -0.9589041 0 0.1976517 -0.9804305 0 0.2759295 -0.960861 -0.2113503 0.2798434 -0.9373777 -0.4422701 0.2759295 -0.853229 -0.1996086 0.4266145 -0.8825831 0 0.4422701 -0.8962818 -0.4129159 0.3600783 -0.8356164 -0.4050881 0.553816 -0.7279844 -0.3992172 0.8043053 -0.4403131 -0.3424658 0.6223092 -0.704501 -0.3072407 0.8727984 -0.3776908 -0.3972603 0.9178082 0.007827789 -0.2563601 0.964775 0.037182 -0.2818004 0.9041096 -0.3228963 -0.2485323 0.9667319 0.05088063 -0.1800391 0.6457925 -0.7416829 0 0.6340509 -0.7729941 0 0.7416829 -0.6692759 -0.2524462 0.8317025 -0.4951076 -0.2485323 0.9569471 -0.1526419 -0.2837573 0.9569471 0.05283757 -0.7671233 0.6418787 0.02739726 -0.1761252 0.8297456 -0.5303327 0 0.6575342 -0.7534246 -0.481409 0.7123288 -0.5107632 0 0.4461839 -0.8943248 -0.6771037 0.3659491 -0.6379648 -0.9745597 0.1917808 0.109589 0 -0.01369863 1 0.2661448 0.01174168 0.964775 0.001956947 0.0665362 0.9980431 0.2759295 0.06262231 0.9589041 0.001956947 0.2191781 0.9765166 0.5225049 0.04696673 0.851272 0.2681018 0.2152642 0.9393346 0 0.3268102 0.9452055 0.5342466 0.06066536 0.8434442 0.7906067 0.01761252 0.6125244 0.5225049 0.2054795 0.8277887 0.258317 0.3189824 0.9119374 0 0.4363992 0.9001957 0.7886497 0.05870841 0.6125244 0.9491194 0.01174168 0.3131115 0.2681018 0.4344423 0.8590998 0 0.5988258 0.8003914 0.5107632 0.3150685 0.8003914 0.776908 0.1937378 0.5988258 0.9510763 0.06066536 0.3033268 1 0.009784736 0 0.9980431 0.04696673 0.001956947 0.9510763 0 -0.3091977 0.9393346 0.1800391 0.2935421 0.9510763 0.02739726 -0.3072407 0.776908 -0.009784736 -0.62818 0.9843444 0.1761252 -0.005870841 0.7690802 0.2759295 0.5772994 0.9295499 0.2641879 0.260274 0.5029354 0.4109589 0.7612525 0.9178082 0.2778865 0.2837573 0.258317 0.5988258 0.7573385 0 0.7534246 0.6575342 0.7416829 0.3287671 0.5851272 0.479452 0.55773 0.6771037 0.2622309 0.7514677 0.6046967 0 0.8610567 0.5088063 0.592955 0.483366 0.6438356 0.1643836 0.8727984 0.4598826 0 0.4853229 0.8747554 0.4187867 0.7201566 0.553816 0.3033268 0.8297456 0.4677104 0.6829746 -0.009784736 0.7299413 0 -0.0704501 0.9980431 0.5322896 0.553816 0.6399217 0.9745597 0.1917808 0.109589 0.260274 0.9178082 0.2994129 0.7671233 0.6418787 0.02739726 0.6771037 0.3659491 -0.6379648 0.3091977 0.8845401 0.3483366 0.2837573 0.9569471 0.05283757 0.3874756 0.6751468 0.62818 0.2485323 0.9667319 0.05088063 0.2759295 0.8806262 0.3874756 0.3816047 0.5244619 0.7612525 0.6575342 0.1878669 0.7299413 0.3620352 0.8180039 0.4461839 0.888454 0.1174168 0.444227 0.9471624 -0.1761252 0.2700587 0.2563601 0.964775 0.037182 0.3972603 0.9178082 0.007827789 0.9236791 0.3816047 -0.01565558 0.3228963 -0.9471624 0.01761252 0.8982387 -0.37182 -0.2348337 0.9706458 0.2348337 -0.02544031 0.9099804 0.1545988 -0.3855186 0.6516634 -0.01174168 -0.7573385 0.9393346 0.1448141 -0.3111546 0.9412916 0.1389433 -0.3091977 0.7729941 0.02739726 -0.6340509 0.7495108 0.1409002 -0.6457925 0.4755382 0.03913894 -0.8786693 0.4892368 0.02152642 -0.8727984 0.7123288 0.1741683 -0.6790606 0.4598826 0.1565558 -0.8727984 0.2035225 0.03913894 -0.9784736 0.1996086 0.02152642 -0.9804305 0 0.02544031 -1 0 0.04305284 -1 0.2015656 0.1585127 -0.9667319 0 0.1565558 -0.9882583 0.4481409 0.2054795 -0.8708415 0.1996086 0.1996086 -0.9589041 0 0.1976517 -0.9804305 0 0.2759295 -0.960861 0.6536204 0.223092 -0.7240704 0.2113503 0.2798434 -0.9373777 0.4422701 0.2759295 -0.853229 0.5048923 0.2739726 -0.8180039 0.2759295 0.0704501 -0.9589041 0.3463796 0.4677104 -0.81409 0.1996086 0.4266145 -0.8825831 0 0.4422701 -0.8962818 0.4129159 0.3600783 -0.8356164 0.4031311 0.553816 -0.7279844 0.3992172 0.8043053 -0.4403131 0.3424658 0.6223092 -0.704501 0.3072407 0.8727984 -0.3776908 0.2818004 0.9041096 -0.3228963 0.1800391 0.6457925 -0.7416829 0 0.6340509 -0.7729941 0 0.7416829 -0.6692759 0.2524462 0.8317025 -0.4951076 0.1761252 0.8297456 -0.5303327 0 0.6575342 -0.7534246 0.2485323 0.9569471 -0.1526419 0.481409 0.7123288 -0.5107632 0 0.4461839 -0.8943248 -0.8395303 -0.5440313 0 -0.7201566 -0.479452 0.5029354 -0.8297456 -0.55773 0.003913894 -0.7299413 -0.4657534 0.5009785 -0.7064579 -0.7084149 0.003913894 -0.4207436 -0.2661448 0.8669276 -0.5988258 -0.62818 0.4970646 -0.6203523 -0.7847358 -0.003913894 -0.4305284 -0.2544031 0.8669276 -0.01565558 0.02152642 1 -0.5753425 -0.6692759 0.4716243 -0.8277887 -0.5342466 -0.1663405 -0.9119374 0.1135029 0.3953033 -0.3033268 -0.4187867 0.8551859 -0.02348337 0.037182 1 0.3894325 0.3209393 0.8630137 0.3953033 0.3033268 0.8669276 0.1017613 -0.1350294 0.9863014 -0.2622309 -0.4540117 0.851272 0.6888454 0.5283757 0.4951076 0.6966732 0.5127202 0.5029354 0.5048923 0.146771 0.851272 0.1311155 -0.1780822 0.9745597 -0.6477495 0.3287671 0.6868885 -0.6360078 0.5381604 0.553816 -0.9980431 0.04696673 0.02152642 -0.1643836 0.3816047 0.9099804 0.5479452 0.08806262 0.8317025 -0.6712329 0.4951076 0.5518591 -0.9941292 0.09001957 0.05283757 -0.6516634 0.4129159 0.6340509 -0.9921722 0.05479452 0.1174168 -0.1232877 0.4500979 0.8845401 -0.6066536 0.2818004 0.7436399 -0.9921722 -0.02739726 0.1252446 -0.9882583 -0.05088063 0.1428571 -0.04696673 0.3483366 0.9354208 -0.5792564 0.2035225 0.7886497 -0.9706458 -0.183953 0.1545988 0 0.2915851 0.9569471 -0.5831702 0.07827789 0.8082192 0.03913894 0.260274 0.964775 -0.5596869 -0.02348337 0.8277887 -0.9432485 -0.2915851 0.1604697 0.05870841 0.2015656 0.9784736 -0.3855186 -0.4344423 0.81409 -0.6125244 -0.7534246 0.2407045 0.1898239 -0.9549902 0.2270059 0.07240704 0.1291585 0.9882583 0.1937378 -0.4324853 0.8806262 0.6144814 -0.3150685 0.7240704 0.7553816 -0.6457925 0.109589 0.9745597 -0.223092 -0.01565558 0.62818 0.0332681 0.776908 0.9589041 -0.2837573 0.03522505 0.5812133 0.07436399 0.8101761 0.9275929 -0.3581213 0.111546 0.518591 0.146771 0.8414873 0.8688846 -0.4031311 0.2896282 0.444227 0.1213307 0.888454 0.6908023 -0.5675147 0.4481409 0.4031311 0.1428571 0.9041096 0.2994129 -0.3874756 0.8727984 0.2759295 0.1506849 0.9491194 -0.1232877 0.4696673 0.8747554 0.3013699 0.06262231 0.9510763 0.3033268 0.295499 0.9060665 0.1506849 0.4735812 0.8669276 0.3307241 0.4207436 0.8454012 0.5733855 0.4481409 0.6868885 0.4246575 0.516634 0.7436399 0.849315 0.2641879 0.4579256 0.739726 0.4755382 0.4755382 0.7592955 0.5244619 0.3855186 0.6555773 0.3620352 0.6634051 0.8219178 0.4755382 0.3131115 0.9021527 0.4305284 0.001956947 0.849315 0.5283757 0.005870841 0.9589041 0.2798434 -0.01565558 0.7906067 0.3953033 -0.4677104 0.8571429 0.2074364 -0.4716243 0.9060665 0.4227006 -0.005870841 0.7964775 0.3424658 -0.4970646 0.7984344 0.3502935 0.4872798 0.7984344 0.6027398 -0.003913894 0.8082192 0.5890411 0.003913894 0.6868885 0.5225049 -0.5029354 0.7005871 0.5127202 -0.4970646 0.3874756 0.3111546 -0.8669276 0.4031311 0.3013699 -0.8649706 0.5009785 0.1330724 -0.8551859 -0.02152642 0.02348337 -1 -0.007827789 0.009784736 -1 0.5675147 -0.007827789 -0.8238748 0.09784736 -0.148728 -0.9843444 -0.4266145 -0.2641879 -0.8649706 -0.4187867 -0.2778865 -0.8649706 -0.7201566 -0.483366 -0.4970646 -0.7279844 -0.4696673 -0.4990215 -0.8297456 -0.55773 0.003913894 -0.8395303 -0.5440313 0 -0.3033268 -0.4305284 -0.849315 -0.5988258 -0.6340509 -0.4892368 -0.7064579 -0.7084149 0.003913894 0.1819961 -0.2681018 -0.9452055 -0.2054795 -0.5401174 -0.816047 -0.5088063 -0.7221135 -0.4677104 -0.6203523 -0.7847358 -0.003913894 -0.7123288 -0.5048923 -0.4872798 -0.8277887 -0.5342466 -0.1663405 -0.4520548 -0.2074364 -0.8669276 -0.04305284 0.07436399 -0.9960861 -0.55773 -0.09784736 -0.8238748 0.4168297 0.3268102 -0.849315 -0.1624266 0.2328767 -0.9589041 -0.4853229 -0.3287671 -0.8101761 0.7279844 0.55773 -0.3972603 0.3131115 0.5244619 -0.7925636 -0.08610567 0.1017613 -0.9902152 -0.4246575 -0.5107632 -0.7475538 0.8767123 0.481409 0.01369863 0.003913894 0.03913894 -1 -0.6399217 -0.4383562 -0.6320939 0.7964775 0.5029354 -0.334638 0.4559687 0.4403131 -0.7729941 0.890411 0.4540117 0.01956947 0.8434442 0.4520548 -0.2896282 0.592955 0.3620352 -0.7201566 0.9099804 0.297456 -0.2896282 0.6634051 0.2387476 -0.7103718 0.851272 0.444227 0.2759295 0.9393346 0.3424658 0.007827789 0.9041096 0.3307241 0.2681018 0.704501 0.2857143 0.6497065 0.9706458 0.2367906 -0.007827789 0.9393346 0.1898239 -0.2857143 0.9373777 0.2524462 0.2426614 0.18591 0.05675147 0.9804305 -0.2426614 -0.6829746 0.6888454 0.7436399 0.2054795 0.6360078 0.1643836 -0.02152642 0.9863014 -0.5812133 -0.3855186 0.7162427 0.9530333 0.1976517 0.2250489 0.1585127 -0.07436399 0.9843444 -0.6497065 -0.3913894 0.6516634 0.7612525 0.1311155 0.6360078 0.1917808 -0.2015656 0.960861 -0.7005871 -0.3444227 0.6242661 0.7964775 -0.05870841 0.6027398 0.9804305 -0.003913894 0.1917808 0.8121331 -0.2015656 0.5479452 0.2113503 -0.3209393 0.9236791 -0.6986302 -0.3992172 0.592955 -0.5303327 -0.7221135 0.4461839 0.2504892 -0.739726 0.6242661 0.7181996 -0.5146771 0.4696673 0.9765166 -0.1252446 0.1702544 0.1996086 -0.9510763 0.2367906 -0.5303327 -0.7221135 0.4461839 0.8277887 -0.5205479 0.2113503 0.9980431 -0.02152642 -0.04696673 0.9921722 -0.1193738 -0.04500978 0.8434442 -0.5362035 -0.03913894 0.9843444 0.1780822 -0.02739726 0.9432485 0.1409002 -0.2994129 0.9549902 -0.01761252 -0.297456 0.7103718 0.06849315 -0.7005871 0.9530333 -0.09197652 -0.2896282 0.7142857 -0.07240704 -0.6966732 0.8003914 -0.5068493 -0.3228963 0.7142857 -0.1722113 -0.6771037 0.6379648 -0.4618395 -0.6164383 0.18591 -0.9354208 -0.2994129 0.2133072 -0.9765166 -0.009784736 -0.7142857 -0.6966732 0.05088063 -0.6829746 -0.6947162 0.2270059 -0.7103718 -0.6888454 -0.1526419 -0.9510763 -0.2798434 0.1330724 -0.6986302 -0.3992172 0.592955 -0.964775 -0.2504892 0.06849315 -0.9452055 -0.3052838 0.1193738 -0.7005871 -0.3444227 0.6242661 -0.9589041 -0.2798434 0.05479452 -0.9686888 -0.2504892 0 -0.6516634 -0.6360078 -0.4129159 0.1272016 -0.6947162 -0.7064579 -0.8356164 -0.3228963 -0.444227 -0.9726027 -0.2328767 -0.009784736 -0.8199608 -0.2720157 -0.5029354 -0.9197652 -0.3933464 -0.0332681 -0.8023483 -0.3542074 -0.479452 -0.8943248 -0.4481409 0.01565558 -0.888454 -0.4540117 -0.0665362 -0.7514677 -0.3483366 -0.5596869 -0.8669276 -0.4892368 0.1017613 -0.6497065 -0.3913894 0.6516634 -0.8473581 -0.5303327 -0.005870841 -0.8336595 -0.5381604 0.1232877 -0.5812133 -0.3855186 0.7162427 -0.37182 -0.9275929 0.04696673 -0.2426614 -0.6829746 0.6888454 -0.6164383 -0.7847358 -0.06457926 -0.7260274 -0.6751468 -0.1213307 -0.6399217 -0.4383562 -0.6320939 0.1174168 -0.9843444 -0.1369863 0.2994129 -0.3874756 0.8727984 -0.4324853 -0.8864971 -0.1682975 -0.4246575 -0.5107632 -0.7475538 -0.3620352 -0.9178082 -0.1663405 -0.1545988 -0.9765166 -0.148728 -0.5949119 -0.7377691 -0.3189824 -0.4853229 -0.3287671 -0.8101761 -0.5303327 -0.8023483 -0.2739726 -0.7651663 -0.4951076 -0.4109589 -0.55773 -0.09784736 -0.8238748 -0.7123288 -0.5048923 -0.4872798 -0.4520548 -0.2074364 -0.8669276 -0.8277887 -0.5342466 -0.1663405 -0.7455969 -0.5733855 -0.3405088 -0.776908 -0.5048923 -0.3737769 -0.3737769 -0.853229 -0.3620352 -0.9980431 0.04696673 0.02152642 -0.9119374 0.1135029 0.3953033 -0.7553816 -0.5009785 -0.4207436 -0.9941292 0.09001957 0.05283757 -0.221135 -0.8786693 -0.4246575 -0.739726 -0.4520548 -0.4990215 -0.9921722 0.05479452 0.1174168 0.4266145 -0.8082192 -0.4090019 0.6908023 -0.5675147 0.4481409 0.8688846 -0.4031311 0.2896282 -0.05088063 -0.81409 -0.5792564 0.5048923 -0.6947162 -0.5127202 0.9275929 -0.3581213 0.111546 -0.02544031 -0.6262231 -0.778865 0.5342466 -0.553816 -0.6379648 0.9589041 -0.2837573 0.03522505 -0.704501 -0.4187867 -0.5714286 -0.9921722 -0.02739726 0.1252446 -0.001956947 -0.4774951 -0.8786693 -0.7005871 -0.4500979 -0.5518591 -0.9882583 -0.05088063 0.1428571 0.5968689 -0.4755382 -0.6477495 -0.04305284 -0.479452 -0.8767123 -0.6927593 -0.4500979 -0.5636008 -0.9706458 -0.183953 0.1545988 -0.9432485 -0.2915851 0.1604697 0.6046967 -0.4305284 -0.6692759 0.9745597 -0.223092 -0.01565558 -0.04305284 -0.5401174 -0.8414873 0.555773 -0.6731898 -0.4872798 0.7553816 -0.6457925 0.109589 0.1898239 -0.9549902 0.2270059 -0.6379648 -0.5127202 -0.5733855 0.08806262 -0.8610567 -0.5009785 -0.479452 -0.8082192 -0.3385518 -0.6125244 -0.7534246 0.2407045 0.55773 -0.09784736 -0.8238748 0.4520548 -0.2074364 -0.8669276 0.7123288 -0.5048923 -0.4872798 0.7651663 -0.4951076 -0.4109589 0.4853229 -0.3287671 -0.8101761 0.8277887 -0.5342466 -0.1663405 0.5949119 -0.7377691 -0.3189824 0.4246575 -0.5107632 -0.7475538 0.7455969 -0.5733855 -0.3405088 0.4324853 -0.8864971 -0.1682975 0.6399217 -0.4383562 -0.6320939 0.5303327 -0.8023483 -0.2739726 0.776908 -0.5048923 -0.3737769 0.9980431 0.05870841 0.0332681 0.9119374 0.1135029 0.3953033 0.7553816 -0.5009785 -0.4207436 0.9921722 0.109589 0.0704501 0.3737769 -0.853229 -0.3620352 0.3620352 -0.9178082 -0.1663405 0.7260274 -0.6751468 -0.1213307 0.6164383 -0.7847358 -0.06457926 0.1545988 -0.9765166 -0.148728 0.8473581 -0.5303327 -0.005870841 0.37182 -0.9275929 0.04696673 0.2426614 -0.6829746 0.6888454 -0.1174168 -0.9823875 -0.1409002 -0.2994129 -0.3874756 0.8727984 0.2113503 -0.8786693 -0.4285714 -0.4500979 -0.8023483 -0.3933464 -0.6908023 -0.5675147 0.4481409 -0.8688846 -0.4031311 0.2896282 0.04305284 -0.81409 -0.5792564 0.739726 -0.4520548 -0.4990215 0.9882583 0.0704501 0.1291585 0.02544031 -0.6262231 -0.778865 -0.5048923 -0.6947162 -0.5127202 -0.9275929 -0.3581213 0.111546 0.704501 -0.4187867 -0.5714286 0.9921722 -0.02739726 0.1252446 -0.5342466 -0.553816 -0.6379648 -0.9589041 -0.2837573 0.03522505 0.001956947 -0.4774951 -0.8786693 0.7005871 -0.4500979 -0.5518591 0.9882583 -0.05088063 0.1428571 -0.5968689 -0.4755382 -0.6477495 0.04305284 -0.479452 -0.8767123 0.6927593 -0.4500979 -0.5636008 0.9706458 -0.183953 0.1545988 0.9432485 -0.2915851 0.1604697 -0.6046967 -0.4305284 -0.6692759 -0.9745597 -0.223092 -0.01565558 0.04305284 -0.5401174 -0.8414873 -0.555773 -0.6731898 -0.4872798 -0.7553816 -0.6457925 0.109589 -0.1898239 -0.9549902 0.2270059 0.6379648 -0.5127202 -0.5733855 -0.08806262 -0.8610567 -0.5009785 0.479452 -0.8082192 -0.3385518 0.6125244 -0.7534246 0.2407045 -0.8356164 -0.3228963 -0.444227 -0.6516634 -0.6360078 -0.4129159 0.01761252 -0.2876712 -0.9569471 -0.8199608 -0.2720157 -0.5029354 0.02935421 -0.1956947 -0.9804305 -0.8023483 -0.3542074 -0.479452 0.01956947 -0.1135029 -0.9941292 -0.7514677 -0.3483366 -0.5596869 0.05088063 -0.06066536 -0.9960861 0.7123288 0.1350294 -0.6888454 0.02935421 -0.009784736 -1 0.005870841 0.06262231 -0.9980431 0.0704501 0.04696673 -0.9960861 0.007827789 0.05479452 -0.9980431 0.06849315 0.06262231 -0.9960861 0.2074364 0.04305284 -0.9765166 0.003913894 0.09197652 -0.9960861 0.1996086 0.05479452 -0.9784736 0.3855186 0.02935421 -0.9217221 0.06849315 0.09393346 -0.9941292 0 0.148728 -0.9882583 0.3816047 0.04500978 -0.9236791 0.5851272 0.01565558 -0.8101761 0.1996086 0.09393346 -0.9745597 0.07632094 0.1545988 -0.9843444 0 0.2446184 -0.9686888 0.3796478 0.09393346 -0.9197652 0.09197652 0.2641879 -0.960861 0 0.3228963 -0.9471624 0.2133072 0.1741683 -0.960861 0.1252446 0.3659491 -0.9217221 0 0.4129159 -0.9099804 0.2426614 0.3091977 -0.9197652 0.1643836 0.4579256 -0.8747554 0 0.5636008 -0.8258317 0.2739726 0.4285714 -0.8610567 0.3874756 0.1917808 -0.9021527 0.1741683 0.592955 -0.7866927 0 0.5753425 -0.8180039 0.3013699 0.5068493 -0.8062623 0.4031311 0.3463796 -0.8473581 0.2446184 0.6457925 -0.7240704 0 -0.8747554 -0.483366 0.3111546 0.7318982 -0.6066536 0.4168297 0.4598826 -0.7827789 0.4598826 0.6086106 -0.6457925 0.3913894 0.8277887 -0.4031311 0.5616438 0.3620352 -0.7436399 0.4579256 0.8238748 -0.334638 0.5831702 0.5127202 -0.62818 0.6320939 0.6986302 -0.3365949 0.5616438 0.1996086 -0.8023483 0.7495108 0.3659491 -0.5518591 0.5675147 0.08219178 -0.8199608 0.7553816 0.1819961 -0.62818 0.7671233 0.0704501 -0.6379648 0.5733855 0.0332681 -0.8180039 0.7671233 0.02152642 -0.6418787 0.776908 0.007827789 -0.630137 0.853229 0.01956947 -0.5225049 0.8454012 0.009784736 -0.5342466 0.8630137 0.06066536 -0.5029354 0.8630137 0.1604697 -0.479452 0.8688846 0.3874756 -0.3052838 0.7729941 0.5675147 -0.2837573 0.8454012 0.5283757 0.06849315 0.7671233 0.6340509 0.08806262 0.7710372 0.4637965 0.4363992 0.6223092 0.7808219 0.0332681 0.6771037 0.5616438 0.4774951 0.5851272 0.3776908 0.7181996 0.4207436 0.9080235 0.009784736 0.5362035 0.7084149 0.4598826 0.4872798 0.407045 0.7710372 0.4657534 0.1898239 0.8649706 0.4403131 0.221135 0.8708415 0.3424658 0.3894325 0.8551859 0.3913894 0.5205479 0.7592955 0.2093934 0.5283757 0.8219178 0.37182 0.8277887 0.4187867 0.3522505 0.5831702 0.7318982 0.4168297 0.4598826 0.7827789 0 0.3600783 0.9334638 0 -0.4657534 0.8845401 0.407045 0.8101761 0.4207436 0.4285714 0.9041096 0.02152642 0.4187867 -0.8610567 0.2896282 0.3679061 -0.9197652 0.1428571 0.4461839 -0.8943248 0.04500978 0.4266145 -0.8982387 0.1037182 0.5362035 -0.8101761 0.2367906 0.4090019 -0.9099804 -0.07240704 0.5851272 -0.7945206 0.1604697 0.6653621 -0.6947162 0.2720157 0.4344423 -0.9001957 -0.01761252 0.7416829 -0.6497065 0.1702544 0.7436399 -0.6183953 0.2544031 0.816047 -0.55773 0.1506849 0.5968689 -0.8003914 -0.03522505 0.7612525 -0.6457925 -0.0665362 0.8180039 -0.5675147 -0.08806262 0.4207436 -0.8923679 -0.1624266 0.5420744 -0.8003914 -0.2563601 0.6731898 -0.6575342 -0.3385518 0.7221135 -0.5812133 -0.3757339 0.4951076 -0.6614481 -0.5636008 0.5225049 -0.5968689 -0.6086106 0.2641879 -0.5909981 -0.7632094 0.4148728 -0.7964775 -0.4403131 0.2544031 -0.6497065 -0.7162427 0 -0.5714286 -0.8199608 0 -0.6320939 -0.7749511 0.2289628 -0.7749511 -0.5890411 0 -0.7553816 -0.6555773 0.3463796 -0.8825831 -0.3170255 0.1937378 -0.8727984 -0.4461839 0 -0.8708415 -0.4911937 0.2524462 -0.8708415 -0.4207436 0.3992172 -0.8864971 -0.2348337 0.005870841 0.06262231 -0.9980431 0.007827789 0.05479452 -0.9980431 -0.06262231 0.04892368 -0.9960861 -0.06457926 0.06457926 -0.9960861 -0.2074364 0.04696673 -0.9765166 0.003913894 0.09197652 -0.9960861 -0.1996086 0.05870841 -0.9784736 -0.3874756 0.03131115 -0.9217221 -0.0665362 0.09589041 -0.9921722 0 0.148728 -0.9882583 -0.3835616 0.04892368 -0.9217221 -0.5870842 0.01761252 -0.8101761 -0.1996086 0.09784736 -0.9745597 -0.07632094 0.1585127 -0.9843444 0 0.2446184 -0.9686888 -0.3796478 0.09589041 -0.9197652 -0.09197652 0.2641879 -0.960861 0 0.3228963 -0.9471624 -0.2152642 0.1761252 -0.960861 -0.1252446 0.3659491 -0.9217221 0 0.4129159 -0.9099804 -0.2426614 0.3091977 -0.9197652 -0.1643836 0.4579256 -0.8747554 0 0.5636008 -0.8258317 -0.2739726 0.4285714 -0.8610567 -0.3894325 0.1937378 -0.9001957 -0.1878669 0.5988258 -0.778865 0 0.5753425 -0.8180039 -0.3170255 0.5420744 -0.778865 -0.2661448 0.6223092 -0.7358121 0 -0.8747554 -0.483366 -0.3365949 0.7279844 -0.5968689 -0.4324853 0.4892368 -0.7573385 -0.2524462 -0.8708415 -0.4207436 -0.4031311 0.3444227 -0.8473581 -0.4696673 0.630137 -0.6183953 -0.5636008 0.3796478 -0.7338552 -0.5616438 0.1996086 -0.8023483 -0.5870842 0.5420744 -0.6007828 -0.5675147 0.08414873 -0.8199608 -0.7553816 0.1819961 -0.630137 -0.5753425 0.03522505 -0.8180039 -0.7671233 0.0704501 -0.6379648 -0.7671233 0.02152642 -0.6399217 -0.778865 0.007827789 -0.62818 -0.853229 0.01956947 -0.5205479 -0.8473581 0.009784736 -0.5322896 -0.8630137 0.06066536 -0.5009785 -0.8630137 0.1604697 -0.479452 -0.7416829 0.3894325 -0.5479452 -0.8630137 0.3933464 -0.3150685 -0.7651663 0.5772994 -0.2857143 -0.8454012 0.5303327 0.07240704 -0.630137 0.6927593 -0.3522505 -0.7671233 0.6340509 0.09197652 -0.7710372 0.4637965 0.4363992 -0.4637965 0.81409 -0.3483366 -0.6223092 0.7808219 0.0332681 -0.6771037 0.5616438 0.4774951 -0.5851272 0.3776908 0.7181996 -0.4168297 0.7984344 -0.4344423 -0.4872798 0.407045 0.7710372 -0.4657534 0.1898239 0.8649706 -0.4403131 0.221135 0.8708415 -0.3424658 0.3894325 0.8551859 -0.5362035 0.7084149 0.4598826 -0.3913894 0.5205479 0.7592955 -0.2093934 0.5283757 0.8219178 -0.4207436 0.9060665 0.009784736 -0.37182 0.8277887 0.4187867 -0.3522505 0.5831702 0.7318982 -0.4168297 0.4598826 0.7827789 0 0.3600783 0.9334638 0 -0.4657534 0.8845401 -0.407045 0.8101761 0.4207436 -0.4285714 0.9041096 0.02152642 -0.4187867 -0.8610567 0.2896282 -0.3679061 -0.9197652 0.1428571 -0.4461839 -0.8943248 0.04500978 -0.4266145 -0.8982387 0.1037182 -0.5362035 -0.8101761 0.2367906 -0.4090019 -0.9099804 -0.07240704 -0.5851272 -0.7945206 0.1604697 -0.6653621 -0.6947162 0.2720157 -0.4344423 -0.9001957 -0.01761252 -0.7416829 -0.6497065 0.1702544 -0.7436399 -0.6183953 0.2544031 -0.816047 -0.55773 0.1506849 -0.5968689 -0.8003914 -0.03522505 -0.7612525 -0.6457925 -0.0665362 -0.8180039 -0.5675147 -0.08806262 -0.4207436 -0.8923679 -0.1624266 -0.5420744 -0.8003914 -0.2563601 -0.6731898 -0.6575342 -0.3385518 -0.7221135 -0.5812133 -0.3757339 -0.4951076 -0.6614481 -0.5636008 -0.5225049 -0.5968689 -0.6086106 -0.2641879 -0.5909981 -0.7632094 -0.4148728 -0.7964775 -0.4403131 -0.2544031 -0.6497065 -0.7162427 0 -0.5714286 -0.8199608 0 -0.6320939 -0.7749511 -0.2289628 -0.7749511 -0.5890411 0 -0.7553816 -0.6555773 -0.3463796 -0.8825831 -0.3170255 -0.1937378 -0.8727984 -0.4461839 0 -0.8708415 -0.4911937 -0.3992172 -0.8864971 -0.2348337 -0.005870841 -0.06262231 0.9980431 -0.007827789 -0.05479452 0.9980431 -0.0704501 -0.04696673 0.9960861 -0.06849315 -0.06262231 0.9960861 -0.2074364 -0.04305284 0.9765166 -0.003913894 -0.09197652 0.9960861 -0.1996086 -0.05479452 0.9784736 -0.3855186 -0.02935421 0.9217221 -0.06849315 -0.09393346 0.9941292 0 -0.148728 0.9882583 -0.3816047 -0.04500978 0.9236791 -0.5851272 -0.01565558 0.8101761 -0.1996086 -0.09393346 0.9745597 -0.07632094 -0.1545988 0.9843444 0 -0.2446184 0.9686888 -0.3796478 -0.09393346 0.9197652 -0.09197652 -0.2641879 0.960861 0 -0.3228963 0.9471624 -0.2133072 -0.1741683 0.960861 -0.1252446 -0.3659491 0.9217221 0 -0.4129159 0.9099804 -0.2426614 -0.3091977 0.9197652 -0.1643836 -0.4579256 0.8747554 0 -0.6262231 0.7808219 -0.2739726 -0.4285714 0.8610567 -0.3874756 -0.1917808 0.9021527 -0.1643836 -0.6536204 0.7377691 0 -0.6868885 0.7279844 -0.3013699 -0.5068493 0.8062623 -0.2191781 -0.7436399 0.630137 0 0.9041096 0.4266145 -0.2798434 -0.7906067 0.5440313 -0.4168297 -0.4598826 0.7827789 -0.2387476 0.9138943 0.3287671 -0.4031311 -0.3463796 0.8473581 -0.4598826 -0.6086106 0.6457925 -0.5616438 -0.3620352 0.7436399 -0.5616438 -0.1996086 0.8023483 -0.5831702 -0.5127202 0.62818 -0.5675147 -0.08219178 0.8199608 -0.7553816 -0.1819961 0.62818 -0.5733855 -0.0332681 0.8180039 -0.7671233 -0.0704501 0.6379648 -0.7671233 -0.02152642 0.6418787 -0.776908 -0.007827789 0.630137 -0.853229 -0.01956947 0.5225049 -0.8454012 -0.009784736 0.5342466 -0.8630137 -0.06066536 0.5029354 -0.8630137 -0.1604697 0.479452 -0.7495108 -0.3659491 0.5518591 -0.8688846 -0.3874756 0.3052838 -0.7729941 -0.5675147 0.2837573 -0.8454012 -0.5283757 -0.06849315 -0.6320939 -0.6986302 0.3365949 -0.7671233 -0.6340509 -0.08806262 -0.7710372 -0.4637965 -0.4363992 -0.4129159 -0.851272 0.3248532 -0.6223092 -0.7808219 -0.0332681 -0.6771037 -0.5616438 -0.4774951 -0.5851272 -0.3776908 -0.7181996 -0.3209393 -0.8845401 0.3365949 -0.4872798 -0.407045 -0.7710372 -0.4657534 -0.1898239 -0.8649706 -0.4403131 -0.221135 -0.8708415 -0.3424658 -0.3894325 -0.8551859 -0.5362035 -0.7084149 -0.4598826 -0.3913894 -0.5205479 -0.7592955 -0.2172211 -0.6027398 -0.7690802 -0.3385518 -0.9412916 -0.005870841 -0.2915851 -0.8747554 -0.3855186 -0.2250489 -0.7299413 -0.6438356 -0.3131115 -0.5890411 -0.7436399 0 -0.4637965 -0.8864971 0 0.7123288 -0.7005871 -0.3072407 -0.8727984 -0.3796478 -0.297456 -0.9530333 -0.05283757 -0.3933464 0.9119374 -0.1252446 -0.3444227 0.9354208 -0.08023483 -0.3522505 0.9354208 0.01956947 -0.3874756 0.9197652 -0.07632094 -0.5362035 0.8101761 -0.2367906 -0.3170255 0.9452055 0.07436399 -0.5851272 0.7945206 -0.1604697 -0.6653621 0.6947162 -0.2720157 -0.3835616 0.9236791 0.02739726 -0.7416829 0.6497065 -0.1702544 -0.7436399 0.6183953 -0.2544031 -0.816047 0.55773 -0.1506849 -0.5968689 0.8003914 0.03522505 -0.7612525 0.6457925 0.0665362 -0.8180039 0.5675147 0.08806262 -0.369863 0.9178082 0.1448141 -0.5420744 0.8003914 0.2563601 -0.6731898 0.6575342 0.3385518 -0.7221135 0.5812133 0.3757339 -0.4951076 0.6614481 0.5636008 -0.5225049 0.5968689 0.6086106 -0.2641879 0.5909981 0.7632094 -0.4148728 0.7964775 0.4403131 -0.2544031 0.6497065 0.7162427 0 0.5714286 0.8199608 0 0.6320939 0.7749511 -0.2289628 0.7749511 0.5890411 0 0.7553816 0.6555773 -0.3131115 0.9099804 0.2720157 -0.18591 0.8962818 0.4031311 0 0.890411 0.4559687 -0.3228963 0.9334638 0.1585127 -0.005870841 -0.06262231 0.9980431 0.06262231 -0.04892368 0.9960861 -0.007827789 -0.05479452 0.9980431 0.06457926 -0.06457926 0.9960861 0.2074364 -0.04696673 0.9765166 -0.003913894 -0.09197652 0.9960861 0.1996086 -0.05870841 0.9784736 0.3874756 -0.03131115 0.9217221 0.0665362 -0.09589041 0.9921722 0 -0.148728 0.9882583 0.3835616 -0.04892368 0.9217221 0.5870842 -0.01761252 0.8101761 0.1996086 -0.09784736 0.9745597 0.07632094 -0.1585127 0.9843444 0 -0.2446184 0.9686888 0.3796478 -0.09589041 0.9197652 0.09197652 -0.2641879 0.960861 0 -0.3228963 0.9471624 0.2152642 -0.1761252 0.960861 0.1252446 -0.3659491 0.9217221 0 -0.4129159 0.9099804 0.2426614 -0.3091977 0.9197652 0.1643836 -0.4579256 0.8747554 0 -0.6262231 0.7808219 0.2739726 -0.4285714 0.8610567 0.3894325 -0.1937378 0.9001957 0.1780822 -0.6614481 0.7279844 0 -0.6868885 0.7279844 0.3170255 -0.5420744 0.778865 0.4031311 -0.3444227 0.8473581 0.2348337 -0.7318982 0.6399217 0 0.9041096 0.4266145 0.3013699 -0.7906067 0.5322896 0.4324853 -0.4892368 0.7573385 0.4696673 -0.630137 0.6183953 0.3405088 -0.8688846 0.3561644 0.5636008 -0.3796478 0.7338552 0.4187867 -0.8414873 0.3405088 0.5870842 -0.5420744 0.6007828 0.630137 -0.6927593 0.3522505 0.5616438 -0.1996086 0.8023483 0.7416829 -0.3894325 0.5479452 0.5675147 -0.08414873 0.8199608 0.7553816 -0.1819961 0.630137 0.7671233 -0.0704501 0.6379648 0.5753425 -0.03522505 0.8180039 0.7671233 -0.02152642 0.6399217 0.778865 -0.007827789 0.62818 0.853229 -0.01956947 0.5205479 0.8473581 -0.009784736 0.5322896 0.8630137 -0.06066536 0.5009785 0.8630137 -0.1604697 0.479452 0.8630137 -0.3933464 0.3150685 0.7651663 -0.5772994 0.2857143 0.8454012 -0.5303327 -0.07240704 0.7671233 -0.6340509 -0.09197652 0.7710372 -0.4637965 -0.4363992 0.6223092 -0.7808219 -0.0332681 0.6771037 -0.5616438 -0.4774951 0.5851272 -0.3776908 -0.7181996 0.3385518 -0.9412916 -0.005870841 0.5362035 -0.7084149 -0.4598826 0.4872798 -0.407045 -0.7710372 0.4657534 -0.1898239 -0.8649706 0.4403131 -0.221135 -0.8708415 0.3424658 -0.3894325 -0.8551859 0.3913894 -0.5205479 -0.7592955 0.2172211 -0.6027398 -0.7690802 0.2915851 -0.8747554 -0.3855186 0.2250489 -0.7299413 -0.6438356 0.3131115 -0.5890411 -0.7436399 0 -0.4637965 -0.8864971 0 0.7123288 -0.7005871 0.3072407 -0.8727984 -0.3796478 0.297456 -0.9530333 -0.05283757 0.3933464 0.9119374 -0.1252446 0.3444227 0.9354208 -0.08023483 0.3522505 0.9354208 0.01956947 0.3874756 0.9197652 -0.07632094 0.5362035 0.8101761 -0.2367906 0.3170255 0.9452055 0.07436399 0.5851272 0.7945206 -0.1604697 0.6653621 0.6947162 -0.2720157 0.3835616 0.9236791 0.02739726 0.7416829 0.6497065 -0.1702544 0.7436399 0.6183953 -0.2544031 0.816047 0.55773 -0.1506849 0.5968689 0.8003914 0.03522505 0.7612525 0.6457925 0.0665362 0.8180039 0.5675147 0.08806262 0.369863 0.9178082 0.1448141 0.5420744 0.8003914 0.2563601 0.6731898 0.6575342 0.3385518 0.7221135 0.5812133 0.3757339 0.4951076 0.6614481 0.5636008 0.5225049 0.5968689 0.6086106 0.2641879 0.5909981 0.7632094 0.4148728 0.7964775 0.4403131 0.2544031 0.6497065 0.7162427 0 0.5714286 0.8199608 0 0.6320939 0.7749511 0.2289628 0.7749511 0.5890411 0 0.7553816 0.6555773 0.3131115 0.9099804 0.2720157 0.18591 0.8962818 0.4031311 0 0.890411 0.4559687 0.2387476 0.9138943 0.3287671 0.3228963 0.9334638 0.1585127 0.3855186 0.3620352 0.849315 0.5949119 0.1076321 0.7964775 0.4872798 0.03522505 0.8727984 0.483366 -0.2407045 0.8414873 0.2935421 -0.2563601 0.9197652 0.4657534 -0.04696673 0.8845401 0.2250489 -0.6731898 0.704501 0.04500978 -0.7592955 0.6497065 0.2367906 -0.3463796 0.9080235 0.1996086 -0.1898239 0.960861 -0.05675147 -0.9960861 0.07632094 -0.1369863 -0.9589041 -0.2485323 0.02348337 -0.7377691 0.6731898 0.009784736 -0.3502935 0.9373777 -0.03522505 -0.1917808 0.9804305 -0.2700587 -0.6986302 0.6614481 -0.2035225 -0.2544031 0.9452055 -0.297456 -0.1193738 0.9471624 -0.3953033 -0.9178082 0.03522505 -0.4109589 -0.0998043 0.9060665 -0.518591 0.04892368 0.853229 -0.5401174 -0.5440313 0.6418787 -0.5322896 0.18591 0.8258317 -0.8199608 0.2446184 0.518591 -0.7495108 -0.2739726 0.6027398 -0.5714286 0.55773 0.6007828 -0.8806262 0.2348337 -0.4109589 -0.8336595 0.07436399 0.5459883 -0.7749511 0.4951076 0.3894325 -0.6986302 -0.7103718 0.09197652 -0.9217221 -0.3620352 0.1389433 -0.9941292 0.01565558 0.1135029 -0.9041096 0.4266145 -0.01565558 -0.8923679 0.01369863 -0.4500979 -0.7945206 0.3874756 -0.4657534 -0.3913894 0.3776908 -0.8395303 -0.4266145 0.2133072 -0.8786693 -0.8101761 -0.3189824 -0.4911937 -0.5440313 0.08414873 -0.8356164 -0.221135 0.2426614 -0.9452055 -0.2857143 0.2720157 -0.9197652 -0.3287671 0.09393346 -0.9393346 -0.4305284 -0.109589 -0.8962818 -0.5949119 -0.5870842 -0.5479452 -0.3581213 -0.3170255 -0.8786693 -0.3776908 0.01369863 -0.925636 -0.3933464 -0.7358121 -0.5518591 -0.3170255 -0.4579256 -0.8297456 -0.739726 0.18591 -0.6477495 -0.7181996 -0.3757339 -0.5851272 -0.1369863 -0.851272 -0.5068493 -0.4324853 -0.890411 -0.1409002 0.1291585 -0.739726 -0.6614481 -0.4774951 -0.5283757 -0.7005871 -0.9510763 -0.2015656 0.2348337 -0.7221135 0.1213307 0.6810176 -0.7808219 -0.6203523 -0.07632094 -0.7906067 0.03913894 0.6105675 -0.7299413 -0.3033268 0.6144814 -0.4970646 -0.6966732 0.516634 -0.481409 -0.8649706 -0.1369863 0.2818004 -0.9001957 -0.332681 -0.2465753 -0.5440313 0.8023483 -0.3953033 -0.1154599 0.9119374 -0.6966732 0.4285714 0.5772994 -0.5362035 0.6164383 0.5772994 -0.4109589 0.2328767 0.8825831 -0.4931507 0.7201566 0.4892368 -0.5107632 0.7084149 0.4853229 -0.3052838 0.8199608 0.4853229 -0.3131115 0.5401174 0.7808219 0.2015656 0.2407045 0.9491194 -0.2798434 0.851272 0.444227 -0.1330724 0.9236791 0.3620352 -0.1330724 0.7201566 0.6810176 0.2133072 0.4207436 0.8825831 0.2563601 -0.02544031 0.9667319 0.6849315 0.009784736 0.7299413 0.3268102 -0.3581213 0.8747554 0.7377691 -0.08414873 0.6712329 0.7925636 -0.2289628 0.5655577 0.6614481 0.037182 0.7495108 0.8669276 -0.4168297 0.2700587 0.9275929 -0.3600783 0.09393346 0.9510763 -0.3052838 -0.0332681 0.2035225 -0.3170255 -0.925636 0.1878669 -0.4324853 -0.8825831 0.005870841 -0.3737769 -0.9275929 -0.481409 -0.8649706 -0.1369863 0.111546 -0.4481409 -0.8864971 -0.005870841 -0.4618395 -0.8864971 -0.7808219 -0.6203523 -0.07632094 -0.4774951 -0.5283757 -0.7005871 0.06849315 -0.4540117 -0.888454 0.1291585 -0.739726 -0.6614481 0.2191781 -0.4050881 -0.888454 0.04500978 -0.3307241 -0.9432485 -0.1780822 -0.4618395 -0.8688846 0.07240704 -0.6947162 -0.7162427 0.2309198 -0.9041096 -0.3600783 0.81409 -0.3659491 0.4500979 0.7749511 -0.4031311 0.4892368 0.6927593 0.03522505 0.7201566 0.3091977 0.5244619 0.7925636 0.6790606 -0.5988258 0.4246575 0.5283757 -0.8317025 0.1780822 0.1213307 -0.9589041 0.260274 0.04500978 0.8121331 0.5812133 0.4148728 0.5851272 0.6966732 0.7240704 0.003913894 0.6888454 -0.01369863 0.9158513 0.4011742 0.2563601 0.8238748 0.5048923 0.5381604 0.5772994 0.6144814 0.739726 -0.03913894 0.6712329 0.3679061 -0.4520548 0.8121331 -0.964775 -0.2622309 -0.02348337 0.6457925 0.5146771 0.5636008 0.7573385 -0.0704501 0.6497065 0.3953033 0.7945206 0.4618395 0.2250489 0.9119374 0.3424658 0.5518591 0.7084149 0.4422701 0.09393346 0.9686888 0.2309198 0.3679061 0.8806262 0.297456 0.2622309 0.9549902 0.1428571 0.518591 0.8180039 0.2524462 0.7612525 0.3894325 0.516634 0.7534246 0.5401174 0.3737769 0.5303327 0.4285714 0.7318982 0.6046967 0.6086106 0.5146771 0.7710372 0.6183953 0.1545988 0.592955 0.7260274 0.3502935 0.2739726 0.6771037 0.6829746 0.4344423 0.9001957 0.05283757 0.3933464 0.7671233 0.5068493 -0.037182 0.5890411 0.8082192 -0.8982387 0.09001957 0.4305284 -0.6360078 0.146771 0.7573385 0.1937378 0.3933464 0.8982387 -0.9119374 -0.3385518 -0.2270059 -0.6868885 -0.4618395 -0.5596869 -0.888454 -0.3189824 -0.3287671 -0.7455969 -0.2818004 -0.6046967 -0.2524462 -0.001956947 0.9667319 -0.9138943 -0.2524462 -0.3189824 -0.8551859 -0.09784736 -0.5088063 0.3933464 0.1506849 0.9080235 -0.9452055 -0.2446184 -0.2113503 -0.9354208 -0.037182 -0.3522505 0.03131115 -0.1819961 0.9823875 -0.8845401 -0.4559687 -0.09589041 0.2876712 -0.4050881 0.8669276 0.5009785 -0.01369863 0.8649706 -0.5792564 -0.8101761 0.09197652 -0.9843444 -0.1800391 -0.01761252 -0.3424658 -0.9373777 -0.06066536 0.4246575 -0.6653621 0.6144814 0.2348337 -0.9706458 0.04109589 0.4227006 -0.9021527 -0.09197652 0.5362035 -0.8356164 0.1232877 0.5088063 -0.7964775 0.3287671 0.6340509 -0.1643836 0.7553816 0.739726 -0.3228963 0.5909981 0.8277887 -0.4266145 0.3639922 0.8786693 -0.07436399 0.4716243 0.7847358 0.037182 0.6183953 0.6810176 0.2093934 0.7005871 0.9373777 -0.07436399 0.3405088 0.5342466 0.4363992 0.7240704 0.7181996 0.5068493 0.4755382 0.8845401 0.2504892 0.3953033 0.5048923 0.81409 0.2896282 0.849315 0.5009785 0.1624266 0.9569471 0.01761252 0.2876712 0.960861 0.2681018 0.07632094 0.9784736 -0.09001957 0.1898239 0.9980431 0.05479452 0.04305284 0.8688846 0.4872798 -0.08414873 1 -0.01565558 0.02544031 0.9706458 0.1996086 -0.1389433 0.9863014 0.0665362 -0.148728 0.9882583 -0.06457926 0.1409002 1 -0.02152642 0.01565558 0.9706458 -0.02544031 0.2367906 0.9902152 0.037182 0.1272016 0.8767123 -0.4344423 0.2054795 0.9765166 0.08219178 0.1976517 0.8943248 -0.4109589 0.1761252 0.5870842 -0.8101761 0.01761252 0.9334638 0.2348337 0.2681018 0.5870842 -0.7984344 -0.1330724 0.890411 -0.4227006 0.1702544 0.3248532 -0.8336595 -0.4461839 0.7495108 -0.6125244 -0.2504892 0.5244619 -0.6105675 -0.5949119 0.6438356 -0.7279844 -0.2348337 0.1702544 -0.553816 -0.816047 -0.0704501 0.07240704 -0.9941292 0.7299413 -0.2054795 -0.6516634 0.6340509 0.07240704 -0.7690802 0.6066536 0.5753425 -0.5499021 0.1252446 0.3170255 -0.9393346 0.9765166 0.037182 -0.2093934 0.3679061 0.7984344 -0.4755382 0.3111546 0.8199608 -0.481409 0.6497065 0.630137 0.4227006 0.7808219 0.5205479 0.3463796 0.9334638 -0.2896282 0.2113503 0.8101761 0.295499 0.5068493 0.7358121 0.4716243 0.4872798 0.8571429 0.3072407 0.4129159 0.7847358 0.4755382 0.3992172 0.9412916 0.2622309 0.2093934 0.9138943 0.3405088 0.2172211 0.9960861 0.07827789 0.04892368 0.8962818 0.05283757 -0.4422701 0.8825831 -0.1311155 -0.4540117 0.7299413 -0.2054795 -0.6516634 0.890411 0.2465753 -0.3816047 0.7964775 0.037182 -0.6027398 0.7964775 0.5127202 -0.3209393 0.778865 0.2426614 -0.5772994 0.6888454 0.5146771 -0.5107632 0.5127202 0.8336595 -0.1996086 0.4305284 0.8277887 -0.3620352 0.5694716 0.516634 -0.6379648 0.55773 0.8277887 0.04500978 0.6164383 0.778865 0.1154599 0.5988258 0.7847358 -0.1526419 0.7514677 0.6536204 -0.08806262 0.5616438 0.7416829 -0.369863 0.7103718 0.630137 -0.3150685 0.3776908 0.9178082 -0.1311155 0.5146771 0.6888454 -0.5107632 0.6379648 0.5949119 -0.4892368 0.3209393 0.9080235 -0.2700587 0.2015656 0.9804305 -0.001956947 0.1526419 0.9804305 -0.1252446 0.04109589 0.9902152 0.1291585 -0.02935421 1 0 -0.148728 0.9530333 0.2622309 0.09197652 0.9686888 -0.2289628 -0.1780822 0.8473581 0.5009785 -0.3052838 0.8199608 0.4853229 -0.2250489 0.9686888 0.1037182 -0.05870841 0.7084149 0.704501 -0.5107632 0.7084149 0.4853229 -0.5362035 0.6164383 0.5772994 -0.332681 0.8923679 0.3072407 0.09784736 0.6555773 0.7475538 0.3855186 0.3620352 0.849315 0.001956947 0.7945206 0.6086106 0.3405088 0.2465753 0.9080235 -0.1800391 0.8043053 0.5675147 -0.1819961 0.8943248 0.407045 -0.7221135 0.1213307 0.6810176 0.4872798 0.03522505 0.8727984 -0.3620352 0.851272 0.3796478 -0.4109589 0.8864971 0.2133072 0.6810176 -0.3150685 0.6594912 -0.4324853 -0.890411 -0.1409002 -0.5733855 0.7945206 0.2015656 -0.6536204 0.7573385 0.02348337 -0.4324853 0.890411 0.146771 -0.7632094 0.6340509 0.1311155 -0.7827789 0.5812133 -0.2191781 -0.6262231 0.7710372 0.1252446 -0.2798434 0.9589041 -0.009784736 -0.4951076 0.8688846 0.01174168 -0.08610567 0.9882583 -0.1213307 -0.332681 0.9315069 -0.146771 -0.6457925 0.7632094 0.01565558 -0.148728 0.960861 -0.2328767 -0.5225049 0.8454012 -0.109589 -0.5068493 0.8297456 -0.2289628 -0.7632094 0.6340509 0.1232877 -0.6614481 0.739726 -0.1291585 -0.7886497 0.6125244 -0.02544031 -0.8062623 0.5616438 0.1898239 -0.8454012 0.5303327 0.06262231 -0.8747554 0.4598826 0.1585127 -0.739726 0.18591 -0.6477495 -0.8434442 0.4970646 0.1996086 -0.9158513 0.3307241 0.2309198 -0.7181996 -0.3757339 -0.5851272 -0.8982387 0.4363992 -0.04892368 -0.8630137 0.4677104 0.1937378 -0.8767123 0.4735812 -0.09589041 -0.9119374 0.3737769 -0.1741683 -0.7847358 0.5851272 -0.1996086 -0.9412916 0.2759295 -0.1937378 -0.9119374 0.3737769 -0.1741683 -0.8590998 0.4305284 -0.2778865 -0.6242661 0.7103718 -0.3248532 -0.7162427 0.555773 -0.4207436 -0.960861 0.0998043 -0.258317 -0.8962818 0.2504892 -0.3639922 -0.8747554 0.1643836 -0.4540117 -0.9041096 0.2446184 -0.3502935 -0.7690802 0.3874756 -0.5068493 -0.9471624 -0.109589 -0.2994129 -0.7475538 -0.1291585 -0.6516634 -0.7827789 0.1174168 -0.6105675 -0.7221135 0.07827789 -0.6868885 -0.9217221 0.07240704 -0.3796478 -0.9099804 -0.3365949 -0.2407045 -0.2348337 -0.4598826 -0.8571429 -0.483366 -0.8062623 -0.3405088 -0.8825831 -0.4403131 -0.1604697 -0.9158513 -0.1154599 -0.3855186 -0.8571429 -0.3894325 -0.3385518 -0.8727984 -0.4266145 -0.2348337 -0.890411 -0.2524462 -0.3776908 -0.8180039 -0.08806262 -0.5675147 -0.8180039 -0.4500979 -0.3561644 -0.8356164 -0.479452 -0.2700587 -0.8062623 -0.2309198 -0.5440313 -0.7964775 -0.4911937 -0.3542074 -0.7847358 -0.5401174 -0.3052838 -0.7514677 -0.4403131 -0.4911937 -0.6986302 -0.5968689 -0.3953033 -0.630137 -0.6810176 -0.3737769 -0.6947162 -0.5283757 -0.4892368 -0.5675147 -0.6751468 -0.4696673 -0.4579256 -0.7906067 -0.4050881 -0.7847358 -0.3542074 -0.5068493 -0.4011742 -0.7651663 -0.5048923 -0.2348337 -0.8767123 -0.4207436 -0.5890411 -0.5792564 -0.5636008 -0.6399217 -0.4892368 -0.5909981 -0.1976517 -0.8297456 -0.5205479 0 -0.9021527 -0.4285714 -0.4500979 -0.6575342 -0.6046967 -0.2563601 -0.7358121 -0.6262231 0 -0.849315 -0.5283757 -0.5088063 -0.5675147 -0.6457925 -0.3189824 -0.6614481 -0.6790606 0 -0.7808219 -0.6262231 0 -0.7103718 -0.702544 0.1976517 -0.8297456 -0.5205479 0.2348337 -0.8767123 -0.4207436 0.2563601 -0.7358121 -0.6262231 0.4011742 -0.7651663 -0.5048923 0.4579256 -0.7906067 -0.4050881 0.3189824 -0.6614481 -0.6790606 0.5675147 -0.6751468 -0.4696673 0.630137 -0.6810176 -0.3737769 0.4500979 -0.6575342 -0.6046967 0.5890411 -0.5792564 -0.5636008 0.5088063 -0.5675147 -0.6457925 0.6986302 -0.5968689 -0.3953033 0.7847358 -0.5401174 -0.3052838 0.6947162 -0.5283757 -0.4892368 0.7964775 -0.4911937 -0.3542074 0.8356164 -0.479452 -0.2700587 0.6399217 -0.4892368 -0.5909981 0.8180039 -0.4500979 -0.3561644 0.8727984 -0.4266145 -0.2348337 0.7514677 -0.4403131 -0.4911937 0.8473581 -0.3796478 -0.37182 0.7495108 -0.6125244 -0.2504892 0.5244619 -0.6105675 -0.5949119 0.7866927 -0.3502935 -0.5088063 0.8043053 -0.2367906 -0.5459883 0.6868885 -0.3659491 -0.62818 0.7925636 -0.09784736 -0.6007828 0.6849315 -0.1898239 -0.704501 0.6516634 -0.08219178 -0.7534246 0.6614481 0.02935421 -0.7495108 0.6516634 -0.1213307 -0.7495108 0.6516634 0.2504892 -0.7162427 0.4716243 0.03522505 -0.8806262 0.4618395 0.2465753 -0.853229 0.4050881 0.518591 -0.7534246 0.4579256 -0.07240704 -0.8864971 0.2524462 0.2407045 -0.9373777 0.479452 -0.04696673 -0.8767123 0.2661448 0.02152642 -0.964775 0.2641879 -0.05479452 -0.962818 -0.001956947 0.03913894 -1 0.2133072 0.5362035 -0.816047 -0.01369863 0.2504892 -0.9686888 0.1428571 0.7651663 -0.62818 0.003913894 0.5420744 -0.8395303 0.260274 0.7906067 -0.553816 0.06262231 0.6164383 -0.7847358 0.3561644 0.8082192 -0.4696673 0.4090019 0.6438356 -0.6477495 0.2818004 0.5792564 -0.7651663 0.5088063 0.5401174 -0.6712329 0.2798434 0.516634 -0.8101761 0.2544031 0.8747554 -0.4109589 0.1545988 0.8062623 -0.5714286 0.01956947 0.9393346 -0.3405088 0.05675147 0.5401174 -0.8395303 -0.09393346 0.890411 -0.444227 0.01369863 0.7436399 -0.6692759 -0.1506849 0.5812133 -0.7984344 -0.183953 0.592955 -0.7847358 -0.1937378 0.7612525 -0.6203523 -0.2328767 0.4579256 -0.8571429 -0.4050881 0.5518591 -0.7299413 -0.3874756 0.6457925 -0.6575342 -0.3248532 0.7945206 -0.5107632 -0.2485323 0.8943248 -0.37182 -0.5205479 0.6771037 -0.518591 -0.37182 0.8786693 -0.297456 -0.4344423 0.8062623 -0.4011742 -0.5851272 0.5322896 -0.6105675 -0.4598826 0.4168297 -0.7847358 -0.6379648 0.3972603 -0.6614481 -0.7984344 0.258317 -0.5420744 -0.6653621 0.2622309 -0.7005871 -0.8199608 0.1017613 -0.5636008 -0.6653621 0.08806262 -0.7416829 -0.4853229 0.2407045 -0.8414873 -0.6516634 -0.05088063 -0.7573385 -0.2661448 0.2387476 -0.9334638 -0.4872798 0.07240704 -0.8708415 -0.2700587 0.05479452 -0.960861 -0.4657534 -0.06066536 -0.8825831 -0.6516634 -0.1291585 -0.7475538 -0.260274 -0.0665362 -0.962818 -0.4735812 -0.05675147 -0.8786693 -0.6829746 -0.1956947 -0.704501 0.001956947 -0.04500978 -0.9980431 -0.6868885 -0.3659491 -0.62818 -0.6144814 -0.02152642 -0.7886497 -0.5459883 -0.3933464 -0.739726 -0.5381604 0.1643836 -0.8258317 -0.4246575 0.1585127 -0.8923679 -0.3502935 0.5264188 -0.7749511 -0.2857143 0.03913894 -0.9569471 0 0.7612525 -0.6477495 -0.003913894 0.1506849 -0.9882583 0.2935421 0.05088063 -0.9549902 0 0.3052838 -0.9530333 0.3542074 0.518591 -0.778865 0.5381604 0.1663405 -0.8258317 0.4246575 0.1585127 -0.8923679 0.6144814 -0.02152642 -0.7886497 0.5459883 -0.3933464 -0.739726 0 -0.6144814 -0.7886497 0.2896282 -0.5753425 -0.7651663 0.5283757 -0.5048923 -0.6829746 0.3189824 -0.3111546 -0.8962818 0.3992172 -0.334638 -0.853229 0 -0.2328767 -0.9726027 0 -0.334638 -0.9412916 -0.3992172 -0.334638 -0.853229 -0.3189824 -0.3111546 -0.8962818 -0.5283757 -0.5048923 -0.6829746 -0.2896282 -0.5753425 -0.7651663 0.9412916 -0.2348337 -0.2407045 0.9706458 -0.03131115 -0.2348337 0.9921722 -0.01956947 -0.1193738 0.8003914 -0.5381604 0.2661448 -0.4266145 -0.7573385 0.4951076 0.9823875 -0.1643836 -0.0998043 -0.479452 -0.5792564 0.6594912 -0.6947162 -0.3150685 0.6457925 0.4461839 -0.8767123 0.1800391 0.5831702 -0.7906067 -0.183953 -0.5225049 -0.7455969 0.4129159 -0.6516634 -0.4031311 0.6438356 -0.037182 -0.9980431 -0.06066536 -0.483366 -0.8062623 -0.3405088 -0.4931507 -0.8610567 0.1174168 -0.4540117 -0.8375734 -0.3033268 -0.667319 -0.7221135 0.1780822 -0.6810176 -0.5988258 0.4207436 -0.6223092 -0.7377691 -0.2622309 -0.2035225 -0.3072407 -0.9295499 -0.2348337 -0.4598826 -0.8571429 -0.7221135 0.07827789 -0.6868885 -0.888454 -0.4363992 0.1448141 -0.8219178 -0.4853229 -0.2994129 -0.6125244 0.4187867 -0.6692759 -0.7827789 0.1174168 -0.6105675 -0.9080235 -0.005870841 -0.4187867 -0.7592955 -0.2739726 -0.5909981 -0.7475538 -0.1291585 -0.6516634 -0.9863014 0.07240704 -0.1428571 0.5753425 -0.4422701 -0.6868885 -0.9882583 0.05283757 0.1428571 0.4187867 0.5499021 -0.7221135 -0.8747554 0.1643836 -0.4540117 -0.2035225 -0.3776908 -0.9021527 -0.9549902 -0.297456 -0.005870841 -0.7201566 -0.6399217 -0.2700587 -0.3522505 0.7945206 -0.4951076 -0.9060665 0.2622309 -0.3307241 -0.4931507 0.6438356 -0.5851272 -0.9041096 -0.4285714 0.02152642 -0.9491194 0.2504892 -0.1956947 -0.6555773 0.5518591 -0.5146771 -0.8962818 0.2504892 -0.3639922 -0.9158513 -0.2250489 0.3307241 -0.9569471 0.2876712 -0.03913894 -0.776908 0.5244619 -0.3483366 -0.9099804 0.3972603 0.1252446 -0.9217221 -0.1722113 0.3483366 -0.8669276 0.05870841 0.4951076 -0.8414873 0.2426614 0.481409 -0.8551859 -0.06066536 0.516634 -0.8825831 -0.3072407 0.3561644 -0.8473581 -0.1800391 0.5009785 -0.7651663 -0.05479452 0.6418787 -0.7573385 -0.1017613 0.6438356 -0.9530333 0.04305284 0.3013699 -0.9784736 0.01565558 0.2093934 -0.9452055 -0.2348337 -0.2250489 -0.8669276 0.03913894 0.4970646 -0.1369863 -0.9589041 -0.2485323 -0.9667319 -0.1917808 0.1741683 -0.5146771 -0.05675147 0.8551859 0.04500978 -0.7592955 0.6497065 -0.853229 -0.1428571 0.5009785 -0.81409 -0.5088063 -0.2778865 -0.6947162 -0.3150685 0.6457925 -0.4266145 -0.7573385 0.4951076 -0.8727984 -0.4735812 0.1135029 -0.2759295 -0.7553816 -0.5949119 0.9412916 -0.2348337 -0.2407045 0.704501 -0.667319 -0.2446184 -0.5851272 -0.8082192 -0.06262231 -0.5499021 -0.7221135 0.4187867 -0.7475538 -0.4363992 0.4990215 -0.518591 -0.2133072 0.8277887 -0.4266145 -0.4363992 0.7925636 -0.2524462 -0.6399217 0.7260274 0.5733855 -0.3248532 0.7514677 0.6712329 -0.2622309 0.6927593 0.9726027 0.2289628 0.05870841 0.9412916 -0.2348337 -0.2407045 0.9980431 0.001956947 0.05675147 0.9921722 -0.01956947 -0.1193738 0.9706458 -0.2387476 -0.03522505 0.9569471 -0.2837573 0.04500978 0.9021527 -0.4285714 -0.05870841 0.5127202 -0.3561644 0.7808219 0.8864971 -0.4618395 0.02935421 0.816047 -0.5733855 -0.07632094 0.5303327 -0.369863 0.7632094 0.2935421 -0.2563601 0.9197652 0.6947162 -0.3600783 0.6242661 0.8199608 -0.5714286 0.03913894 0.6771037 -0.7358121 0.02152642 0.6223092 -0.7749511 -0.1076321 0.1291585 -0.739726 -0.6614481 0 -0.03131115 -1 0 -0.07436399 -0.9980431 -0.4911937 -0.06066536 -0.8688846 -0.4892368 -0.03522505 -0.8727984 0 0.09001957 -0.9960861 -0.8180039 -0.03913894 -0.5733855 -0.4774951 0.07827789 -0.8747554 0 0.2015656 -0.9804305 -0.8238748 -0.01565558 -0.5675147 -0.4892368 0.2289628 -0.8414873 0 0.01174168 -1 -0.62818 0.3013699 -0.7162427 -0.7964775 0.258317 -0.5459883 -0.9295499 0.09001957 -0.3561644 -0.8258317 0.111546 -0.553816 -0.9432485 0.1878669 -0.2759295 -0.9765166 0.2054795 -0.07436399 -0.9667319 -0.2524462 -0.05675147 -0.9549902 0.1037182 -0.2759295 -0.9549902 0.01956947 -0.297456 -0.9549902 -0.02739726 -0.297456 -0.9902152 -0.02544031 -0.1369863 -0.9823875 0.1448141 -0.1135029 -0.9902152 0.02544031 -0.1369863 -0.9980431 -0.02739726 -0.04696673 -0.9960861 0.08414873 -0.02348337 -0.9980431 0.02544031 0.06262231 -0.9589041 0.2798434 0.02348337 -0.9882583 0.1252446 0.07632094 -0.9706458 0.06262231 0.2348337 -0.9060665 0.407045 0.1193738 -0.9158513 0.3248532 0.2387476 -0.9178082 0.3796478 0.1154599 -0.9491194 0.1898239 0.2544031 -0.8317025 0.1428571 0.5362035 -0.7358121 0.6536204 0.1702544 -0.5322896 0.8180039 0.2191781 -0.4187867 0.849315 0.3189824 -0.8473581 0.4598826 0.2661448 -0.5968689 0.7514677 0.2778865 -0.2113503 0.9530333 0.2172211 -0.01174168 0.6555773 0.7553816 -0.8180039 0.2446184 0.5205479 -0.7064579 0.516634 0.4853229 -0.5146771 0.2681018 0.81409 -0.5107632 0.1389433 0.849315 -0.3287671 0.8121331 0.481409 0 0.2544031 0.9667319 0 0.1545988 0.9882583 0.5107632 0.1389433 0.849315 -0.4207436 0.5968689 0.6829746 0 0.6203523 0.7847358 0.5146771 0.2681018 0.81409 0.8317025 0.1428571 0.5362035 -0.2387476 0.9315069 0.2778865 0 0.8708415 0.4892368 0 0.9667319 0.258317 0 0.9765166 0.2133072 0.2172211 0.9510763 0.221135 0.5596869 0.702544 0.4383562 0.2387476 0.9315069 0.2778865 0.5264188 0.8238748 0.2113503 0.962818 -0.07827789 0.2622309 0.3287671 0.8121331 0.481409 0.5968689 0.7514677 0.2778865 0.4207436 0.5988258 0.6829746 0.704501 0.516634 0.4853229 0.8180039 0.2446184 0.5205479 0.8473581 0.4598826 0.2661448 0.9491194 0.1898239 0.2544031 0.9706458 0.06262231 0.2348337 0.7358121 0.6555773 0.1682975 0.9178082 0.3816047 0.1154599 0.9882583 0.1252446 0.07632094 0.9980431 0.02544031 0.06262231 0.9041096 0.4109589 0.1174168 0.964775 -0.2563601 -0.05283757 0.960861 0.2778865 0.02348337 0.9960861 0.08414873 -0.02348337 0.9980431 -0.02739726 -0.04696673 0.9765166 0.2035225 -0.07827789 0.9471624 0.06066536 -0.3170255 0.9823875 0.146771 -0.1193738 0.9902152 0.02544031 -0.1369863 0.9902152 -0.02544031 -0.1369863 0.9530333 0.03131115 -0.2994129 0.9549902 -0.02739726 -0.297456 0.9530333 0.1135029 -0.2778865 0.8238748 -0.01174168 -0.5675147 0.816047 -0.04109589 -0.5753425 0.9393346 0.1780822 -0.2896282 0.8317025 0.1056751 -0.5459883 0.8003914 0.2798434 -0.5303327 0.6379648 0.3268102 -0.6966732 0.4755382 0.07632094 -0.8767123 0.481409 0.2309198 -0.8454012 0 0.01174168 -1 0 0.2015656 -0.9804305 0 0.09001957 -0.9960861 0.4892368 -0.03522505 -0.8727984 0 -0.03131115 -1 0.4911937 -0.06066536 -0.8688846 0 -0.07436399 -0.9980431 0 -0.03131115 -1 0.4911937 -0.06066536 -0.8688846 0 -0.07436399 -0.9980431 0.4892368 -0.03522505 -0.8727984 0 0.09001957 -0.9960861 0.8180039 -0.03913894 -0.5733855 0.4774951 0.07827789 -0.8747554 0 0.2015656 -0.9804305 0.8238748 -0.01565558 -0.5675147 0.4892368 0.2289628 -0.8414873 0 0.01174168 -1 0.62818 0.3013699 -0.7162427 0.7964775 0.258317 -0.5459883 0.9295499 0.09001957 -0.3561644 0.8258317 0.111546 -0.553816 0.9432485 0.1878669 -0.2759295 0.9549902 0.1037182 -0.2759295 0.9765166 0.2054795 -0.07436399 0.9667319 -0.2524462 -0.05675147 0.9549902 0.01956947 -0.297456 0.9549902 -0.02739726 -0.297456 0.9902152 -0.02544031 -0.1369863 0.9823875 0.1448141 -0.1135029 0.9902152 0.02544031 -0.1369863 0.9980431 -0.02739726 -0.04696673 0.9960861 0.08414873 -0.02348337 0.9980431 0.02544031 0.06262231 0.9589041 0.2798434 0.02348337 0.9882583 0.1252446 0.07632094 0.9706458 0.06262231 0.2348337 0.9060665 0.407045 0.1193738 0.9158513 0.3248532 0.2387476 0.9178082 0.3796478 0.1154599 0.9491194 0.1898239 0.2544031 0.8317025 0.1428571 0.5362035 0.7358121 0.6536204 0.1702544 0.8473581 0.4598826 0.2661448 0.8180039 0.2446184 0.5205479 0.5146771 0.2681018 0.81409 0.5107632 0.1389433 0.849315 0.7064579 0.516634 0.4853229 0.5968689 0.7514677 0.2778865 0.5322896 0.8180039 0.2191781 0.4187867 0.849315 0.3189824 0.3287671 0.8121331 0.481409 0.2113503 0.9530333 0.2172211 0.01174168 0.6555773 0.7553816 0.2387476 0.9315069 0.2778865 0 0.9765166 0.2133072 0.4207436 0.5968689 0.6829746 0 0.9667319 0.258317 -0.2172211 0.9510763 0.221135 -0.5596869 0.702544 0.4383562 0 0.8708415 0.4892368 -0.2387476 0.9315069 0.2778865 -0.5264188 0.8238748 0.2113503 -0.962818 -0.07827789 0.2622309 -0.3287671 0.8121331 0.481409 -0.9041096 0.4109589 0.1174168 -0.964775 -0.2563601 -0.05283757 -0.5968689 0.7514677 0.2778865 -0.7358121 0.6555773 0.1682975 -0.9765166 0.2035225 -0.07827789 -0.9471624 0.06066536 -0.3170255 -0.9178082 0.3816047 0.1154599 -0.8473581 0.4598826 0.2661448 -0.704501 0.516634 0.4853229 -0.960861 0.2778865 0.02348337 -0.4207436 0.5988258 0.6829746 0 0.6203523 0.7847358 -0.5146771 0.2681018 0.81409 0 0.2544031 0.9667319 0 0.1545988 0.9882583 -0.5107632 0.1389433 0.849315 -0.8317025 0.1428571 0.5362035 -0.8180039 0.2446184 0.5205479 -0.9491194 0.1898239 0.2544031 -0.9706458 0.06262231 0.2348337 -0.9882583 0.1252446 0.07632094 -0.9980431 0.02544031 0.06262231 -0.9960861 0.08414873 -0.02348337 -0.9980431 -0.02739726 -0.04696673 -0.9823875 0.146771 -0.1193738 -0.9902152 0.02544031 -0.1369863 -0.9902152 -0.02544031 -0.1369863 -0.9530333 0.03131115 -0.2994129 -0.9549902 -0.02739726 -0.297456 -0.9530333 0.1135029 -0.2778865 -0.8238748 -0.01174168 -0.5675147 -0.816047 -0.04109589 -0.5753425 -0.9393346 0.1780822 -0.2896282 -0.8317025 0.1056751 -0.5459883 -0.8003914 0.2798434 -0.5303327 -0.6379648 0.3268102 -0.6966732 -0.4755382 0.07632094 -0.8767123 -0.481409 0.2309198 -0.8454012 0 0.01174168 -1 0 0.2015656 -0.9804305 0 0.09001957 -0.9960861 -0.4892368 -0.03522505 -0.8727984 0 -0.03131115 -1 -0.4911937 -0.06066536 -0.8688846 0 -0.07436399 -0.9980431 0 0.1545988 -0.9882583 -0.2172211 0.1545988 -0.962818 0 0.2720157 -0.962818 -0.1917808 0.2054795 -0.9589041 0 0.2172211 -0.9765166 -0.2093934 0.2563601 -0.9432485 -0.4990215 0.1526419 -0.853229 -0.483366 0.2015656 -0.851272 -0.4951076 0.2328767 -0.8375734 -0.776908 0.1291585 -0.6144814 -0.7690802 0.1956947 -0.6086106 -0.7632094 0.2367906 -0.6007828 -0.9452055 0.109589 -0.3091977 -0.9315069 0.2035225 -0.3013699 -0.9236791 0.2367906 -0.3013699 -0.9941292 0.1076321 0 -0.9726027 0.2328767 0.001956947 -0.9784736 0.2035225 0.001956947 0.1917808 0.2054795 -0.9589041 0 0.2720157 -0.962818 0 0.2172211 -0.9765166 0.2093934 0.2563601 -0.9432485 0.483366 0.2015656 -0.851272 0 0.1545988 -0.9882583 0.2172211 0.1545988 -0.962818 0.4951076 0.2328767 -0.8375734 0.4990215 0.1526419 -0.853229 0.7690802 0.1956947 -0.6086106 0.776908 0.1291585 -0.6144814 0.7632094 0.2367906 -0.6007828 0.9315069 0.2035225 -0.3013699 0.9452055 0.109589 -0.3091977 0.9726027 0.2328767 0.001956947 0.9784736 0.2035225 0.001956947 0.9236791 0.2367906 -0.3013699 0.9941292 0.1076321 0 0 -1 -0.001956947 -0.08806262 -0.9354208 -0.3444227 0 -0.9334638 -0.3581213 -0.1898239 -0.9393346 -0.2857143 -0.2739726 -0.9393346 -0.2015656 -0.3228963 -0.9412916 -0.1056751 -0.3385518 -0.9412916 0 -0.3209393 -0.9412916 0.1037182 -0.2681018 -0.9412916 0.2074364 -0.1800391 -0.9393346 0.295499 -0.08219178 -0.9334638 0.3502935 0 -0.9315069 0.3639922 0 -1 -0.001956947 0 -0.9334638 -0.3581213 0.08806262 -0.9354208 -0.3444227 0.1898239 -0.9393346 -0.2857143 0.2739726 -0.9393346 -0.2015656 0.3228963 -0.9412916 -0.1056751 0.3385518 -0.9412916 0 0.3209393 -0.9412916 0.1037182 0.2681018 -0.9412916 0.2074364 0.1800391 -0.9393346 0.295499 0.08219178 -0.9334638 0.3502935 0 -0.9315069 0.3639922 0 -1 0.003913894 0 -1 0.02935421 0.5107632 -0.8590998 0 0.407045 -0.9138943 0.03522505 0.295499 -0.9432485 0.1565558 0 -0.9882583 0.1526419 0.8727984 0.4872798 0.02152642 0.81409 0.5792564 -0.01369863 0.9432485 0.1213307 0.3091977 0.1585127 -0.7847358 0.6007828 0 -0.8649706 0.5009785 0 -0.2426614 0.9706458 0.9784736 0.1996086 0.05479452 0.962818 0.2720157 -0.02152642 0.001956947 -0.1780822 0.9843444 0 -0.111546 0.9941292 0 -0.01369863 1 0.3737769 -0.3287671 0.8669276 0.09393346 -0.1193738 0.9882583 -0.2994129 0.1506849 0.9412916 -0.3483366 0.260274 0.9001957 -0.1898239 0.01174168 0.9823875 0.4853229 -0.1937378 0.853229 0.9549902 0.04305284 0.2915851 0.9060665 -0.2387476 0.3502935 -0.1330724 -0.08219178 0.9882583 0.9902152 -0.09784736 0.09001957 0.9980431 -0.037182 -0.02544031 0.4461839 -0.3033268 0.8414873 0.9334638 -0.3365949 0.1213307 0.9530333 -0.3033268 -0.02935421 0.8258317 -0.5616438 -0.0332681 0.8023483 -0.4677104 0.369863 0.4187867 -0.516634 0.7455969 -0.1428571 -0.221135 0.964775 -0.7064579 0.01761252 0.7064579 -0.1291585 -0.4481409 0.8845401 -0.704501 0.1389433 0.6947162 -0.6947162 -0.1663405 0.6986302 -0.9373777 0.05283757 0.3463796 -0.6947162 0.2172211 0.6849315 -0.6966732 0.2661448 0.667319 -0.9295499 0.1350294 0.3444227 -0.9217221 0.1663405 0.3502935 -0.9197652 0.1937378 0.3424658 -0.9902152 0.1389433 0.01565558 -0.9882583 0.1526419 0.02152642 -0.9236791 0.2133072 -0.3189824 -0.9902152 0.1389433 0.01956947 -0.9236791 0.1643836 -0.3444227 -0.6829746 0.2250489 -0.6947162 -0.9960861 0.07632094 0.02152642 -0.6771037 0.1800391 -0.7142857 -0.3189824 0.2113503 -0.9236791 -0.9334638 0.1350294 -0.332681 -0.2935421 0.1409002 -0.9452055 -0.05479452 0.1135029 -0.9921722 -0.667319 0.1624266 -0.7260274 -0.9412916 0.05088063 -0.3365949 -0.18591 0.04500978 -0.9823875 -0.7221135 -0.02935421 -0.6908023 0.005870841 -0.1330724 -0.9902152 -0.01565558 -0.05479452 -0.9980431 0 0.06262231 -0.9980431 0 -0.1037182 -0.9941292 0.3972603 -0.4109589 -0.8199608 0.1663405 -0.8317025 -0.5303327 0 -0.9275929 -0.3757339 0 -1 -0.03131115 0.5381604 -0.2739726 -0.7964775 0.2798434 -0.9589041 -0.04696673 0 -1 -0.003913894 0.9863014 -0.04500978 -0.1565558 0.444227 -0.8962818 -0.02544031 0 -1 0.003913894 0.5107632 -0.8590998 0 0.81409 0.5792564 -0.01369863 0.9236791 0.3757339 -0.07827789 0.962818 0.2720157 -0.02152642 0.9784736 -0.03913894 -0.2054795 0.9784736 0.1643836 -0.1213307 0.9843444 -0.09589041 -0.1526419 0.9980431 -0.037182 -0.02544031 0.9334638 -0.2446184 -0.2641879 0.4735812 -0.4090019 -0.778865 0.9217221 -0.3483366 -0.1663405 0.9530333 -0.3033268 -0.02935421 0.8395303 -0.4383562 -0.3189824 0.7475538 -0.6457925 -0.1604697 0.8258317 -0.5616438 -0.0332681 0.630137 -0.7181996 -0.2935421 0.4246575 -0.6007828 -0.6771037 0.5518591 -0.8199608 -0.1545988 0.6223092 -0.7808219 -0.02739726 0.964775 -0.2563601 -0.05283757 0.9471624 0.06066536 -0.3170255 0.3659491 -0.9138943 -0.1761252 0.6379648 0.3268102 -0.6966732 0.2504892 -0.9197652 -0.3013699 0 0.01174168 -1 0.3228963 -0.7984344 -0.5088063 -0.04109589 -0.9178082 -0.3972603 -0.4031311 -0.8297456 -0.3894325 -0.62818 0.3013699 -0.7162427 -0.09197652 -0.7475538 -0.6575342 -0.5909981 -0.7671233 -0.2465753 -0.9295499 0.09001957 -0.3561644 -0.5146771 -0.6966732 -0.5009785 -0.7123288 -0.6477495 -0.2739726 -0.6066536 -0.7945206 -0.01956947 -0.9667319 -0.2524462 -0.05675147 -0.9158513 0.3248532 0.2387476 -0.6125244 -0.7592955 0.221135 -0.8297456 -0.55773 -0.01956947 -0.4050881 -0.8277887 0.3894325 -0.4187867 0.849315 0.3189824 -0.7534246 -0.5909981 0.2876712 -0.9510763 -0.3052838 0.003913894 -0.8571429 -0.4050881 -0.3209393 -0.8806262 -0.334638 0.334638 -0.6320939 -0.4246575 -0.6497065 -0.9980431 -0.06849315 0.01761252 -0.9315069 -0.1291585 -0.3405088 -0.1252446 -0.4540117 -0.8806262 -0.6810176 -0.2387476 -0.6927593 -0.1409002 -0.2544031 -0.9569471 -0.1741683 -0.04305284 -0.9843444 -0.9315069 -0.1056751 0.3463796 -0.6457925 -0.3972603 0.6536204 -0.5381604 -0.6536204 0.5303327 -0.09393346 -0.7260274 0.6810176 -0.05283757 -0.9021527 0.4285714 -0.01174168 0.6555773 0.7553816 0.2407045 -0.9041096 0.3522505 0.332681 -0.7729941 0.5420744 0.6360078 -0.6947162 0.334638 0.3483366 -0.9197652 0.18591 0.5596869 0.702544 0.4383562 0.7808219 -0.6105675 0.1291585 0.5283757 -0.8454012 0.08806262 0.962818 -0.07827789 0.2622309 0.6223092 -0.7808219 -0.02739726 0.964775 -0.2563601 -0.05283757 -0.5107632 -0.8590998 0 0 -1 0.02935421 0 -1 0.003913894 -0.407045 -0.9138943 0.03522505 -0.295499 -0.9432485 0.1565558 0 -0.9882583 0.1526419 -0.8727984 0.4872798 0.02152642 -0.81409 0.5792564 -0.01369863 -0.9432485 0.1213307 0.3091977 -0.1585127 -0.7847358 0.6007828 0 -0.8649706 0.5009785 0 -0.2426614 0.9706458 -0.9784736 0.1996086 0.05479452 -0.962818 0.2720157 -0.02152642 -0.001956947 -0.1780822 0.9843444 0 -0.111546 0.9941292 0 -0.01369863 1 -0.3737769 -0.3287671 0.8669276 -0.09393346 -0.1193738 0.9882583 0.2994129 0.1506849 0.9412916 0.3483366 0.260274 0.9001957 0.1898239 0.01174168 0.9823875 -0.4853229 -0.1937378 0.853229 -0.9549902 0.04305284 0.2915851 -0.9060665 -0.2387476 0.3502935 0.1330724 -0.08219178 0.9882583 -0.9902152 -0.09784736 0.09001957 -0.9980431 -0.037182 -0.02544031 -0.4461839 -0.3033268 0.8414873 -0.9334638 -0.3365949 0.1213307 -0.9530333 -0.3033268 -0.02935421 -0.8258317 -0.5616438 -0.0332681 -0.8023483 -0.4677104 0.369863 -0.4187867 -0.516634 0.7455969 0.1428571 -0.221135 0.964775 0.7064579 0.01761252 0.7064579 0.1291585 -0.4481409 0.8845401 0.704501 0.1389433 0.6947162 0.6947162 -0.1663405 0.6986302 0.9354208 0.05088063 0.3502935 0.6947162 0.2172211 0.6849315 0.6966732 0.2661448 0.667319 0.925636 0.1389433 0.3502935 0.9217221 0.1663405 0.3502935 0.9197652 0.1937378 0.3424658 0.9823875 0.1819961 0.01761252 0.9882583 0.1526419 0.02152642 0.9236791 0.2133072 -0.3189824 0.9902152 0.1389433 0.01761252 0.9217221 0.1663405 -0.3483366 0.6829746 0.2250489 -0.6947162 0.9980431 0.04305284 0.01761252 0.6771037 0.1800391 -0.7142857 0.3189824 0.2113503 -0.9236791 0.9315069 0.1291585 -0.3385518 0.2935421 0.1409002 -0.9452055 0.05479452 0.1135029 -0.9921722 0.667319 0.1624266 -0.7260274 0.9412916 0.05088063 -0.3365949 0.18591 0.04500978 -0.9823875 0.7221135 -0.02935421 -0.6908023 -0.005870841 -0.1330724 -0.9902152 0.01565558 -0.05479452 -0.9980431 0 0.06262231 -0.9980431 0 -0.1037182 -0.9941292 -0.3972603 -0.4109589 -0.8199608 -0.1663405 -0.8317025 -0.5303327 0 -0.9275929 -0.3757339 0 -1 -0.03131115 -0.2798434 -0.9589041 -0.04696673 0 -1 -0.003913894 -0.9863014 -0.04500978 -0.1565558 -0.5381604 -0.2739726 -0.7964775 -0.444227 -0.8962818 -0.02544031 0 -1 0.003913894 -0.5107632 -0.8590998 0 -0.81409 0.5792564 -0.01369863 -0.9236791 0.3757339 -0.07827789 -0.962818 0.2720157 -0.02152642 -0.9784736 -0.03913894 -0.2054795 -0.9784736 0.1643836 -0.1213307 -0.9843444 -0.09589041 -0.1526419 -0.9980431 -0.037182 -0.02544031 -0.9334638 -0.2446184 -0.2641879 -0.4735812 -0.4090019 -0.778865 -0.9217221 -0.3483366 -0.1663405 -0.9530333 -0.3033268 -0.02935421 -0.8395303 -0.4383562 -0.3189824 -0.7475538 -0.6457925 -0.1604697 -0.8258317 -0.5616438 -0.0332681 -0.630137 -0.7181996 -0.2935421 -0.4246575 -0.6007828 -0.6771037 -0.5518591 -0.8199608 -0.1545988 -0.6223092 -0.7808219 -0.02739726 -0.964775 -0.2563601 -0.05283757 -0.9471624 0.06066536 -0.3170255 -0.3659491 -0.9138943 -0.1761252 -0.6379648 0.3268102 -0.6966732 -0.2504892 -0.9197652 -0.3013699 0 0.01174168 -1 -0.3228963 -0.7984344 -0.5088063 0.04109589 -0.9178082 -0.3972603 0.4031311 -0.8297456 -0.3894325 0.62818 0.3013699 -0.7162427 0.09197652 -0.7475538 -0.6575342 0.5909981 -0.7671233 -0.2465753 0.9295499 0.09001957 -0.3561644 0.5146771 -0.6966732 -0.5009785 0.7123288 -0.6477495 -0.2739726 0.6066536 -0.7945206 -0.01956947 0.9667319 -0.2524462 -0.05675147 0.9158513 0.3248532 0.2387476 0.6125244 -0.7592955 0.221135 0.8297456 -0.55773 -0.01956947 0.4187867 0.849315 0.3189824 0.4050881 -0.8277887 0.3894325 0.7534246 -0.5909981 0.2876712 0.9510763 -0.3052838 0.003913894 0.8571429 -0.4050881 -0.3209393 0.8806262 -0.334638 0.334638 0.6320939 -0.4246575 -0.6497065 0.9980431 -0.06849315 0.01761252 0.9315069 -0.1291585 -0.3405088 0.1252446 -0.4540117 -0.8806262 0.6810176 -0.2387476 -0.6927593 0.1409002 -0.2544031 -0.9569471 0.1741683 -0.04305284 -0.9843444 0.9315069 -0.1056751 0.3463796 0.6457925 -0.3972603 0.6536204 0.5381604 -0.6536204 0.5303327 0.09393346 -0.7260274 0.6810176 0.05283757 -0.9021527 0.4285714 0.01174168 0.6555773 0.7553816 -0.2407045 -0.9041096 0.3522505 -0.332681 -0.7729941 0.5420744 -0.6360078 -0.6947162 0.334638 -0.3483366 -0.9197652 0.18591 -0.5596869 0.702544 0.4383562 -0.7808219 -0.6105675 0.1291585 -0.5283757 -0.8454012 0.08806262 -0.962818 -0.07827789 0.2622309 -0.6223092 -0.7808219 -0.02739726 -0.964775 -0.2563601 -0.05283757 0 -1 0 0 -1 0 0 -1 0 0 -1 0 0 -1 0 0 -1 0 0 -1 0 0 -1 0 0 -1 0 0 -1 0 0 -1 0 0 -1 0 0 -1 0 0 -1 0 0 -1 0 0 -1 0 0 -1 0 0 -1 0 0 -1 0 0 -1 0 0 -1 0 0 -1 0 0 -1 0 0 -1 0 0 -1 0 0 -1 0 0 -1 0 0 -1 0 0 -1 0 0 -1 0 0 -1 0 0 -1 0 0 -1 0 0 -1 0 0 -1 0 0 -1 0 0 -1 0 0 -1 0 0 -1 0 0 -1 0 0 -1 0 0 -1 0 0 -1 0 0 -1 0 0 -1 0 0 -1 0 0 -1 0 0 -1 0 0 -1 0 0 -1 0 -0.6536204 0.7573385 0.02348337 -0.2700587 0.962818 0.02739726 -0.4109589 0.8864971 0.2133072 -0.1819961 0.8943248 0.407045 -0.4892368 0.7945206 -0.3600783 -0.7827789 0.5812133 -0.2191781 0.009784736 0.9432485 0.3307241 0.001956947 0.7945206 0.6086106 -0.05283757 0.9823875 -0.1819961 -0.4677104 0.4461839 -0.7632094 -0.739726 0.18591 -0.6477495 -0.3776908 0.01369863 -0.925636 -0.2015656 0.6868885 -0.6986302 -0.2524462 0.3483366 -0.9021527 -0.3287671 0.09393346 -0.9393346 0.1937378 0.9041096 -0.3796478 -0.2465753 0.2054795 -0.9471624 -0.2857143 0.2720157 -0.9197652 0.005870841 0.4853229 -0.8747554 -0.3385518 0.08023483 -0.9373777 -0.4266145 0.2133072 -0.8786693 0.0704501 0.2681018 -0.960861 0.4246575 0.6849315 -0.592955 -0.5440313 0.04892368 -0.8375734 -0.8806262 0.2348337 -0.4109589 0.05283757 0.05479452 -0.9980431 0.5479452 0.4305284 -0.7162427 0.6516634 0.0998043 -0.7514677 0.7945206 0.5792564 -0.1761252 -0.005870841 -0.1428571 -0.9902152 -0.5851272 0.005870841 -0.8121331 0.6575342 -0.2681018 -0.702544 -0.8982387 0.2739726 -0.3405088 -0.09393346 -0.3091977 -0.9471624 -0.9863014 0.1585127 0.04109589 -0.8199608 0.2446184 0.518591 -0.5909981 -0.03131115 -0.8062623 -0.8414873 0.3111546 0.4422701 -0.8199608 0.5479452 0.1663405 -0.8180039 0.3874756 -0.4266145 -0.7984344 0.04892368 0.6007828 -0.518591 0.04892368 0.853229 -0.5499021 0.4129159 0.7260274 -0.516634 0.1135029 0.849315 -0.4755382 0.7221135 0.5029354 -0.05870841 0.5029354 0.8610567 -0.3855186 -0.1350294 0.9138943 -0.297456 -0.1193738 0.9471624 -0.001956947 0.221135 0.9745597 -0.1272016 -0.3013699 0.9452055 -0.03522505 -0.1917808 0.9804305 0.1996086 -0.1898239 0.960861 0.1330724 0.04696673 0.9902152 0.2133072 -0.1526419 0.964775 0.4657534 -0.04696673 0.8845401 0.4677104 0.4285714 0.7729941 0.5009785 0.3365949 0.7964775 0.5009785 0.1252446 0.8571429 0.5949119 0.1076321 0.7964775 0.5772994 0.4305284 0.6927593 0.3855186 0.3620352 0.849315 0.6771037 0.6653621 0.3131115 0.4540117 0.5440313 0.7064579 0.09784736 0.6555773 0.7475538 0.5792564 0.6966732 0.4227006 0.4266145 0.7749511 0.4677104 0.2504892 0.8023483 0.5420744 0.2035225 0.9569471 0.2074364 0.4207436 0.9041096 0.07436399 0.6497065 0.7553816 -0.08610567 0.7690802 0.5851272 0.2563601 0.5146771 0.5851272 0.6262231 0.5244619 0.6966732 0.4892368 0.849315 0.5107632 0.1350294 0.03913894 0.7827789 0.6203523 0.8864971 0.3620352 -0.2876712 -0.3033268 0.9217221 0.2426614 0.2446184 0.9001957 0.3620352 -0.6888454 0.7221135 -0.05283757 -0.4931507 0.7945206 -0.3542074 -0.0665362 0.9941292 -0.08610567 -0.6438356 0.3150685 -0.6966732 0.3737769 0.2759295 -0.8845401 -0.5088063 -0.1389433 -0.849315 -0.06262231 -0.5812133 -0.8121331 0.4598826 -0.6555773 -0.5988258 0.9041096 -0.3581213 -0.2289628 0.960861 0.04696673 -0.2739726 0.9980431 0.04305284 -0.01761252 0.9178082 0.3933464 0.05479452 0.8043053 0.5792564 0.1252446 0.6399217 0.7142857 0.2837573 0.4187867 0.9001957 0.109589</float_array>
          <technique_common>
            <accessor source="#body_low__MI_body-normal-array" count="2733" stride="3">
              <param name="X" type="float" />
              <param name="Y" type="float" />
              <param name="Z" type="float" />
            </accessor>
          </technique_common>
        </source>
        <source id="body_low__MI_body-texcoord">
          <float_array id="body_low__MI_body-texcoord-array" count="5466">0.6627094 0.5946226 0.6752831 0.6114078 0.6752831 0.5946226 0.6752831 -0.4053774 0.6752831 -0.3885922 0.6627094 -0.4053774 0.6752831 0.43614 0.6627094 0.4189276 0.6627094 0.43614 0.6752831 0.4189276 0.6752831 0.4006165 0.6752831 -0.56386 0.6627094 -0.56386 0.6627094 -0.5810724 0.6752831 -0.5810724 0.6752831 -0.5993835 0.07324442 -0.005981628 0.07663198 -0.01162755 0.1178015 -0.005981628 0.1467635 -0.01159703 0.1482284 -0.005981628 0.1789605 -0.01159703 0.1800592 -0.005981628 0.1178015 0.9940184 0.07663198 0.9883724 0.07324442 0.9940184 0.1482284 0.9940184 0.1467635 0.988403 0.1800592 0.9940184 0.1789605 0.988403 0.1097751 0.3955504 0.1410871 0.3824275 0.1070284 0.3928953 0.08819849 0.4070864 0.6627094 0.4189276 0.6752831 0.4006165 0.6627094 0.4006165 0.6752831 0.4189276 0.6752831 0.43614 0.6884365 0.4189276 0.6884365 0.4006165 0.6884365 0.43614 0.7042452 0.4189276 0.7042452 0.4006165 0.7042452 0.43614 0.7177954 0.4189276 0.7177954 0.4006165 0.7177954 0.43614 0.7311319 0.4189276 0.7311319 0.4006165 0.7477035 0.4006165 0.7477035 0.4189276 0.7477035 0.43614 0.7311319 0.43614 0.7477035 0.454329 0.7311319 0.454329 0.7177954 0.454329 0.7311319 0.4711447 0.7477035 0.4711447 0.7177954 0.4711447 0.7042452 0.454329 0.7311319 0.4886929 0.7477035 0.4886929 0.6884365 0.454329 0.7042452 0.4711447 0.6752831 0.454329 0.6627094 0.43614 0.6627094 0.454329 0.6884365 0.4711447 0.6752831 0.4711447 0.6627094 0.4711447 0.6627094 0.4886929 0.7042452 0.4886929 0.6884365 0.4886929 0.6752831 0.4886929 0.6627094 0.506943 0.7177954 0.4886929 0.6752831 0.506943 0.7177954 0.506943 0.6884365 0.506943 0.6752831 0.5249794 0.6627094 0.5249794 0.7042452 0.506943 0.6884365 0.5249794 0.6752831 0.5424665 0.6627094 0.5424665 0.6627094 0.5592822 0.7042452 0.5249794 0.6884365 0.5424665 0.6752831 0.5592822 0.6627094 0.5775628 0.7042452 0.5424665 0.6884365 0.5592822 0.6752831 0.5775628 0.6752831 0.5946226 0.6627094 0.5946226 0.6627094 0.6114078 0.6752831 0.6114078 0.6884365 0.5775628 0.6884365 0.5946226 0.6884365 0.6114078 0.7042452 0.5592822 0.7042452 0.5775628 0.7042452 0.5946226 0.7042452 0.6114078 0.7177954 0.6114078 0.7177954 0.5946226 0.7311319 0.6114078 0.7177954 0.5775628 0.7311319 0.5946226 0.747673 0.6114078 0.7477035 0.5946226 0.7311319 0.5775628 0.7477035 0.5775628 0.7177954 0.5592822 0.7311319 0.5592822 0.7477035 0.5592822 0.7477035 0.5424665 0.7311319 0.5424665 0.7477035 0.5249794 0.7177954 0.5424665 0.7311319 0.5249794 0.7477035 0.506943 0.7177954 0.5249794 0.7311319 0.506943 0.6752831 -0.5993835 0.6627094 -0.5810724 0.6627094 -0.5993835 0.6752831 -0.5810724 0.6752831 -0.56386 0.6884365 -0.5810724 0.6884365 -0.5993835 0.6884365 -0.56386 0.7042452 -0.5810724 0.7042452 -0.5993835 0.7042452 -0.56386 0.7177954 -0.5810724 0.7177954 -0.5993835 0.7177954 -0.56386 0.7311319 -0.5810724 0.7311319 -0.5993835 0.7477035 -0.5810724 0.7477035 -0.5993835 0.7477035 -0.56386 0.7311319 -0.56386 0.7477035 -0.5456709 0.7311319 -0.5456709 0.7177954 -0.5456709 0.7311319 -0.5288553 0.7477035 -0.5288553 0.7177954 -0.5288553 0.7042452 -0.5456709 0.7311319 -0.5113071 0.7477035 -0.5113071 0.6884365 -0.5456709 0.7311319 -0.493057 0.7477035 -0.493057 0.7177954 -0.5113071 0.7177954 -0.493057 0.7311319 -0.4750206 0.7477035 -0.4750206 0.7177954 -0.4750206 0.7311319 -0.4575335 0.7477035 -0.4575335 0.7177954 -0.4575335 0.7311319 -0.4407178 0.7477035 -0.4407178 0.7477035 -0.4224372 0.7177954 -0.4407178 0.7311319 -0.4224372 0.7477035 -0.4053774 0.7042452 -0.4575335 0.7311319 -0.4053774 0.747673 -0.3885922 0.7311319 -0.3885922 0.7177954 -0.4224372 0.7177954 -0.4053774 0.7177954 -0.3885922 0.7042452 -0.4407178 0.7042452 -0.4224372 0.7042452 -0.4053774 0.7042452 -0.3885922 0.6884365 -0.3885922 0.6884365 -0.4053774 0.6752831 -0.3885922 0.6627094 -0.4053774 0.6627094 -0.3885922 0.6752831 -0.4053774 0.6627094 -0.4224372 0.6884365 -0.4224372 0.6752831 -0.4224372 0.6884365 -0.4407178 0.6752831 -0.4407178 0.6627094 -0.4407178 0.6884365 -0.4575335 0.6752831 -0.4575335 0.6627094 -0.4575335 0.6627094 -0.4750206 0.7042452 -0.4750206 0.6884365 -0.4750206 0.6752831 -0.4750206 0.6627094 -0.493057 0.7042452 -0.493057 0.6884365 -0.493057 0.6752831 -0.493057 0.6752831 -0.5113071 0.6627094 -0.5113071 0.6884365 -0.5113071 0.7042452 -0.5113071 0.6752831 -0.5288553 0.6627094 -0.5288553 0.6627094 -0.5456404 0.6884365 -0.5288553 0.7042452 -0.5288553 0.6752831 -0.5456709 0.6627094 -0.56386 0.6092105 -0.03613392 0.580401 -0.006012146 0.580401 -0.03613392 0.6092105 -0.006012146 0.6391796 -0.03613392 0.6391796 -0.006012146 0.6705832 -0.03613392 0.6705832 -0.006012146 0.7021699 -0.03613392 0.7021699 -0.006012146 0.7353129 -0.006012146 0.7353129 -0.03613392 0.7691275 -0.006012146 0.7691275 -0.03613392 0.8009278 -0.006012146 0.8009278 -0.03613392 0.830256 -0.03613392 0.830256 -0.006012146 0.8610492 -0.03613392 0.8610492 -0.006012146 0.891293 -0.006012146 0.891293 -0.03613392 0.580401 0.9939879 0.6092105 0.9638661 0.580401 0.9638661 0.6092105 0.9939879 0.6391796 0.9638661 0.6391796 0.9939879 0.6705832 0.9638661 0.6705832 0.9939879 0.7021699 0.9638661 0.7021699 0.9939879 0.7353129 0.9939879 0.7353129 0.9638661 0.7691275 0.9939879 0.7691275 0.9638661 0.8009278 0.9939879 0.8009278 0.9638661 0.830256 0.9638661 0.830256 0.9939879 0.8610492 0.9638661 0.8610492 0.9939879 0.891293 0.9939879 0.891293 0.9638661 0.7520066 -0.4053774 0.7553026 -0.3885922 0.7520066 -0.3885922 0.7553026 -0.4053774 0.7520066 -0.4224372 0.7664418 -0.3885922 0.7553026 -0.4224372 0.7520066 -0.4407178 0.7664418 -0.4053774 0.7759026 -0.3885922 0.7553026 -0.4407178 0.7520066 -0.4575335 0.7664418 -0.4224372 0.7759026 -0.4053774 0.7814875 -0.3885922 0.7814875 -0.4053774 0.7759026 -0.4224372 0.7664418 -0.4407178 0.7553026 -0.4575335 0.7553026 -0.4750206 0.7520066 -0.4750206 0.7664418 -0.4575335 0.7759026 -0.4407178 0.7553026 -0.493057 0.7520066 -0.493057 0.7664418 -0.4750206 0.7759026 -0.4575335 0.7814875 -0.4224372 0.7814875 -0.4407178 0.7915891 -0.4181036 0.7907956 -0.4039125 0.8019654 -0.399823 0.8021485 -0.4128239 0.8105411 -0.3968322 0.8046815 -0.425428 0.8107852 -0.4089786 0.817835 -0.4057741 0.8179266 -0.3947874 0.8256783 -0.3938108 0.813593 -0.4192022 0.8262276 -0.4036988 0.8303781 -0.3936583 0.8197882 -0.4166082 0.8208869 -0.4285409 0.8301645 -0.40318 0.8245491 -0.4255501 0.8280892 -0.4139531 0.8315073 -0.4235969 0.8301645 -0.4341258 0.8325449 -0.4332713 0.8293405 -0.4358653 0.8362682 -0.4322337 0.8348643 -0.4227424 0.8390454 -0.4312266 0.831782 -0.4129765 0.8403271 -0.4211859 0.8445082 -0.428602 0.8383434 -0.4112979 0.8463393 -0.4194769 0.8520157 -0.4235054 0.8562578 -0.4088565 0.8472244 -0.409772 0.8373669 -0.4016846 0.8386791 -0.3937803 0.845027 -0.4016236 0.849086 -0.396466 0.8147832 -0.435194 0.7944884 -0.4340953 0.8261055 -0.4484085 0.8097171 -0.4468825 0.7943053 -0.4450819 0.7814875 -0.4575335 0.8084964 -0.4582964 0.7759026 -0.4750206 0.7941527 -0.4576251 0.7814875 -0.4750206 0.7664418 -0.493057 0.7759026 -0.493057 0.7939696 -0.4750206 0.7814875 -0.493057 0.7664418 -0.5113071 0.7553026 -0.5113071 0.7520066 -0.5113071 0.7553026 -0.5288553 0.7520066 -0.5288553 0.7759026 -0.5113071 0.7664418 -0.5288553 0.7553026 -0.5456709 0.7520066 -0.5456709 0.7520066 -0.56386 0.7759026 -0.5288553 0.7553026 -0.56386 0.7520066 -0.5810724 0.7664418 -0.5456709 0.7553026 -0.5810724 0.7520066 -0.5993835 0.7553026 -0.5993835 0.7664418 -0.56386 0.7664418 -0.5810724 0.7664418 -0.5993835 0.7759026 -0.5456709 0.7759026 -0.56386 0.7759026 -0.5810724 0.7759026 -0.5993835 0.7814875 -0.5993835 0.7814875 -0.5810724 0.7814875 -0.56386 0.7814875 -0.5456709 0.7944579 -0.5627308 0.7814875 -0.5288553 0.794702 -0.5453658 0.8098392 -0.5612354 0.7814875 -0.5113071 0.8099613 -0.544847 0.8286691 -0.5585498 0.7945799 -0.5286722 0.7942442 -0.5113071 0.7940611 -0.493057 0.8084048 -0.5113071 0.8077945 -0.4750206 0.8078555 -0.493057 0.8226264 -0.493057 0.8093814 -0.5282449 0.823603 -0.5113071 0.8274484 -0.5433515 0.8251289 -0.5272988 0.834254 -0.5574206 0.8292184 -0.5113071 0.830256 -0.5270852 0.8321787 -0.5427717 0.8368785 -0.5419171 0.8394116 -0.5563524 0.8353832 -0.5268716 0.8347117 -0.5113071 0.8515885 -0.5388348 0.8545488 -0.5515915 0.8490555 -0.5254677 0.8568987 -0.5371868 0.8604389 -0.5495773 0.8541825 -0.5247963 0.8706931 -0.5319986 0.8769799 -0.5404218 0.8662068 -0.5225685 0.8842433 -0.5344096 0.8847621 -0.5245827 0.8743553 -0.5202185 0.8527177 -0.5113071 0.8856471 -0.5113071 0.8948332 -0.5220801 0.864803 -0.5113071 0.8745384 -0.5113071 0.8476211 -0.5113071 0.8523209 -0.493057 0.8642842 -0.493057 0.8748436 -0.493057 0.8644978 -0.4750206 0.874691 -0.4750206 0.8855861 -0.493057 0.8852504 -0.4750206 0.8745995 -0.4666585 0.8947722 -0.493057 0.8948027 -0.5113071 0.8946501 -0.4750206 0.9048738 -0.5113071 0.9045076 -0.5236366 0.9051179 -0.493057 0.9168981 -0.5113071 0.9163182 -0.5263833 0.9172643 -0.493057 0.9210181 -0.5113071 0.9204687 -0.5274209 0.9047212 -0.4750206 0.9317606 -0.5113071 0.9313944 -0.5293435 0.9213538 -0.493057 0.9170812 -0.4750206 0.8943754 -0.4644002 0.9040193 -0.4620807 0.8838161 -0.4621723 0.9167455 -0.4615314 0.9212317 -0.4750206 0.9208044 -0.4615009 0.8822901 -0.4528642 0.8749962 -0.4454482 0.9320963 -0.4750206 0.9308451 -0.4613483 0.8691977 -0.4535966 0.858272 -0.4394971 0.8657185 -0.4625996 0.8558306 -0.450087 0.8525345 -0.4379101 0.8525651 -0.4750206 0.853328 -0.4605243 0.8505508 -0.4491714 0.8377331 -0.4356212 0.848262 -0.4602496 0.8358715 -0.4480728 0.8330638 -0.4357738 0.8475295 -0.4750206 0.8346507 -0.4594561 0.8311106 -0.4481948 0.8296152 -0.4593646 0.8343455 -0.4750206 0.8471938 -0.493057 0.8341319 -0.493057 0.8289132 -0.4750206 0.8284554 -0.493057 0.8231757 -0.4750206 0.8239998 -0.4596088 0.006866665 0.8996246 0.04004028 0.8996246 0.006866665 0.8835719 0.04004028 0.8835719 0.006866665 0.8752708 0.07159642 0.8996246 0.04004028 0.8752708 0.07159642 0.8835719 0.1030305 0.8996246 0.07159642 0.8752708 0.1030305 0.8835719 0.1329691 0.8996246 0.1030305 0.8752708 0.1329691 0.8835719 0.1618091 0.8996246 0.1329691 0.8752708 0.1618091 0.8835719 0.1618091 0.8752708 0.1906186 0.8752708 0.1906186 0.8835719 0.1906186 0.8996246 0.2205878 0.8752708 0.2205878 0.8835719 0.2205878 0.8996246 0.2519913 0.8752708 0.2519913 0.8835719 0.2519913 0.8996246 0.283578 0.8752708 0.283578 0.8835719 0.3167516 0.8752708 0.283578 0.8996246 0.3167516 0.8835719 0.3167516 0.8996246 0.02179022 0.7455062 0.007385479 0.7289041 0.007385479 0.7434919 0.03128147 0.7321696 0.03515732 0.7530137 0.007385479 0.7102573 0.04898221 0.7441023 0.04345836 0.7177954 0.05938902 0.7599109 0.04110843 0.7667471 0.07309183 0.729606 0.05856502 0.7072054 0.007385479 0.6987823 0.007385479 0.6931974 0.08459731 0.7115085 0.08581805 0.6931974 0.007385479 0.6826686 0.08581805 0.6826686 0.1166723 0.7083651 0.1618091 0.6931974 0.1618091 0.6826686 0.1618091 0.7081515 0.1166723 0.7199317 0.1618091 0.7199317 0.09378338 0.7500229 0.1263772 0.7449263 0.1618091 0.74279 0.06796472 0.7806025 0.03827021 0.7808466 0.09863582 0.7760552 0.1313517 0.772454 0.1618091 0.7712638 0.03845332 0.7953734 0.02545244 0.7903073 0.1329997 0.7992492 0.1618091 0.7983947 0.007385479 0.7995849 0.007385479 0.7932676 0.1324808 0.8272347 0.1618091 0.8261055 0.1618091 0.8570513 0.03830073 0.8048646 0.007385479 0.8054445 0.007385479 0.8296457 0.1618091 0.8687399 0.1329691 0.8687399 0.03854488 0.82931 0.007385479 0.8584247 0.1319925 0.8575091 0.1030305 0.8687399 0.1019623 0.8281808 0.1017792 0.8578448 0.07159642 0.8687399 0.07150487 0.8581194 0.04004028 0.8687399 0.1012909 0.8009278 0.07147435 0.8289132 0.04013184 0.8583941 0.007141331 0.8687399 0.07116917 0.8033387 0.3164769 -0.1312601 0.3162328 -0.1415754 0.3505356 -0.1312601 0.3506577 -0.1416059 0.3162328 -0.1703543 0.3823359 -0.1312601 0.3500778 -0.1705069 0.3162328 -0.1945555 0.3816034 -0.1419721 0.4110538 -0.1423689 0.4116642 -0.1312601 0.3811762 -0.1709647 0.3495895 -0.1947386 0.3162328 -0.200415 0.3162328 -0.2067324 0.3326823 -0.2089297 0.3481246 -0.2040468 0.3458052 -0.2164373 0.3797723 -0.1959288 0.3780633 -0.2164373 0.4113285 -0.1716971 0.4098331 -0.1983093 0.3710746 -0.2388379 0.3507187 -0.2316965 0.3447676 -0.2470168 0.4434339 -0.1429792 0.4424573 -0.1312601 0.4727012 -0.1312601 0.4727012 -0.1437422 0.4430372 -0.1729179 0.4727012 -0.1743217 0.4424879 -0.1988586 0.4727012 -0.1991638 0.4727012 -0.2279122 0.4408704 -0.2262642 0.4083682 -0.2212592 0.4380627 -0.2526017 0.4727012 -0.2537614 0.4017151 -0.2464675 0.3604236 -0.2564776 0.3321024 -0.2534257 0.3939939 -0.267098 0.3414716 -0.2678609 0.3162328 -0.2565081 0.3162328 -0.2710959 0.3558153 -0.281045 0.3162328 -0.2897427 0.4306162 -0.2729881 0.4727012 -0.2746666 0.4727012 -0.2959075 0.3851436 -0.2888272 0.3787347 -0.2947478 0.3162328 -0.3012177 0.3162328 -0.3068026 0.4210944 -0.2939848 0.4727012 -0.3068026 0.3915525 -0.3068026 0.4727012 -0.3173315 0.3915525 -0.3173315 0.3162328 -0.3173315 0.1618091 0.8687399 0.1906186 0.8687399 0.1618091 0.8570513 0.1915952 0.8575091 0.1618091 0.8261055 0.2205878 0.8687399 0.1911374 0.8272347 0.1618091 0.7983947 0.221839 0.8578448 0.2519913 0.8687399 0.2216254 0.8281808 0.1906186 0.7992492 0.1618091 0.7712638 0.2521134 0.8581194 0.283578 0.8687399 0.1922666 0.772454 0.1618091 0.74279 0.2222968 0.8009278 0.2521439 0.8289132 0.2834864 0.8583941 0.3167516 0.8687399 0.3162328 0.8584247 0.3505356 0.8687399 0.2850734 0.82931 0.3506577 0.8583941 0.3823359 0.8687399 0.3162328 0.8296457 0.2524186 0.8033387 0.2853175 0.8048646 0.2249519 0.7760552 0.2851344 0.7953734 0.1972106 0.7449263 0.1618091 0.7199317 0.255623 0.7806025 0.2298349 0.7500229 0.206946 0.7199317 0.1618091 0.7081515 0.2642293 0.7599109 0.206946 0.7083651 0.1618091 0.6931974 0.2505265 0.729606 0.239021 0.7115085 0.2378002 0.6826686 0.1618091 0.6826686 0.2378002 0.6931974 0.3162328 0.6826686 0.2650532 0.7072054 0.3162328 0.6931974 0.3915525 0.6826686 0.2801599 0.7177954 0.3162328 0.6987823 0.2746055 0.7441023 0.3162328 0.7102573 0.2923063 0.7321696 0.2884915 0.7530442 0.2825709 0.7667776 0.3018281 0.7455367 0.2853481 0.7808466 0.2981353 0.7903073 0.3162328 0.7289041 0.3162328 0.7434919 0.3162328 0.7995849 0.3162328 0.7932676 0.3326823 0.7910703 0.3162328 0.8054445 0.3481246 0.7959533 0.3458052 0.7835627 0.3495895 0.8052614 0.3500778 0.8294931 0.3816034 0.8580279 0.3811762 0.8290353 0.4110538 0.8576311 0.4116642 0.8687399 0.3797723 0.8040712 0.4113285 0.8283029 0.4434339 0.8570208 0.4424573 0.8687399 0.4727012 0.8687399 0.4727012 0.8562578 0.4430372 0.8270821 0.4727012 0.8256783 0.4098331 0.8016907 0.4424879 0.8011414 0.4727012 0.8008362 0.4727012 0.7720878 0.3780633 0.7835627 0.4408704 0.7737358 0.4083682 0.7787408 0.3710746 0.7611622 0.3506272 0.7683645 0.3447676 0.7530137 0.4380627 0.7473983 0.4727012 0.7462386 0.4017151 0.7535325 0.3604236 0.7435225 0.3321024 0.7465743 0.3939939 0.732902 0.3414716 0.7321391 0.3558153 0.718955 0.4306162 0.7270119 0.4727012 0.7253334 0.4727012 0.7040925 0.3851436 0.7111728 0.4210944 0.7060152 0.4727012 0.6931974 0.3787347 0.7052522 0.3915525 0.6931974 0.4727012 0.6826686 0.7553026 0.6114078 0.7520066 0.5946226 0.7520066 0.6114078 0.7553026 0.5946226 0.7664418 0.6114078 0.7520066 0.5775628 0.7664418 0.5946226 0.7759026 0.6114078 0.7553026 0.5775628 0.7520066 0.5592822 0.7759026 0.5946226 0.7814875 0.6114078 0.7814875 0.5946226 0.7664418 0.5775628 0.7553026 0.5592822 0.7553026 0.5424665 0.7520066 0.5424665 0.7664418 0.5592822 0.7759026 0.5775628 0.7553026 0.5249794 0.7520066 0.5249794 0.7664418 0.5424665 0.7759026 0.5592822 0.7814875 0.5775628 0.7915891 0.5818964 0.7907956 0.5960875 0.7814875 0.5592822 0.7759026 0.5424665 0.8021485 0.5871761 0.8019654 0.600177 0.8107852 0.5910215 0.8105411 0.6031678 0.8046815 0.574572 0.817835 0.5942259 0.8179266 0.6052126 0.8256783 0.6061891 0.813593 0.5807977 0.8262276 0.5963011 0.8303781 0.6063417 0.8197882 0.5833918 0.8301645 0.59682 0.8280892 0.5860469 0.8373669 0.5983154 0.8386791 0.6062196 0.831782 0.5870236 0.845027 0.5983764 0.849086 0.603534 0.8562578 0.5911435 0.8383434 0.588702 0.8472244 0.590228 0.8463393 0.5805231 0.8520157 0.5764946 0.8445082 0.5713981 0.8403271 0.578814 0.8390454 0.5687734 0.8348643 0.5772576 0.8362682 0.5677664 0.8315073 0.5764031 0.8325449 0.5667287 0.8245491 0.5744499 0.8301645 0.5658742 0.8208869 0.5714591 0.8293405 0.5641347 0.8147832 0.564806 0.7944884 0.5659047 0.8261055 0.5515915 0.8097171 0.5531175 0.7943053 0.5549181 0.7814875 0.5424665 0.8084964 0.5417035 0.7941527 0.542375 0.7759026 0.5249794 0.7814875 0.5249794 0.7939696 0.5249794 0.8239998 0.5403913 0.8077945 0.5249794 0.7814875 0.506943 0.7940611 0.506943 0.7759026 0.506943 0.7814875 0.4886929 0.7759026 0.4886929 0.7664418 0.506943 0.7664418 0.4886929 0.7664418 0.5249794 0.7553026 0.506943 0.7520066 0.506943 0.7553026 0.4886929 0.7520066 0.4886929 0.7553026 0.4711447 0.7520066 0.4711447 0.7664418 0.4711447 0.7553026 0.454329 0.7520066 0.454329 0.7759026 0.4711447 0.7664418 0.454329 0.7553026 0.43614 0.7520066 0.43614 0.7520066 0.4189276 0.7553026 0.4189276 0.7520066 0.4006165 0.7553026 0.4006165 0.7664418 0.43614 0.7664418 0.4189276 0.7664418 0.4006165 0.7759026 0.454329 0.7759026 0.43614 0.7759026 0.4189276 0.7759026 0.4006165 0.7814875 0.4189276 0.7814875 0.4006165 0.7814875 0.43614 0.7814875 0.454329 0.7944579 0.4372692 0.7814875 0.4711447 0.794702 0.4546342 0.8098392 0.4387646 0.7942442 0.4886929 0.7945799 0.4713279 0.8099613 0.455153 0.8286691 0.4414502 0.8078555 0.506943 0.8274484 0.4566485 0.834254 0.4425794 0.8084048 0.4886929 0.8093814 0.4717551 0.8226264 0.506943 0.8236336 0.4886929 0.8251289 0.4727012 0.8292184 0.4886929 0.830256 0.4729148 0.8231757 0.5249794 0.8284554 0.506943 0.8289132 0.5249794 0.8296152 0.5406354 0.8341319 0.506943 0.8347117 0.4886929 0.8343455 0.5249794 0.8311106 0.5518052 0.8330638 0.5642262 0.8346507 0.5405439 0.8358715 0.5519273 0.8377331 0.5643788 0.8475295 0.5249794 0.8505508 0.5508286 0.8525345 0.5620899 0.848262 0.5397809 0.8558306 0.549913 0.858272 0.5605029 0.853328 0.5394757 0.8525651 0.5249794 0.8657185 0.5374004 0.8691977 0.5464034 0.8749962 0.5545518 0.8822901 0.5471358 0.8838161 0.5378277 0.8745995 0.5333415 0.8644978 0.5249794 0.8852504 0.5249794 0.8943754 0.5355998 0.874691 0.5249794 0.8523209 0.506943 0.8642842 0.506943 0.8748436 0.506943 0.8471938 0.506943 0.8476211 0.4886929 0.8527177 0.4886929 0.8490555 0.4745323 0.864803 0.4886929 0.8541825 0.4752037 0.8745384 0.4886929 0.8662068 0.4774316 0.8743553 0.4797815 0.8856471 0.4886929 0.8855861 0.506943 0.8947722 0.506943 0.8946501 0.5249794 0.8948027 0.4886929 0.9047212 0.5249794 0.9040193 0.5379192 0.9051179 0.506943 0.9170812 0.5249794 0.9167455 0.5384686 0.9172643 0.506943 0.9048738 0.4886929 0.8948332 0.4779198 0.8847621 0.4754173 0.9045076 0.4763634 0.9168981 0.4886929 0.9163182 0.4736167 0.9210181 0.4886929 0.9204687 0.4725791 0.9213538 0.506943 0.9317606 0.4886929 0.9313944 0.4706565 0.9212317 0.5249794 0.9208044 0.5384991 0.9322489 0.506943 0.9320963 0.5249794 0.9308451 0.5386517 0.9360332 0.5249794 0.9326762 0.5388653 0.9367352 0.506943 0.9359111 0.4886929 0.9350261 0.4700461 0.94055 0.5300454 0.9340495 0.5395977 0.9413739 0.484817 0.9404584 0.4695883 0.9413434 0.4997711 0.9418317 0.5148778 0.9582202 0.483871 0.9577929 0.4678487 0.9587085 0.4976959 0.9735099 0.4827723 0.9730827 0.4672994 0.9857784 0.4815821 0.9859005 0.4681234 0.9874569 0.4962004 0.9738762 0.4963225 0.9738762 0.5092013 0.9591662 0.5106662 0.9876705 0.5126499 0.9937437 0.5085604 0.9738762 0.5209205 0.9867244 0.5226295 0.9595324 0.5226295 0.973632 0.5296487 0.9853206 0.5314493 0.9434492 0.5345317 0.9363384 0.5427107 0.9377728 0.5442976 0.9595935 0.5298929 0.945555 0.5379497 0.9392987 0.5468917 0.9597766 0.5343791 0.9474776 0.5421919 0.9401837 0.5489975 0.9735404 0.5347453 0.9844966 0.5367901 0.9598681 0.5401776 0.9731132 0.5414899 0.9827875 0.5439925 0.9484543 0.5452742 0.9599292 0.5434126 0.972869 0.5452742 0.9819636 0.5477157 0.9797052 0.5553453 0.949797 0.5512863 0.9421979 0.5540941 0.9599292 0.5502487 0.9512314 0.5569018 0.946379 0.5618153 0.9598376 0.5673085 0.9709769 0.5521714 0.9599292 0.5583361 0.9692678 0.5588855 0.9736931 0.5641347 0.9730827 -0.5327006 0.9859005 -0.5318766 0.9857784 -0.5184179 0.9735099 -0.5172277 0.9577929 -0.5321512 0.9874569 -0.5037996 0.9582202 -0.516129 0.9404584 -0.5304117 0.9738762 -0.5036775 0.9413739 -0.515183 0.9350261 -0.5299539 0.9587085 -0.5023041 0.9738762 -0.4907987 0.9876705 -0.4873501 0.9937437 -0.4914396 0.9738762 -0.4790796 0.9867244 -0.4773705 0.9591662 -0.4893338 0.9413434 -0.5002289 0.9359111 -0.5113071 0.9367352 -0.493057 0.9418317 -0.4851222 0.9322489 -0.493057 0.9360332 -0.4750206 0.9326762 -0.4611347 0.94055 -0.4699545 0.9340495 -0.4604022 0.9595324 -0.4773705 0.9434492 -0.4654683 0.9363384 -0.4572893 0.9377728 -0.4557024 0.9595935 -0.4701071 0.973632 -0.4703513 0.9853206 -0.4685507 0.9597766 -0.4656209 0.945555 -0.4620502 0.9392987 -0.4531083 0.9735404 -0.4652547 0.9844966 -0.4632099 0.9474776 -0.4578082 0.9401837 -0.4510025 0.9598681 -0.4598224 0.9731132 -0.4585101 0.9827875 -0.4560076 0.9484543 -0.4547258 0.9599292 -0.4565874 0.972869 -0.4547258 0.9819636 -0.4522843 0.9797052 -0.4446547 0.949797 -0.4487136 0.9421979 -0.445906 0.9599292 -0.4497513 0.9512314 -0.4430982 0.946379 -0.4381848 0.9598376 -0.4326914 0.9709769 -0.4478286 0.9599292 -0.4416639 0.9692678 -0.4411145 0.9736931 -0.4358653 0.8769799 0.4595782 0.8842433 0.4655904 0.8706931 0.4680013 0.8604389 0.4504227 0.8568987 0.4628132 0.8545488 0.4484085 0.8515885 0.4611652 0.8394116 0.4436476 0.8368785 0.4580828 0.8353832 0.4731284 0.8321787 0.4572283 0.7331766 0.913419 0.7122715 0.9581591 0.7331766 0.9581591 0.7112949 0.91348 0.6887417 0.9581591 0.7331766 0.8748436 0.6866055 0.9136631 0.6633809 0.9581591 0.70983 0.8748741 0.7331766 0.8433485 0.6615497 0.9138768 0.6392102 0.9581591 0.6846218 0.8750267 0.7079989 0.843379 0.7331766 0.8180181 0.6593524 0.8751488 0.7059541 0.8178656 0.7331766 0.7952513 0.6815699 0.8434095 0.7024751 0.7949767 0.7331766 0.7747429 0.6775109 0.8178961 0.698294 0.7744682 0.7331766 0.7541429 0.6722312 0.7949461 0.6557207 0.8435011 0.6929838 0.7542344 0.7331766 0.7284463 0.6646931 0.7754448 0.6505325 0.81872 0.6881924 0.7284463 0.7331766 0.7176732 0.654622 0.7562792 0.6432081 0.7970519 0.6329539 0.7795038 0.6392102 0.7284463 0.625843 0.8201544 0.6184881 0.762566 0.6174505 0.8008972 0.6071352 0.7858821 0.6308176 0.8436537 0.6038087 0.8215888 0.6349681 0.8753319 0.6077151 0.8441725 0.6100039 0.8754845 0.636433 0.9141209 0.6107364 0.9142735 0.6126896 0.9581591 0.5847041 0.9146702 0.5847041 0.9581591 0.5847041 0.8758507 0.5847041 0.8445692 0.5841243 0.8232368 0.5967895 0.8049867 0.5789666 0.8082217 0.5854061 0.7912534 0.5686209 0.7939085 0.5892209 0.7720878 0.5677359 0.7788019 0.5501267 0.7861263 0.59447 0.7448347 0.565569 0.7580798 0.541734 0.7674795 0.5285806 0.7811518 0.5139317 0.7725151 0.5023957 0.7569811 0.5329447 0.7508774 0.4887539 0.740379 0.5627308 0.7420881 0.5258644 0.7390972 0.5226905 0.7284463 0.4784082 0.7284463 0.4784082 0.7176732 0.5592211 0.7284463 0.5965453 0.7284463 0.5220496 0.7176732 0.5019379 0.6919767 0.5593432 0.7176732 0.5421003 0.6919767 0.5019379 0.6671346 0.5965148 0.7176732 0.5421003 0.6671346 0.5019379 0.6424451 0.5782952 0.6919767 0.5421003 0.6424451 0.5019379 0.6183355 0.5421003 0.6183355 0.5782952 0.6671346 0.5782952 0.6424451 0.5782952 0.6183355 0.615894 0.6919767 0.615894 0.6671346 0.615894 0.6424451 0.615894 0.6183355 0.6548356 0.6424451 0.6548356 0.6183355 0.6946013 0.6183355 0.6548356 0.6671346 0.6946013 0.6424451 0.7331766 0.6183355 0.7331766 0.6424451 0.6946013 0.6671346 0.7331766 0.6671346 0.6548356 0.6919767 0.6946013 0.6919767 0.7331766 0.6919767 0.6879787 0.7176732 0.6390271 0.7176732 0.7331766 -0.08658101 0.7331766 -0.04184088 0.7122715 -0.04184088 0.7112949 -0.08651997 0.6887417 -0.04184088 0.7331766 -0.1251564 0.6866055 -0.08633687 0.6633809 -0.04184088 0.70983 -0.1251259 0.7331766 -0.1566515 0.6615497 -0.08612324 0.6392102 -0.04184088 0.6846218 -0.1249733 0.7079989 -0.156621 0.7331766 -0.1819819 0.6593524 -0.1248512 0.7059541 -0.1821345 0.7331766 -0.2047487 0.6815699 -0.1565905 0.7024751 -0.2050233 0.7331766 -0.2252571 0.6775109 -0.1821039 0.698294 -0.2255318 0.7331766 -0.2458571 0.6722312 -0.2050539 0.6557207 -0.1564989 0.6929838 -0.2457656 0.7331766 -0.2715537 0.6646931 -0.2245552 0.6881924 -0.2715537 0.7331766 -0.2823267 0.654622 -0.2437208 0.6432081 -0.2029481 0.6879787 -0.2823267 0.6505325 -0.1812799 0.6329539 -0.2204962 0.625843 -0.1798456 0.6308176 -0.1563463 0.6174505 -0.1991028 0.6349681 -0.1246681 0.6077151 -0.1558275 0.636433 -0.08587909 0.6100039 -0.1245155 0.6107364 -0.08572649 0.6126896 -0.04184088 0.5847041 -0.08532976 0.5847041 -0.04184088 0.5847041 -0.1241493 0.5847041 -0.1554308 0.6038087 -0.1784112 0.5841243 -0.1767632 0.5967895 -0.1950133 0.5789666 -0.1917783 0.6071352 -0.2141179 0.5854061 -0.2087466 0.5686209 -0.2060915 0.6184881 -0.237434 0.5892209 -0.2279122 0.5677359 -0.2211982 0.5501267 -0.2138737 0.6392102 -0.2715537 0.541734 -0.2325205 0.5285806 -0.2188482 0.5139317 -0.227485 0.5023957 -0.2430189 0.565569 -0.2419202 0.5329447 -0.2491226 0.4887539 -0.259621 0.59447 -0.2551652 0.5627308 -0.2579119 0.5258644 -0.2609027 0.5226905 -0.2715537 0.4784082 -0.2715537 0.4784082 -0.2823267 0.5592211 -0.2715537 0.5965453 -0.2715537 0.5220496 -0.2823267 0.5019379 -0.3080233 0.5593432 -0.2823267 0.5421003 -0.3080233 0.5019379 -0.3328654 0.5965148 -0.2823267 0.5421003 -0.3328654 0.5019379 -0.3575549 0.5782952 -0.3080233 0.5421003 -0.3575549 0.5019379 -0.3816645 0.5421003 -0.3816645 0.5782952 -0.3328654 0.5782952 -0.3575549 0.5782952 -0.3816645 0.615894 -0.3080233 0.615894 -0.3328654 0.615894 -0.3575549 0.615894 -0.3816645 0.6548356 -0.3575549 0.6548356 -0.3816645 0.6946013 -0.3816645 0.6548356 -0.3328654 0.6946013 -0.3575549 0.7331766 -0.3816645 0.7331766 -0.3575549 0.6946013 -0.3328654 0.7331766 -0.3328654 0.6548356 -0.3080233 0.6946013 -0.3080233 0.7331766 -0.3080233 0.6390271 -0.2823267 0.7381207 0.913419 0.7381207 0.9581591 0.7590259 0.9581591 0.7600024 0.91348 0.7825251 0.9581591 0.7381207 0.8748436 0.7846614 0.9136631 0.807886 0.9581591 0.7614368 0.8748741 0.7381207 0.8433485 0.8097171 0.9138768 0.8320566 0.9581591 0.7866451 0.8750267 0.7632679 0.843379 0.7381207 0.8180181 0.811945 0.8751488 0.7653127 0.8178656 0.7381207 0.7952513 0.7896969 0.8434095 0.7688223 0.7949767 0.7381207 0.7747429 0.7937559 0.8178961 0.7729728 0.7744682 0.7381207 0.7541429 0.7990356 0.7949461 0.8155767 0.8435011 0.778283 0.7542344 0.7381207 0.7284463 0.8066042 0.7754448 0.7830744 0.7284463 0.7381207 0.7176732 0.8166753 0.7562792 0.8280587 0.7970519 0.7833186 0.7176732 0.8207343 0.81872 0.8383129 0.7795038 0.8454238 0.8201544 0.8404492 0.8436537 0.8538163 0.8008972 0.8363292 0.8753319 0.8635517 0.8441725 0.8348338 0.9141209 0.8612629 0.8754845 0.860561 0.9142735 0.8585773 0.9581591 0.8865627 0.9146702 0.8865627 0.9581591 0.8865627 0.8758507 0.8865627 0.8445692 0.8674886 0.8215888 0.8871425 0.8232368 0.8744774 0.8049867 0.8923002 0.8082217 0.8641316 0.7858821 0.8858608 0.7912534 0.9026459 0.7939085 0.8527787 0.762566 0.8820765 0.7720878 0.903531 0.7788019 0.9211707 0.7861263 0.8320872 0.7284463 0.9295328 0.7674795 0.9426863 0.7811518 0.9573351 0.7725151 0.9689016 0.7569811 0.9057283 0.7580798 0.9383221 0.7508774 0.9825129 0.740379 0.8768273 0.7448347 0.908536 0.7420881 0.9454024 0.7390972 0.9485763 0.7284463 0.9928892 0.7284463 0.9928892 0.7176732 0.9120457 0.7284463 0.874752 0.7284463 0.9492172 0.7176732 0.9693289 0.6919767 0.9119236 0.7176732 0.9291666 0.6919767 0.9693289 0.6671346 0.874752 0.7176732 0.9291666 0.6671346 0.9693289 0.6424451 0.8930021 0.6919767 0.9291666 0.6424451 0.9693289 0.6183355 0.9291666 0.6183355 0.8930021 0.6671346 0.8930021 0.6424451 0.8930021 0.6183355 0.8553728 0.6919767 0.8553728 0.6671346 0.8553728 0.6424451 0.8553728 0.6183355 0.8164312 0.6424451 0.8164312 0.6183355 0.7766656 0.6183355 0.8164312 0.6671346 0.7766656 0.6424451 0.7381207 0.6183355 0.7381207 0.6424451 0.7766656 0.6671346 0.7381207 0.6671346 0.8164312 0.6919767 0.7766656 0.6919767 0.7381207 0.6919767 0.8322397 0.7176732 0.7381207 -0.08658101 0.7590259 -0.04184088 0.7381207 -0.04184088 0.7600024 -0.08651997 0.7825251 -0.04184088 0.7381207 -0.1251564 0.7846614 -0.08633687 0.807886 -0.04184088 0.7614368 -0.1251259 0.7381207 -0.1566515 0.8097171 -0.08612324 0.8320566 -0.04184088 0.7866451 -0.1249733 0.7632679 -0.156621 0.7381207 -0.1819819 0.811945 -0.1248512 0.7653127 -0.1821345 0.7381207 -0.2047487 0.7896969 -0.1565905 0.7688223 -0.2050233 0.7381207 -0.2252571 0.7937559 -0.1821039 0.7729728 -0.2255318 0.7381207 -0.2458571 0.7990356 -0.2050539 0.8155767 -0.1564989 0.778283 -0.2457656 0.7381207 -0.2715537 0.8066042 -0.2245552 0.8207343 -0.1812799 0.7830744 -0.2715537 0.7381207 -0.2823267 0.8166753 -0.2437208 0.8280587 -0.2029481 0.8383129 -0.2204962 0.8320872 -0.2715537 0.8454238 -0.1798456 0.8527787 -0.237434 0.8538163 -0.1991028 0.8641316 -0.2141179 0.8404492 -0.1563463 0.8674886 -0.1784112 0.8363292 -0.1246681 0.8635517 -0.1558275 0.8612629 -0.1245155 0.8348338 -0.08587909 0.860561 -0.08572649 0.8585773 -0.04184088 0.8865627 -0.08532976 0.8865627 -0.04184088 0.8865627 -0.1241493 0.8865627 -0.1554308 0.8871425 -0.1767632 0.8744774 -0.1950133 0.8923002 -0.1917783 0.8858608 -0.2087466 0.9026459 -0.2060915 0.8820765 -0.2279122 0.903531 -0.2211982 0.9211707 -0.2138737 0.8768273 -0.2551652 0.9057283 -0.2419202 0.9295328 -0.2325205 0.9427168 -0.2188482 0.9573351 -0.227485 0.9689016 -0.2430189 0.9383221 -0.2491226 0.9825129 -0.259621 0.908536 -0.2579119 0.9454024 -0.2609027 0.9485763 -0.2715537 0.9928892 -0.2715537 0.9928892 -0.2823267 0.9120457 -0.2715537 0.874752 -0.2715537 0.9492172 -0.2823267 0.9693289 -0.3080233 0.9119236 -0.2823267 0.9291666 -0.3080233 0.9693289 -0.3328654 0.874752 -0.2823267 0.9291666 -0.3328654 0.9693289 -0.3575549 0.8930021 -0.3080233 0.9291666 -0.3575549 0.9693289 -0.3816645 0.9291666 -0.3816645 0.8930021 -0.3328654 0.8930021 -0.3575549 0.8930021 -0.3816645 0.8553728 -0.3080233 0.8553728 -0.3328654 0.8553728 -0.3575549 0.8553728 -0.3816645 0.8164312 -0.3575549 0.8164312 -0.3816645 0.7766656 -0.3816645 0.8164312 -0.3328654 0.7766656 -0.3575549 0.7381207 -0.3816645 0.7381207 -0.3575549 0.7766656 -0.3328654 0.7381207 -0.3328654 0.8164312 -0.3080233 0.7766656 -0.3080233 0.7381207 -0.3080233 0.7833186 -0.2823267 0.8322397 -0.2823267 0.01666311 0.1332438 0.02414014 0.1545152 0.03689688 0.1447493 0.0455031 0.1657155 0.05551317 0.1535386 0.03405866 0.1774651 0.06689657 0.1729484 0.07696768 0.1618091 0.0562151 0.1880551 0.04678487 0.202002 0.09186071 0.1812189 0.1034883 0.1596728 0.07910398 0.1920835 0.06884976 0.2088076 0.0633259 0.2268441 0.0896939 0.2102115 0.08215583 0.2298044 0.08438368 0.2504349 0.1042817 0.1992553 0.09787286 0.2477798 0.1083712 0.2670675 0.09927671 0.2247383 0.116184 0.2615741 0.1340068 0.2734458 0.1117893 0.2413709 0.1358989 0.2698752 0.1633961 0.2696615 0.1264382 0.2549211 0.1414228 0.2632222 0.1147191 0.2170171 0.1250038 0.2328867 0.1364177 0.2471389 0.1469161 0.2574847 0.1457869 0.239967 0.1532334 0.2525407 0.1597034 0.2486648 0.165685 0.2479019 0.1369671 0.2246162 0.1536607 0.2332835 0.1597644 0.2281564 0.1650136 0.2252266 0.1613514 0.1976684 0.1479232 0.2139347 0.130314 0.211005 0.1412091 0.1936399 0.1577807 0.1742912 0.1228675 0.1938841 0.1370281 0.1743828 0.1587878 0.1541795 0.1353191 0.160741 0.1136509 0.1760308 0.3764458 0.5876339 0.3662221 0.5956908 0.3969542 0.6074099 0.4012574 0.6010926 0.3794366 0.5779595 0.4263436 0.6159551 0.4112064 0.582873 0.4337291 0.5988647 0.4594256 0.6063417 0.4601276 0.6179082 0.4965056 0.5992309 0.4633931 0.5941954 0.445204 0.5825678 0.3933531 0.5579699 0.3680227 0.5470138 0.4271676 0.5652333 0.3825495 0.5236976 0.3609729 0.5208594 0.3545946 0.4889065 0.4129154 0.5430769 0.4452956 0.5518968 0.38081 0.4920805 0.3478194 0.4476455 0.4085513 0.5183263 0.4372387 0.5307474 0.4585406 0.5706046 0.4670553 0.5418561 0.4729759 0.5834529 0.4751122 0.5601062 0.4840541 0.576342 0.4634541 0.5213477 0.4927519 0.5338603 0.4939726 0.5537279 0.4957732 0.5728629 0.5014802 0.5744499 0.5038911 0.5565355 0.5265664 0.5876339 0.5289773 0.5966368 0.5068514 0.5384381 0.5449385 0.5768914 0.5529038 0.588702 0.5676748 0.5702689 0.5580615 0.5613574 0.5803095 0.5433515 0.5588244 0.5326396 0.5362408 0.5216529 0.5153356 0.5096286 0.5008392 0.512711 0.5005646 0.492172 0.4920194 0.5125278 0.4948576 0.4914701 0.4654073 0.4999237 0.436903 0.5098117 0.5034944 0.4745628 0.5005646 0.492172 0.5229957 0.4711447 0.4089175 0.4915616 0.4423658 0.4883572 0.4720298 0.4810328 0.3820917 0.460036 0.4166082 0.4676962 0.4538408 0.4684591 0.4824061 0.465804 0.5126194 0.4636372 0.5255898 0.4704733 0.4659261 0.453444 0.4908597 0.4559465 0.4327219 0.4456923 0.4035462 0.4346141 0.4481643 0.4285409 0.3805048 0.4208197 0.4267708 0.4127629 0.4087344 0.3964965 0.4398327 0.3983276 0.4780725 0.4387646 0.4651326 0.4073 0.5000153 0.4428846 0.4897 0.4197211 0.4549089 0.3808405 0.4792932 0.3928342 0.5117038 0.4304941 0.428724 0.3757744 0.5042573 0.4009217 0.5189978 0.4521317 0.5225074 0.4581744 0.5442976 0.4538102 0.5373394 0.4396496 0.544908 0.4634236 0.5551012 0.4748375 0.5734123 0.451796 0.5920286 0.465041 0.5686819 0.4462722 0.5979186 0.4361705 0.6217536 0.4481033 0.5604724 0.4295175 0.6188543 0.4166692 0.6515397 0.4142277 0.5946226 0.4315928 0.6359447 0.3968017 0.6122318 0.4123661 0.5833918 0.4165471 0.6498306 0.3675344 0.6660665 0.3698843 0.6646016 0.3301798 0.6260567 0.3891415 0.6573077 0.3308512 0.6544694 0.2883084 0.6391491 0.3263649 0.6367992 0.3593249 0.5994446 0.3996704 0.6109195 0.3779107 0.6194647 0.3493454 0.5847041 0.3744316 0.5659047 0.3892636 0.5472884 0.400647 0.5987732 0.3542894 0.5269936 0.4162725 0.5198523 0.3840144 0.5379192 0.3684805 0.4958953 0.3720511 0.5137486 0.3514206 0.5524155 0.3575854 0.5318155 0.3327433 0.5706046 0.343028 0.5408795 0.3246864 0.5045015 0.3219398 0.5579394 0.3077792 0.526078 0.2958464 0.5456404 0.2730796 0.5850093 0.3265175 0.5713065 0.2924589 0.6059755 0.333079 0.5918149 0.3038728 0.6213874 0.3194983 0.6077151 0.3109836 0.619068 0.2950224 0.6363415 0.2932523 0.6057924 0.2900174 0.6256294 0.267098 0.6131169 0.2728049 0.6371959 0.2568133 0.6584979 0.2719199 0.6439406 0.2443312 0.6130863 0.2536699 0.6112247 0.2465896 0.6052126 0.2332835 0.6052736 0.2260506 0.6036866 0.2500381 0.5769524 0.2517472 0.6052126 0.242439 0.5594653 0.2562639 0.5896481 0.2498245 0.5984374 0.2493057 0.5981017 0.2526322 0.5909299 0.2582171 0.6076846 0.2575152 0.6033815 0.2569048 0.5997803 0.2551958 0.6048769 0.2707602 0.5971557 0.2652364 0.5947753 0.2816553 0.5851924 0.2688986 0.5796686 0.2801904 0.5258339 0.2479629 0.5345622 0.2245552 0.5369121 0.1896725 0.5114902 0.2721946 0.4971465 0.2305673 0.4937895 0.2979217 0.4878079 0.253975 0.4750511 0.2786645 0.476455 0.3209632 0.4618366 0.2986847 0.4536882 0.2640156 0.4870754 0.3457747 0.4695883 0.3662526 0.4595477 0.3411969 0.4454482 0.3575549 0.4477676 0.3198034 0.4352245 0.3375652 0.4199957 0.35609 0.4325388 0.2997528 0.4216743 0.3190405 0.408002 0.3370464 0.3963134 0.3797418 0.3845027 0.3610645 0.3666494 0.4030885 0.3538011 0.3826106 0.3315226 0.4217353 0.3723563 0.3431501 0.2926115 0.4423353 0.2973113 0.4605548 0.3209021 0.39494 0.2630695 0.4597919 0.2610553 0.4703513 0.2349925 0.4775842 0.2882778 0.4173711 0.2353587 0.4631184 0.2109745 0.4686117 0.2408826 0.4492019 0.2091739 0.4779504 0.2639241 0.4448378 0.2406384 0.4334849 0.2045961 0.4860988 0.184637 0.4666891 0.2596515 0.4260079 0.2339244 0.417127 0.1839656 0.4776452 0.2002625 0.4943693 0.2453383 0.3979614 0.2233344 0.4045839 0.2850429 0.3895383 0.2146672 0.3790704 0.2013001 0.3949095 0.2504654 0.37434 0.3128147 0.3684805 0.2829981 0.3631703 0.3436079 0.3603931 0.3086642 0.3458663 0.254799 0.3484298 0.3348796 0.3398541 0.2840663 0.3403119 0.2906278 0.3232521 0.2231513 0.3569445 0.2630695 0.3261818 0.2327647 0.3309122 0.1925718 0.364452 0.201178 0.33726 0.1877499 0.3809015 0.1794183 0.3911863 0.1734367 0.3499863 0.1651051 0.3817255 0.1567125 0.3961913 0.1808527 0.3154088 0.1580248 0.3409223 0.2141179 0.3093051 0.1669668 0.3111973 0.2467727 0.3078097 0.1993164 0.2834864 0.1726127 0.2941374 0.2333445 0.2866604 0.2761315 0.3078707 0.2653584 0.2895902 0.1891537 0.2492141 0.1704154 0.2672201 0.1698355 0.2426832 0.2229377 0.2616047 0.2563555 0.2696005 0.1852779 0.2131413 0.1696219 0.2216254 0.1703543 0.2055116 0.1764885 0.1894589 0.2170476 0.2340159 0.1900693 0.1669057 0.1779229 0.1634266 0.1729179 0.1340678 0.1985534 0.1281472 0.2154607 0.2031617 0.2223579 0.1387371 0.2096011 0.1044038 0.2172308 0.1671194 0.2436903 0.1946471 0.2321238 0.1128269 0.2180548 0.08380383 0.2476882 0.1637318 0.2442091 0.08893093 0.237434 0.05963317 0.2595599 0.1172521 0.2610248 0.06817835 0.2608112 0.04031495 0.2675253 0.08951079 0.2873928 0.06012147 0.289346 0.0237434 0.2532426 0.1435591 0.3137608 0.05203406 0.3268227 0.01162755 0.2907498 0.08603168 0.2880947 0.117954 0.3415021 0.0466628 0.3706168 0.006897183 0.3176672 0.08066042 0.3442488 0.07708976 0.3707389 0.04498428 0.3205054 0.1052583 0.3464461 0.1006806 0.3711051 0.07663198 0.3714408 0.1005585 0.3998535 0.04684591 0.4141667 0.01168859 0.3979003 0.07742546 0.4273202 0.05221717 0.4510941 0.02356029 0.3964354 0.1011994 0.4532914 0.06009094 0.4789575 0.03946043 0.4242988 0.08124027 0.450911 0.08664205 0.4223456 0.106296 0.4790185 0.06732383 0.5015107 0.05743584 0.4736167 0.08957183 0.4958037 0.0872219 0.5201269 0.07898191 0.455031 0.119541 0.5088962 0.1103244 0.5285806 0.09701834 0.4830165 0.1181066 0.5213782 0.1361126 0.5404828 0.1146886 0.5339518 0.1433454 0.4916227 0.1456648 0.5017548 0.1714835 0.4572893 0.1350139 0.5024567 0.2037721 0.4629353 0.1479232 0.4711753 0.1932737 0.4681844 0.2194586 0.4690084 0.164037 0.4626301 0.241554 0.4370556 0.2123173 0.4329966 0.2328867 0.4270455 0.2532731 0.4393139 0.1876583 0.4011048 0.2280648 0.4382458 0.1620228 0.4044618 0.2088382 0.4058657 0.1856441 0.3700674 0.2071291 0.3975646 0.2467421 0.3691824 0.2260201 0.393292 0.2636189 0.3673818 0.2440565 0.4201788 0.2690512 0.3649709 0.2644429 0.4431593 0.2812891 0.4131291 0.2829981 0.3895688 0.2710654 0.4053468 0.3018891 0.384228 0.2871487 0.3937498 0.3191931 0.3783074 0.3034761 0.361156 0.3258461 0.3615528 0.2804956 0.3483383 0.312479 0.3586535 0.2961516 0.3380535 0.263039 0.3384808 0.280343 0.3398846 0.2976775 0.337199 0.2452162 0.312418 0.2672811 0.3162633 0.2855006 0.321543 0.3021943 0.3283792 0.3212378 0.2942595 0.2941984 0.3067415 0.32725 0.3040864 0.3105564 0.2863857 0.2764061 0.3097934 0.2489395 0.2809839 0.2577593 0.2496414 0.2469558 0.2764672 0.2362438 0.2451552 0.2229682 0.274453 0.2144536 0.306711 0.2293771 0.274575 0.1890622 0.3369854 0.2263863 0.3043916 0.2093875 0.3355815 0.2071902 0.3036592 0.1851558 0.2767724 0.1607105 0.3356731 0.1844234 0.3054903 0.1597644 0.2814417 0.1453291 0.3708609 0.1853389 0.2865383 0.1329081 0.3198034 0.1383099 0.3208716 0.1318094 0.3112278 0.1485641 0.3496506 0.1428571 0.3405255 0.1537828 0.3371074 0.1626026 0.3715628 0.159032 0.3713492 0.166509 0.4062929 0.1638234 0.3716544 0.1464888 0.4028138 0.1548509 0.4325694 0.1504868 0.3937193 0.1435896 0.42378 0.1398969 0.4226203 0.1332743 0.3717155 0.1330302 0.3951537 0.1337931 0.4215217 0.1205786 0.3964965 0.1226844 0.3935667 0.1175878 0.3716544 0.1240883 0.3716239 0.1167333 0.3496811 0.1170385 0.3468123 0.122013 0.3216956 0.1193579 0.3482467 0.1330912 0.04382458 0.3997314 0.02233955 0.3910031 0.02636799 0.4046754 0.04547258 0.3813288 0.06433302 0.3952147 0.02096622 0.3500473 0.06176946 0.3787957 0.08719138 0.389996 0.04025391 0.3542283 0.03064058 0.3176977 0.05670339 0.3528245 0.07965331 0.3703421 0.03909421 0.325663 0.04495376 0.2943205 0.05389569 0.3265175 0.05838191 0.3008209 0.0712302 0.3237098 0.07467879 0.3468734 0.07168798 0.3012177 0.0831019 0.2747276 0.06625568 0.2758568 0.09070101 0.2678609 0.08819849 0.3163549 0.08529923 0.298349 0.09488205 0.2801599 0.1062044 0.2738121 0.09213538 0.2902921 0.10712 0.2868435 0.1199377 0.2737815 0.09768975 0.3036592 0.1203345 0.2795495 0.1034577 0.3173925 0.1261025 0.2817163 0.1398053 0.2822657 0.122776 0.2848598 0.1073031 0.3110752 0.11713 0.291879 0.1273843 0.2880337 0.1224097 0.2920927 0.1339763 0.290994 0.1175268 0.3077486 0.1259499 0.3024384 0.1442 0.2971892 0.1539964 0.296701 0.1208533 0.3281655 0.1312906 0.314951 0.1547288 0.3043916 0.142674 0.3287759 0.1124912 0.3342387 0.1293069 0.3478194 0.1453291 0.3693655 0.1246376 0.3552049 0.09234901 0.3349406 0.09973449 0.3533433 0.1138035 0.3704642 0.1091342 0.3855403 0.1410871 0.3824275 0.1369976 0.4029969 0.1097751 0.3955504 0.1365703 0.4257332 0.144322 0.4247871 0.1158177 0.4117252 0.139317 0.4459975 0.1471602 0.4470351 0.1210364 0.4289376 0.09082308 0.4098026 0.08819849 0.4070864 0.07394635 0.4254586 0.09729301 0.422895 0.0769982 0.4345225 0.0595111 0.4370556 0.07113864 0.4668111 0.08352916 0.4399548 0.08917508 0.4464858 0.1041902 0.4370251 0.1255837 0.446852 0.1095615 0.4512162 0.09436323 0.4565264 0.1110874 0.4626606 0.09537034 0.4641865 0.09146398 0.4745323 0.08465835 0.4950713 0.1069063 0.4788049 0.09622486 0.5067293 0.112949 0.5082858 0.1234169 0.4825282 0.1373943 0.5117954 0.1273843 0.4634541 0.1437727 0.4862209 0.1580859 0.5089267 0.1453597 0.4666891 0.1635792 0.4603107 0.1634266 0.4710532 0.1625416 0.4898831 0.1833247 0.4933927 0.1814631 0.5135655 0.2038942 0.5056002 0.2152165 0.5347759 0.2152165 0.5178381 0.2002014 0.5178381 0.2002014 0.5347759 0.2152165 0.546556 0.1843623 0.5178381 0.2002014 0.546556 0.2149724 0.5580615 0.1843623 0.5347759 0.1966918 0.5580615 0.215125 0.5654164 0.1923887 0.5654164 0.1854305 0.5580615 0.1655934 0.5654164 0.1843623 0.546556 0.1635792 0.5580615 0.1383404 0.5580615 0.1384625 0.5654164 0.1635792 0.546556 0.1635792 0.5347759 0.1635792 0.5178381 0.1382488 0.5178381 0.1382488 0.546556 0.1382488 0.5347759 0.1122166 0.5178381 0.1130711 0.5347759 0.07867672 0.5240028 0.1136509 0.5479293 0.08505508 0.537553 0.0507828 0.5322734 0.1151158 0.5597095 0.1176489 0.567217 0.08996857 0.5501572 0.05999939 0.5434431 0.02627644 0.5465865 0.0926542 0.5608692 0.09454634 0.5704215 0.09808649 0.578692 0.06662191 0.5549181 0.06921598 0.5694144 0.08874783 0.5804926 0.09488205 0.5987732 0.03686636 0.5552232 0.04702902 0.5639821 0.02298044 0.5764641 0.01077303 0.5709097 0.04788354 0.581988 0.01873836 0.5987732 0.005920591 0.5987732 0.01077303 0.6266671 0.03350933 0.58034 0.03094577 0.5987732 0.02298044 0.6211127 0.02627644 0.6509903 0.06921598 0.581988 0.04788354 0.5987732 0.06921598 0.5987732 0.08841212 0.5987732 0.08874783 0.6170843 0.09808649 0.6188849 0.06921598 0.6155583 0.09454634 0.6271554 0.1176489 0.6303598 0.04788354 0.6155583 0.06921598 0.6281625 0.03350933 0.6172369 0.04702902 0.6335948 0.03686636 0.6423536 0.06662191 0.6426588 0.05999939 0.6541337 0.0507828 0.6653035 0.0926542 0.6366771 0.08996857 0.6473891 0.08505508 0.6600238 0.07867672 0.673574 0.1151158 0.6378674 0.138432 0.6321299 0.1136509 0.649617 0.1130711 0.662801 0.1122166 0.6770837 0.1383404 0.6394848 0.1655934 0.6321299 0.1382488 0.6510208 0.1382794 0.662801 0.1382794 0.6770837 0.1635792 0.662801 0.1635792 0.6770837 0.1635792 0.6510208 0.1843623 0.662801 0.1843623 0.6770837 0.1635792 0.6394848 0.1843623 0.6510208 0.185461 0.6394848 0.1923887 0.6321299 0.2002014 0.6510208 0.1966918 0.6394848 0.215125 0.6321299 0.2149724 0.6394848 0.2152165 0.6510208 0.2002014 0.662801 0.2152165 0.662801 0.2002014 0.6770837 0.2152165 0.6770837 0.2152165 0.662801 0.2002319 0.6770837 0.2152165 0.6770837 0.2002319 0.662801 0.2152165 0.6510208 0.1843623 0.6770837 0.2002319 0.6510208 0.2149724 0.6394848 0.1843623 0.662801 0.1966918 0.6394848 0.215125 0.6321299 0.1923887 0.6321299 0.1854305 0.6394848 0.1655934 0.6321299 0.1843623 0.6510208 0.1635792 0.6394848 0.1635792 0.6510208 0.1383404 0.6394848 0.1384625 0.6321299 0.1635792 0.662801 0.1635792 0.6770837 0.1382794 0.6770837 0.1382794 0.6510208 0.1382794 0.662801 0.1122166 0.6770837 0.1130711 0.662801 0.07867672 0.673574 0.1136509 0.649617 0.08505508 0.6600238 0.0507828 0.6653035 0.1151158 0.6378674 0.1176489 0.6303598 0.08996857 0.6473891 0.05999939 0.6541337 0.02627644 0.6509903 0.0926542 0.6366771 0.06662191 0.6426588 0.03686636 0.6423536 0.02298044 0.6211127 0.01077303 0.6266671 0.04702902 0.6335948 0.06921598 0.6281625 0.09454634 0.6271554 0.09808649 0.6188849 0.04788354 0.6155583 0.08874783 0.6170843 0.09488205 0.5987732 0.06921598 0.6155583 0.08841212 0.5987732 0.03350933 0.6172369 0.06921598 0.5987732 0.08874783 0.5804926 0.09808649 0.578692 0.04788354 0.5987732 0.06921598 0.581988 0.09454634 0.5704215 0.1176489 0.567217 0.04788354 0.581988 0.1151158 0.5597095 0.138432 0.5654164 0.06921598 0.5694144 0.0926542 0.5608692 0.1383404 0.5580615 0.1655934 0.5654164 0.08996857 0.5501572 0.06662191 0.5549181 0.04702902 0.5639821 0.1136509 0.5479293 0.03350933 0.58034 0.03094577 0.5987732 0.02298044 0.5764641 0.01873836 0.5987732 0.005920591 0.5987732 0.01077303 0.5709097 0.02627644 0.5465865 0.03686636 0.5552232 0.05999939 0.5434431 0.0507828 0.5322734 0.08505508 0.537553 0.07867672 0.5240028 0.1130711 0.5347759 0.1122166 0.5178381 0.1382794 0.546556 0.1382794 0.5347759 0.1382794 0.5178381 0.1635792 0.5347759 0.1635792 0.5178381 0.1635792 0.546556 0.1843623 0.5347759 0.1843623 0.5178381 0.1635792 0.5580615 0.1843623 0.546556 0.185461 0.5580615 0.1923887 0.5654164 0.2002319 0.546556 0.1966918 0.5580615 0.215125 0.5654164 0.2149724 0.5580615 0.2152165 0.546556 0.2002319 0.5347759 0.2152165 0.5347759 0.2002319 0.5178381 0.2152165 0.5178381 0.4727012 -0.1003754 0.4424573 -0.1003754 0.4727012 -0.1164281 0.4424573 -0.1247291 0.4727012 -0.1247291 0.4424573 -0.1164281 0.4116642 -0.1003754 0.4116642 -0.1247291 0.4116642 -0.1164281 0.3823359 -0.1003754 0.3823359 -0.1247291 0.3823359 -0.1164281 0.3505356 -0.1003754 0.3505356 -0.1247291 0.3505356 -0.1164281 0.3167516 -0.1003754 0.3167516 -0.1164281 0.3167516 -0.1247291 0.4424573 0.8752708 0.4727012 0.8835719 0.4727012 0.8752708 0.4424573 0.8835719 0.4116642 0.8752708 0.4727012 0.8996246 0.4424573 0.8996246 0.4116642 0.8835719 0.4116642 0.8996246 0.3823359 0.8752708 0.3823359 0.8996246 0.3823359 0.8835719 0.3505356 0.8752708 0.3505356 0.8996246 0.3167516 0.8835719 0.3167516 0.8752708 0.3505356 0.8835719 0.3167516 0.8996246 0.4824061 0.9056368 0.5096591 0.8194525 0.4824061 0.8160344 0.5348674 0.8300729 0.5543382 0.8506119 0.5669729 0.8767968 0.5713065 0.9058199 0.5669729 0.9366436 0.5543382 0.962096 0.5346538 0.9810785 0.5098727 0.9902646 0.4824061 0.9938048 0.4824061 -0.09436323 0.4824061 -0.1839656 0.5096591 -0.1805475 0.5348674 -0.1699271 0.5543382 -0.1493881 0.5669729 -0.1232032 0.5713065 -0.09418012 0.5669729 -0.06335643 0.5543382 -0.03790399 0.5346538 -0.01892148 0.5098727 -0.009735405 0.4824061 -0.006195257 0.006042665 -0.06601153 0.03222755 -0.06707969 0.006042665 -0.06442457 0.03238014 -0.06543168 0.05645924 -0.06796472 0.05569628 -0.07025361 0.03238014 -0.06405835 0.006042665 -0.0631428 0.05685598 -0.06646931 0.07611316 -0.07611316 0.0704062 -0.08102664 0.07165746 -0.08630635 0.03262429 -0.0598468 0.006042665 -0.05899228 0.08594012 -0.08246101 0.07196265 -0.09475997 0.09830012 -0.09475997 0.07950072 -0.07321391 0.09732353 -0.07922605 0.1180761 -0.08124027 0.1185339 -0.09475997 0.1174047 -0.07431257 0.08154546 -0.0656148 0.05694754 -0.06195258 0.05893124 -0.05001984 0.1169774 -0.06607258 0.03357036 -0.0479751 0.006042665 -0.04754784 0.08398694 -0.05252235 0.03390606 -0.03650014 0.006042665 -0.0361034 0.006042665 -0.02371288 0.05963317 -0.03836177 0.08410902 -0.0400708 0.1163671 -0.05285806 0.1472518 -0.06469924 0.1160619 -0.04071169 0.147618 -0.07513657 0.1468246 -0.05124058 0.1792352 -0.06414991 0.1479232 -0.08270516 0.1484115 -0.09475997 0.179693 -0.07580798 0.1796014 -0.08322398 0.1799677 -0.09475997 0.2165594 -0.08288828 0.2164373 -0.09475997 0.2528153 -0.09475997 0.2166204 -0.07519761 0.2537919 -0.08157597 0.2865688 -0.09475997 0.2166509 -0.0639668 0.2873318 -0.08066042 0.3168737 -0.09475997 0.2537614 -0.07388531 0.3175146 -0.07959227 0.3367412 -0.09475997 0.2877896 -0.07339702 0.2540971 -0.06476028 0.3183081 -0.07296976 0.2879421 -0.06543168 0.3381756 -0.07818842 0.350322 -0.08246101 0.3628956 -0.09475997 0.363567 -0.08597064 0.3573412 -0.07293924 0.3592029 -0.0760216 0.3636585 -0.08005005 0.3840754 -0.07129124 0.3559068 -0.06634724 0.3840449 -0.06769005 0.4125492 -0.06805628 0.3837703 -0.06567583 0.4125187 -0.06588946 0.438612 -0.06747642 0.438612 -0.06540117 0.438612 -0.0633259 0.4123966 -0.06427198 0.438612 -0.05963317 0.3833125 -0.06210517 0.412122 -0.06097598 0.4109317 -0.04943999 0.438612 -0.04837184 0.3820307 -0.05093539 0.3548082 -0.05587939 0.4095584 -0.03790399 0.438612 -0.03711051 0.3802606 -0.03936888 0.4076662 -0.0240791 0.438612 -0.02410962 0.3793145 -0.02548296 0.3540758 -0.04248177 0.4070864 -0.01162755 0.438612 -0.01165807 0.438612 -0.005981628 0.4014405 -0.005981628 0.3790094 -0.01162755 0.3557237 -0.005981628 0.3548692 -0.01159703 0.3183691 -0.005981628 0.3538011 -0.02664266 0.3186743 -0.01162755 0.2881252 -0.01159703 0.2873623 -0.005981628 0.3205359 -0.02682577 0.2544633 -0.01159703 0.2532731 -0.005981628 0.2893765 -0.02481155 0.2550432 -0.0234077 0.2161931 -0.01165807 0.2165288 -0.005981628 0.1800592 -0.005981628 0.1789605 -0.01159703 0.2164067 -0.02392651 0.1467635 -0.01159703 0.1482284 -0.005981628 0.1781671 -0.02337718 0.2165899 -0.03772088 0.2544328 -0.03927732 0.1786859 -0.03802606 0.2895291 -0.04129154 0.2166204 -0.04980621 0.2543107 -0.05157628 0.3201087 -0.04315317 0.2886136 -0.05377362 0.3194983 -0.05600147 0.318949 -0.06558428 0.1788385 -0.05014191 0.1466414 -0.03912473 0.1464583 -0.02435377 0.1156957 -0.02609333 0.1172521 -0.01162755 0.1178015 -0.005981628 0.07663198 -0.01162755 0.08215583 -0.02560503 0.05883969 -0.02517777 0.05764946 -0.01168859 0.07324442 -0.005981628 0.03534044 -0.02401807 0.03747673 -0.01165807 0.04107792 -0.005981628 0.006042665 -0.01165807 0.006042665 -0.005981628 0.006042665 0.9355754 0.03222755 0.9329203 0.006042665 0.9339885 0.03238014 0.9345683 0.05645924 0.9320353 0.05569628 0.9297464 0.03238014 0.9359416 0.006042665 0.9368572 0.05685598 0.9335307 0.07611316 0.9238868 0.0704062 0.9189734 0.07165746 0.9136937 0.03262429 0.9401532 0.006042665 0.9410077 0.08594012 0.917539 0.07196265 0.90524 0.09830012 0.90524 0.07950072 0.9267861 0.09732353 0.9207739 0.1180761 0.9187597 0.1185339 0.90524 0.1174047 0.9256874 0.08154546 0.9343852 0.05694754 0.9380474 0.05893124 0.9499801 0.1169774 0.9339274 0.03357036 0.9520249 0.006042665 0.9524522 0.08398694 0.9474776 0.03390606 0.9634998 0.006042665 0.9638966 0.006042665 0.9762871 0.05963317 0.9616382 0.08410902 0.9599292 0.1163671 0.9471419 0.1472518 0.9353008 0.1160619 0.9592883 0.147618 0.9248635 0.1468246 0.9487594 0.1792352 0.9358501 0.1479232 0.9172949 0.1484115 0.90524 0.179693 0.924192 0.1796014 0.916776 0.1799677 0.90524 0.2165594 0.9171118 0.2164373 0.90524 0.2528153 0.90524 0.2166509 0.924894 0.2537919 0.918424 0.2865688 0.90524 0.2166509 0.9360332 0.2873318 0.9193396 0.3168737 0.90524 0.2537614 0.9261147 0.3175146 0.9204077 0.3367412 0.90524 0.2877896 0.926603 0.2540971 0.9352397 0.3183081 0.9270303 0.2879421 0.9345683 0.3381756 0.9218116 0.350322 0.917539 0.3628956 0.90524 0.363567 0.9140294 0.3573412 0.9270608 0.3592029 0.9239784 0.3636585 0.9199499 0.3840754 0.9287087 0.3840449 0.9323404 0.4125492 0.9319437 0.3837703 0.9343241 0.3559068 0.9336528 0.4125187 0.9341105 0.438612 0.9325235 0.438612 0.9345989 0.438612 0.9366741 0.4123966 0.935728 0.438612 0.9403668 0.3833125 0.9378948 0.412122 0.939024 0.4109317 0.95056 0.438612 0.9516281 0.3820307 0.9490646 0.3548082 0.9441206 0.4095584 0.962096 0.438612 0.9628895 0.3802606 0.9606311 0.4076662 0.9759209 0.438612 0.9758904 0.3793145 0.974517 0.3540758 0.9575182 0.4070864 0.9883724 0.438612 0.9883419 0.438612 0.9940184 0.4014405 0.9940184 0.3790094 0.9883724 0.3557237 0.9940184 0.3548692 0.988403 0.3183691 0.9940184 0.3538011 0.9733573 0.3186743 0.9883724 0.2881252 0.988403 0.2873623 0.9940184 0.3205359 0.9731742 0.2544633 0.988403 0.2532731 0.9940184 0.2893765 0.9751884 0.2550432 0.9765923 0.2161931 0.9883419 0.2165288 0.9940184 0.1800592 0.9940184 0.1789605 0.988403 0.2164067 0.9760735 0.1482284 0.9940184 0.1467635 0.988403 0.1781671 0.9766228 0.2165899 0.9622791 0.2544328 0.9607227 0.1786859 0.961974 0.2895291 0.9587085 0.2166204 0.9501938 0.2543107 0.9484237 0.3201087 0.9568468 0.2886136 0.9462264 0.3194983 0.9439985 0.318949 0.9344157 0.1788385 0.9498581 0.1466414 0.9608753 0.1464583 0.9756463 0.1156957 0.9739067 0.1172521 0.9883724 0.1178015 0.9940184 0.07663198 0.9883724 0.08215583 0.974395 0.05883969 0.9748222 0.05764946 0.9883114 0.07324442 0.9940184 0.03534044 0.975982 0.03747673 0.9883419 0.04107792 0.9940184 0.006042665 0.9883419 0.006042665 0.9940184 0.2923368 -0.4497208 0.2781152 -0.4788049 0.2923368 -0.4816431 0.2667623 -0.4697409 0.3065584 -0.4788049 0.3179418 -0.4697409 0.2582171 -0.4497208 0.326487 -0.4497208 0.2923368 -0.4260994 0.2539445 -0.4260994 0.3307596 -0.4260994 0.2923368 -0.4042787 0.2525407 -0.4042787 0.3335978 -0.4042787 0.2923368 -0.382458 0.2511063 -0.382458 0.3335978 -0.382458 0.2539445 -0.3606372 0.3321635 -0.3606372 0.2923368 -0.3606372 0.2610553 -0.338847 0.3236488 -0.338847 0.2767113 -0.3268838 0.3094272 -0.3268838 0.2923368 -0.3230995 0.2923368 0.5502793 0.2923368 0.5183569 0.2781152 0.5211951 0.2667623 0.5302591 0.3065584 0.5211951 0.3179418 0.5302591 0.2582171 0.5502793 0.326487 0.5502793 0.2923368 0.5739006 0.2539445 0.5739006 0.3307596 0.5739006 0.2923368 0.5957213 0.2525407 0.5957213 0.3335978 0.5957213 0.2923368 0.617542 0.2511063 0.617542 0.3335978 0.617542 0.2539445 0.6393628 0.3321635 0.6393628 0.2923368 0.6393628 0.2610553 0.661153 0.3236488 0.661153 0.2767113 0.6731163 0.3094272 0.6731163 0.2923368 0.6769006 0.1655629 0.09112827 0.1491745 0.1009552 0.1635182 0.1068758 0.1582995 0.1231727 0.1526841 0.08056886 0.1661122 0.06869716 0.1407514 0.117954 0.1520737 0.137669 0.1382183 0.09427167 0.1552171 0.05767998 0.1706595 0.04678487 0.155736 0.03176977 0.1420637 0.06857509 0.1419416 0.04315317 0.1387066 0.01660207 0.1267434 0.08377331 0.1254311 0.0290231 0.1159093 0.006256294 0.128544 0.05508591 0.1054415 0.02307199 0.09390546 0.00613422 0.1157872 0.04602191 0.1172521 0.07483139 0.09137242 0.02331614 0.06659139 0.01419111 0.1066012 0.04327525 0.109592 0.06735435 0.1037934 0.06189154 0.09735405 0.08319346 0.1009247 0.04461806 0.08960234 0.03180029 0.09842219 0.05880917 0.07412946 0.02697836 0.0969573 0.04776147 0.05343791 0.02481155 0.02264473 0.03415021 0.08957183 0.03881954 0.0458388 0.03488266 0.0631428 0.03564562 0.08124027 0.03671377 0.02337718 0.04547258 0.007293924 0.06466872 0.04382458 0.05169836 0.02792444 0.06585895 0.05908383 0.0474868 0.0487991 0.06735435 0.02023377 0.08542131 0.006988739 0.09460738 0.04037599 0.08206427 0.02569658 0.1093478 0.02069155 0.1216773 0.04455702 0.1416364 0.04031495 0.1034272 0.0466628 0.1243324 0.07354961 0.15244 0.05844295 0.09430219 0.06570635 0.1151158 0.07193213 0.1347697 0.1020234 0.1552171 0.1000092 0.1400494 0.1248512 0.1555834 0.08020265 0.09912412 0.1275979 0.1467635 0.1455733 0.1504257 0.09231849 0.1163366 0.1140782 0.1282083 0.1322977 0.1332133 0.1265908 0.1134678 0.1119419 0.1041292 0.1019318 0.09280679 0.07736442 0.08539079 0.06039613 0.07913449 0.06772057 0.07046724 0.07931761 0.0758385 0.06103702 0.06054872 0.09384441 0.07425153 0.07202368 0.04959258 0.07211524 0.05725272 0.07504501 0.04211554 0.08380383 0.04898221 0.08209479 0.05288858 0.08651997 0.04687643 0.08984649 0.05700858 0.09079257 0.04776147 0.09344768 0.05136265 0.09378338 0.05764946 0.09073153 0.06189154 0.09170812 0.0674459 0.08645894 0.06283761 0.08209479 0.06906339 0.08294931 0.06125065 0.07550279 0.06469924 0.08142339 0.05713065</float_array>
          <technique_common>
            <accessor source="#body_low__MI_body-texcoord-array" count="2733" stride="2">
              <param name="S" type="float" />
              <param name="T" type="float" />
            </accessor>
          </technique_common>
        </source>
        <vertices id="body_low__MI_body-vertex">
          <input semantic="POSITION" source="#body_low__MI_body-position" />
        </vertices>
        <triangles material="MI_body" count="4337">
          <input semantic="VERTEX" source="#body_low__MI_body-vertex" offset="0" />
          <input semantic="NORMAL" source="#body_low__MI_body-normal" offset="1" />
          <input semantic="TEXCOORD" source="#body_low__MI_body-texcoord" offset="2" set="0" />
          <p>0 0 0 1 1 1 2 2 2 3 3 3 4 4 4 5 5 5 6 6 6 7 7 7 8 8 8 9 9 9 10 10 10 7 7 7 11 11 11 12 12 12 13 13 13 14 14 14 13 13 13 15 15 15 16 16 16 17 17 17 18 18 18 18 18 18 19 19 19 20 20 20 20 20 20 21 21 21 22 22 22 23 23 23 24 24 24 25 25 25 26 26 26 27 27 27 23 23 23 28 28 28 29 29 29 26 26 26 30 30 30 31 31 31 32 32 32 30 30 30 32 32 32 33 33 33 34 34 34 35 35 35 36 36 36 37 37 37 34 34 34 38 38 38 39 39 39 35 35 35 37 37 37 40 40 40 35 35 35 39 39 39 41 41 41 37 37 37 38 38 38 39 39 39 37 37 37 41 41 41 42 42 42 40 40 40 39 39 39 43 43 43 40 40 40 42 42 42 44 44 44 39 39 39 41 41 41 42 42 42 39 39 39 44 44 44 45 45 45 43 43 43 42 42 42 46 46 46 43 43 43 45 45 45 47 47 47 42 42 42 44 44 44 45 45 45 42 42 42 47 47 47 48 48 48 46 46 46 45 45 45 49 49 49 46 46 46 48 48 48 50 50 50 49 49 49 51 51 51 51 51 51 49 49 49 48 48 48 51 51 51 48 48 48 52 52 52 48 48 48 45 45 45 53 53 53 52 52 52 48 48 48 53 53 53 53 53 53 45 45 45 47 47 47 52 52 52 53 53 53 54 54 54 53 53 53 47 47 47 55 55 55 54 54 54 53 53 53 55 55 55 55 55 55 47 47 47 56 56 56 47 47 47 44 44 44 56 56 56 57 57 57 54 54 54 55 55 55 58 58 58 54 54 54 57 57 57 59 59 59 55 55 55 56 56 56 57 57 57 55 55 55 59 59 59 56 56 56 44 44 44 60 60 60 56 56 56 60 60 60 59 59 59 44 44 44 41 41 41 60 60 60 61 61 61 58 58 58 57 57 57 62 62 62 58 58 58 61 61 61 60 60 60 41 41 41 63 63 63 41 41 41 38 38 38 63 63 63 60 60 60 63 63 63 64 64 64 59 59 59 60 60 60 64 64 64 63 63 63 38 38 38 65 65 65 38 38 38 66 66 66 65 65 65 65 65 65 66 66 66 67 67 67 64 64 64 63 63 63 68 68 68 63 63 63 65 65 65 68 68 68 65 65 65 67 67 67 69 69 69 68 68 68 65 65 65 69 69 69 69 69 69 67 67 67 70 70 70 71 71 71 69 69 69 70 70 70 64 64 64 68 68 68 72 72 72 72 72 72 59 59 59 64 64 64 68 68 68 69 69 69 73 73 73 72 72 72 68 68 68 73 73 73 74 74 74 69 69 69 71 71 71 73 73 73 69 69 69 74 74 74 75 75 75 74 74 74 71 71 71 76 76 76 59 59 59 72 72 72 76 76 76 57 57 57 59 59 59 61 61 61 57 57 57 76 76 76 77 77 77 74 74 74 75 75 75 78 78 78 61 61 61 76 76 76 79 79 79 74 74 74 77 77 77 73 73 73 74 74 74 79 79 79 77 77 77 75 75 75 80 80 80 80 80 80 79 79 79 77 77 77 80 80 80 75 75 75 81 81 81 82 82 82 73 73 73 79 79 79 72 72 72 73 73 73 82 82 82 82 82 82 76 76 76 72 72 72 78 78 78 76 76 76 82 82 82 83 83 83 79 79 79 80 80 80 83 83 83 82 82 82 79 79 79 80 80 80 81 81 81 84 84 84 84 84 84 83 83 83 80 80 80 84 84 84 81 81 81 85 85 85 86 86 86 84 84 84 85 85 85 87 87 87 82 82 82 83 83 83 87 87 87 78 78 78 82 82 82 88 88 88 83 83 83 84 84 84 88 88 88 87 87 87 83 83 83 89 89 89 84 84 84 86 86 86 89 89 89 88 88 88 84 84 84 89 89 89 86 86 86 90 90 90 91 91 91 87 87 87 88 88 88 92 92 92 88 88 88 89 89 89 92 92 92 91 91 91 88 88 88 93 93 93 89 89 89 90 90 90 93 93 93 92 92 92 89 89 89 94 94 94 93 93 93 90 90 90 95 95 95 94 94 94 90 90 90 96 96 96 97 97 97 95 95 95 94 94 94 98 98 98 93 93 93 98 98 98 92 92 92 93 93 93 97 97 97 99 99 99 94 94 94 99 99 99 98 98 98 94 94 94 100 100 100 99 99 99 97 97 97 98 98 98 101 101 101 92 92 92 101 101 101 91 91 91 92 92 92 99 99 99 102 102 102 98 98 98 102 102 102 101 101 101 98 98 98 100 100 100 103 103 103 99 99 99 103 103 103 102 102 102 99 99 99 104 104 104 103 103 103 100 100 100 105 105 105 103 103 103 104 104 104 106 106 106 103 103 103 105 105 105 106 106 106 102 102 102 103 103 103 107 107 107 106 106 106 105 105 105 108 108 108 101 101 101 102 102 102 108 108 108 102 102 102 106 106 106 109 109 109 106 106 106 107 107 107 109 109 109 108 108 108 106 106 106 110 110 110 109 109 109 107 107 107 111 111 111 109 109 109 110 110 110 111 111 111 112 112 112 109 109 109 112 112 112 108 108 108 109 109 109 113 113 113 112 112 112 111 111 111 114 114 114 101 101 101 108 108 108 112 112 112 114 114 114 108 108 108 114 114 114 91 91 91 101 101 101 113 113 113 115 115 115 112 112 112 115 115 115 114 114 114 112 112 112 116 116 116 115 115 115 113 113 113 116 116 116 117 117 117 115 115 115 115 115 115 117 117 117 118 118 118 115 115 115 118 118 118 114 114 114 117 117 117 119 119 119 118 118 118 120 120 120 91 91 91 114 114 114 114 114 114 118 118 118 120 120 120 118 118 118 119 119 119 121 121 121 118 118 118 121 121 121 120 120 120 119 119 119 122 122 122 121 121 121 120 120 120 123 123 123 91 91 91 120 120 120 121 121 121 123 123 123 91 91 91 123 123 123 87 87 87 123 123 123 78 78 78 87 87 87 121 121 121 122 122 122 124 124 124 121 121 121 124 124 124 123 123 123 123 123 123 124 124 124 78 78 78 122 122 122 62 62 62 124 124 124 124 124 124 61 61 61 78 78 78 124 124 124 62 62 62 61 61 61 125 125 125 126 126 126 127 127 127 128 128 128 129 129 129 126 126 126 128 128 128 125 125 125 130 130 130 130 130 130 125 125 125 131 131 131 129 129 129 128 128 128 132 132 132 132 132 132 128 128 128 130 130 130 130 130 130 131 131 131 133 133 133 133 133 133 131 131 131 134 134 134 132 132 132 130 130 130 135 135 135 135 135 135 130 130 130 133 133 133 133 133 133 134 134 134 136 136 136 136 136 136 134 134 134 137 137 137 135 135 135 133 133 133 138 138 138 138 138 138 133 133 133 136 136 136 136 136 136 137 137 137 139 139 139 139 139 139 137 137 137 140 140 140 141 141 141 140 140 140 142 142 142 139 139 139 140 140 140 141 141 141 143 143 143 139 139 139 141 141 141 144 144 144 136 136 136 139 139 139 144 144 144 139 139 139 143 143 143 138 138 138 136 136 136 144 144 144 145 145 145 144 144 144 143 143 143 146 146 146 138 138 138 144 144 144 146 146 146 144 144 144 145 145 145 147 147 147 138 138 138 146 146 146 147 147 147 135 135 135 138 138 138 145 145 145 148 148 148 146 146 146 149 149 149 148 148 148 145 145 145 146 146 146 150 150 150 147 147 147 148 148 148 150 150 150 146 146 146 151 151 151 135 135 135 147 147 147 150 150 150 151 151 151 147 147 147 151 151 151 132 132 132 135 135 135 149 149 149 152 152 152 148 148 148 153 153 153 152 152 152 149 149 149 154 154 154 132 132 132 151 151 151 154 154 154 129 129 129 132 132 132 153 153 153 155 155 155 152 152 152 156 156 156 155 155 155 153 153 153 152 152 152 157 157 157 148 148 148 148 148 148 157 157 157 150 150 150 155 155 155 158 158 158 152 152 152 152 152 152 158 158 158 157 157 157 156 156 156 159 159 159 155 155 155 160 160 160 159 159 159 156 156 156 155 155 155 161 161 161 158 158 158 159 159 159 161 161 161 155 155 155 160 160 160 162 162 162 159 159 159 163 163 163 162 162 162 160 160 160 159 159 159 164 164 164 161 161 161 162 162 162 164 164 164 159 159 159 163 163 163 165 165 165 162 162 162 166 166 166 165 165 165 163 163 163 167 167 167 165 165 165 166 166 166 162 162 162 168 168 168 164 164 164 165 165 165 168 168 168 162 162 162 169 169 169 165 165 165 167 167 167 169 169 169 168 168 168 165 165 165 170 170 170 169 169 169 167 167 167 168 168 168 171 171 171 164 164 164 164 164 164 171 171 171 161 161 161 172 172 172 169 169 169 170 170 170 173 173 173 172 172 172 170 170 170 174 174 174 172 172 172 173 173 173 175 175 175 168 168 168 169 169 169 172 172 172 175 175 175 169 169 169 174 174 174 176 176 176 172 172 172 176 176 176 175 175 175 172 172 172 177 177 177 176 176 176 174 174 174 175 175 175 178 178 178 168 168 168 178 178 178 171 171 171 168 168 168 176 176 176 179 179 179 175 175 175 179 179 179 178 178 178 175 175 175 177 177 177 180 180 180 176 176 176 180 180 180 179 179 179 176 176 176 181 181 181 180 180 180 177 177 177 181 181 181 182 182 182 180 180 180 180 180 180 182 182 182 183 183 183 180 180 180 183 183 183 179 179 179 182 182 182 184 184 184 183 183 183 185 185 185 184 184 184 186 186 186 183 183 183 184 184 184 187 187 187 187 187 187 185 185 185 188 188 188 179 179 179 183 183 183 189 189 189 183 183 183 187 187 187 189 189 189 179 179 179 189 189 189 178 178 178 190 190 190 187 187 187 188 188 188 189 189 189 187 187 187 190 190 190 178 178 178 189 189 189 191 191 191 189 189 189 190 190 190 191 191 191 178 178 178 191 191 191 171 171 171 190 190 190 188 188 188 192 192 192 191 191 191 190 190 190 192 192 192 188 188 188 193 193 193 192 192 192 171 171 171 191 191 191 194 194 194 191 191 191 192 192 192 194 194 194 192 192 192 193 193 193 195 195 195 194 194 194 192 192 192 195 195 195 195 195 195 193 193 193 196 196 196 196 196 196 197 197 197 195 195 195 171 171 171 194 194 194 198 198 198 161 161 161 171 171 171 198 198 198 161 161 161 198 198 198 158 158 158 194 194 194 195 195 195 199 199 199 198 198 198 194 194 194 199 199 199 195 195 195 197 197 197 200 200 200 199 199 199 195 195 195 200 200 200 197 197 197 201 201 201 200 200 200 158 158 158 198 198 198 202 202 202 198 198 198 199 199 199 202 202 202 158 158 158 202 202 202 157 157 157 199 199 199 200 200 200 203 203 203 202 202 202 199 199 199 203 203 203 200 200 200 201 201 201 204 204 204 203 203 203 200 200 200 204 204 204 204 204 204 201 201 201 205 205 205 204 204 204 205 205 205 203 203 203 205 205 205 201 201 201 206 206 206 203 203 203 207 207 207 202 202 202 203 203 203 205 205 205 207 207 207 157 157 157 202 202 202 208 208 208 202 202 202 207 207 207 208 208 208 157 157 157 208 208 208 150 150 150 205 205 205 206 206 206 209 209 209 205 205 205 209 209 209 207 207 207 209 209 209 206 206 206 210 210 210 210 210 210 211 211 211 209 209 209 207 207 207 212 212 212 208 208 208 207 207 207 209 209 209 212 212 212 150 150 150 208 208 208 213 213 213 208 208 208 212 212 212 213 213 213 213 213 213 151 151 151 150 150 150 213 213 213 154 154 154 151 151 151 212 212 212 154 154 154 213 213 213 209 209 209 214 214 214 212 212 212 212 212 212 214 214 214 154 154 154 209 209 209 211 211 211 214 214 214 214 214 214 129 129 129 154 154 154 211 211 211 215 215 215 214 214 214 214 214 214 215 215 215 129 129 129 216 216 216 217 217 217 218 218 218 219 219 219 217 217 217 216 216 216 220 220 220 219 219 219 216 216 216 221 221 221 219 219 219 220 220 220 222 222 222 221 221 221 220 220 220 223 223 223 221 221 221 222 222 222 224 224 224 223 223 223 222 222 222 225 225 225 223 223 223 224 224 224 225 225 225 224 224 224 226 226 226 226 226 226 224 224 224 227 227 227 226 226 226 227 227 227 228 228 228 228 228 228 227 227 227 229 229 229 228 228 228 229 229 229 230 230 230 230 230 230 229 229 229 231 231 231 232 232 232 230 230 230 231 231 231 233 233 233 230 230 230 232 232 232 234 234 234 233 233 233 232 232 232 235 235 235 233 233 233 234 234 234 235 235 235 234 234 234 236 236 236 236 236 236 234 234 234 237 237 237 238 238 238 239 239 239 240 240 240 241 241 241 239 239 239 238 238 238 241 241 241 242 242 242 239 239 239 243 243 243 242 242 242 241 241 241 243 243 243 244 244 244 242 242 242 245 245 245 244 244 244 243 243 243 245 245 245 246 246 246 244 244 244 247 247 247 246 246 246 245 245 245 247 247 247 248 248 248 246 246 246 246 246 246 248 248 248 249 249 249 248 248 248 250 250 250 249 249 249 249 249 249 250 250 250 251 251 251 250 250 250 252 252 252 251 251 251 251 251 251 252 252 252 253 253 253 252 252 252 254 254 254 253 253 253 255 255 255 254 254 254 252 252 252 255 255 255 256 256 256 254 254 254 257 257 257 256 256 256 255 255 255 257 257 257 258 258 258 256 256 256 256 256 256 258 258 258 259 259 259 260 260 260 261 261 261 262 262 262 263 263 263 261 261 261 260 260 260 264 264 264 263 263 263 260 260 260 261 261 261 263 263 263 265 265 265 266 266 266 263 263 263 264 264 264 267 267 267 266 266 266 264 264 264 265 265 265 263 263 263 268 268 268 263 263 263 266 266 266 268 268 268 265 265 265 268 268 268 269 269 269 270 270 270 266 266 266 267 267 267 271 271 271 270 270 270 267 267 267 268 268 268 266 266 266 272 272 272 266 266 266 270 270 270 272 272 272 269 269 269 268 268 268 273 273 273 268 268 268 272 272 272 273 273 273 269 269 269 273 273 273 274 274 274 273 273 273 275 275 275 274 274 274 273 273 273 272 272 272 276 276 276 273 273 273 276 276 276 275 275 275 272 272 272 270 270 270 277 277 277 272 272 272 277 277 277 276 276 276 278 278 278 270 270 270 271 271 271 278 278 278 277 277 277 270 270 270 278 278 278 271 271 271 279 279 279 279 279 279 271 271 271 280 280 280 281 281 281 277 277 277 278 278 278 279 279 279 281 281 281 278 278 278 276 276 276 277 277 277 282 282 282 281 281 281 282 282 282 277 277 277 279 279 279 280 280 280 283 283 283 283 283 283 280 280 280 284 284 284 285 285 285 281 281 281 279 279 279 283 283 283 285 285 285 279 279 279 286 286 286 282 282 282 281 281 281 285 285 285 286 286 286 281 281 281 276 276 276 282 282 282 287 287 287 276 276 276 287 287 287 275 275 275 282 282 282 288 288 288 287 287 287 282 282 282 286 286 286 288 288 288 287 287 287 289 289 289 275 275 275 289 289 289 287 287 287 288 288 288 289 289 289 290 290 290 275 275 275 291 291 291 290 290 290 289 289 289 292 292 292 291 291 291 289 289 289 293 293 293 291 291 291 292 292 292 294 294 294 292 292 292 289 289 289 295 295 295 293 293 293 292 292 292 292 292 292 294 294 294 295 295 295 295 295 295 296 296 296 293 293 293 296 296 296 297 297 297 293 293 293 297 297 297 296 296 296 298 298 298 295 295 295 299 299 299 296 296 296 294 294 294 299 299 299 295 295 295 296 296 296 300 300 300 298 298 298 298 298 298 300 300 300 301 301 301 299 299 299 302 302 302 296 296 296 300 300 300 296 296 296 302 302 302 299 299 299 294 294 294 303 303 303 300 300 300 304 304 304 301 301 301 305 305 305 302 302 302 299 299 299 303 303 303 305 305 305 299 299 299 306 306 306 300 300 300 302 302 302 300 300 300 306 306 306 304 304 304 305 305 305 307 307 307 302 302 302 307 307 307 306 306 306 302 302 302 305 305 305 303 303 303 308 308 308 309 309 309 305 305 305 308 308 308 307 307 307 305 305 305 309 309 309 308 308 308 303 303 303 310 310 310 311 311 311 307 307 307 309 309 309 312 312 312 307 307 307 311 311 311 307 307 307 312 312 312 306 306 306 313 313 313 312 312 312 311 311 311 312 312 312 314 314 314 306 306 306 306 306 306 314 314 314 304 304 304 315 315 315 312 312 312 313 313 313 314 314 314 312 312 312 315 315 315 316 316 316 315 315 315 313 313 313 314 314 314 317 317 317 304 304 304 317 317 317 314 314 314 315 315 315 318 318 318 315 315 315 316 316 316 317 317 317 315 315 315 318 318 318 319 319 319 318 318 318 316 316 316 318 318 318 319 319 319 320 320 320 321 321 321 317 317 317 318 318 318 321 321 321 318 318 318 320 320 320 317 317 317 322 322 322 304 304 304 301 301 301 304 304 304 322 322 322 323 323 323 301 301 301 322 322 322 317 317 317 321 321 321 324 324 324 322 322 322 317 317 317 324 324 324 324 324 324 321 321 321 320 320 320 323 323 323 322 322 322 324 324 324 325 325 325 324 324 324 320 320 320 325 325 325 323 323 323 324 324 324 294 294 294 326 326 326 303 303 303 303 303 303 326 326 326 310 310 310 294 294 294 327 327 327 326 326 326 327 327 327 294 294 294 289 289 289 327 327 327 289 289 289 288 288 288 310 310 310 326 326 326 328 328 328 327 327 327 329 329 329 326 326 326 326 326 326 329 329 329 328 328 328 288 288 288 330 330 330 327 327 327 330 330 330 329 329 329 327 327 327 288 288 288 331 331 331 330 330 330 286 286 286 331 331 331 288 288 288 332 332 332 329 329 329 330 330 330 286 286 286 333 333 333 331 331 331 333 333 333 286 286 286 285 285 285 331 331 331 334 334 334 330 330 330 334 334 334 332 332 332 330 330 330 333 333 333 335 335 335 331 331 331 334 334 334 331 331 331 335 335 335 336 336 336 333 333 333 285 285 285 336 336 336 285 285 285 283 283 283 335 335 335 333 333 333 337 337 337 337 337 337 333 333 333 336 336 336 338 338 338 334 334 334 335 335 335 334 334 334 338 338 338 332 332 332 339 339 339 335 335 335 337 337 337 335 335 335 339 339 339 338 338 338 340 340 340 337 337 337 336 336 336 341 341 341 336 336 336 283 283 283 340 340 340 336 336 336 341 341 341 283 283 283 284 284 284 341 341 341 341 341 341 284 284 284 342 342 342 341 341 341 342 342 342 343 343 343 343 343 343 340 340 340 341 341 341 343 343 343 342 342 342 344 344 344 345 345 345 337 337 337 340 340 340 337 337 337 345 345 345 339 339 339 346 346 346 340 340 340 343 343 343 346 346 346 345 345 345 340 340 340 343 343 343 344 344 344 347 347 347 347 347 347 346 346 346 343 343 343 347 347 347 344 344 344 348 348 348 349 349 349 347 347 347 348 348 348 350 350 350 345 345 345 346 346 346 351 351 351 347 347 347 349 349 349 352 352 352 351 351 351 349 349 349 353 353 353 346 346 346 347 347 347 347 347 347 351 351 351 353 353 353 353 353 353 350 350 350 346 346 346 354 354 354 351 351 351 352 352 352 355 355 355 354 354 354 352 352 352 356 356 356 354 354 354 355 355 355 353 353 353 351 351 351 357 357 357 351 351 351 354 354 354 357 357 357 354 354 354 356 356 356 358 358 358 357 357 357 354 354 354 358 358 358 358 358 358 356 356 356 359 359 359 353 353 353 357 357 357 360 360 360 360 360 360 350 350 350 353 353 353 357 357 357 358 358 358 361 361 361 360 360 360 357 357 357 361 361 361 358 358 358 359 359 359 362 362 362 361 361 361 358 358 358 362 362 362 362 362 362 359 359 359 363 363 363 363 363 363 364 364 364 365 365 365 362 362 362 363 363 363 365 365 365 362 362 362 365 365 365 366 366 366 361 361 361 362 362 362 366 366 366 361 361 361 366 366 366 367 367 367 360 360 360 361 361 361 367 367 367 367 367 367 366 366 366 368 368 368 360 360 360 367 367 367 369 369 369 350 350 350 360 360 360 369 369 369 370 370 370 367 367 367 368 368 368 369 369 369 367 367 367 370 370 370 368 368 368 371 371 371 370 370 370 350 350 350 369 369 369 372 372 372 345 345 345 350 350 350 372 372 372 345 345 345 372 372 372 339 339 339 371 371 371 373 373 373 370 370 370 373 373 373 371 371 371 374 374 374 375 375 375 369 369 369 370 370 370 370 370 370 373 373 373 375 375 375 376 376 376 372 372 372 369 369 369 375 375 375 376 376 376 369 369 369 377 377 377 339 339 339 372 372 372 376 376 376 377 377 377 372 372 372 339 339 339 377 377 377 338 338 338 376 376 376 375 375 375 378 378 378 379 379 379 338 338 338 377 377 377 380 380 380 377 377 377 376 376 376 380 380 380 379 379 379 377 377 377 378 378 378 380 380 380 376 376 376 338 338 338 379 379 379 332 332 332 381 381 381 380 380 380 378 378 378 379 379 379 380 380 380 381 381 381 375 375 375 382 382 382 378 378 378 373 373 373 382 382 382 375 375 375 378 378 378 382 382 382 383 383 383 383 383 383 381 381 381 378 378 378 373 373 373 384 384 384 382 382 382 384 384 384 373 373 373 374 374 374 382 382 382 385 385 385 383 383 383 384 384 384 385 385 385 382 382 382 384 384 384 374 374 374 386 386 386 383 383 383 385 385 385 387 387 387 383 383 383 387 387 387 381 381 381 385 385 385 384 384 384 388 388 388 385 385 385 388 388 388 387 387 387 389 389 389 384 384 384 386 386 386 384 384 384 389 389 389 388 388 388 389 389 389 386 386 386 390 390 390 386 386 386 391 391 391 390 390 390 388 388 388 389 389 389 392 392 392 389 389 389 390 390 390 392 392 392 387 387 387 388 388 388 393 393 393 388 388 388 392 392 392 393 393 393 390 390 390 391 391 391 394 394 394 391 391 391 395 395 395 394 394 394 392 392 392 390 390 390 396 396 396 390 390 390 394 394 394 396 396 396 392 392 392 396 396 396 393 393 393 394 394 394 395 395 395 397 397 397 395 395 395 398 398 398 397 397 397 396 396 396 394 394 394 399 399 399 394 394 394 397 397 397 399 399 399 400 400 400 397 397 397 398 398 398 401 401 401 400 400 400 398 398 398 402 402 402 399 399 399 397 397 397 400 400 400 402 402 402 397 397 397 401 401 401 403 403 403 404 404 404 400 400 400 401 401 401 404 404 404 402 402 402 400 400 400 405 405 405 400 400 400 404 404 404 405 405 405 406 406 406 399 399 399 402 402 402 405 405 405 404 404 404 407 407 407 407 407 407 404 404 404 408 408 408 409 409 409 402 402 402 405 405 405 409 409 409 406 406 406 402 402 402 410 410 410 405 405 405 407 407 407 410 410 410 409 409 409 405 405 405 399 399 399 406 406 406 411 411 411 396 396 396 399 399 399 411 411 411 396 396 396 411 411 411 393 393 393 412 412 412 406 406 406 409 409 409 406 406 406 412 412 412 411 411 411 413 413 413 409 409 409 410 410 410 413 413 413 412 412 412 409 409 409 414 414 414 413 413 413 410 410 410 410 410 410 407 407 407 414 414 414 413 413 413 415 415 415 412 412 412 413 413 413 414 414 414 416 416 416 415 415 415 413 413 413 416 416 416 407 407 407 417 417 417 414 414 414 416 416 416 414 414 414 418 418 418 414 414 414 417 417 417 418 418 418 416 416 416 419 419 419 415 415 415 419 419 419 416 416 416 418 418 418 417 417 417 407 407 407 420 420 420 418 418 418 417 417 417 420 420 420 407 407 407 421 421 421 420 420 420 421 421 421 407 407 407 408 408 408 422 422 422 418 418 418 420 420 420 421 421 421 408 408 408 423 423 423 408 408 408 424 424 424 423 423 423 425 425 425 420 420 420 421 421 421 423 423 423 425 425 425 421 421 421 420 420 420 425 425 425 422 422 422 423 423 423 424 424 424 426 426 426 424 424 424 427 427 427 426 426 426 425 425 425 423 423 423 428 428 428 423 423 423 426 426 426 428 428 428 429 429 429 426 426 426 427 427 427 426 426 426 429 429 429 428 428 428 430 430 430 429 429 429 427 427 427 425 425 425 428 428 428 431 431 431 425 425 425 431 431 431 422 422 422 432 432 432 429 429 429 430 430 430 433 433 433 432 432 432 430 430 430 429 429 429 434 434 434 428 428 428 429 429 429 432 432 432 434 434 434 428 428 428 435 435 435 431 431 431 435 435 435 428 428 428 434 434 434 422 422 422 431 431 431 436 436 436 422 422 422 436 436 436 418 418 418 431 431 431 437 437 437 436 436 436 431 431 431 435 435 435 437 437 437 436 436 436 438 438 438 418 418 418 435 435 435 439 439 439 437 437 437 438 438 438 419 419 419 418 418 418 439 439 439 435 435 435 440 440 440 440 440 440 435 435 435 434 434 434 441 441 441 439 439 439 440 440 440 442 442 442 443 443 443 438 438 438 441 441 441 440 440 440 444 444 444 445 445 445 441 441 441 444 444 444 443 443 443 446 446 446 438 438 438 419 419 419 438 438 438 446 446 446 443 443 443 447 447 447 446 446 446 448 448 448 419 419 419 446 446 446 419 419 419 448 448 448 415 415 415 447 447 447 449 449 449 446 446 446 446 446 446 449 449 449 448 448 448 447 447 447 450 450 450 449 449 449 415 415 415 448 448 448 451 451 451 415 415 415 451 451 451 412 412 412 449 449 449 452 452 452 448 448 448 448 448 448 452 452 452 451 451 451 450 450 450 453 453 453 449 449 449 449 449 449 453 453 453 452 452 452 450 450 450 454 454 454 453 453 453 451 451 451 452 452 452 455 455 455 453 453 453 455 455 455 452 452 452 454 454 454 456 456 456 453 453 453 453 453 453 456 456 456 455 455 455 454 454 454 457 457 457 456 456 456 458 458 458 451 451 451 455 455 455 412 412 412 451 451 451 458 458 458 456 456 456 459 459 459 455 455 455 455 455 455 459 459 459 458 458 458 457 457 457 460 460 460 456 456 456 456 456 456 460 460 460 459 459 459 460 460 460 457 457 457 310 310 310 328 328 328 460 460 460 310 310 310 460 460 460 461 461 461 459 459 459 461 461 461 460 460 460 328 328 328 459 459 459 462 462 462 458 458 458 459 459 459 461 461 461 462 462 462 463 463 463 412 412 412 458 458 458 463 463 463 458 458 458 462 462 462 412 412 412 463 463 463 411 411 411 463 463 463 464 464 464 411 411 411 464 464 464 463 463 463 462 462 462 464 464 464 393 393 393 411 411 411 461 461 461 465 465 465 462 462 462 464 464 464 462 462 462 465 465 465 464 464 464 466 466 466 393 393 393 466 466 466 464 464 464 465 465 465 466 466 466 387 387 387 393 393 393 387 387 387 466 466 466 381 381 381 381 381 381 466 466 466 467 467 467 466 466 466 465 465 465 467 467 467 467 467 467 379 379 379 381 381 381 467 467 467 465 465 465 468 468 468 379 379 379 467 467 467 468 468 468 465 465 465 461 461 461 468 468 468 468 468 468 461 461 461 328 328 328 332 332 332 379 379 379 468 468 468 468 468 468 328 328 328 329 329 329 332 332 332 468 468 468 329 329 329 469 469 469 470 470 470 471 471 471 471 471 471 470 470 470 472 472 472 471 471 471 472 472 472 473 473 473 470 470 470 474 474 474 472 472 472 473 473 473 472 472 472 475 475 475 472 472 472 474 474 474 476 476 476 472 472 472 476 476 476 475 475 475 474 474 474 477 477 477 476 476 476 475 475 475 476 476 476 478 478 478 476 476 476 477 477 477 479 479 479 476 476 476 479 479 479 478 478 478 477 477 477 480 480 480 479 479 479 478 478 478 479 479 479 481 481 481 479 479 479 480 480 480 482 482 482 479 479 479 482 482 482 481 481 481 480 480 480 483 483 483 482 482 482 481 481 481 482 482 482 484 484 484 482 482 482 485 485 485 484 484 484 482 482 482 483 483 483 485 485 485 484 484 484 485 485 485 486 486 486 485 485 485 487 487 487 486 486 486 483 483 483 488 488 488 485 485 485 488 488 488 487 487 487 485 485 485 489 489 489 488 488 488 483 483 483 488 488 488 490 490 490 487 487 487 489 489 489 491 491 491 488 488 488 491 491 491 490 490 490 488 488 488 492 492 492 491 491 491 489 489 489 491 491 491 493 493 493 490 490 490 492 492 492 494 494 494 491 491 491 494 494 494 493 493 493 491 491 491 495 495 495 494 494 494 492 492 492 494 494 494 496 496 496 493 493 493 495 495 495 497 497 497 494 494 494 497 497 497 496 496 496 494 494 494 497 497 497 498 498 498 496 496 496 499 499 499 497 497 497 495 495 495 500 500 500 498 498 498 497 497 497 499 499 499 500 500 500 497 497 497 501 501 501 500 500 500 499 499 499 502 502 502 503 503 503 504 504 504 505 505 505 503 503 503 502 502 502 506 506 506 505 505 505 502 502 502 503 503 503 505 505 505 507 507 507 508 508 508 505 505 505 506 506 506 507 507 507 505 505 505 509 509 509 508 508 508 509 509 509 505 505 505 506 506 506 510 510 510 508 508 508 511 511 511 510 510 510 506 506 506 512 512 512 509 509 509 508 508 508 510 510 510 512 512 512 508 508 508 509 509 509 513 513 513 507 507 507 507 507 507 513 513 513 514 514 514 514 514 514 513 513 513 515 515 515 509 509 509 512 512 512 516 516 516 509 509 509 516 516 516 513 513 513 515 515 515 513 513 513 517 517 517 515 515 515 517 517 517 518 518 518 518 518 518 517 517 517 519 519 519 516 516 516 520 520 520 513 513 513 513 513 513 520 520 520 517 517 517 517 517 517 521 521 521 519 519 519 519 519 519 521 521 521 522 522 522 517 517 517 520 520 520 521 521 521 521 521 521 520 520 520 523 523 523 524 524 524 520 520 520 516 516 516 524 524 524 523 523 523 520 520 520 516 516 516 512 512 512 524 524 524 525 525 525 523 523 523 524 524 524 526 526 526 524 524 524 512 512 512 526 526 526 512 512 512 510 510 510 527 527 527 525 525 525 524 524 524 527 527 527 524 524 524 526 526 526 528 528 528 525 525 525 527 527 527 529 529 529 526 526 526 510 510 510 511 511 511 529 529 529 510 510 510 530 530 530 529 529 529 511 511 511 531 531 531 527 527 527 526 526 526 531 531 531 526 526 526 529 529 529 532 532 532 528 528 528 527 527 527 532 532 532 527 527 527 531 531 531 533 533 533 528 528 528 532 532 532 534 534 534 529 529 529 530 530 530 535 535 535 534 534 534 530 530 530 536 536 536 533 533 533 532 532 532 537 537 537 533 533 533 536 536 536 538 538 538 535 535 535 539 539 539 538 538 538 534 534 534 535 535 535 540 540 540 537 537 537 536 536 536 541 541 541 537 537 537 540 540 540 540 540 540 542 542 542 541 541 541 538 538 538 543 543 543 534 534 534 544 544 544 543 543 543 538 538 538 545 545 545 543 543 543 544 544 544 546 546 546 542 542 542 547 547 547 548 548 548 543 543 543 545 545 545 549 549 549 548 548 548 545 545 545 547 547 547 542 542 542 550 550 550 550 550 550 542 542 542 540 540 540 547 547 547 550 550 550 551 551 551 552 552 552 550 550 550 540 540 540 540 540 540 536 536 536 552 552 552 551 551 551 550 550 550 553 553 553 553 553 553 550 550 550 552 552 552 551 551 551 553 553 553 554 554 554 554 554 554 553 553 553 555 555 555 553 553 553 552 552 552 555 555 555 554 554 554 555 555 555 556 556 556 552 552 552 536 536 536 557 557 557 536 536 536 532 532 532 557 557 557 557 557 557 532 532 532 531 531 531 555 555 555 552 552 552 558 558 558 552 552 552 557 557 557 558 558 558 556 556 556 555 555 555 559 559 559 555 555 555 558 558 558 559 559 559 556 556 556 559 559 559 560 560 560 560 560 560 559 559 559 549 549 549 559 559 559 548 548 548 549 549 549 559 559 559 558 558 558 548 548 548 558 558 558 557 557 557 561 561 561 558 558 558 561 561 561 548 548 548 557 557 557 531 531 531 561 561 561 548 548 548 561 561 561 543 543 543 561 561 561 531 531 531 529 529 529 543 543 543 561 561 561 534 534 534 534 534 534 561 561 561 529 529 529 562 562 562 563 563 563 564 564 564 564 564 564 563 563 563 565 565 565 563 563 563 566 566 566 565 565 565 564 564 564 565 565 565 567 567 567 565 565 565 566 566 566 568 568 568 566 566 566 569 569 569 568 568 568 567 567 567 565 565 565 570 570 570 565 565 565 568 568 568 570 570 570 571 571 571 567 567 567 570 570 570 572 572 572 567 567 567 571 571 571 570 570 570 568 568 568 573 573 573 570 570 570 573 573 573 571 571 571 568 568 568 569 569 569 574 574 574 568 568 568 574 574 574 573 573 573 569 569 569 575 575 575 574 574 574 576 576 576 577 577 577 575 575 575 578 578 578 575 575 575 577 577 577 574 574 574 575 575 575 578 578 578 578 578 578 577 577 577 579 579 579 573 573 573 574 574 574 580 580 580 574 574 574 578 578 578 580 580 580 581 581 581 578 578 578 579 579 579 580 580 580 578 578 578 581 581 581 573 573 573 580 580 580 582 582 582 571 571 571 573 573 573 582 582 582 580 580 580 581 581 581 583 583 583 582 582 582 580 580 580 583 583 583 581 581 581 579 579 579 584 584 584 584 584 584 579 579 579 585 585 585 585 585 585 586 586 586 584 584 584 571 571 571 582 582 582 587 587 587 587 587 587 572 572 572 571 571 571 588 588 588 572 572 572 587 587 587 589 589 589 588 588 588 590 590 590 590 590 590 588 588 588 587 587 587 587 587 587 582 582 582 591 591 591 587 587 587 591 591 591 590 590 590 582 582 582 583 583 583 591 591 591 590 590 590 591 591 591 592 592 592 591 591 591 593 593 593 592 592 592 591 591 591 583 583 583 593 593 593 592 592 592 593 593 593 594 594 594 594 594 594 593 593 593 595 595 595 593 593 593 583 583 583 596 596 596 595 595 595 593 593 593 596 596 596 596 596 596 583 583 583 597 597 597 583 583 583 581 581 581 597 597 597 581 581 581 584 584 584 597 597 597 596 596 596 598 598 598 595 595 595 596 596 596 597 597 597 598 598 598 595 595 595 598 598 598 599 599 599 597 597 597 584 584 584 600 600 600 598 598 598 597 597 597 600 600 600 584 584 584 601 601 601 600 600 600 584 584 584 586 586 586 601 601 601 586 586 586 602 602 602 601 601 601 600 600 600 603 603 603 598 598 598 600 600 600 601 601 601 603 603 603 601 601 601 602 602 602 604 604 604 601 601 601 604 604 604 603 603 603 605 605 605 604 604 604 602 602 602 606 606 606 604 604 604 605 605 605 606 606 606 607 607 607 604 604 604 603 603 603 604 604 604 607 607 607 608 608 608 607 607 607 606 606 606 598 598 598 603 603 603 609 609 609 598 598 598 609 609 609 599 599 599 599 599 599 609 609 609 610 610 610 610 610 610 609 609 609 611 611 611 612 612 612 603 603 603 607 607 607 609 609 609 603 603 603 612 612 612 608 608 608 613 613 613 607 607 607 607 607 607 613 613 613 612 612 612 614 614 614 613 613 613 608 608 608 614 614 614 615 615 615 613 613 613 612 612 612 616 616 616 609 609 609 611 611 611 609 609 609 616 616 616 613 613 613 616 616 616 612 612 612 611 611 611 616 616 616 617 617 617 618 618 618 616 616 616 613 613 613 617 617 617 616 616 616 618 618 618 613 613 613 615 615 615 618 618 618 617 617 617 618 618 618 619 619 619 619 619 619 618 618 618 620 620 620 618 618 618 615 615 615 620 620 620 620 620 620 615 615 615 621 621 621 622 622 622 623 623 623 624 624 624 624 624 624 623 623 623 625 625 625 624 624 624 625 625 625 626 626 626 623 623 623 627 627 627 625 625 625 626 626 626 625 625 625 628 628 628 626 626 626 628 628 628 629 629 629 625 625 625 627 627 627 630 630 630 627 627 627 631 631 631 630 630 630 625 625 625 632 632 632 628 628 628 630 630 630 632 632 632 625 625 625 629 629 629 628 628 628 633 633 633 628 628 628 632 632 632 633 633 633 629 629 629 633 633 633 634 634 634 630 630 630 631 631 631 635 635 635 630 630 630 635 635 635 632 632 632 631 631 631 636 636 636 635 635 635 634 634 634 633 633 633 637 637 637 634 634 634 637 637 637 638 638 638 633 633 633 632 632 632 639 639 639 633 633 633 639 639 639 637 637 637 632 632 632 635 635 635 640 640 640 632 632 632 640 640 640 639 639 639 635 635 635 636 636 636 641 641 641 635 635 635 641 641 641 640 640 640 636 636 636 642 642 642 641 641 641 641 641 641 642 642 642 643 643 643 642 642 642 644 644 644 643 643 643 640 640 640 641 641 641 645 645 645 641 641 641 643 643 643 645 645 645 643 643 643 644 644 644 646 646 646 644 644 644 647 647 647 646 646 646 645 645 645 643 643 643 648 648 648 643 643 643 646 646 646 648 648 648 640 640 640 645 645 645 649 649 649 639 639 639 640 640 640 649 649 649 645 645 645 648 648 648 650 650 650 649 649 649 645 645 645 650 650 650 639 639 639 649 649 649 651 651 651 637 637 637 639 639 639 651 651 651 650 650 650 652 652 652 649 649 649 637 637 637 651 651 651 653 653 653 638 638 638 637 637 637 653 653 653 638 638 638 653 653 653 654 654 654 651 651 651 649 649 649 655 655 655 649 649 649 652 652 652 655 655 655 653 653 653 651 651 651 656 656 656 651 651 651 655 655 655 656 656 656 654 654 654 653 653 653 657 657 657 653 653 653 656 656 656 657 657 657 654 654 654 657 657 657 658 658 658 656 656 656 655 655 655 659 659 659 658 658 658 657 657 657 660 660 660 658 658 658 660 660 660 661 661 661 657 657 657 656 656 656 662 662 662 656 656 656 659 659 659 662 662 662 663 663 663 660 660 660 657 657 657 657 657 657 662 662 662 663 663 663 661 661 661 664 664 664 665 665 665 666 666 666 664 664 664 661 661 661 661 661 661 660 660 660 666 666 666 666 666 666 667 667 667 664 664 664 668 668 668 660 660 660 663 663 663 666 666 666 660 660 660 668 668 668 669 669 669 667 667 667 666 666 666 668 668 668 669 669 669 666 666 666 669 669 669 670 670 670 667 667 667 671 671 671 668 668 668 663 663 663 663 663 663 662 662 662 671 671 671 672 672 672 669 669 669 668 668 668 673 673 673 671 671 671 662 662 662 662 662 662 659 659 659 673 673 673 674 674 674 668 668 668 671 671 671 672 672 672 668 668 668 674 674 674 675 675 675 671 671 671 673 673 673 671 671 671 675 675 675 674 674 674 659 659 659 676 676 676 673 673 673 676 676 676 675 675 675 673 673 673 677 677 677 676 676 676 659 659 659 659 659 659 655 655 655 677 677 677 678 678 678 675 675 675 676 676 676 677 677 677 655 655 655 679 679 679 655 655 655 652 652 652 679 679 679 652 652 652 680 680 680 679 679 679 675 675 675 678 678 678 681 681 681 674 674 674 675 675 675 681 681 681 681 681 681 678 678 678 682 682 682 652 652 652 683 683 683 680 680 680 684 684 684 680 680 680 683 683 683 652 652 652 650 650 650 683 683 683 683 683 683 685 685 685 684 684 684 683 683 683 650 650 650 686 686 686 650 650 650 648 648 648 686 686 686 683 683 683 687 687 687 685 685 685 685 685 685 687 687 687 688 688 688 686 686 686 689 689 689 683 683 683 683 683 683 689 689 689 687 687 687 648 648 648 690 690 690 686 686 686 686 686 686 690 690 690 689 689 689 648 648 648 646 646 646 690 690 690 646 646 646 691 691 691 690 690 690 646 646 646 647 647 647 691 691 691 690 690 690 692 692 692 689 689 689 690 690 690 691 691 691 692 692 692 647 647 647 693 693 693 691 691 691 691 691 691 693 693 693 692 692 692 694 694 694 693 693 693 647 647 647 689 689 689 692 692 692 695 695 695 689 689 689 695 695 695 687 687 687 692 692 692 693 693 693 696 696 696 692 692 692 696 696 696 695 695 695 694 694 694 697 697 697 693 693 693 693 693 693 697 697 697 696 696 696 698 698 698 697 697 697 694 694 694 699 699 699 700 700 700 698 698 698 698 698 698 700 700 700 697 697 697 697 697 697 700 700 700 701 701 701 696 696 696 697 697 697 701 701 701 701 701 701 700 700 700 702 702 702 696 696 696 701 701 701 703 703 703 695 695 695 696 696 696 703 703 703 701 701 701 702 702 702 704 704 704 703 703 703 701 701 701 704 704 704 704 704 704 702 702 702 705 705 705 705 705 705 706 706 706 704 704 704 695 695 695 703 703 703 707 707 707 687 687 687 695 695 695 707 707 707 687 687 687 707 707 707 688 688 688 708 708 708 703 703 703 704 704 704 704 704 704 706 706 706 708 708 708 707 707 707 703 703 703 709 709 709 709 709 709 703 703 703 708 708 708 710 710 710 688 688 688 707 707 707 707 707 707 709 709 709 710 710 710 711 711 711 688 688 688 710 710 710 711 711 711 710 710 710 712 712 712 708 708 708 706 706 706 713 713 713 713 713 713 709 709 709 708 708 708 713 713 713 706 706 706 714 714 714 710 710 710 709 709 709 715 715 715 715 715 715 709 709 709 713 713 713 712 712 712 710 710 710 716 716 716 710 710 710 715 715 715 716 716 716 712 712 712 716 716 716 717 717 717 715 715 715 713 713 713 718 718 718 716 716 716 715 715 715 718 718 718 717 717 717 716 716 716 719 719 719 716 716 716 718 718 718 719 719 719 717 717 717 719 719 719 682 682 682 682 682 682 719 719 719 681 681 681 719 719 719 720 720 720 681 681 681 719 719 719 718 718 718 720 720 720 681 681 681 720 720 720 674 674 674 718 718 718 713 713 713 721 721 721 713 713 713 714 714 714 721 721 721 721 721 721 714 714 714 722 722 722 722 722 722 723 723 723 721 721 721 720 720 720 718 718 718 724 724 724 724 724 724 718 718 718 721 721 721 721 721 721 723 723 723 725 725 725 721 721 721 725 725 725 724 724 724 726 726 726 725 725 725 723 723 723 720 720 720 724 724 724 727 727 727 724 724 724 725 725 725 727 727 727 720 720 720 727 727 727 674 674 674 674 674 674 727 727 727 672 672 672 672 672 672 727 727 727 669 669 669 728 728 728 725 725 725 726 726 726 727 727 727 725 725 725 728 728 728 669 669 669 727 727 727 728 728 728 726 726 726 729 729 729 728 728 728 728 728 728 670 670 670 669 669 669 728 728 728 729 729 729 670 670 670 730 730 730 731 731 731 732 732 732 733 733 733 731 731 731 730 730 730 734 734 734 733 733 733 730 730 730 733 733 733 735 735 735 731 731 731 736 736 736 733 733 733 734 734 734 737 737 737 736 736 736 734 734 734 738 738 738 735 735 735 733 733 733 736 736 736 738 738 738 733 733 733 738 738 738 739 739 739 735 735 735 740 740 740 736 736 736 737 737 737 737 737 737 741 741 741 740 740 740 740 740 740 741 741 741 742 742 742 743 743 743 738 738 738 736 736 736 740 740 740 743 743 743 736 736 736 744 744 744 739 739 739 738 738 738 743 743 743 744 744 744 738 738 738 744 744 744 745 745 745 739 739 739 739 739 739 745 745 745 746 746 746 747 747 747 744 744 744 743 743 743 744 744 744 747 747 747 745 745 745 748 748 748 743 743 743 740 740 740 748 748 748 747 747 747 743 743 743 740 740 740 742 742 742 748 748 748 745 745 745 749 749 749 746 746 746 746 746 746 749 749 749 750 750 750 745 745 745 747 747 747 751 751 751 745 745 745 751 751 751 749 749 749 752 752 752 747 747 747 748 748 748 747 747 747 752 752 752 751 751 751 748 748 748 742 742 742 753 753 753 748 748 748 753 753 753 752 752 752 753 753 753 742 742 742 754 754 754 754 754 754 742 742 742 755 755 755 752 752 752 753 753 753 756 756 756 754 754 754 756 756 756 753 753 753 751 751 751 752 752 752 757 757 757 752 752 752 756 756 756 757 757 757 755 755 755 758 758 758 754 754 754 759 759 759 758 758 758 755 755 755 759 759 759 760 760 760 758 758 758 761 761 761 760 760 760 759 759 759 762 762 762 754 754 754 758 758 758 760 760 760 762 762 762 758 758 758 761 761 761 763 763 763 760 760 760 764 764 764 763 763 763 761 761 761 764 764 764 765 765 765 763 763 763 766 766 766 762 762 762 760 760 760 763 763 763 766 766 766 760 760 760 763 763 763 765 765 765 767 767 767 765 765 765 768 768 768 767 767 767 769 769 769 766 766 766 763 763 763 767 767 767 769 769 769 763 763 763 767 767 767 768 768 768 770 770 770 771 771 771 769 769 769 767 767 767 767 767 767 770 770 770 771 771 771 770 770 770 768 768 768 772 772 772 772 772 772 768 768 768 773 773 773 771 771 771 770 770 770 774 774 774 772 772 772 773 773 773 775 775 775 775 775 775 773 773 773 776 776 776 776 776 776 777 777 777 775 775 775 778 778 778 770 770 770 772 772 772 772 772 772 775 775 775 778 778 778 774 774 774 770 770 770 778 778 778 775 775 775 777 777 777 779 779 779 778 778 778 775 775 775 779 779 779 779 779 779 777 777 777 780 780 780 779 779 779 780 780 780 778 778 778 780 780 780 777 777 777 781 781 781 781 781 781 782 782 782 780 780 780 778 778 778 780 780 780 783 783 783 780 780 780 782 782 782 783 783 783 778 778 778 783 783 783 774 774 774 782 782 782 784 784 784 783 783 783 774 774 774 783 783 783 785 785 785 783 783 783 784 784 784 785 785 785 785 785 785 771 771 771 774 774 774 784 784 784 786 786 786 785 785 785 787 787 787 771 771 771 785 785 785 785 785 785 786 786 786 787 787 787 787 787 787 769 769 769 771 771 771 786 786 786 788 788 788 787 787 787 789 789 789 769 769 769 787 787 787 787 787 787 788 788 788 789 789 789 789 789 789 766 766 766 769 769 769 788 788 788 790 790 790 789 789 789 791 791 791 766 766 766 789 789 789 789 789 789 790 790 790 791 791 791 766 766 766 791 791 791 762 762 762 790 790 790 792 792 792 791 791 791 762 762 762 791 791 791 793 793 793 791 791 791 792 792 792 793 793 793 762 762 762 793 793 793 794 794 794 794 794 794 754 754 754 762 762 762 794 794 794 756 756 756 754 754 754 792 792 792 795 795 795 793 793 793 794 794 794 793 793 793 796 796 796 793 793 793 795 795 795 796 796 796 756 756 756 794 794 794 797 797 797 797 797 797 794 794 794 796 796 796 756 756 756 797 797 797 798 798 798 757 757 757 756 756 756 798 798 798 799 799 799 797 797 797 796 796 796 798 798 798 797 797 797 800 800 800 800 800 800 797 797 797 799 799 799 757 757 757 798 798 798 801 801 801 800 800 800 802 802 802 798 798 798 801 801 801 798 798 798 802 802 802 800 800 800 799 799 799 803 803 803 803 803 803 802 802 802 800 800 800 799 799 799 796 796 796 804 804 804 804 804 804 796 796 796 795 795 795 803 803 803 799 799 799 805 805 805 799 799 799 804 804 804 805 805 805 802 802 802 803 803 803 806 806 806 805 805 805 807 807 807 803 803 803 806 806 806 803 803 803 807 807 807 806 806 806 808 808 808 802 802 802 802 802 802 808 808 808 801 801 801 807 807 807 809 809 809 806 806 806 808 808 808 806 806 806 810 810 810 810 810 810 806 806 806 809 809 809 811 811 811 801 801 801 808 808 808 812 812 812 808 808 808 810 810 810 811 811 811 808 808 808 812 812 812 813 813 813 757 757 757 801 801 801 813 813 813 801 801 801 811 811 811 751 751 751 757 757 757 813 813 813 749 749 749 751 751 751 813 813 813 749 749 749 813 813 813 814 814 814 814 814 814 813 813 813 811 811 811 749 749 749 814 814 814 750 750 750 750 750 750 814 814 814 815 815 815 814 814 814 811 811 811 816 816 816 814 814 814 816 816 816 815 815 815 816 816 816 811 811 811 812 812 812 815 815 815 816 816 816 817 817 817 816 816 816 818 818 818 817 817 817 816 816 816 812 812 812 818 818 818 817 817 817 818 818 818 819 819 819 818 818 818 812 812 812 820 820 820 812 812 812 810 810 810 820 820 820 818 818 818 821 821 821 819 819 819 818 818 818 820 820 820 821 821 821 819 819 819 821 821 821 822 822 822 820 820 820 810 810 810 823 823 823 810 810 810 809 809 809 823 823 823 821 821 821 820 820 820 824 824 824 820 820 820 823 823 823 824 824 824 821 821 821 825 825 825 822 822 822 824 824 824 825 825 825 821 821 821 822 822 822 825 825 825 826 826 826 825 825 825 827 827 827 826 826 826 828 828 828 827 827 827 825 825 825 828 828 828 829 829 829 827 827 827 830 830 830 829 829 829 828 828 828 831 831 831 825 825 825 824 824 824 831 831 831 828 828 828 825 825 825 832 832 832 830 830 830 828 828 828 832 832 832 828 828 828 831 831 831 833 833 833 830 830 830 832 832 832 834 834 834 831 831 831 824 824 824 824 824 824 823 823 823 834 834 834 835 835 835 832 832 832 831 831 831 835 835 835 831 831 831 834 834 834 836 836 836 833 833 833 832 832 832 836 836 836 832 832 832 835 835 835 837 837 837 833 833 833 836 836 836 837 837 837 838 838 838 839 839 839 836 836 836 838 838 838 837 837 837 836 836 836 840 840 840 838 838 838 835 835 835 840 840 840 836 836 836 835 835 835 841 841 841 840 840 840 834 834 834 841 841 841 835 835 835 841 841 841 842 842 842 840 840 840 823 823 823 843 843 843 834 834 834 834 834 834 843 843 843 841 841 841 823 823 823 809 809 809 843 843 843 844 844 844 842 842 842 841 841 841 843 843 843 844 844 844 841 841 841 842 842 842 844 844 844 845 845 845 846 846 846 843 843 843 809 809 809 846 846 846 809 809 809 807 807 807 847 847 847 844 844 844 843 843 843 847 847 847 843 843 843 846 846 846 845 845 845 844 844 844 848 848 848 844 844 844 847 847 847 848 848 848 848 848 848 849 849 849 845 845 845 850 850 850 846 846 846 807 807 807 850 850 850 807 807 807 805 805 805 851 851 851 849 849 849 848 848 848 851 851 851 852 852 852 849 849 849 853 853 853 846 846 846 850 850 850 846 846 846 853 853 853 847 847 847 848 848 848 847 847 847 854 854 854 847 847 847 853 853 853 854 854 854 848 848 848 854 854 854 851 851 851 855 855 855 853 853 853 850 850 850 805 805 805 855 855 855 850 850 850 853 853 853 856 856 856 854 854 854 856 856 856 853 853 853 855 855 855 854 854 854 856 856 856 857 857 857 851 851 851 854 854 854 857 857 857 856 856 856 858 858 858 857 857 857 856 856 856 855 855 855 858 858 858 857 857 857 859 859 859 851 851 851 857 857 857 858 858 858 859 859 859 860 860 860 855 855 855 805 805 805 805 805 805 804 804 804 860 860 860 858 858 858 855 855 855 861 861 861 855 855 855 860 860 860 861 861 861 860 860 860 804 804 804 862 862 862 861 861 861 860 860 860 862 862 862 862 862 862 804 804 804 863 863 863 804 804 804 795 795 795 863 863 863 861 861 861 862 862 862 864 864 864 861 861 861 865 865 865 858 858 858 864 864 864 865 865 865 861 861 861 858 858 858 865 865 865 859 859 859 864 864 864 862 862 862 866 866 866 863 863 863 866 866 866 862 862 862 863 863 863 795 795 795 867 867 867 795 795 795 792 792 792 867 867 867 867 867 867 792 792 792 868 868 868 867 867 867 869 869 869 863 863 863 869 869 869 866 866 866 863 863 863 868 868 868 870 870 870 867 867 867 870 870 870 869 869 869 867 867 867 871 871 871 870 870 870 868 868 868 869 869 869 872 872 872 866 866 866 871 871 871 873 873 873 870 870 870 874 874 874 873 873 873 871 871 871 870 870 870 875 875 875 869 869 869 873 873 873 875 875 875 870 870 870 875 875 875 872 872 872 869 869 869 874 874 874 876 876 876 873 873 873 877 877 877 876 876 876 874 874 874 873 873 873 878 878 878 875 875 875 876 876 876 878 878 878 873 873 873 879 879 879 875 875 875 878 878 878 872 872 872 875 875 875 879 879 879 876 876 876 880 880 880 878 878 878 880 880 880 879 879 879 878 878 878 877 877 877 881 881 881 876 876 876 881 881 881 880 880 880 876 876 876 882 882 882 881 881 881 877 877 877 883 883 883 884 884 884 882 882 882 882 882 882 884 884 884 881 881 881 880 880 880 881 881 881 885 885 885 885 885 885 881 881 881 884 884 884 886 886 886 879 879 879 880 880 880 885 885 885 886 886 886 880 880 880 884 884 884 887 887 887 885 885 885 888 888 888 887 887 887 884 884 884 889 889 889 886 886 886 885 885 885 885 885 885 887 887 887 889 889 889 886 886 886 890 890 890 879 879 879 890 890 890 872 872 872 879 879 879 886 886 886 889 889 889 891 891 891 891 891 891 890 890 890 886 886 886 891 891 891 889 889 889 892 892 892 889 889 889 887 887 887 892 892 892 893 893 893 872 872 872 890 890 890 893 893 893 866 866 866 872 872 872 864 864 864 866 866 866 893 893 893 893 893 893 894 894 894 864 864 864 890 890 890 894 894 894 893 893 893 864 864 864 894 894 894 865 865 865 895 895 895 894 894 894 890 890 890 896 896 896 865 865 865 894 894 894 890 890 890 897 897 897 895 895 895 891 891 891 897 897 897 890 890 890 898 898 898 894 894 894 895 895 895 896 896 896 894 894 894 898 898 898 891 891 891 899 899 899 897 897 897 892 892 892 899 899 899 891 891 891 897 897 897 900 900 900 895 895 895 895 895 895 900 900 900 898 898 898 899 899 899 901 901 901 897 897 897 897 897 897 901 901 901 900 900 900 899 899 899 892 892 892 902 902 902 899 899 899 902 902 902 901 901 901 902 902 902 892 892 892 903 903 903 892 892 892 887 887 887 903 903 903 887 887 887 904 904 904 903 903 903 903 903 903 904 904 904 902 902 902 905 905 905 904 904 904 887 887 887 905 905 905 887 887 887 888 888 888 902 902 902 904 904 904 906 906 906 905 905 905 888 888 888 907 907 907 907 907 907 888 888 888 908 908 908 904 904 904 905 905 905 909 909 909 909 909 909 905 905 905 907 907 907 909 909 909 906 906 906 904 904 904 907 907 907 908 908 908 910 910 910 910 910 910 908 908 908 911 911 911 909 909 909 907 907 907 912 912 912 912 912 912 907 907 907 910 910 910 913 913 913 906 906 906 909 909 909 909 909 909 912 912 912 913 913 913 906 906 906 914 914 914 902 902 902 906 906 906 913 913 913 914 914 914 902 902 902 914 914 914 915 915 915 914 914 914 913 913 913 916 916 916 901 901 901 902 902 902 915 915 915 913 913 913 917 917 917 916 916 916 913 913 913 912 912 912 917 917 917 916 916 916 917 917 917 918 918 918 919 919 919 918 918 918 917 917 917 917 917 917 912 912 912 919 919 919 920 920 920 918 918 918 919 919 919 919 919 919 912 912 912 921 921 921 910 910 910 921 921 921 912 912 912 922 922 922 920 920 920 919 919 919 919 919 919 921 921 921 922 922 922 923 923 923 920 920 920 922 922 922 924 924 924 921 921 921 910 910 910 911 911 911 924 924 924 910 910 910 925 925 925 924 924 924 911 911 911 921 921 921 924 924 924 926 926 926 922 922 922 921 921 921 926 926 926 925 925 925 927 927 927 924 924 924 926 926 926 924 924 924 927 927 927 928 928 928 927 927 927 925 925 925 928 928 928 929 929 929 927 927 927 927 927 927 929 929 929 926 926 926 930 930 930 929 929 929 928 928 928 931 931 931 922 922 922 926 926 926 926 926 926 929 929 929 931 931 931 932 932 932 923 923 923 922 922 922 932 932 932 922 922 922 931 931 931 933 933 933 923 923 923 932 932 932 929 929 929 930 930 930 934 934 934 934 934 934 930 930 930 935 935 935 936 936 936 933 933 933 932 932 932 937 937 937 933 933 933 936 936 936 938 938 938 932 932 932 931 931 931 936 936 936 932 932 932 938 938 938 939 939 939 931 931 931 929 929 929 939 939 939 938 938 938 931 931 931 939 939 939 929 929 929 934 934 934 940 940 940 937 937 937 936 936 936 941 941 941 937 937 937 940 940 940 942 942 942 936 936 936 938 938 938 940 940 940 936 936 936 942 942 942 943 943 943 941 941 941 940 940 940 942 942 942 943 943 943 940 940 940 944 944 944 941 941 941 943 943 943 944 944 944 945 945 945 946 946 946 943 943 943 945 945 945 944 944 944 943 943 943 947 947 947 945 945 945 948 948 948 943 943 943 942 942 942 948 948 948 947 947 947 943 943 943 942 942 942 949 949 949 948 948 948 948 948 948 949 949 949 947 947 947 938 938 938 950 950 950 942 942 942 950 950 950 949 949 949 942 942 942 939 939 939 950 950 950 938 938 938 947 947 947 949 949 949 951 951 951 951 951 951 952 952 952 947 947 947 953 953 953 951 951 951 949 949 949 949 949 949 950 950 950 953 953 953 954 954 954 951 951 951 953 953 953 950 950 950 939 939 939 955 955 955 953 953 953 950 950 950 955 955 955 955 955 955 939 939 939 934 934 934 956 956 956 954 954 954 953 953 953 955 955 955 956 956 956 953 953 953 957 957 957 954 954 954 956 956 956 958 958 958 955 955 955 934 934 934 935 935 935 958 958 958 934 934 934 959 959 959 958 958 958 935 935 935 960 960 960 958 958 958 959 959 959 961 961 961 956 956 956 955 955 955 961 961 961 955 955 955 958 958 958 962 962 962 958 958 958 960 960 960 960 960 960 963 963 963 962 962 962 961 961 961 958 958 958 964 964 964 964 964 964 958 958 958 962 962 962 964 964 964 956 956 956 961 961 961 962 962 962 963 963 963 965 965 965 962 962 962 965 965 965 964 964 964 963 963 963 966 966 966 965 965 965 967 967 967 956 956 956 964 964 964 967 967 967 957 957 957 956 956 956 968 968 968 957 957 957 967 967 967 964 964 964 965 965 965 969 969 969 964 964 964 969 969 969 967 967 967 970 970 970 968 968 968 967 967 967 967 967 967 969 969 969 970 970 970 971 971 971 968 968 968 970 970 970 965 965 965 972 972 972 969 969 969 965 965 965 966 966 966 972 972 972 969 969 969 973 973 973 970 970 970 969 969 969 972 972 972 973 973 973 974 974 974 971 971 971 970 970 970 970 970 970 973 973 973 974 974 974 975 975 975 971 971 971 974 974 974 974 974 974 976 976 976 975 975 975 972 972 972 966 966 966 977 977 977 972 972 972 977 977 977 973 973 973 977 977 977 966 966 966 978 978 978 973 973 973 979 979 979 974 974 974 973 973 973 977 977 977 979 979 979 977 977 977 978 978 978 980 980 980 977 977 977 980 980 980 979 979 979 980 980 980 978 978 978 981 981 981 981 981 981 982 982 982 980 980 980 974 974 974 979 979 979 983 983 983 983 983 983 976 976 976 974 974 974 979 979 979 980 980 980 984 984 984 979 979 979 984 984 984 983 983 983 980 980 980 982 982 982 984 984 984 985 985 985 976 976 976 983 983 983 983 983 983 984 984 984 985 985 985 984 984 984 982 982 982 985 985 985 986 986 986 976 976 976 985 985 985 985 985 985 982 982 982 986 986 986 987 987 987 988 988 988 989 989 989 990 990 990 987 987 987 989 989 989 987 987 987 990 990 990 991 991 991 990 990 990 989 989 989 992 992 992 990 990 990 993 993 993 991 991 991 994 994 994 991 991 991 993 993 993 995 995 995 990 990 990 992 992 992 996 996 996 994 994 994 993 993 993 994 994 994 996 996 996 997 997 997 998 998 998 993 993 993 990 990 990 995 995 995 998 998 998 990 990 990 993 993 993 998 998 998 996 996 996 995 995 995 992 992 992 999 999 999 998 998 998 995 995 995 999 999 999 1000 1000 1000 992 992 992 1001 1001 1001 992 992 992 1000 1000 1000 999 999 999 1002 1002 1002 999 999 999 1000 1000 1000 1003 1003 1003 1002 1002 1002 1000 1000 1000 1004 1004 1004 998 998 998 999 999 999 999 999 999 1002 1002 1002 1004 1004 1004 998 998 998 1005 1005 1005 996 996 996 1005 1005 1005 998 998 998 1004 1004 1004 996 996 996 1006 1006 1006 997 997 997 996 996 996 1005 1005 1005 1006 1006 1006 997 997 997 1006 1006 1006 433 433 433 1006 1006 1006 432 432 432 433 433 433 1005 1005 1005 1007 1007 1007 1006 1006 1006 1006 1006 1006 1007 1007 1007 432 432 432 1008 1008 1008 1005 1005 1005 1004 1004 1004 1008 1008 1008 1007 1007 1007 1005 1005 1005 1007 1007 1007 1009 1009 1009 432 432 432 432 432 432 1009 1009 1009 434 434 434 434 434 434 1009 1009 1009 440 440 440 1009 1009 1009 444 444 444 440 440 440 1009 1009 1009 1007 1007 1007 1010 1010 1010 444 444 444 1009 1009 1009 1010 1010 1010 1008 1008 1008 1010 1010 1010 1007 1007 1007 445 445 445 444 444 444 1010 1010 1010 1011 1011 1011 445 445 445 1010 1010 1010 1010 1010 1010 1012 1012 1012 1011 1011 1011 1008 1008 1008 1012 1012 1012 1010 1010 1010 1012 1012 1012 1013 1013 1013 1011 1011 1011 1004 1004 1004 1014 1014 1014 1008 1008 1008 1014 1014 1014 1012 1012 1012 1008 1008 1008 1002 1002 1002 1014 1014 1014 1004 1004 1004 1013 1013 1013 1012 1012 1012 1015 1015 1015 1016 1016 1016 1013 1013 1013 1015 1015 1015 1017 1017 1017 1016 1016 1016 1015 1015 1015 1014 1014 1014 1018 1018 1018 1012 1012 1012 1018 1018 1018 1015 1015 1015 1012 1012 1012 1014 1014 1014 1002 1002 1002 1019 1019 1019 1018 1018 1018 1014 1014 1014 1019 1019 1019 1019 1019 1019 1002 1002 1002 1003 1003 1003 1020 1020 1020 1019 1019 1019 1003 1003 1003 1018 1018 1018 1021 1021 1021 1015 1015 1015 1021 1021 1021 1018 1018 1018 1019 1019 1019 1022 1022 1022 1017 1017 1017 1015 1015 1015 1021 1021 1021 1022 1022 1022 1015 1015 1015 1017 1017 1017 1022 1022 1022 1023 1023 1023 1024 1024 1024 1019 1019 1019 1020 1020 1020 1024 1024 1024 1021 1021 1021 1019 1019 1019 1025 1025 1025 1024 1024 1024 1020 1020 1020 1022 1022 1022 1026 1026 1026 1023 1023 1023 1022 1022 1022 1021 1021 1021 1026 1026 1026 1023 1023 1023 1026 1026 1026 1027 1027 1027 1021 1021 1021 1024 1024 1024 1028 1028 1028 1021 1021 1021 1028 1028 1028 1026 1026 1026 1029 1029 1029 1024 1024 1024 1025 1025 1025 1024 1024 1024 1029 1029 1029 1028 1028 1028 1030 1030 1030 1029 1029 1029 1025 1025 1025 1026 1026 1026 1028 1028 1028 1031 1031 1031 1026 1026 1026 1031 1031 1031 1027 1027 1027 1028 1028 1028 1029 1029 1029 1032 1032 1032 1028 1028 1028 1032 1032 1032 1031 1031 1031 1033 1033 1033 1029 1029 1029 1030 1030 1030 1029 1029 1029 1033 1033 1033 1032 1032 1032 1034 1034 1034 1033 1033 1033 1030 1030 1030 1033 1033 1033 1034 1034 1034 1035 1035 1035 1031 1031 1031 1036 1036 1036 1027 1027 1027 1031 1031 1031 1032 1032 1032 1036 1036 1036 1036 1036 1036 1037 1037 1037 1027 1027 1027 1032 1032 1032 1033 1033 1033 1038 1038 1038 1032 1032 1032 1038 1038 1038 1036 1036 1036 1036 1036 1036 1039 1039 1039 1037 1037 1037 1036 1036 1036 1038 1038 1038 1039 1039 1039 1039 1039 1039 1040 1040 1040 1037 1037 1037 1040 1040 1040 1039 1039 1039 1041 1041 1041 1033 1033 1033 1042 1042 1042 1038 1038 1038 1042 1042 1042 1033 1033 1033 1035 1035 1035 1038 1038 1038 1043 1043 1043 1039 1039 1039 1038 1038 1038 1042 1042 1042 1043 1043 1043 1039 1039 1039 1043 1043 1043 1041 1041 1041 1044 1044 1044 1042 1042 1042 1035 1035 1035 1042 1042 1042 1044 1044 1044 1043 1043 1043 1043 1043 1043 1044 1044 1044 1041 1041 1041 1045 1045 1045 1044 1044 1044 1035 1035 1035 1044 1044 1044 1045 1045 1045 1041 1041 1041 1046 1046 1046 915 915 915 1047 1047 1047 1048 1048 1048 915 915 915 1046 1046 1046 1048 1048 1048 901 901 901 915 915 915 1046 1046 1046 1049 1049 1049 1048 1048 1048 900 900 900 901 901 901 1048 1048 1048 1048 1048 1048 1049 1049 1049 1050 1050 1050 1048 1048 1048 1050 1050 1050 900 900 900 1051 1051 1051 1050 1050 1050 1049 1049 1049 900 900 900 1050 1050 1050 898 898 898 1052 1052 1052 1050 1050 1050 1051 1051 1051 1052 1052 1052 898 898 898 1050 1050 1050 1053 1053 1053 1052 1052 1052 1051 1051 1051 896 896 896 898 898 898 1052 1052 1052 1054 1054 1054 1052 1052 1052 1053 1053 1053 1054 1054 1054 896 896 896 1052 1052 1052 852 852 852 1054 1054 1054 1053 1053 1053 1055 1055 1055 896 896 896 1054 1054 1054 1055 1055 1055 865 865 865 896 896 896 859 859 859 865 865 865 1055 1055 1055 1056 1056 1056 1054 1054 1054 852 852 852 1056 1056 1056 1055 1055 1055 1054 1054 1054 859 859 859 1055 1055 1055 1056 1056 1056 1056 1056 1056 852 852 852 851 851 851 851 851 851 859 859 859 1056 1056 1056 1057 1057 1057 1058 1058 1058 1059 1059 1059 1060 1060 1060 1058 1058 1058 1057 1057 1057 1060 1060 1060 1061 1061 1061 1058 1058 1058 1062 1062 1062 1060 1060 1060 1057 1057 1057 1063 1063 1063 1061 1061 1061 1060 1060 1060 1061 1061 1061 1063 1063 1063 1064 1064 1064 1065 1065 1065 1060 1060 1060 1062 1062 1062 1065 1065 1065 1063 1063 1063 1060 1060 1060 1066 1066 1066 1065 1065 1065 1062 1062 1062 1064 1064 1064 1063 1063 1063 1067 1067 1067 1064 1064 1064 1067 1067 1067 1068 1068 1068 1069 1069 1069 1063 1063 1063 1065 1065 1065 1063 1063 1063 1069 1069 1069 1067 1067 1067 1070 1070 1070 1065 1065 1065 1066 1066 1066 1070 1070 1070 1069 1069 1069 1065 1065 1065 1071 1071 1071 1070 1070 1070 1066 1066 1066 1067 1067 1067 1069 1069 1069 1072 1072 1072 1073 1073 1073 1070 1070 1070 1071 1071 1071 1074 1074 1074 1073 1073 1073 1071 1071 1071 1075 1075 1075 1069 1069 1069 1070 1070 1070 1073 1073 1073 1075 1075 1075 1070 1070 1070 1075 1075 1075 1072 1072 1072 1069 1069 1069 1076 1076 1076 1073 1073 1073 1074 1074 1074 1077 1077 1077 1076 1076 1076 1074 1074 1074 1078 1078 1078 1075 1075 1075 1073 1073 1073 1073 1073 1073 1076 1076 1076 1078 1078 1078 1079 1079 1079 1076 1076 1076 1077 1077 1077 1080 1080 1080 1079 1079 1079 1077 1077 1077 1078 1078 1078 1076 1076 1076 1081 1081 1081 1079 1079 1079 1081 1081 1081 1076 1076 1076 1075 1075 1075 1078 1078 1078 1082 1082 1082 1082 1082 1082 1072 1072 1072 1075 1075 1075 1083 1083 1083 1079 1079 1079 1080 1080 1080 1084 1084 1084 1083 1083 1083 1080 1080 1080 1085 1085 1085 1081 1081 1081 1079 1079 1079 1083 1083 1083 1085 1085 1085 1079 1079 1079 1078 1078 1078 1081 1081 1081 1086 1086 1086 1082 1082 1082 1078 1078 1078 1086 1086 1086 1087 1087 1087 1083 1083 1083 1084 1084 1084 1084 1084 1084 1088 1088 1088 1087 1087 1087 1089 1089 1089 1085 1085 1085 1083 1083 1083 1087 1087 1087 1089 1089 1089 1083 1083 1083 1081 1081 1081 1085 1085 1085 1090 1090 1090 1086 1086 1086 1081 1081 1081 1090 1090 1090 1085 1085 1085 1089 1089 1089 1091 1091 1091 1090 1090 1090 1085 1085 1085 1091 1091 1091 1092 1092 1092 1089 1089 1089 1087 1087 1087 1086 1086 1086 1090 1090 1090 1093 1093 1093 1092 1092 1092 1094 1094 1094 1089 1089 1089 1091 1091 1091 1089 1089 1089 1094 1094 1094 1090 1090 1090 1091 1091 1091 1095 1095 1095 1093 1093 1093 1090 1090 1090 1095 1095 1095 1094 1094 1094 1096 1096 1096 1091 1091 1091 1095 1095 1095 1091 1091 1091 1096 1096 1096 1097 1097 1097 1086 1086 1086 1093 1093 1093 1082 1082 1082 1086 1086 1086 1097 1097 1097 1093 1093 1093 1095 1095 1095 1098 1098 1098 1097 1097 1097 1099 1099 1099 1082 1082 1082 1082 1082 1082 1099 1099 1099 1072 1072 1072 1093 1093 1093 1100 1100 1100 1097 1097 1097 1098 1098 1098 1100 1100 1100 1093 1093 1093 1097 1097 1097 1101 1101 1101 1099 1099 1099 1100 1100 1100 1101 1101 1101 1097 1097 1097 1102 1102 1102 1072 1072 1072 1099 1099 1099 1067 1067 1067 1072 1072 1072 1102 1102 1102 1068 1068 1068 1067 1067 1067 1102 1102 1102 1099 1099 1099 1103 1103 1103 1102 1102 1102 1102 1102 1102 1103 1103 1103 1068 1068 1068 1101 1101 1101 1103 1103 1103 1099 1099 1099 1068 1068 1068 1103 1103 1103 1104 1104 1104 1103 1103 1103 1105 1105 1105 1104 1104 1104 1101 1101 1101 1105 1105 1105 1103 1103 1103 1104 1104 1104 1105 1105 1105 1106 1106 1106 1107 1107 1107 1105 1105 1105 1101 1101 1101 1100 1100 1100 1107 1107 1107 1101 1101 1101 1108 1108 1108 1107 1107 1107 1100 1100 1100 1098 1098 1098 1108 1108 1108 1100 1100 1100 1109 1109 1109 1108 1108 1108 1098 1098 1098 1098 1098 1098 1110 1110 1110 1109 1109 1109 1098 1098 1098 1095 1095 1095 1110 1110 1110 1109 1109 1109 1110 1110 1110 1111 1111 1111 1095 1095 1095 1096 1096 1096 1110 1110 1110 1110 1110 1110 1112 1112 1112 1111 1111 1111 1110 1110 1110 1096 1096 1096 1112 1112 1112 1111 1111 1111 1112 1112 1112 1113 1113 1113 1096 1096 1096 1114 1114 1114 1112 1112 1112 1114 1114 1114 1096 1096 1096 1094 1094 1094 1115 1115 1115 1113 1113 1113 1112 1112 1112 1112 1112 1112 1114 1114 1114 1115 1115 1115 1116 1116 1116 1113 1113 1113 1115 1115 1115 1117 1117 1117 1114 1114 1114 1094 1094 1094 1117 1117 1117 1094 1094 1094 1092 1092 1092 1118 1118 1118 1115 1115 1115 1114 1114 1114 1118 1118 1118 1114 1114 1114 1117 1117 1117 1115 1115 1115 1119 1119 1119 1116 1116 1116 1119 1119 1119 1115 1115 1115 1118 1118 1118 1116 1116 1116 1119 1119 1119 1120 1120 1120 1120 1120 1120 1119 1119 1119 1121 1121 1121 1121 1121 1121 1119 1119 1119 1122 1122 1122 1122 1122 1122 1119 1119 1119 1123 1123 1123 1118 1118 1118 1123 1123 1123 1119 1119 1119 1123 1123 1123 1124 1124 1124 1122 1122 1122 1125 1125 1125 1123 1123 1123 1118 1118 1118 1117 1117 1117 1125 1125 1125 1118 1118 1118 1126 1126 1126 1124 1124 1124 1123 1123 1123 1125 1125 1125 1126 1126 1126 1123 1123 1123 1126 1126 1126 1127 1127 1127 1124 1124 1124 1124 1124 1124 1127 1127 1127 1128 1128 1128 1128 1128 1128 1127 1127 1127 1129 1129 1129 1130 1130 1130 1126 1126 1126 1125 1125 1125 1127 1127 1127 1126 1126 1126 1130 1130 1130 1131 1131 1131 1125 1125 1125 1117 1117 1117 1131 1131 1131 1130 1130 1130 1125 1125 1125 1131 1131 1131 1117 1117 1117 1092 1092 1092 1129 1129 1129 1127 1127 1127 1132 1132 1132 1127 1127 1127 1130 1130 1130 1132 1132 1132 1129 1129 1129 1132 1132 1132 1133 1133 1133 1132 1132 1132 1130 1130 1130 1134 1134 1134 1130 1130 1130 1131 1131 1131 1134 1134 1134 1133 1133 1133 1132 1132 1132 1135 1135 1135 1132 1132 1132 1134 1134 1134 1135 1135 1135 1133 1133 1133 1135 1135 1135 1136 1136 1136 1134 1134 1134 1131 1131 1131 1137 1137 1137 1136 1136 1136 1135 1135 1135 1138 1138 1138 1136 1136 1136 1138 1138 1138 1139 1139 1139 1135 1135 1135 1134 1134 1134 1140 1140 1140 1135 1135 1135 1140 1140 1140 1138 1138 1138 1134 1134 1134 1137 1137 1137 1140 1140 1140 1139 1139 1139 1138 1138 1138 1141 1141 1141 1139 1139 1139 1141 1141 1141 1142 1142 1142 1142 1142 1142 1141 1141 1141 1143 1143 1143 1138 1138 1138 1140 1140 1140 1144 1144 1144 1138 1138 1138 1144 1144 1144 1141 1141 1141 1141 1141 1141 1145 1145 1145 1143 1143 1143 1141 1141 1141 1144 1144 1144 1145 1145 1145 1143 1143 1143 1145 1145 1145 1146 1146 1146 1140 1140 1140 1147 1147 1147 1144 1144 1144 1140 1140 1140 1137 1137 1137 1147 1147 1147 1144 1144 1144 1148 1148 1148 1145 1145 1145 1144 1144 1144 1147 1147 1147 1148 1148 1148 1145 1145 1145 1149 1149 1149 1146 1146 1146 1145 1145 1145 1148 1148 1148 1149 1149 1149 1146 1146 1146 1149 1149 1149 1150 1150 1150 1149 1149 1149 1151 1151 1151 1150 1150 1150 1148 1148 1148 1151 1151 1151 1149 1149 1149 1150 1150 1150 1151 1151 1151 1152 1152 1152 1151 1151 1151 1153 1153 1153 1152 1152 1152 1154 1154 1154 1151 1151 1151 1148 1148 1148 1147 1147 1147 1154 1154 1154 1148 1148 1148 1155 1155 1155 1153 1153 1153 1151 1151 1151 1154 1154 1154 1155 1155 1155 1151 1151 1151 1155 1155 1155 1156 1156 1156 1153 1153 1153 1157 1157 1157 1156 1156 1156 1155 1155 1155 1158 1158 1158 1157 1157 1157 1155 1155 1155 1158 1158 1158 1155 1155 1155 1154 1154 1154 1159 1159 1159 1157 1157 1157 1158 1158 1158 1160 1160 1160 1154 1154 1154 1147 1147 1147 1160 1160 1160 1158 1158 1158 1154 1154 1154 1161 1161 1161 1159 1159 1159 1158 1158 1158 1161 1161 1161 1158 1158 1158 1160 1160 1160 1162 1162 1162 1159 1159 1159 1161 1161 1161 1161 1161 1161 1088 1088 1088 1162 1162 1162 1163 1163 1163 1088 1088 1088 1161 1161 1161 1160 1160 1160 1163 1163 1163 1161 1161 1161 1087 1087 1087 1088 1088 1088 1163 1163 1163 1087 1087 1087 1163 1163 1163 1092 1092 1092 1164 1164 1164 1163 1163 1163 1160 1160 1160 1092 1092 1092 1163 1163 1163 1164 1164 1164 1147 1147 1147 1164 1164 1164 1160 1160 1160 1092 1092 1092 1164 1164 1164 1131 1131 1131 1137 1137 1137 1164 1164 1164 1147 1147 1147 1131 1131 1131 1164 1164 1164 1137 1137 1137 1165 1165 1165 1166 1166 1166 1167 1167 1167 1168 1168 1168 1165 1165 1165 1167 1167 1167 1168 1168 1168 1167 1167 1167 1169 1169 1169 1170 1170 1170 1165 1165 1165 1168 1168 1168 1171 1171 1171 1168 1168 1168 1169 1169 1169 1169 1169 1169 1172 1172 1172 1171 1171 1171 1173 1173 1173 1170 1170 1170 1168 1168 1168 1173 1173 1173 1168 1168 1168 1171 1171 1171 1174 1174 1174 1170 1170 1170 1173 1173 1173 1172 1172 1172 1175 1175 1175 1171 1171 1171 1172 1172 1172 1176 1176 1176 1175 1175 1175 1177 1177 1177 1173 1173 1173 1171 1171 1171 1171 1171 1171 1175 1175 1175 1177 1177 1177 1178 1178 1178 1174 1174 1174 1173 1173 1173 1178 1178 1178 1173 1173 1173 1177 1177 1177 1179 1179 1179 1174 1174 1174 1178 1178 1178 1175 1175 1175 1180 1180 1180 1177 1177 1177 1181 1181 1181 1179 1179 1179 1178 1178 1178 1182 1182 1182 1179 1179 1179 1181 1181 1181 1183 1183 1183 1178 1178 1178 1177 1177 1177 1181 1181 1181 1178 1178 1178 1183 1183 1183 1183 1183 1183 1177 1177 1177 1180 1180 1180 1184 1184 1184 1182 1182 1182 1181 1181 1181 1185 1185 1185 1182 1182 1182 1184 1184 1184 1186 1186 1186 1181 1181 1181 1183 1183 1183 1181 1181 1181 1186 1186 1186 1184 1184 1184 1187 1187 1187 1185 1185 1185 1184 1184 1184 1188 1188 1188 1185 1185 1185 1187 1187 1187 1186 1186 1186 1189 1189 1189 1184 1184 1184 1187 1187 1187 1184 1184 1184 1189 1189 1189 1183 1183 1183 1190 1190 1190 1186 1186 1186 1190 1190 1190 1183 1183 1183 1180 1180 1180 1191 1191 1191 1188 1188 1188 1187 1187 1187 1192 1192 1192 1188 1188 1188 1191 1191 1191 1191 1191 1191 1187 1187 1187 1193 1193 1193 1193 1193 1193 1187 1187 1187 1189 1189 1189 1194 1194 1194 1192 1192 1192 1191 1191 1191 1194 1194 1194 1195 1195 1195 1192 1192 1192 1196 1196 1196 1191 1191 1191 1193 1193 1193 1194 1194 1194 1191 1191 1191 1196 1196 1196 1189 1189 1189 1197 1197 1197 1193 1193 1193 1198 1198 1198 1195 1195 1195 1194 1194 1194 1186 1186 1186 1199 1199 1199 1189 1189 1189 1199 1199 1199 1197 1197 1197 1189 1189 1189 1190 1190 1190 1199 1199 1199 1186 1186 1186 1197 1197 1197 1200 1200 1200 1193 1193 1193 1193 1193 1193 1200 1200 1200 1196 1196 1196 1199 1199 1199 1201 1201 1201 1197 1197 1197 1190 1190 1190 1202 1202 1202 1199 1199 1199 1202 1202 1202 1201 1201 1201 1199 1199 1199 1197 1197 1197 1203 1203 1203 1200 1200 1200 1201 1201 1201 1203 1203 1203 1197 1197 1197 1202 1202 1202 1190 1190 1190 1204 1204 1204 1190 1190 1190 1180 1180 1180 1204 1204 1204 1201 1201 1201 1202 1202 1202 1205 1205 1205 1206 1206 1206 1204 1204 1204 1180 1180 1180 1175 1175 1175 1206 1206 1206 1180 1180 1180 1176 1176 1176 1206 1206 1206 1175 1175 1175 1202 1202 1202 1204 1204 1204 1207 1207 1207 1205 1205 1205 1202 1202 1202 1207 1207 1207 1204 1204 1204 1206 1206 1206 1208 1208 1208 1206 1206 1206 1176 1176 1176 1208 1208 1208 1207 1207 1207 1204 1204 1204 1208 1208 1208 1176 1176 1176 1209 1209 1209 1208 1208 1208 1208 1208 1208 1209 1209 1209 1210 1210 1210 1207 1207 1207 1208 1208 1208 1210 1210 1210 1209 1209 1209 1211 1211 1211 1210 1210 1210 1212 1212 1212 1207 1207 1207 1210 1210 1210 1205 1205 1205 1207 1207 1207 1212 1212 1212 1213 1213 1213 1205 1205 1205 1212 1212 1212 1214 1214 1214 1205 1205 1205 1213 1213 1213 1214 1214 1214 1201 1201 1201 1205 1205 1205 1215 1215 1215 1214 1214 1214 1213 1213 1213 1201 1201 1201 1214 1214 1214 1203 1203 1203 1214 1214 1214 1215 1215 1215 1216 1216 1216 1214 1214 1214 1216 1216 1216 1203 1203 1203 1215 1215 1215 1217 1217 1217 1216 1216 1216 1203 1203 1203 1216 1216 1216 1218 1218 1218 1203 1203 1203 1218 1218 1218 1200 1200 1200 1216 1216 1216 1217 1217 1217 1219 1219 1219 1216 1216 1216 1219 1219 1219 1218 1218 1218 1217 1217 1217 1220 1220 1220 1219 1219 1219 1221 1221 1221 1200 1200 1200 1218 1218 1218 1200 1200 1200 1221 1221 1221 1196 1196 1196 1218 1218 1218 1219 1219 1219 1222 1222 1222 1222 1222 1222 1221 1221 1221 1218 1218 1218 1223 1223 1223 1219 1219 1219 1220 1220 1220 1219 1219 1219 1223 1223 1223 1222 1222 1222 1224 1224 1224 1223 1223 1223 1220 1220 1220 1225 1225 1225 1196 1196 1196 1221 1221 1221 1225 1225 1225 1194 1194 1194 1196 1196 1196 1225 1225 1225 1198 1198 1198 1194 1194 1194 1223 1223 1223 1224 1224 1224 1226 1226 1226 1224 1224 1224 1227 1227 1227 1226 1226 1226 1227 1227 1227 1228 1228 1228 1226 1226 1226 1228 1228 1228 1229 1229 1229 1226 1226 1226 1226 1226 1226 1230 1230 1230 1223 1223 1223 1230 1230 1230 1222 1222 1222 1223 1223 1223 1229 1229 1229 1231 1231 1231 1226 1226 1226 1230 1230 1230 1226 1226 1226 1231 1231 1231 1231 1231 1231 1229 1229 1229 1232 1232 1232 1230 1230 1230 1233 1233 1233 1222 1222 1222 1233 1233 1233 1221 1221 1221 1222 1222 1222 1233 1233 1233 1225 1225 1225 1221 1221 1221 1234 1234 1234 1230 1230 1230 1231 1231 1231 1233 1233 1233 1230 1230 1230 1234 1234 1234 1235 1235 1235 1231 1231 1231 1232 1232 1232 1234 1234 1234 1231 1231 1231 1235 1235 1235 1236 1236 1236 1235 1235 1235 1232 1232 1232 1237 1237 1237 1236 1236 1236 1232 1232 1232 1237 1237 1237 1238 1238 1238 1236 1236 1236 1239 1239 1239 1234 1234 1234 1235 1235 1235 1236 1236 1236 1239 1239 1239 1235 1235 1235 1240 1240 1240 1233 1233 1233 1234 1234 1234 1240 1240 1240 1234 1234 1234 1239 1239 1239 1240 1240 1240 1225 1225 1225 1233 1233 1233 1236 1236 1236 1238 1238 1238 1241 1241 1241 1236 1236 1236 1241 1241 1241 1239 1239 1239 1238 1238 1238 1242 1242 1242 1241 1241 1241 1239 1239 1239 1241 1241 1241 1243 1243 1243 1239 1239 1239 1243 1243 1243 1240 1240 1240 1242 1242 1242 1244 1244 1244 1241 1241 1241 1241 1241 1241 1244 1244 1244 1243 1243 1243 1242 1242 1242 1245 1245 1245 1244 1244 1244 1240 1240 1240 1243 1243 1243 1246 1246 1246 1244 1244 1244 1245 1245 1245 1247 1247 1247 1245 1245 1245 1248 1248 1248 1247 1247 1247 1244 1244 1244 1249 1249 1249 1243 1243 1243 1244 1244 1244 1247 1247 1247 1249 1249 1249 1243 1243 1243 1249 1249 1249 1246 1246 1246 1247 1247 1247 1248 1248 1248 1250 1250 1250 1248 1248 1248 1251 1251 1251 1250 1250 1250 1250 1250 1250 1251 1251 1251 1252 1252 1252 1249 1249 1249 1247 1247 1247 1253 1253 1253 1247 1247 1247 1250 1250 1250 1253 1253 1253 1250 1250 1250 1252 1252 1252 1254 1254 1254 1253 1253 1253 1250 1250 1250 1254 1254 1254 1254 1254 1254 1252 1252 1252 1255 1255 1255 1249 1249 1249 1253 1253 1253 1256 1256 1256 1249 1249 1249 1256 1256 1256 1246 1246 1246 1253 1253 1253 1254 1254 1254 1257 1257 1257 1256 1256 1256 1253 1253 1253 1257 1257 1257 1254 1254 1254 1255 1255 1255 1258 1258 1258 1257 1257 1257 1254 1254 1254 1258 1258 1258 1258 1258 1258 1255 1255 1255 1259 1259 1259 1258 1258 1258 1259 1259 1259 1260 1260 1260 1258 1258 1258 1260 1260 1260 1257 1257 1257 1260 1260 1260 1259 1259 1259 1261 1261 1261 1261 1261 1261 1262 1262 1262 1260 1260 1260 1257 1257 1257 1260 1260 1260 1263 1263 1263 1257 1257 1257 1263 1263 1263 1256 1256 1256 1260 1260 1260 1262 1262 1262 1264 1264 1264 1260 1260 1260 1264 1264 1264 1263 1263 1263 1262 1262 1262 1265 1265 1265 1264 1264 1264 1264 1264 1264 1265 1265 1265 1266 1266 1266 1264 1264 1264 1266 1266 1266 1267 1267 1267 1263 1263 1263 1264 1264 1264 1267 1267 1267 1267 1267 1267 1266 1266 1266 1268 1268 1268 1263 1263 1263 1267 1267 1267 1269 1269 1269 1256 1256 1256 1263 1263 1263 1269 1269 1269 1267 1267 1267 1268 1268 1268 1270 1270 1270 1269 1269 1269 1267 1267 1267 1270 1270 1270 1270 1270 1270 1268 1268 1268 1271 1271 1271 1270 1270 1270 1271 1271 1271 1195 1195 1195 1198 1198 1198 1270 1270 1270 1195 1195 1195 1269 1269 1269 1270 1270 1270 1198 1198 1198 1256 1256 1256 1269 1269 1269 1272 1272 1272 1272 1272 1272 1269 1269 1269 1198 1198 1198 1246 1246 1246 1256 1256 1256 1272 1272 1272 1272 1272 1272 1198 1198 1198 1225 1225 1225 1246 1246 1246 1272 1272 1272 1240 1240 1240 1240 1240 1240 1272 1272 1272 1225 1225 1225 1273 1273 1273 1274 1274 1274 1275 1275 1275 1276 1276 1276 1273 1273 1273 1275 1275 1275 1276 1276 1276 1275 1275 1275 1277 1277 1277 1278 1278 1278 1273 1273 1273 1276 1276 1276 1279 1279 1279 1276 1276 1276 1277 1277 1277 1277 1277 1277 1280 1280 1280 1279 1279 1279 1281 1281 1281 1278 1278 1278 1276 1276 1276 1281 1281 1281 1276 1276 1276 1279 1279 1279 1282 1282 1282 1278 1278 1278 1281 1281 1281 1280 1280 1280 1283 1283 1283 1279 1279 1279 1280 1280 1280 1284 1284 1284 1283 1283 1283 1285 1285 1285 1281 1281 1281 1279 1279 1279 1279 1279 1279 1283 1283 1283 1285 1285 1285 1286 1286 1286 1282 1282 1282 1281 1281 1281 1286 1286 1286 1281 1281 1281 1285 1285 1285 1287 1287 1287 1282 1282 1282 1286 1286 1286 1283 1283 1283 1288 1288 1288 1285 1285 1285 1289 1289 1289 1287 1287 1287 1286 1286 1286 1290 1290 1290 1287 1287 1287 1289 1289 1289 1291 1291 1291 1286 1286 1286 1285 1285 1285 1289 1289 1289 1286 1286 1286 1291 1291 1291 1291 1291 1291 1285 1285 1285 1288 1288 1288 1292 1292 1292 1290 1290 1290 1289 1289 1289 1293 1293 1293 1290 1290 1290 1292 1292 1292 1294 1294 1294 1289 1289 1289 1291 1291 1291 1289 1289 1289 1294 1294 1294 1292 1292 1292 1295 1295 1295 1293 1293 1293 1292 1292 1292 1296 1296 1296 1293 1293 1293 1295 1295 1295 1294 1294 1294 1297 1297 1297 1292 1292 1292 1295 1295 1295 1292 1292 1292 1297 1297 1297 1291 1291 1291 1298 1298 1298 1294 1294 1294 1298 1298 1298 1291 1291 1291 1288 1288 1288 1299 1299 1299 1296 1296 1296 1295 1295 1295 1300 1300 1300 1296 1296 1296 1299 1299 1299 1299 1299 1299 1295 1295 1295 1301 1301 1301 1301 1301 1301 1295 1295 1295 1297 1297 1297 1302 1302 1302 1300 1300 1300 1299 1299 1299 1302 1302 1302 1303 1303 1303 1300 1300 1300 1304 1304 1304 1299 1299 1299 1301 1301 1301 1302 1302 1302 1299 1299 1299 1304 1304 1304 1297 1297 1297 1305 1305 1305 1301 1301 1301 1306 1306 1306 1303 1303 1303 1302 1302 1302 1294 1294 1294 1307 1307 1307 1297 1297 1297 1307 1307 1307 1305 1305 1305 1297 1297 1297 1298 1298 1298 1307 1307 1307 1294 1294 1294 1305 1305 1305 1308 1308 1308 1301 1301 1301 1301 1301 1301 1308 1308 1308 1304 1304 1304 1307 1307 1307 1309 1309 1309 1305 1305 1305 1298 1298 1298 1310 1310 1310 1307 1307 1307 1310 1310 1310 1309 1309 1309 1307 1307 1307 1305 1305 1305 1311 1311 1311 1308 1308 1308 1309 1309 1309 1311 1311 1311 1305 1305 1305 1310 1310 1310 1298 1298 1298 1312 1312 1312 1298 1298 1298 1288 1288 1288 1312 1312 1312 1309 1309 1309 1310 1310 1310 1313 1313 1313 1314 1314 1314 1312 1312 1312 1288 1288 1288 1283 1283 1283 1314 1314 1314 1288 1288 1288 1284 1284 1284 1314 1314 1314 1283 1283 1283 1310 1310 1310 1312 1312 1312 1315 1315 1315 1313 1313 1313 1310 1310 1310 1315 1315 1315 1312 1312 1312 1314 1314 1314 1316 1316 1316 1314 1314 1314 1284 1284 1284 1316 1316 1316 1315 1315 1315 1312 1312 1312 1316 1316 1316 1284 1284 1284 1317 1317 1317 1316 1316 1316 1316 1316 1316 1317 1317 1317 1318 1318 1318 1315 1315 1315 1316 1316 1316 1318 1318 1318 1317 1317 1317 1319 1319 1319 1318 1318 1318 1320 1320 1320 1315 1315 1315 1318 1318 1318 1313 1313 1313 1315 1315 1315 1320 1320 1320 1321 1321 1321 1313 1313 1313 1320 1320 1320 1322 1322 1322 1313 1313 1313 1321 1321 1321 1322 1322 1322 1309 1309 1309 1313 1313 1313 1323 1323 1323 1322 1322 1322 1321 1321 1321 1309 1309 1309 1322 1322 1322 1311 1311 1311 1322 1322 1322 1323 1323 1323 1324 1324 1324 1322 1322 1322 1324 1324 1324 1311 1311 1311 1323 1323 1323 1325 1325 1325 1324 1324 1324 1311 1311 1311 1324 1324 1324 1326 1326 1326 1311 1311 1311 1326 1326 1326 1308 1308 1308 1324 1324 1324 1325 1325 1325 1327 1327 1327 1324 1324 1324 1327 1327 1327 1326 1326 1326 1325 1325 1325 1328 1328 1328 1327 1327 1327 1329 1329 1329 1308 1308 1308 1326 1326 1326 1308 1308 1308 1329 1329 1329 1304 1304 1304 1326 1326 1326 1327 1327 1327 1330 1330 1330 1330 1330 1330 1329 1329 1329 1326 1326 1326 1331 1331 1331 1327 1327 1327 1328 1328 1328 1327 1327 1327 1331 1331 1331 1330 1330 1330 1332 1332 1332 1331 1331 1331 1328 1328 1328 1333 1333 1333 1304 1304 1304 1329 1329 1329 1333 1333 1333 1302 1302 1302 1304 1304 1304 1333 1333 1333 1306 1306 1306 1302 1302 1302 1331 1331 1331 1332 1332 1332 1334 1334 1334 1332 1332 1332 1335 1335 1335 1334 1334 1334 1335 1335 1335 1336 1336 1336 1334 1334 1334 1336 1336 1336 1337 1337 1337 1334 1334 1334 1334 1334 1334 1338 1338 1338 1331 1331 1331 1338 1338 1338 1330 1330 1330 1331 1331 1331 1337 1337 1337 1339 1339 1339 1334 1334 1334 1338 1338 1338 1334 1334 1334 1339 1339 1339 1339 1339 1339 1337 1337 1337 1340 1340 1340 1338 1338 1338 1341 1341 1341 1330 1330 1330 1341 1341 1341 1329 1329 1329 1330 1330 1330 1341 1341 1341 1333 1333 1333 1329 1329 1329 1342 1342 1342 1338 1338 1338 1339 1339 1339 1341 1341 1341 1338 1338 1338 1342 1342 1342 1343 1343 1343 1339 1339 1339 1340 1340 1340 1342 1342 1342 1339 1339 1339 1343 1343 1343 1344 1344 1344 1343 1343 1343 1340 1340 1340 1345 1345 1345 1344 1344 1344 1340 1340 1340 1345 1345 1345 1346 1346 1346 1344 1344 1344 1347 1347 1347 1342 1342 1342 1343 1343 1343 1344 1344 1344 1347 1347 1347 1343 1343 1343 1348 1348 1348 1341 1341 1341 1342 1342 1342 1348 1348 1348 1342 1342 1342 1347 1347 1347 1348 1348 1348 1333 1333 1333 1341 1341 1341 1344 1344 1344 1346 1346 1346 1349 1349 1349 1344 1344 1344 1349 1349 1349 1347 1347 1347 1346 1346 1346 1350 1350 1350 1349 1349 1349 1347 1347 1347 1349 1349 1349 1351 1351 1351 1347 1347 1347 1351 1351 1351 1348 1348 1348 1350 1350 1350 1352 1352 1352 1349 1349 1349 1349 1349 1349 1352 1352 1352 1351 1351 1351 1350 1350 1350 1353 1353 1353 1352 1352 1352 1348 1348 1348 1351 1351 1351 1354 1354 1354 1352 1352 1352 1353 1353 1353 1355 1355 1355 1353 1353 1353 1356 1356 1356 1355 1355 1355 1352 1352 1352 1357 1357 1357 1351 1351 1351 1352 1352 1352 1355 1355 1355 1357 1357 1357 1351 1351 1351 1357 1357 1357 1354 1354 1354 1355 1355 1355 1356 1356 1356 1358 1358 1358 1356 1356 1356 1359 1359 1359 1358 1358 1358 1358 1358 1358 1359 1359 1359 1360 1360 1360 1357 1357 1357 1355 1355 1355 1361 1361 1361 1355 1355 1355 1358 1358 1358 1361 1361 1361 1358 1358 1358 1360 1360 1360 1362 1362 1362 1361 1361 1361 1358 1358 1358 1362 1362 1362 1362 1362 1362 1360 1360 1360 1363 1363 1363 1357 1357 1357 1361 1361 1361 1364 1364 1364 1357 1357 1357 1364 1364 1364 1354 1354 1354 1361 1361 1361 1362 1362 1362 1365 1365 1365 1364 1364 1364 1361 1361 1361 1365 1365 1365 1362 1362 1362 1363 1363 1363 1366 1366 1366 1365 1365 1365 1362 1362 1362 1366 1366 1366 1366 1366 1366 1363 1363 1363 1367 1367 1367 1366 1366 1366 1367 1367 1367 1368 1368 1368 1366 1366 1366 1368 1368 1368 1365 1365 1365 1368 1368 1368 1367 1367 1367 1369 1369 1369 1369 1369 1369 1370 1370 1370 1368 1368 1368 1365 1365 1365 1368 1368 1368 1371 1371 1371 1365 1365 1365 1371 1371 1371 1364 1364 1364 1368 1368 1368 1370 1370 1370 1372 1372 1372 1368 1368 1368 1372 1372 1372 1371 1371 1371 1370 1370 1370 1373 1373 1373 1372 1372 1372 1372 1372 1372 1373 1373 1373 1374 1374 1374 1372 1372 1372 1374 1374 1374 1375 1375 1375 1371 1371 1371 1372 1372 1372 1375 1375 1375 1375 1375 1375 1374 1374 1374 1376 1376 1376 1371 1371 1371 1375 1375 1375 1377 1377 1377 1364 1364 1364 1371 1371 1371 1377 1377 1377 1375 1375 1375 1376 1376 1376 1378 1378 1378 1377 1377 1377 1375 1375 1375 1378 1378 1378 1378 1378 1378 1376 1376 1376 1379 1379 1379 1378 1378 1378 1379 1379 1379 1303 1303 1303 1306 1306 1306 1378 1378 1378 1303 1303 1303 1377 1377 1377 1378 1378 1378 1306 1306 1306 1364 1364 1364 1377 1377 1377 1380 1380 1380 1380 1380 1380 1377 1377 1377 1306 1306 1306 1354 1354 1354 1364 1364 1364 1380 1380 1380 1380 1380 1380 1306 1306 1306 1333 1333 1333 1354 1354 1354 1380 1380 1380 1348 1348 1348 1348 1348 1348 1380 1380 1380 1333 1333 1333 1381 1381 1381 1382 1382 1382 1383 1383 1383 1384 1384 1384 1382 1382 1382 1381 1381 1381 1384 1384 1384 1385 1385 1385 1382 1382 1382 1386 1386 1386 1384 1384 1384 1381 1381 1381 1387 1387 1387 1385 1385 1385 1384 1384 1384 1385 1385 1385 1387 1387 1387 1388 1388 1388 1389 1389 1389 1384 1384 1384 1386 1386 1386 1389 1389 1389 1387 1387 1387 1384 1384 1384 1390 1390 1390 1389 1389 1389 1386 1386 1386 1388 1388 1388 1387 1387 1387 1391 1391 1391 1388 1388 1388 1391 1391 1391 1392 1392 1392 1393 1393 1393 1387 1387 1387 1389 1389 1389 1387 1387 1387 1393 1393 1393 1391 1391 1391 1394 1394 1394 1389 1389 1389 1390 1390 1390 1394 1394 1394 1393 1393 1393 1389 1389 1389 1395 1395 1395 1394 1394 1394 1390 1390 1390 1391 1391 1391 1393 1393 1393 1396 1396 1396 1397 1397 1397 1394 1394 1394 1395 1395 1395 1398 1398 1398 1397 1397 1397 1395 1395 1395 1399 1399 1399 1393 1393 1393 1394 1394 1394 1397 1397 1397 1399 1399 1399 1394 1394 1394 1399 1399 1399 1396 1396 1396 1393 1393 1393 1400 1400 1400 1397 1397 1397 1398 1398 1398 1401 1401 1401 1400 1400 1400 1398 1398 1398 1402 1402 1402 1399 1399 1399 1397 1397 1397 1397 1397 1397 1400 1400 1400 1402 1402 1402 1403 1403 1403 1400 1400 1400 1401 1401 1401 1404 1404 1404 1403 1403 1403 1401 1401 1401 1402 1402 1402 1400 1400 1400 1405 1405 1405 1403 1403 1403 1405 1405 1405 1400 1400 1400 1399 1399 1399 1402 1402 1402 1406 1406 1406 1406 1406 1406 1396 1396 1396 1399 1399 1399 1407 1407 1407 1403 1403 1403 1404 1404 1404 1408 1408 1408 1407 1407 1407 1404 1404 1404 1409 1409 1409 1405 1405 1405 1403 1403 1403 1407 1407 1407 1409 1409 1409 1403 1403 1403 1402 1402 1402 1405 1405 1405 1410 1410 1410 1406 1406 1406 1402 1402 1402 1410 1410 1410 1411 1411 1411 1407 1407 1407 1408 1408 1408 1408 1408 1408 1412 1412 1412 1411 1411 1411 1413 1413 1413 1409 1409 1409 1407 1407 1407 1411 1411 1411 1413 1413 1413 1407 1407 1407 1405 1405 1405 1409 1409 1409 1414 1414 1414 1410 1410 1410 1405 1405 1405 1414 1414 1414 1409 1409 1409 1413 1413 1413 1415 1415 1415 1414 1414 1414 1409 1409 1409 1415 1415 1415 1416 1416 1416 1413 1413 1413 1411 1411 1411 1410 1410 1410 1414 1414 1414 1417 1417 1417 1416 1416 1416 1418 1418 1418 1413 1413 1413 1415 1415 1415 1413 1413 1413 1418 1418 1418 1414 1414 1414 1415 1415 1415 1419 1419 1419 1417 1417 1417 1414 1414 1414 1419 1419 1419 1418 1418 1418 1420 1420 1420 1415 1415 1415 1419 1419 1419 1415 1415 1415 1420 1420 1420 1421 1421 1421 1410 1410 1410 1417 1417 1417 1406 1406 1406 1410 1410 1410 1421 1421 1421 1417 1417 1417 1419 1419 1419 1422 1422 1422 1421 1421 1421 1423 1423 1423 1406 1406 1406 1406 1406 1406 1423 1423 1423 1396 1396 1396 1417 1417 1417 1424 1424 1424 1421 1421 1421 1422 1422 1422 1424 1424 1424 1417 1417 1417 1421 1421 1421 1425 1425 1425 1423 1423 1423 1424 1424 1424 1425 1425 1425 1421 1421 1421 1426 1426 1426 1396 1396 1396 1423 1423 1423 1391 1391 1391 1396 1396 1396 1426 1426 1426 1392 1392 1392 1391 1391 1391 1426 1426 1426 1423 1423 1423 1427 1427 1427 1426 1426 1426 1426 1426 1426 1427 1427 1427 1392 1392 1392 1425 1425 1425 1427 1427 1427 1423 1423 1423 1392 1392 1392 1427 1427 1427 1428 1428 1428 1427 1427 1427 1429 1429 1429 1428 1428 1428 1425 1425 1425 1429 1429 1429 1427 1427 1427 1428 1428 1428 1429 1429 1429 1430 1430 1430 1431 1431 1431 1429 1429 1429 1425 1425 1425 1424 1424 1424 1431 1431 1431 1425 1425 1425 1432 1432 1432 1431 1431 1431 1424 1424 1424 1422 1422 1422 1432 1432 1432 1424 1424 1424 1433 1433 1433 1432 1432 1432 1422 1422 1422 1422 1422 1422 1434 1434 1434 1433 1433 1433 1422 1422 1422 1419 1419 1419 1434 1434 1434 1433 1433 1433 1434 1434 1434 1435 1435 1435 1419 1419 1419 1420 1420 1420 1434 1434 1434 1434 1434 1434 1436 1436 1436 1435 1435 1435 1434 1434 1434 1420 1420 1420 1436 1436 1436 1435 1435 1435 1436 1436 1436 1437 1437 1437 1420 1420 1420 1438 1438 1438 1436 1436 1436 1438 1438 1438 1420 1420 1420 1418 1418 1418 1439 1439 1439 1437 1437 1437 1436 1436 1436 1436 1436 1436 1438 1438 1438 1439 1439 1439 1440 1440 1440 1437 1437 1437 1439 1439 1439 1441 1441 1441 1438 1438 1438 1418 1418 1418 1441 1441 1441 1418 1418 1418 1416 1416 1416 1442 1442 1442 1439 1439 1439 1438 1438 1438 1442 1442 1442 1438 1438 1438 1441 1441 1441 1439 1439 1439 1443 1443 1443 1440 1440 1440 1443 1443 1443 1439 1439 1439 1442 1442 1442 1440 1440 1440 1443 1443 1443 1444 1444 1444 1444 1444 1444 1443 1443 1443 1445 1445 1445 1445 1445 1445 1443 1443 1443 1446 1446 1446 1446 1446 1446 1443 1443 1443 1447 1447 1447 1442 1442 1442 1447 1447 1447 1443 1443 1443 1447 1447 1447 1448 1448 1448 1446 1446 1446 1449 1449 1449 1447 1447 1447 1442 1442 1442 1441 1441 1441 1449 1449 1449 1442 1442 1442 1450 1450 1450 1448 1448 1448 1447 1447 1447 1449 1449 1449 1450 1450 1450 1447 1447 1447 1450 1450 1450 1451 1451 1451 1448 1448 1448 1448 1448 1448 1451 1451 1451 1452 1452 1452 1452 1452 1452 1451 1451 1451 1453 1453 1453 1454 1454 1454 1450 1450 1450 1449 1449 1449 1451 1451 1451 1450 1450 1450 1454 1454 1454 1455 1455 1455 1449 1449 1449 1441 1441 1441 1455 1455 1455 1454 1454 1454 1449 1449 1449 1455 1455 1455 1441 1441 1441 1416 1416 1416 1453 1453 1453 1451 1451 1451 1456 1456 1456 1451 1451 1451 1454 1454 1454 1456 1456 1456 1453 1453 1453 1456 1456 1456 1457 1457 1457 1456 1456 1456 1454 1454 1454 1458 1458 1458 1454 1454 1454 1455 1455 1455 1458 1458 1458 1457 1457 1457 1456 1456 1456 1459 1459 1459 1456 1456 1456 1458 1458 1458 1459 1459 1459 1457 1457 1457 1459 1459 1459 1460 1460 1460 1458 1458 1458 1455 1455 1455 1461 1461 1461 1460 1460 1460 1459 1459 1459 1462 1462 1462 1460 1460 1460 1462 1462 1462 1463 1463 1463 1459 1459 1459 1458 1458 1458 1464 1464 1464 1459 1459 1459 1464 1464 1464 1462 1462 1462 1458 1458 1458 1461 1461 1461 1464 1464 1464 1463 1463 1463 1462 1462 1462 1465 1465 1465 1463 1463 1463 1465 1465 1465 1466 1466 1466 1466 1466 1466 1465 1465 1465 1467 1467 1467 1462 1462 1462 1464 1464 1464 1468 1468 1468 1462 1462 1462 1468 1468 1468 1465 1465 1465 1465 1465 1465 1469 1469 1469 1467 1467 1467 1465 1465 1465 1468 1468 1468 1469 1469 1469 1467 1467 1467 1469 1469 1469 1470 1470 1470 1464 1464 1464 1471 1471 1471 1468 1468 1468 1464 1464 1464 1461 1461 1461 1471 1471 1471 1468 1468 1468 1472 1472 1472 1469 1469 1469 1468 1468 1468 1471 1471 1471 1472 1472 1472 1469 1469 1469 1473 1473 1473 1470 1470 1470 1469 1469 1469 1472 1472 1472 1473 1473 1473 1470 1470 1470 1473 1473 1473 1474 1474 1474 1473 1473 1473 1475 1475 1475 1474 1474 1474 1472 1472 1472 1475 1475 1475 1473 1473 1473 1474 1474 1474 1475 1475 1475 1476 1476 1476 1475 1475 1475 1477 1477 1477 1476 1476 1476 1478 1478 1478 1475 1475 1475 1472 1472 1472 1471 1471 1471 1478 1478 1478 1472 1472 1472 1479 1479 1479 1477 1477 1477 1475 1475 1475 1478 1478 1478 1479 1479 1479 1475 1475 1475 1479 1479 1479 1480 1480 1480 1477 1477 1477 1481 1481 1481 1480 1480 1480 1479 1479 1479 1482 1482 1482 1481 1481 1481 1479 1479 1479 1482 1482 1482 1479 1479 1479 1478 1478 1478 1483 1483 1483 1481 1481 1481 1482 1482 1482 1484 1484 1484 1478 1478 1478 1471 1471 1471 1484 1484 1484 1482 1482 1482 1478 1478 1478 1485 1485 1485 1483 1483 1483 1482 1482 1482 1485 1485 1485 1482 1482 1482 1484 1484 1484 1486 1486 1486 1483 1483 1483 1485 1485 1485 1485 1485 1485 1412 1412 1412 1486 1486 1486 1487 1487 1487 1412 1412 1412 1485 1485 1485 1484 1484 1484 1487 1487 1487 1485 1485 1485 1411 1411 1411 1412 1412 1412 1487 1487 1487 1411 1411 1411 1487 1487 1487 1416 1416 1416 1488 1488 1488 1487 1487 1487 1484 1484 1484 1416 1416 1416 1487 1487 1487 1488 1488 1488 1471 1471 1471 1488 1488 1488 1484 1484 1484 1416 1416 1416 1488 1488 1488 1455 1455 1455 1461 1461 1461 1488 1488 1488 1471 1471 1471 1455 1455 1455 1488 1488 1488 1461 1461 1461 1489 1489 1489 1490 1490 1490 1491 1491 1491 1491 1491 1491 1490 1490 1490 1492 1492 1492 1492 1492 1492 1493 1493 1493 1491 1491 1491 1494 1494 1494 1492 1492 1492 1490 1490 1490 1492 1492 1492 1495 1495 1495 1493 1493 1493 1496 1496 1496 1493 1493 1493 1495 1495 1495 1494 1494 1494 1497 1497 1497 1492 1492 1492 1492 1492 1492 1497 1497 1497 1495 1495 1495 1498 1498 1498 1497 1497 1497 1494 1494 1494 1499 1499 1499 1496 1496 1496 1495 1495 1495 1496 1496 1496 1499 1499 1499 1500 1500 1500 1497 1497 1497 1501 1501 1501 1495 1495 1495 1501 1501 1501 1499 1499 1499 1495 1495 1495 1502 1502 1502 1497 1497 1497 1498 1498 1498 1502 1502 1502 1501 1501 1501 1497 1497 1497 1502 1502 1502 1498 1498 1498 1503 1503 1503 1501 1501 1501 1502 1502 1502 1504 1504 1504 1499 1499 1499 1501 1501 1501 1504 1504 1504 1502 1502 1502 1503 1503 1503 1505 1505 1505 1504 1504 1504 1502 1502 1502 1505 1505 1505 1503 1503 1503 1506 1506 1506 1505 1505 1505 1507 1507 1507 1499 1499 1499 1504 1504 1504 1508 1508 1508 1505 1505 1505 1506 1506 1506 1508 1508 1508 1506 1506 1506 1509 1509 1509 1504 1504 1504 1505 1505 1505 1510 1510 1510 1508 1508 1508 1510 1510 1510 1505 1505 1505 1510 1510 1510 1507 1507 1507 1504 1504 1504 1508 1508 1508 1509 1509 1509 1511 1511 1511 1511 1511 1511 1509 1509 1509 1512 1512 1512 1513 1513 1513 1510 1510 1510 1508 1508 1508 1508 1508 1508 1511 1511 1511 1513 1513 1513 1511 1511 1511 1512 1512 1512 1514 1514 1514 1514 1514 1514 1512 1512 1512 1515 1515 1515 1511 1511 1511 1514 1514 1514 1516 1516 1516 1513 1513 1513 1511 1511 1511 1516 1516 1516 1517 1517 1517 1514 1514 1514 1515 1515 1515 1516 1516 1516 1514 1514 1514 1517 1517 1517 1510 1510 1510 1513 1513 1513 1518 1518 1518 1518 1518 1518 1507 1507 1507 1510 1510 1510 1513 1513 1513 1516 1516 1516 1519 1519 1519 1518 1518 1518 1513 1513 1513 1519 1519 1519 1516 1516 1516 1517 1517 1517 1520 1520 1520 1519 1519 1519 1516 1516 1516 1520 1520 1520 1520 1520 1520 1517 1517 1517 1521 1521 1521 1521 1521 1521 1517 1517 1517 1515 1515 1515 1522 1522 1522 1519 1519 1519 1520 1520 1520 1520 1520 1520 1521 1521 1521 1522 1522 1522 1523 1523 1523 1521 1521 1521 1515 1515 1515 1522 1522 1522 1521 1521 1521 1523 1523 1523 1524 1524 1524 1523 1523 1523 1515 1515 1515 1524 1524 1524 1522 1522 1522 1523 1523 1523 1525 1525 1525 1524 1524 1524 1515 1515 1515 1526 1526 1526 1519 1519 1519 1522 1522 1522 1526 1526 1526 1518 1518 1518 1519 1519 1519 1527 1527 1527 1522 1522 1522 1524 1524 1524 1527 1527 1527 1526 1526 1526 1522 1522 1522 1524 1524 1524 1525 1525 1525 1528 1528 1528 1524 1524 1524 1528 1528 1528 1527 1527 1527 1528 1528 1528 1525 1525 1525 1529 1529 1529 1530 1530 1530 1528 1528 1528 1529 1529 1529 1527 1527 1527 1528 1528 1528 1531 1531 1531 1531 1531 1531 1528 1528 1528 1530 1530 1530 1531 1531 1531 1526 1526 1526 1527 1527 1527 1532 1532 1532 1518 1518 1518 1526 1526 1526 1531 1531 1531 1532 1532 1532 1526 1526 1526 1532 1532 1532 1507 1507 1507 1518 1518 1518 1531 1531 1531 1530 1530 1530 1533 1533 1533 1533 1533 1533 1532 1532 1532 1531 1531 1531 1533 1533 1533 1530 1530 1530 1534 1534 1534 1535 1535 1535 1507 1507 1507 1532 1532 1532 1533 1533 1533 1535 1535 1535 1532 1532 1532 1534 1534 1534 1536 1536 1536 1533 1533 1533 1536 1536 1536 1535 1535 1535 1533 1533 1533 1536 1536 1536 1534 1534 1534 1537 1537 1537 1538 1538 1538 1536 1536 1536 1537 1537 1537 1535 1535 1535 1539 1539 1539 1507 1507 1507 1536 1536 1536 1539 1539 1539 1535 1535 1535 1538 1538 1538 1539 1539 1539 1536 1536 1536 1507 1507 1507 1539 1539 1539 1499 1499 1499 1538 1538 1538 1500 1500 1500 1539 1539 1539 1500 1500 1500 1499 1499 1499 1539 1539 1539 1540 1540 1540 1541 1541 1541 1542 1542 1542 1540 1540 1540 1542 1542 1542 1543 1543 1543 1544 1544 1544 1540 1540 1540 1543 1543 1543 1543 1543 1543 1542 1542 1542 1545 1545 1545 1546 1546 1546 1544 1544 1544 1543 1543 1543 1547 1547 1547 1543 1543 1543 1545 1545 1545 1546 1546 1546 1543 1543 1543 1547 1547 1547 1547 1547 1547 1545 1545 1545 1548 1548 1548 1548 1548 1548 1545 1545 1545 1549 1549 1549 1549 1549 1549 1550 1550 1550 1548 1548 1548 1548 1548 1548 1551 1551 1551 1547 1547 1547 1550 1550 1550 1551 1551 1551 1548 1548 1548 1547 1547 1547 1552 1552 1552 1546 1546 1546 1547 1547 1547 1551 1551 1551 1552 1552 1552 1553 1553 1553 1544 1544 1544 1546 1546 1546 1553 1553 1553 1554 1554 1554 1544 1544 1544 1546 1546 1546 1552 1552 1552 1555 1555 1555 1546 1546 1546 1555 1555 1555 1553 1553 1553 1556 1556 1556 1554 1554 1554 1553 1553 1553 1556 1556 1556 1557 1557 1557 1554 1554 1554 1556 1556 1556 1558 1558 1558 1557 1557 1557 1553 1553 1553 1555 1555 1555 1559 1559 1559 1553 1553 1553 1559 1559 1559 1556 1556 1556 1552 1552 1552 1560 1560 1560 1555 1555 1555 1555 1555 1555 1560 1560 1560 1559 1559 1559 1561 1561 1561 1558 1558 1558 1556 1556 1556 1561 1561 1561 1562 1562 1562 1558 1558 1558 1556 1556 1556 1559 1559 1559 1563 1563 1563 1556 1556 1556 1563 1563 1563 1561 1561 1561 1559 1559 1559 1560 1560 1560 1564 1564 1564 1559 1559 1559 1564 1564 1564 1563 1563 1563 1565 1565 1565 1560 1560 1560 1552 1552 1552 1551 1551 1551 1565 1565 1565 1552 1552 1552 1560 1560 1560 1566 1566 1566 1564 1564 1564 1560 1560 1560 1565 1565 1565 1566 1566 1566 1567 1567 1567 1565 1565 1565 1551 1551 1551 1550 1550 1550 1567 1567 1567 1551 1551 1551 1565 1565 1565 1567 1567 1567 1568 1568 1568 1566 1566 1566 1565 1565 1565 1568 1568 1568 1567 1567 1567 1550 1550 1550 1569 1569 1569 1568 1568 1568 1567 1567 1567 1569 1569 1569 1564 1564 1564 1566 1566 1566 1570 1570 1570 1566 1566 1566 1568 1568 1568 1571 1571 1571 1566 1566 1566 1571 1571 1571 1570 1570 1570 1569 1569 1569 1572 1572 1572 1568 1568 1568 1571 1571 1571 1568 1568 1568 1572 1572 1572 1550 1550 1550 1573 1573 1573 1569 1569 1569 1573 1573 1573 1572 1572 1572 1569 1569 1569 1550 1550 1550 1574 1574 1574 1573 1573 1573 1573 1573 1573 1575 1575 1575 1572 1572 1572 1574 1574 1574 1575 1575 1575 1573 1573 1573 1550 1550 1550 1576 1576 1576 1574 1574 1574 1576 1576 1576 1575 1575 1575 1574 1574 1574 1576 1576 1576 1550 1550 1550 1577 1577 1577 1575 1575 1575 1578 1578 1578 1572 1572 1572 1572 1572 1572 1578 1578 1578 1571 1571 1571 1579 1579 1579 1575 1575 1575 1576 1576 1576 1576 1576 1576 1577 1577 1577 1579 1579 1579 1579 1579 1579 1578 1578 1578 1575 1575 1575 1579 1579 1579 1577 1577 1577 1580 1580 1580 1581 1581 1581 1579 1579 1579 1580 1580 1580 1582 1582 1582 1579 1579 1579 1581 1581 1581 1582 1582 1582 1578 1578 1578 1579 1579 1579 1583 1583 1583 1582 1582 1582 1581 1581 1581 1584 1584 1584 1582 1582 1582 1583 1583 1583 1584 1584 1584 1585 1585 1585 1582 1582 1582 1582 1582 1582 1585 1585 1585 1578 1578 1578 1578 1578 1578 1585 1585 1585 1586 1586 1586 1586 1586 1586 1587 1587 1587 1578 1578 1578 1578 1578 1578 1587 1587 1587 1571 1571 1571 1588 1588 1588 1587 1587 1587 1586 1586 1586 1587 1587 1587 1589 1589 1589 1571 1571 1571 1570 1570 1570 1571 1571 1571 1589 1589 1589 1590 1590 1590 1587 1587 1587 1588 1588 1588 1589 1589 1589 1587 1587 1587 1590 1590 1590 1570 1570 1570 1589 1589 1589 1591 1591 1591 1591 1591 1591 1589 1589 1589 1590 1590 1590 1592 1592 1592 1570 1570 1570 1591 1591 1591 1564 1564 1564 1570 1570 1570 1592 1592 1592 1563 1563 1563 1564 1564 1564 1592 1592 1592 1588 1588 1588 1593 1593 1593 1590 1590 1590 1594 1594 1594 1593 1593 1593 1588 1588 1588 1594 1594 1594 1595 1595 1595 1593 1593 1593 1563 1563 1563 1592 1592 1592 1596 1596 1596 1561 1561 1561 1563 1563 1563 1596 1596 1596 1592 1592 1592 1591 1591 1591 1597 1597 1597 1596 1596 1596 1592 1592 1592 1597 1597 1597 1590 1590 1590 1598 1598 1598 1591 1591 1591 1597 1597 1597 1591 1591 1591 1598 1598 1598 1593 1593 1593 1598 1598 1598 1590 1590 1590 1596 1596 1596 1599 1599 1599 1561 1561 1561 1599 1599 1599 1562 1562 1562 1561 1561 1561 1597 1597 1597 1600 1600 1600 1596 1596 1596 1600 1600 1600 1599 1599 1599 1596 1596 1596 1598 1598 1598 1601 1601 1601 1597 1597 1597 1601 1601 1601 1600 1600 1600 1597 1597 1597 1598 1598 1598 1593 1593 1593 1602 1602 1602 1602 1602 1602 1601 1601 1601 1598 1598 1598 1593 1593 1593 1595 1595 1595 1603 1603 1603 1602 1602 1602 1593 1593 1593 1603 1603 1603 1604 1604 1604 1603 1603 1603 1595 1595 1595 1601 1601 1601 1602 1602 1602 1605 1605 1605 1602 1602 1602 1603 1603 1603 1606 1606 1606 1605 1605 1605 1602 1602 1602 1606 1606 1606 1600 1600 1600 1601 1601 1601 1607 1607 1607 1607 1607 1607 1601 1601 1601 1605 1605 1605 1608 1608 1608 1600 1600 1600 1607 1607 1607 1599 1599 1599 1600 1600 1600 1608 1608 1608 1605 1605 1605 1609 1609 1609 1607 1607 1607 1610 1610 1610 1599 1599 1599 1608 1608 1608 1562 1562 1562 1599 1599 1599 1610 1610 1610 1607 1607 1607 1611 1611 1611 1608 1608 1608 1609 1609 1609 1611 1611 1611 1607 1607 1607 1611 1611 1611 1612 1612 1612 1608 1608 1608 1608 1608 1608 1612 1612 1612 1610 1610 1610 1611 1611 1611 1609 1609 1609 1613 1613 1613 1611 1611 1611 1613 1613 1613 1612 1612 1612 1614 1614 1614 1609 1609 1609 1605 1605 1605 1606 1606 1606 1614 1614 1614 1605 1605 1605 1613 1613 1613 1609 1609 1609 1615 1615 1615 1615 1615 1615 1609 1609 1609 1614 1614 1614 1616 1616 1616 1614 1614 1614 1606 1606 1606 1606 1606 1606 1603 1603 1603 1616 1616 1616 1617 1617 1617 1615 1615 1615 1614 1614 1614 1617 1617 1617 1614 1614 1614 1616 1616 1616 1618 1618 1618 1613 1613 1613 1615 1615 1615 1619 1619 1619 1615 1615 1615 1617 1617 1617 1615 1615 1615 1619 1619 1619 1618 1618 1618 1620 1620 1620 1617 1617 1617 1616 1616 1616 1618 1618 1618 1621 1621 1621 1613 1613 1613 1612 1612 1612 1613 1613 1613 1621 1621 1621 1622 1622 1622 1617 1617 1617 1620 1620 1620 1617 1617 1617 1622 1622 1622 1619 1619 1619 1616 1616 1616 1623 1623 1623 1620 1620 1620 1603 1603 1603 1623 1623 1623 1616 1616 1616 1623 1623 1623 1603 1603 1603 1624 1624 1624 1604 1604 1604 1624 1624 1624 1603 1603 1603 1624 1624 1624 1625 1625 1625 1623 1623 1623 1624 1624 1624 1604 1604 1604 1625 1625 1625 1626 1626 1626 1620 1620 1620 1623 1623 1623 1623 1623 1623 1625 1625 1625 1626 1626 1626 1625 1625 1625 1604 1604 1604 1627 1627 1627 1627 1627 1627 1604 1604 1604 1628 1628 1628 1627 1627 1627 1628 1628 1628 1629 1629 1629 1629 1629 1629 1625 1625 1625 1627 1627 1627 1629 1629 1629 1628 1628 1628 1630 1630 1630 1631 1631 1631 1625 1625 1625 1629 1629 1629 1631 1631 1631 1626 1626 1626 1625 1625 1625 1629 1629 1629 1630 1630 1630 1632 1632 1632 1632 1632 1632 1631 1631 1631 1629 1629 1629 1632 1632 1632 1630 1630 1630 1633 1633 1633 1634 1634 1634 1626 1626 1626 1631 1631 1631 1632 1632 1632 1633 1633 1633 1635 1635 1635 1635 1635 1635 1633 1633 1633 1636 1636 1636 1637 1637 1637 1631 1631 1631 1632 1632 1632 1632 1632 1632 1635 1635 1635 1637 1637 1637 1637 1637 1637 1634 1634 1634 1631 1631 1631 1638 1638 1638 1635 1635 1635 1636 1636 1636 1637 1637 1637 1635 1635 1635 1639 1639 1639 1638 1638 1638 1639 1639 1639 1635 1635 1635 1640 1640 1640 1634 1634 1634 1637 1637 1637 1637 1637 1637 1639 1639 1639 1640 1640 1640 1638 1638 1638 1636 1636 1636 1641 1641 1641 1641 1641 1641 1636 1636 1636 1642 1642 1642 1643 1643 1643 1641 1641 1641 1642 1642 1642 1644 1644 1644 1639 1639 1639 1638 1638 1638 1638 1638 1638 1641 1641 1641 1644 1644 1644 1645 1645 1645 1641 1641 1641 1643 1643 1643 1646 1646 1646 1645 1645 1645 1643 1643 1643 1647 1647 1647 1641 1641 1641 1645 1645 1645 1646 1646 1646 1647 1647 1647 1645 1645 1645 1644 1644 1644 1641 1641 1641 1648 1648 1648 1648 1648 1648 1641 1641 1641 1647 1647 1647 1644 1644 1644 1649 1649 1649 1639 1639 1639 1640 1640 1640 1639 1639 1639 1649 1649 1649 1648 1648 1648 1650 1650 1650 1644 1644 1644 1650 1650 1650 1649 1649 1649 1644 1644 1644 1651 1651 1651 1650 1650 1650 1648 1648 1648 1648 1648 1648 1647 1647 1647 1651 1651 1651 1650 1650 1650 1652 1652 1652 1649 1649 1649 1649 1649 1649 1653 1653 1653 1640 1640 1640 1652 1652 1652 1653 1653 1653 1649 1649 1649 1653 1653 1653 1654 1654 1654 1640 1640 1640 1640 1640 1640 1654 1654 1654 1634 1634 1634 1655 1655 1655 1652 1652 1652 1650 1650 1650 1651 1651 1651 1655 1655 1655 1650 1650 1650 1654 1654 1654 1656 1656 1656 1634 1634 1634 1634 1634 1634 1656 1656 1656 1626 1626 1626 1656 1656 1656 1620 1620 1620 1626 1626 1626 1656 1656 1656 1622 1622 1622 1620 1620 1620 1654 1654 1654 1657 1657 1657 1656 1656 1656 1657 1657 1657 1622 1622 1622 1656 1656 1656 1658 1658 1658 1657 1657 1657 1654 1654 1654 1653 1653 1653 1658 1658 1658 1654 1654 1654 1657 1657 1657 1659 1659 1659 1622 1622 1622 1619 1619 1619 1622 1622 1622 1659 1659 1659 1658 1658 1658 1660 1660 1660 1657 1657 1657 1660 1660 1660 1659 1659 1659 1657 1657 1657 1661 1661 1661 1658 1658 1658 1653 1653 1653 1652 1652 1652 1661 1661 1661 1653 1653 1653 1662 1662 1662 1660 1660 1660 1658 1658 1658 1661 1661 1661 1662 1662 1662 1658 1658 1658 1663 1663 1663 1661 1661 1661 1652 1652 1652 1655 1655 1655 1663 1663 1663 1652 1652 1652 1664 1664 1664 1662 1662 1662 1661 1661 1661 1663 1663 1663 1664 1664 1664 1661 1661 1661 1662 1662 1662 1665 1665 1665 1660 1660 1660 1666 1666 1666 1664 1664 1664 1663 1663 1663 1664 1664 1664 1667 1667 1667 1662 1662 1662 1667 1667 1667 1665 1665 1665 1662 1662 1662 1666 1666 1666 1668 1668 1668 1664 1664 1664 1664 1664 1664 1668 1668 1668 1667 1667 1667 1663 1663 1663 1669 1669 1669 1666 1666 1666 1669 1669 1669 1663 1663 1663 1655 1655 1655 1666 1666 1666 1670 1670 1670 1668 1668 1668 1666 1666 1666 1669 1669 1669 1670 1670 1670 1671 1671 1671 1669 1669 1669 1655 1655 1655 1671 1671 1671 1655 1655 1655 1651 1651 1651 1669 1669 1669 1672 1672 1672 1670 1670 1670 1672 1672 1672 1669 1669 1669 1671 1671 1671 1651 1651 1651 1673 1673 1673 1671 1671 1671 1651 1651 1651 1647 1647 1647 1673 1673 1673 1671 1671 1671 1674 1674 1674 1672 1672 1672 1671 1671 1671 1673 1673 1673 1674 1674 1674 1647 1647 1647 1675 1675 1675 1673 1673 1673 1675 1675 1675 1674 1674 1674 1673 1673 1673 1676 1676 1676 1675 1675 1675 1647 1647 1647 1676 1676 1676 1647 1647 1647 1646 1646 1646 1677 1677 1677 1674 1674 1674 1675 1675 1675 1676 1676 1676 1646 1646 1646 1678 1678 1678 1676 1676 1676 1679 1679 1679 1675 1675 1675 1678 1678 1678 1679 1679 1679 1676 1676 1676 1679 1679 1679 1677 1677 1677 1675 1675 1675 1646 1646 1646 1680 1680 1680 1678 1678 1678 1681 1681 1681 1680 1680 1680 1646 1646 1646 1681 1681 1681 1682 1682 1682 1680 1680 1680 1678 1678 1678 1680 1680 1680 1683 1683 1683 1678 1678 1678 1683 1683 1683 1679 1679 1679 1680 1680 1680 1682 1682 1682 1684 1684 1684 1683 1683 1683 1680 1680 1680 1684 1684 1684 1684 1684 1684 1682 1682 1682 1685 1685 1685 1685 1685 1685 1682 1682 1682 1686 1686 1686 1683 1683 1683 1684 1684 1684 1687 1687 1687 1686 1686 1686 1688 1688 1688 1685 1685 1685 1689 1689 1689 1684 1684 1684 1685 1685 1685 1687 1687 1687 1684 1684 1684 1689 1689 1689 1690 1690 1690 1688 1688 1688 1686 1686 1686 1691 1691 1691 1689 1689 1689 1685 1685 1685 1685 1685 1685 1688 1688 1688 1691 1691 1691 1692 1692 1692 1689 1689 1689 1691 1691 1691 1687 1687 1687 1689 1689 1689 1692 1692 1692 1692 1692 1692 1691 1691 1691 1693 1693 1693 1687 1687 1687 1692 1692 1692 1693 1693 1693 1688 1688 1688 1694 1694 1694 1691 1691 1691 1693 1693 1693 1691 1691 1691 1694 1694 1694 1687 1687 1687 1695 1695 1695 1683 1683 1683 1679 1679 1679 1683 1683 1683 1695 1695 1695 1687 1687 1687 1696 1696 1696 1695 1695 1695 1695 1695 1695 1696 1696 1696 1679 1679 1679 1687 1687 1687 1693 1693 1693 1697 1697 1697 1687 1687 1687 1697 1697 1697 1696 1696 1696 1679 1679 1679 1696 1696 1696 1698 1698 1698 1696 1696 1696 1697 1697 1697 1698 1698 1698 1698 1698 1698 1677 1677 1677 1679 1679 1679 1693 1693 1693 1699 1699 1699 1697 1697 1697 1698 1698 1698 1697 1697 1697 1699 1699 1699 1698 1698 1698 1699 1699 1699 1677 1677 1677 1694 1694 1694 1699 1699 1699 1693 1693 1693 1677 1677 1677 1699 1699 1699 1700 1700 1700 1699 1699 1699 1694 1694 1694 1700 1700 1700 1677 1677 1677 1700 1700 1700 1674 1674 1674 1674 1674 1674 1700 1700 1700 1672 1672 1672 1700 1700 1700 1694 1694 1694 1701 1701 1701 1701 1701 1701 1694 1694 1694 1688 1688 1688 1672 1672 1672 1700 1700 1700 1702 1702 1702 1702 1702 1702 1700 1700 1700 1701 1701 1701 1688 1688 1688 1702 1702 1702 1701 1701 1701 1670 1670 1670 1672 1672 1672 1702 1702 1702 1688 1688 1688 1690 1690 1690 1702 1702 1702 1702 1702 1702 1690 1690 1690 1670 1670 1670 1668 1668 1668 1670 1670 1670 1690 1690 1690 1690 1690 1690 1703 1703 1703 1668 1668 1668 1704 1704 1704 1703 1703 1703 1690 1690 1690 1690 1690 1690 1705 1705 1705 1704 1704 1704 1703 1703 1703 1706 1706 1706 1668 1668 1668 1668 1668 1668 1706 1706 1706 1667 1667 1667 1703 1703 1703 1704 1704 1704 1707 1707 1707 1706 1706 1706 1708 1708 1708 1667 1667 1667 1667 1667 1667 1708 1708 1708 1665 1665 1665 1706 1706 1706 1703 1703 1703 1709 1709 1709 1709 1709 1709 1703 1703 1703 1707 1707 1707 1708 1708 1708 1706 1706 1706 1710 1710 1710 1710 1710 1710 1706 1706 1706 1709 1709 1709 1711 1711 1711 1665 1665 1665 1708 1708 1708 1710 1710 1710 1712 1712 1712 1708 1708 1708 1708 1708 1708 1712 1712 1712 1711 1711 1711 1710 1710 1710 1709 1709 1709 1713 1713 1713 1714 1714 1714 1665 1665 1665 1711 1711 1711 1714 1714 1714 1660 1660 1660 1665 1665 1665 1659 1659 1659 1660 1660 1660 1714 1714 1714 1715 1715 1715 1659 1659 1659 1714 1714 1714 1619 1619 1619 1659 1659 1659 1715 1715 1715 1618 1618 1618 1619 1619 1619 1715 1715 1715 1716 1716 1716 1714 1714 1714 1711 1711 1711 1715 1715 1715 1714 1714 1714 1716 1716 1716 1715 1715 1715 1717 1717 1717 1618 1618 1618 1716 1716 1716 1717 1717 1717 1715 1715 1715 1717 1717 1717 1621 1621 1621 1618 1618 1618 1711 1711 1711 1718 1718 1718 1716 1716 1716 1712 1712 1712 1718 1718 1718 1711 1711 1711 1719 1719 1719 1717 1717 1717 1716 1716 1716 1718 1718 1718 1719 1719 1719 1716 1716 1716 1717 1717 1717 1720 1720 1720 1621 1621 1621 1719 1719 1719 1720 1720 1720 1717 1717 1717 1718 1718 1718 1712 1712 1712 1721 1721 1721 1722 1722 1722 1719 1719 1719 1718 1718 1718 1721 1721 1721 1722 1722 1722 1718 1718 1718 1719 1719 1719 1723 1723 1723 1720 1720 1720 1722 1722 1722 1723 1723 1723 1719 1719 1719 1720 1720 1720 1724 1724 1724 1621 1621 1621 1621 1621 1621 1724 1724 1724 1612 1612 1612 1612 1612 1612 1724 1724 1724 1610 1610 1610 1725 1725 1725 1720 1720 1720 1723 1723 1723 1724 1724 1724 1720 1720 1720 1725 1725 1725 1610 1610 1610 1724 1724 1724 1726 1726 1726 1727 1727 1727 1724 1724 1724 1725 1725 1725 1726 1726 1726 1724 1724 1724 1727 1727 1727 1728 1728 1728 1610 1610 1610 1726 1726 1726 1727 1727 1727 1728 1728 1728 1726 1726 1726 1562 1562 1562 1610 1610 1610 1728 1728 1728 1725 1725 1725 1723 1723 1723 1729 1729 1729 1729 1729 1729 1727 1727 1727 1725 1725 1725 1728 1728 1728 1730 1730 1730 1562 1562 1562 1562 1562 1562 1730 1730 1730 1731 1731 1731 1732 1732 1732 1728 1728 1728 1727 1727 1727 1731 1731 1731 1730 1730 1730 1733 1733 1733 1731 1731 1731 1733 1733 1733 1734 1734 1734 1733 1733 1733 1735 1735 1735 1734 1734 1734 1736 1736 1736 1730 1730 1730 1728 1728 1728 1732 1732 1732 1736 1736 1736 1728 1728 1728 1737 1737 1737 1735 1735 1735 1733 1733 1733 1735 1735 1735 1737 1737 1737 1738 1738 1738 1733 1733 1733 1739 1739 1739 1737 1737 1737 1735 1735 1735 1738 1738 1738 1740 1740 1740 1741 1741 1741 1739 1739 1739 1733 1733 1733 1733 1733 1733 1730 1730 1730 1741 1741 1741 1742 1742 1742 1739 1739 1739 1741 1741 1741 1735 1735 1735 1740 1740 1740 1743 1743 1743 1740 1740 1740 1738 1738 1738 1744 1744 1744 1742 1742 1742 1741 1741 1741 1745 1745 1745 1730 1730 1730 1745 1745 1745 1741 1741 1741 1736 1736 1736 1745 1745 1745 1730 1730 1730 1742 1742 1742 1745 1745 1745 1746 1746 1746 1740 1740 1740 1747 1747 1747 1743 1743 1743 1744 1744 1744 1747 1747 1747 1740 1740 1740 1743 1743 1743 1747 1747 1747 1748 1748 1748 1746 1746 1746 1745 1745 1745 1749 1749 1749 1736 1736 1736 1749 1749 1749 1745 1745 1745 1746 1746 1746 1749 1749 1749 1750 1750 1750 1736 1736 1736 1751 1751 1751 1749 1749 1749 1751 1751 1751 1736 1736 1736 1732 1732 1732 1752 1752 1752 1750 1750 1750 1749 1749 1749 1753 1753 1753 1750 1750 1750 1752 1752 1752 1749 1749 1749 1751 1751 1751 1754 1754 1754 1754 1754 1754 1752 1752 1752 1749 1749 1749 1755 1755 1755 1751 1751 1751 1732 1732 1732 1732 1732 1732 1727 1727 1727 1755 1755 1755 1751 1751 1751 1756 1756 1756 1754 1754 1754 1756 1756 1756 1751 1751 1751 1755 1755 1755 1755 1755 1755 1727 1727 1727 1757 1757 1757 1757 1757 1757 1727 1727 1727 1729 1729 1729 1758 1758 1758 1756 1756 1756 1755 1755 1755 1757 1757 1757 1758 1758 1758 1755 1755 1755 1754 1754 1754 1756 1756 1756 1759 1759 1759 1760 1760 1760 1758 1758 1758 1757 1757 1757 1729 1729 1729 1760 1760 1760 1757 1757 1757 1761 1761 1761 1756 1756 1756 1758 1758 1758 1756 1756 1756 1761 1761 1761 1759 1759 1759 1761 1761 1761 1758 1758 1758 1762 1762 1762 1759 1759 1759 1763 1763 1763 1754 1754 1754 1763 1763 1763 1752 1752 1752 1754 1754 1754 1759 1759 1759 1761 1761 1761 1764 1764 1764 1761 1761 1761 1762 1762 1762 1764 1764 1764 1765 1765 1765 1763 1763 1763 1759 1759 1759 1764 1764 1764 1765 1765 1765 1759 1759 1759 1752 1752 1752 1763 1763 1763 1766 1766 1766 1763 1763 1763 1765 1765 1765 1767 1767 1767 1766 1766 1766 1763 1763 1763 1767 1767 1767 1766 1766 1766 1768 1768 1768 1752 1752 1752 1752 1752 1752 1768 1768 1768 1753 1753 1753 1768 1768 1768 1769 1769 1769 1753 1753 1753 1766 1766 1766 1770 1770 1770 1768 1768 1768 1766 1766 1766 1767 1767 1767 1770 1770 1770 1768 1768 1768 1771 1771 1771 1769 1769 1769 1768 1768 1768 1770 1770 1770 1771 1771 1771 1769 1769 1769 1771 1771 1771 1772 1772 1772 1770 1770 1770 1767 1767 1767 1773 1773 1773 1774 1774 1774 1771 1771 1771 1770 1770 1770 1770 1770 1770 1773 1773 1773 1774 1774 1774 1767 1767 1767 1775 1775 1775 1773 1773 1773 1767 1767 1767 1765 1765 1765 1775 1775 1775 1774 1774 1774 1773 1773 1773 1776 1776 1776 1765 1765 1765 1777 1777 1777 1775 1775 1775 1777 1777 1777 1765 1765 1765 1764 1764 1764 1773 1773 1773 1775 1775 1775 1778 1778 1778 1779 1779 1779 1773 1773 1773 1778 1778 1778 1775 1775 1775 1777 1777 1777 1780 1780 1780 1775 1775 1775 1780 1780 1780 1778 1778 1778 1781 1781 1781 1777 1777 1777 1764 1764 1764 1764 1764 1764 1762 1762 1762 1781 1781 1781 1777 1777 1777 1782 1782 1782 1780 1780 1780 1782 1782 1782 1777 1777 1777 1781 1781 1781 1778 1778 1778 1783 1783 1783 1779 1779 1779 1779 1779 1779 1783 1783 1783 1784 1784 1784 1783 1783 1783 1785 1785 1785 1784 1784 1784 1778 1778 1778 1780 1780 1780 1786 1786 1786 1786 1786 1786 1783 1783 1783 1778 1778 1778 1780 1780 1780 1782 1782 1782 1787 1787 1787 1780 1780 1780 1787 1787 1787 1786 1786 1786 1788 1788 1788 1785 1785 1785 1783 1783 1783 1788 1788 1788 1789 1789 1789 1785 1785 1785 1790 1790 1790 1789 1789 1789 1788 1788 1788 1788 1788 1788 1791 1791 1791 1790 1790 1790 1792 1792 1792 1783 1783 1783 1786 1786 1786 1783 1783 1783 1792 1792 1792 1788 1788 1788 1788 1788 1788 1793 1793 1793 1791 1791 1791 1793 1793 1793 1794 1794 1794 1791 1791 1791 1793 1793 1793 1795 1795 1795 1794 1794 1794 1796 1796 1796 1795 1795 1795 1793 1793 1793 1788 1788 1788 1792 1792 1792 1797 1797 1797 1796 1796 1796 1793 1793 1793 1798 1798 1798 1798 1798 1798 1799 1799 1799 1796 1796 1796 1788 1788 1788 1800 1800 1800 1793 1793 1793 1797 1797 1797 1800 1800 1800 1788 1788 1788 1798 1798 1798 1793 1793 1793 1800 1800 1800 1792 1792 1792 1801 1801 1801 1797 1797 1797 1801 1801 1801 1800 1800 1800 1797 1797 1797 1802 1802 1802 1799 1799 1799 1798 1798 1798 1799 1799 1799 1802 1802 1802 1803 1803 1803 1800 1800 1800 1804 1804 1804 1798 1798 1798 1804 1804 1804 1800 1800 1800 1801 1801 1801 1803 1803 1803 1802 1802 1802 1805 1805 1805 1805 1805 1805 1806 1806 1806 1803 1803 1803 1798 1798 1798 1807 1807 1807 1802 1802 1802 1802 1802 1802 1807 1807 1807 1805 1805 1805 1808 1808 1808 1806 1806 1806 1805 1805 1805 1806 1806 1806 1808 1808 1808 1809 1809 1809 1805 1805 1805 1810 1810 1810 1808 1808 1808 1805 1805 1805 1807 1807 1807 1810 1810 1810 1811 1811 1811 1809 1809 1809 1808 1808 1808 1811 1811 1811 1808 1808 1808 1810 1810 1810 1812 1812 1812 1809 1809 1809 1811 1811 1811 1813 1813 1813 1807 1807 1807 1798 1798 1798 1798 1798 1798 1804 1804 1804 1813 1813 1813 1814 1814 1814 1812 1812 1812 1811 1811 1811 1815 1815 1815 1812 1812 1812 1814 1814 1814 1816 1816 1816 1811 1811 1811 1810 1810 1810 1811 1811 1811 1816 1816 1816 1814 1814 1814 1817 1817 1817 1810 1810 1810 1807 1807 1807 1816 1816 1816 1810 1810 1810 1817 1817 1817 1814 1814 1814 1818 1818 1818 1815 1815 1815 1818 1818 1818 1819 1819 1819 1815 1815 1815 1814 1814 1814 1816 1816 1816 1820 1820 1820 1814 1814 1814 1821 1821 1821 1818 1818 1818 1820 1820 1820 1821 1821 1821 1814 1814 1814 1822 1822 1822 1819 1819 1819 1818 1818 1818 1821 1821 1821 1822 1822 1822 1818 1818 1818 1816 1816 1816 1823 1823 1823 1820 1820 1820 1816 1816 1816 1817 1817 1817 1823 1823 1823 1820 1820 1820 1824 1824 1824 1821 1821 1821 1823 1823 1823 1824 1824 1824 1820 1820 1820 1825 1825 1825 1822 1822 1822 1821 1821 1821 1824 1824 1824 1826 1826 1826 1821 1821 1821 1821 1821 1821 1826 1826 1826 1825 1825 1825 1822 1822 1822 1827 1827 1827 1819 1819 1819 1819 1819 1819 1827 1827 1827 1828 1828 1828 1825 1825 1825 1829 1829 1829 1822 1822 1822 1822 1822 1822 1829 1829 1829 1827 1827 1827 1825 1825 1825 1826 1826 1826 1829 1829 1829 1830 1830 1830 1828 1828 1828 1827 1827 1827 1827 1827 1827 1829 1829 1829 1830 1830 1830 1828 1828 1828 1830 1830 1830 1831 1831 1831 1829 1829 1829 1826 1826 1826 1832 1832 1832 1831 1831 1831 1830 1830 1830 1833 1833 1833 1831 1831 1831 1833 1833 1833 1834 1834 1834 1830 1830 1830 1829 1829 1829 1835 1835 1835 1829 1829 1829 1832 1832 1832 1835 1835 1835 1835 1835 1835 1836 1836 1836 1830 1830 1830 1830 1830 1830 1836 1836 1836 1833 1833 1833 1835 1835 1835 1832 1832 1832 1837 1837 1837 1836 1836 1836 1835 1835 1835 1837 1837 1837 1834 1834 1834 1833 1833 1833 1838 1838 1838 1839 1839 1839 1834 1834 1834 1838 1838 1838 1836 1836 1836 1840 1840 1840 1833 1833 1833 1833 1833 1833 1840 1840 1840 1838 1838 1838 1841 1841 1841 1839 1839 1839 1838 1838 1838 1841 1841 1841 1838 1838 1838 1840 1840 1840 1842 1842 1842 1839 1839 1839 1841 1841 1841 1843 1843 1843 1840 1840 1840 1836 1836 1836 1837 1837 1837 1843 1843 1843 1836 1836 1836 1841 1841 1841 1844 1844 1844 1842 1842 1842 1842 1842 1842 1844 1844 1844 1845 1845 1845 1846 1846 1846 1841 1841 1841 1840 1840 1840 1844 1844 1844 1841 1841 1841 1846 1846 1846 1846 1846 1846 1840 1840 1840 1843 1843 1843 1847 1847 1847 1845 1845 1845 1844 1844 1844 1844 1844 1844 1846 1846 1846 1847 1847 1847 1848 1848 1848 1845 1845 1845 1847 1847 1847 1848 1848 1848 1847 1847 1847 1849 1849 1849 1705 1705 1705 1849 1849 1849 1847 1847 1847 1847 1847 1847 1846 1846 1846 1850 1850 1850 1705 1705 1705 1847 1847 1847 1851 1851 1851 1851 1851 1851 1847 1847 1847 1850 1850 1850 1851 1851 1851 1704 1704 1704 1705 1705 1705 1852 1852 1852 1850 1850 1850 1846 1846 1846 1852 1852 1852 1846 1846 1846 1843 1843 1843 1853 1853 1853 1704 1704 1704 1851 1851 1851 1707 1707 1707 1704 1704 1704 1853 1853 1853 1854 1854 1854 1851 1851 1851 1850 1850 1850 1854 1854 1854 1850 1850 1850 1852 1852 1852 1853 1853 1853 1851 1851 1851 1855 1855 1855 1707 1707 1707 1853 1853 1853 1856 1856 1856 1856 1856 1856 1853 1853 1853 1855 1855 1855 1857 1857 1857 1851 1851 1851 1854 1854 1854 1855 1855 1855 1851 1851 1851 1857 1857 1857 1858 1858 1858 1707 1707 1707 1856 1856 1856 1709 1709 1709 1707 1707 1707 1858 1858 1858 1713 1713 1713 1709 1709 1709 1858 1858 1858 1855 1855 1855 1859 1859 1859 1856 1856 1856 1856 1856 1856 1860 1860 1860 1858 1858 1858 1859 1859 1859 1860 1860 1860 1856 1856 1856 1858 1858 1858 1861 1861 1861 1713 1713 1713 1860 1860 1860 1861 1861 1861 1858 1858 1858 1862 1862 1862 1859 1859 1859 1855 1855 1855 1857 1857 1857 1862 1862 1862 1855 1855 1855 1860 1860 1860 1859 1859 1859 1863 1863 1863 1864 1864 1864 1862 1862 1862 1857 1857 1857 1854 1854 1854 1864 1864 1864 1857 1857 1857 1859 1859 1859 1862 1862 1862 1865 1865 1865 1863 1863 1863 1859 1859 1859 1865 1865 1865 1865 1865 1865 1862 1862 1862 1866 1866 1866 1862 1862 1862 1864 1864 1864 1866 1866 1866 1867 1867 1867 1863 1863 1863 1865 1865 1865 1865 1865 1865 1866 1866 1866 1867 1867 1867 1868 1868 1868 1860 1860 1860 1863 1863 1863 1861 1861 1861 1860 1860 1860 1868 1868 1868 1869 1869 1869 1868 1868 1868 1863 1863 1863 1869 1869 1869 1863 1863 1863 1867 1867 1867 1861 1861 1861 1868 1868 1868 1870 1870 1870 1871 1871 1871 1868 1868 1868 1869 1869 1869 1871 1871 1871 1870 1870 1870 1868 1868 1868 1861 1861 1861 1870 1870 1870 1872 1872 1872 1861 1861 1861 1872 1872 1872 1713 1713 1713 1873 1873 1873 1870 1870 1870 1871 1871 1871 1713 1713 1713 1872 1872 1872 1874 1874 1874 1713 1713 1713 1874 1874 1874 1710 1710 1710 1710 1710 1710 1874 1874 1874 1712 1712 1712 1721 1721 1721 1712 1712 1712 1874 1874 1874 1875 1875 1875 1874 1874 1874 1872 1872 1872 1721 1721 1721 1874 1874 1874 1875 1875 1875 1872 1872 1872 1870 1870 1870 1876 1876 1876 1876 1876 1876 1875 1875 1875 1872 1872 1872 1873 1873 1873 1876 1876 1876 1870 1870 1870 1875 1875 1875 1877 1877 1877 1721 1721 1721 1875 1875 1875 1876 1876 1876 1877 1877 1877 1721 1721 1721 1877 1877 1877 1722 1722 1722 1876 1876 1876 1873 1873 1873 1878 1878 1878 1877 1877 1877 1876 1876 1876 1878 1878 1878 1877 1877 1877 1879 1879 1879 1722 1722 1722 1722 1722 1722 1879 1879 1879 1723 1723 1723 1729 1729 1729 1723 1723 1723 1879 1879 1879 1880 1880 1880 1877 1877 1877 1878 1878 1878 1879 1879 1879 1877 1877 1877 1880 1880 1880 1729 1729 1729 1879 1879 1879 1881 1881 1881 1881 1881 1881 1879 1879 1879 1880 1880 1880 1881 1881 1881 1760 1760 1760 1729 1729 1729 1878 1878 1878 1882 1882 1882 1880 1880 1880 1878 1878 1878 1873 1873 1873 1882 1882 1882 1880 1880 1880 1883 1883 1883 1881 1881 1881 1883 1883 1883 1760 1760 1760 1881 1881 1881 1880 1880 1880 1882 1882 1882 1884 1884 1884 1880 1880 1880 1884 1884 1884 1883 1883 1883 1885 1885 1885 1882 1882 1882 1873 1873 1873 1871 1871 1871 1885 1885 1885 1873 1873 1873 1882 1882 1882 1886 1886 1886 1884 1884 1884 1886 1886 1886 1882 1882 1882 1885 1885 1885 1887 1887 1887 1883 1883 1883 1884 1884 1884 1884 1884 1884 1886 1886 1886 1887 1887 1887 1888 1888 1888 1885 1885 1885 1871 1871 1871 1871 1871 1871 1869 1869 1869 1888 1888 1888 1885 1885 1885 1889 1889 1889 1886 1886 1886 1888 1888 1888 1889 1889 1889 1885 1885 1885 1890 1890 1890 1887 1887 1887 1886 1886 1886 1886 1886 1886 1889 1889 1889 1890 1890 1890 1887 1887 1887 1891 1891 1891 1883 1883 1883 1891 1891 1891 1887 1887 1887 1890 1890 1890 1883 1883 1883 1891 1891 1891 1892 1892 1892 1892 1892 1892 1760 1760 1760 1883 1883 1883 1890 1890 1890 1893 1893 1893 1891 1891 1891 1892 1892 1892 1894 1894 1894 1760 1760 1760 1760 1760 1760 1894 1894 1894 1758 1758 1758 1762 1762 1762 1758 1758 1758 1894 1894 1894 1891 1891 1891 1895 1895 1895 1892 1892 1892 1892 1892 1892 1895 1895 1895 1894 1894 1894 1762 1762 1762 1894 1894 1894 1895 1895 1895 1891 1891 1891 1893 1893 1893 1895 1895 1895 1762 1762 1762 1895 1895 1895 1781 1781 1781 1781 1781 1781 1895 1895 1895 1893 1893 1893 1893 1893 1893 1782 1782 1782 1781 1781 1781 1896 1896 1896 1782 1782 1782 1893 1893 1893 1893 1893 1893 1890 1890 1890 1896 1896 1896 1896 1896 1896 1890 1890 1890 1889 1889 1889 1782 1782 1782 1896 1896 1896 1787 1787 1787 1897 1897 1897 1896 1896 1896 1889 1889 1889 1897 1897 1897 1889 1889 1889 1888 1888 1888 1787 1787 1787 1896 1896 1896 1898 1898 1898 1898 1898 1898 1896 1896 1896 1897 1897 1897 1898 1898 1898 1899 1899 1899 1787 1787 1787 1786 1786 1786 1787 1787 1787 1899 1899 1899 1897 1897 1897 1900 1900 1900 1898 1898 1898 1900 1900 1900 1899 1899 1899 1898 1898 1898 1899 1899 1899 1901 1901 1901 1786 1786 1786 1900 1900 1900 1901 1901 1901 1899 1899 1899 1786 1786 1786 1901 1901 1901 1792 1792 1792 1901 1901 1901 1801 1801 1801 1792 1792 1792 1902 1902 1902 1901 1901 1901 1900 1900 1900 1901 1901 1901 1902 1902 1902 1801 1801 1801 1903 1903 1903 1900 1900 1900 1897 1897 1897 1903 1903 1903 1902 1902 1902 1900 1900 1900 1888 1888 1888 1903 1903 1903 1897 1897 1897 1801 1801 1801 1902 1902 1902 1904 1904 1904 1905 1905 1905 1903 1903 1903 1888 1888 1888 1888 1888 1888 1869 1869 1869 1905 1905 1905 1869 1869 1869 1867 1867 1867 1905 1905 1905 1906 1906 1906 1902 1902 1902 1903 1903 1903 1902 1902 1902 1906 1906 1906 1904 1904 1904 1905 1905 1905 1907 1907 1907 1903 1903 1903 1903 1903 1903 1907 1907 1907 1906 1906 1906 1905 1905 1905 1867 1867 1867 1907 1907 1907 1904 1904 1904 1906 1906 1906 1908 1908 1908 1906 1906 1906 1907 1907 1907 1908 1908 1908 1909 1909 1909 1801 1801 1801 1904 1904 1904 1904 1904 1904 1908 1908 1908 1909 1909 1909 1804 1804 1804 1801 1801 1801 1909 1909 1909 1908 1908 1908 1907 1907 1907 1910 1910 1910 1907 1907 1907 1867 1867 1867 1910 1910 1910 1909 1909 1909 1908 1908 1908 1911 1911 1911 1908 1908 1908 1910 1910 1910 1911 1911 1911 1912 1912 1912 1804 1804 1804 1909 1909 1909 1909 1909 1909 1911 1911 1911 1912 1912 1912 1813 1813 1813 1804 1804 1804 1912 1912 1912 1910 1910 1910 1867 1867 1867 1913 1913 1913 1867 1867 1867 1866 1866 1866 1913 1913 1913 1912 1912 1912 1914 1914 1914 1813 1813 1813 1813 1813 1813 1914 1914 1914 1807 1807 1807 1914 1914 1914 1817 1817 1817 1807 1807 1807 1912 1912 1912 1915 1915 1915 1914 1914 1914 1916 1916 1916 1817 1817 1817 1914 1914 1914 1914 1914 1914 1915 1915 1915 1916 1916 1916 1917 1917 1917 1915 1915 1915 1912 1912 1912 1912 1912 1912 1911 1911 1911 1917 1917 1917 1917 1917 1917 1918 1918 1918 1915 1915 1915 1915 1915 1915 1918 1918 1918 1916 1916 1916 1917 1917 1917 1911 1911 1911 1919 1919 1919 1919 1919 1919 1918 1918 1918 1917 1917 1917 1911 1911 1911 1910 1910 1910 1920 1920 1920 1919 1919 1919 1911 1911 1911 1920 1920 1920 1910 1910 1910 1913 1913 1913 1920 1920 1920 1919 1919 1919 1920 1920 1920 1921 1921 1921 1920 1920 1920 1913 1913 1913 1922 1922 1922 1921 1921 1921 1920 1920 1920 1922 1922 1922 1922 1922 1922 1913 1913 1913 1923 1923 1923 1922 1922 1922 1923 1923 1923 1921 1921 1921 1923 1923 1923 1913 1913 1913 1866 1866 1866 1866 1866 1866 1864 1864 1864 1923 1923 1923 1921 1921 1921 1924 1924 1924 1919 1919 1919 1924 1924 1924 1918 1918 1918 1919 1919 1919 1921 1921 1921 1923 1923 1923 1925 1925 1925 1921 1921 1921 1925 1925 1925 1924 1924 1924 1923 1923 1923 1864 1864 1864 1925 1925 1925 1925 1925 1925 1864 1864 1864 1926 1926 1926 1926 1926 1926 1864 1864 1864 1854 1854 1854 1924 1924 1924 1925 1925 1925 1927 1927 1927 1925 1925 1925 1926 1926 1926 1927 1927 1927 1854 1854 1854 1928 1928 1928 1926 1926 1926 1927 1927 1927 1926 1926 1926 1928 1928 1928 1852 1852 1852 1928 1928 1928 1854 1854 1854 1852 1852 1852 1929 1929 1929 1928 1928 1928 1929 1929 1929 1927 1927 1927 1928 1928 1928 1843 1843 1843 1929 1929 1929 1852 1852 1852 1927 1927 1927 1930 1930 1930 1924 1924 1924 1918 1918 1918 1924 1924 1924 1930 1930 1930 1931 1931 1931 1927 1927 1927 1929 1929 1929 1931 1931 1931 1930 1930 1930 1927 1927 1927 1932 1932 1932 1929 1929 1929 1843 1843 1843 1932 1932 1932 1931 1931 1931 1929 1929 1929 1932 1932 1932 1843 1843 1843 1837 1837 1837 1933 1933 1933 1931 1931 1931 1932 1932 1932 1933 1933 1933 1930 1930 1930 1931 1931 1931 1837 1837 1837 1934 1934 1934 1932 1932 1932 1933 1933 1933 1932 1932 1932 1934 1934 1934 1832 1832 1832 1934 1934 1934 1837 1837 1837 1934 1934 1934 1935 1935 1935 1933 1933 1933 1935 1935 1935 1930 1930 1930 1933 1933 1933 1832 1832 1832 1936 1936 1936 1934 1934 1934 1936 1936 1936 1935 1935 1935 1934 1934 1934 1826 1826 1826 1936 1936 1936 1832 1832 1832 1824 1824 1824 1936 1936 1936 1826 1826 1826 1937 1937 1937 1936 1936 1936 1824 1824 1824 1936 1936 1936 1937 1937 1937 1935 1935 1935 1823 1823 1823 1937 1937 1937 1824 1824 1824 1938 1938 1938 1930 1930 1930 1935 1935 1935 1937 1937 1937 1938 1938 1938 1935 1935 1935 1939 1939 1939 1937 1937 1937 1823 1823 1823 1938 1938 1938 1937 1937 1937 1939 1939 1939 1823 1823 1823 1817 1817 1817 1939 1939 1939 1939 1939 1939 1817 1817 1817 1916 1916 1916 1940 1940 1940 1930 1930 1930 1938 1938 1938 1939 1939 1939 1940 1940 1940 1938 1938 1938 1916 1916 1916 1940 1940 1940 1939 1939 1939 1940 1940 1940 1918 1918 1918 1930 1930 1930 1916 1916 1916 1918 1918 1918 1940 1940 1940 1941 1941 1941 1942 1942 1942 1943 1943 1943 1944 1944 1944 1942 1942 1942 1941 1941 1941 1945 1945 1945 1944 1944 1944 1941 1941 1941 1944 1944 1944 1946 1946 1946 1942 1942 1942 1947 1947 1947 1944 1944 1944 1945 1945 1945 1948 1948 1948 1947 1947 1947 1945 1945 1945 1949 1949 1949 1946 1946 1946 1944 1944 1944 1946 1946 1946 1949 1949 1949 1950 1950 1950 1947 1947 1947 1951 1951 1951 1944 1944 1944 1944 1944 1944 1951 1951 1951 1949 1949 1949 1952 1952 1952 1947 1947 1947 1948 1948 1948 1947 1947 1947 1952 1952 1952 1951 1951 1951 1950 1950 1950 1949 1949 1949 1953 1953 1953 1953 1953 1953 1954 1954 1954 1950 1950 1950 1953 1953 1953 1949 1949 1949 1955 1955 1955 1955 1955 1955 1949 1949 1949 1951 1951 1951 1953 1953 1953 1956 1956 1956 1954 1954 1954 1955 1955 1955 1956 1956 1956 1953 1953 1953 1951 1951 1951 1957 1957 1957 1955 1955 1955 1955 1955 1955 1957 1957 1957 1956 1956 1956 1958 1958 1958 1957 1957 1957 1951 1951 1951 1951 1951 1951 1952 1952 1952 1958 1958 1958 1956 1956 1956 1957 1957 1957 1959 1959 1959 1954 1954 1954 1956 1956 1956 1960 1960 1960 1960 1960 1960 1956 1956 1956 1959 1959 1959 1961 1961 1961 1954 1954 1954 1960 1960 1960 1962 1962 1962 1961 1961 1961 1960 1960 1960 1957 1957 1957 1963 1963 1963 1959 1959 1959 1957 1957 1957 1958 1958 1958 1963 1963 1963 1960 1960 1960 1959 1959 1959 1964 1964 1964 1959 1959 1959 1963 1963 1963 1964 1964 1964 1960 1960 1960 1965 1965 1965 1962 1962 1962 1962 1962 1962 1965 1965 1965 1966 1966 1966 1960 1960 1960 1964 1964 1964 1967 1967 1967 1967 1967 1967 1965 1965 1965 1960 1960 1960 1966 1966 1966 1965 1965 1965 1968 1968 1968 1965 1965 1965 1967 1967 1967 1968 1968 1968 1968 1968 1968 1969 1969 1969 1966 1966 1966 1967 1967 1967 1964 1964 1964 1970 1970 1970 1968 1968 1968 1967 1967 1967 1970 1970 1970 1970 1970 1970 1964 1964 1964 1963 1963 1963 1971 1971 1971 1969 1969 1969 1968 1968 1968 1970 1970 1970 1963 1963 1963 1972 1972 1972 1971 1971 1971 1973 1973 1973 1969 1969 1969 1973 1973 1973 1974 1974 1974 1969 1969 1969 1968 1968 1968 1975 1975 1975 1971 1971 1971 1971 1971 1971 1975 1975 1975 1973 1973 1973 1968 1968 1968 1970 1970 1970 1976 1976 1976 1976 1976 1976 1970 1970 1970 1972 1972 1972 1977 1977 1977 1975 1975 1975 1968 1968 1968 1968 1968 1968 1976 1976 1976 1977 1977 1977 1975 1975 1975 1978 1978 1978 1973 1973 1973 1979 1979 1979 1975 1975 1975 1977 1977 1977 1975 1975 1975 1979 1979 1979 1978 1978 1978 1980 1980 1980 1973 1973 1973 1978 1978 1978 1979 1979 1979 1980 1980 1980 1978 1978 1978 1974 1974 1974 1973 1973 1973 1980 1980 1980 1981 1981 1981 1979 1979 1979 1977 1977 1977 1977 1977 1977 1976 1976 1976 1981 1981 1981 1982 1982 1982 1980 1980 1980 1979 1979 1979 1982 1982 1982 1979 1979 1979 1981 1981 1981 1983 1983 1983 1974 1974 1974 1980 1980 1980 1980 1980 1980 1982 1982 1982 1983 1983 1983 1984 1984 1984 1974 1974 1974 1983 1983 1983 1985 1985 1985 1982 1982 1982 1981 1981 1981 1981 1981 1981 1976 1976 1976 1985 1985 1985 1983 1983 1983 1982 1982 1982 1986 1986 1986 1986 1986 1986 1982 1982 1982 1985 1985 1985 1984 1984 1984 1983 1983 1983 1987 1987 1987 1983 1983 1983 1986 1986 1986 1987 1987 1987 1987 1987 1987 1776 1776 1776 1984 1984 1984 1987 1987 1987 1986 1986 1986 1988 1988 1988 1988 1988 1988 1776 1776 1776 1987 1987 1987 1986 1986 1986 1985 1985 1985 1988 1988 1988 1774 1774 1774 1776 1776 1776 1988 1988 1988 1985 1985 1985 1976 1976 1976 1989 1989 1989 1989 1989 1989 1976 1976 1976 1972 1972 1972 1988 1988 1988 1985 1985 1985 1990 1990 1990 1989 1989 1989 1990 1990 1990 1985 1985 1985 1988 1988 1988 1991 1991 1991 1774 1774 1774 1990 1990 1990 1991 1991 1991 1988 1988 1988 1991 1991 1991 1771 1771 1771 1774 1774 1774 1992 1992 1992 1990 1990 1990 1989 1989 1989 1990 1990 1990 1992 1992 1992 1991 1991 1991 1993 1993 1993 1989 1989 1989 1972 1972 1972 1972 1972 1972 1963 1963 1963 1993 1993 1993 1963 1963 1963 1958 1958 1958 1993 1993 1993 1958 1958 1958 1952 1952 1952 1993 1993 1993 1994 1994 1994 1989 1989 1989 1993 1993 1993 1993 1993 1993 1952 1952 1952 1994 1994 1994 1994 1994 1994 1992 1992 1992 1989 1989 1989 1994 1994 1994 1952 1952 1952 1995 1995 1995 1995 1995 1995 1992 1992 1992 1994 1994 1994 1995 1995 1995 1991 1991 1991 1992 1992 1992 1995 1995 1995 1952 1952 1952 1948 1948 1948 1948 1948 1948 1996 1996 1996 1995 1995 1995 1995 1995 1995 1996 1996 1996 1997 1997 1997 1997 1997 1997 1991 1991 1991 1995 1995 1995 1991 1991 1991 1997 1997 1997 1771 1771 1771 1771 1771 1771 1997 1997 1997 1772 1772 1772 1772 1772 1772 1997 1997 1997 1998 1998 1998 1999 1999 1999 1998 1998 1998 1997 1997 1997 1998 1998 1998 2000 2000 2000 1772 1772 1772 2001 2001 2001 1772 1772 1772 2000 2000 2000 2002 2002 2002 1998 1998 1998 1999 1999 1999 2003 2003 2003 2001 2001 2001 2000 2000 2000 2004 2004 2004 2001 2001 2001 2003 2003 2003 1998 1998 1998 2005 2005 2005 2000 2000 2000 2002 2002 2002 2005 2005 2005 1998 1998 1998 2005 2005 2005 2003 2003 2003 2000 2000 2000 2006 2006 2006 2002 2002 2002 1999 1999 1999 1999 1999 1999 2007 2007 2007 2006 2006 2006 2007 2007 2007 2008 2008 2008 2006 2006 2006 2002 2002 2002 2009 2009 2009 2005 2005 2005 2009 2009 2009 2002 2002 2002 2006 2006 2006 2006 2006 2006 2008 2008 2008 2010 2010 2010 2010 2010 2010 2008 2008 2008 2011 2011 2011 2012 2012 2012 2010 2010 2010 2011 2011 2011 2013 2013 2013 2006 2006 2006 2010 2010 2010 2009 2009 2009 2006 2006 2006 2013 2013 2013 2010 2010 2010 2012 2012 2012 2013 2013 2013 2013 2013 2013 2014 2014 2014 2009 2009 2009 2012 2012 2012 2014 2014 2014 2013 2013 2013 2005 2005 2005 2009 2009 2009 2015 2015 2015 2009 2009 2009 2014 2014 2014 2015 2015 2015 2005 2005 2005 2015 2015 2015 2016 2016 2016 2016 2016 2016 2003 2003 2003 2005 2005 2005 2014 2014 2014 2017 2017 2017 2015 2015 2015 2016 2016 2016 2015 2015 2015 2017 2017 2017 2018 2018 2018 2017 2017 2017 2014 2014 2014 2012 2012 2012 2018 2018 2018 2014 2014 2014 2019 2019 2019 2016 2016 2016 2017 2017 2017 2017 2017 2017 2018 2018 2018 2019 2019 2019 2020 2020 2020 2018 2018 2018 2012 2012 2012 2019 2019 2019 2018 2018 2018 2020 2020 2020 2012 2012 2012 2021 2021 2021 2020 2020 2020 2020 2020 2020 2021 2021 2021 2019 2019 2019 2012 2012 2012 2022 2022 2022 2021 2021 2021 2021 2021 2021 2022 2022 2022 2023 2023 2023 2019 2019 2019 2021 2021 2021 2023 2023 2023 2023 2023 2023 2022 2022 2022 2024 2024 2024 2025 2025 2025 2023 2023 2023 2024 2024 2024 2026 2026 2026 2023 2023 2023 2025 2025 2025 2023 2023 2023 2026 2026 2026 2019 2019 2019 2027 2027 2027 2026 2026 2026 2025 2025 2025 2028 2028 2028 2016 2016 2016 2019 2019 2019 2019 2019 2019 2026 2026 2026 2028 2028 2028 2016 2016 2016 2028 2028 2028 2003 2003 2003 2029 2029 2029 2026 2026 2026 2027 2027 2027 2026 2026 2026 2029 2029 2029 2028 2028 2028 2030 2030 2030 2029 2029 2029 2027 2027 2027 2003 2003 2003 2028 2028 2028 2031 2031 2031 2028 2028 2028 2029 2029 2029 2031 2031 2031 2003 2003 2003 2031 2031 2031 2004 2004 2004 2032 2032 2032 2004 2004 2004 2031 2031 2031 2032 2032 2032 2031 2031 2031 2033 2033 2033 2031 2031 2031 2029 2029 2029 2033 2033 2033 2033 2033 2033 1744 1744 1744 2032 2032 2032 1747 1747 1747 1744 1744 1744 2033 2033 2033 2033 2033 2033 2029 2029 2029 2034 2034 2034 2034 2034 2034 2029 2029 2029 2030 2030 2030 1747 1747 1747 2033 2033 2033 2035 2035 2035 2035 2035 2035 2033 2033 2033 2034 2034 2034 2034 2034 2034 2030 2030 2030 2035 2035 2035 1748 1748 1748 1747 1747 1747 2035 2035 2035 2035 2035 2035 2030 2030 2030 2036 2036 2036 1748 1748 1748 2035 2035 2035 2037 2037 2037 2037 2037 2037 2035 2035 2035 2036 2036 2036 2038 2038 2038 2039 2039 2039 2040 2040 2040 2041 2041 2041 2038 2038 2038 2040 2040 2040 2042 2042 2042 2038 2038 2038 2041 2041 2041 2041 2041 2041 2040 2040 2040 2043 2043 2043 2044 2044 2044 2042 2042 2042 2041 2041 2041 2042 2042 2042 2044 2044 2044 2045 2045 2045 2046 2046 2046 2041 2041 2041 2043 2043 2043 2044 2044 2044 2041 2041 2041 2046 2046 2046 2044 2044 2044 2047 2047 2047 2045 2045 2045 2048 2048 2048 2045 2045 2045 2047 2047 2047 2049 2049 2049 2048 2048 2048 2047 2047 2047 2047 2047 2047 2050 2050 2050 2049 2049 2049 2047 2047 2047 2044 2044 2044 2050 2050 2050 2051 2051 2051 2049 2049 2049 2050 2050 2050 2044 2044 2044 2052 2052 2052 2050 2050 2050 2052 2052 2052 2044 2044 2044 2046 2046 2046 2053 2053 2053 2051 2051 2051 2050 2050 2050 2053 2053 2053 2050 2050 2050 2052 2052 2052 2053 2053 2053 2054 2054 2054 2051 2051 2051 2054 2054 2054 2055 2055 2055 2051 2051 2051 2056 2056 2056 2053 2053 2053 2052 2052 2052 2056 2056 2056 2052 2052 2052 2046 2046 2046 2054 2054 2054 2053 2053 2053 2056 2056 2056 2057 2057 2057 2056 2056 2056 2046 2046 2046 2057 2057 2057 2046 2046 2046 2043 2043 2043 2058 2058 2058 2057 2057 2057 2043 2043 2043 2058 2058 2058 2059 2059 2059 2057 2057 2057 2060 2060 2060 2056 2056 2056 2057 2057 2057 2060 2060 2060 2054 2054 2054 2056 2056 2056 2059 2059 2059 2061 2061 2061 2057 2057 2057 2061 2061 2061 2060 2060 2060 2057 2057 2057 2059 2059 2059 2062 2062 2062 2061 2061 2061 2062 2062 2062 2063 2063 2063 2061 2061 2061 2061 2061 2061 2063 2063 2063 2060 2060 2060 2062 2062 2062 2064 2064 2064 2063 2063 2063 2060 2060 2060 2065 2065 2065 2054 2054 2054 2063 2063 2063 2065 2065 2065 2060 2060 2060 2064 2064 2064 2066 2066 2066 2063 2063 2063 2063 2063 2063 2066 2066 2066 2065 2065 2065 2064 2064 2064 2067 2067 2067 2066 2066 2066 2065 2065 2065 2068 2068 2068 2054 2054 2054 2054 2054 2054 2068 2068 2068 2055 2055 2055 2068 2068 2068 2069 2069 2069 2055 2055 2055 2066 2066 2066 2070 2070 2070 2065 2065 2065 2065 2065 2065 2070 2070 2070 2068 2068 2068 2067 2067 2067 2071 2071 2071 2066 2066 2066 2066 2066 2066 2071 2071 2071 2070 2070 2070 2067 2067 2067 2072 2072 2072 2071 2071 2071 2070 2070 2070 2073 2073 2073 2068 2068 2068 2074 2074 2074 2069 2069 2069 2068 2068 2068 2073 2073 2073 2074 2074 2074 2068 2068 2068 2075 2075 2075 2069 2069 2069 2074 2074 2074 2070 2070 2070 2076 2076 2076 2073 2073 2073 2071 2071 2071 2076 2076 2076 2070 2070 2070 2077 2077 2077 2074 2074 2074 2073 2073 2073 2076 2076 2076 2077 2077 2077 2073 2073 2073 2078 2078 2078 2075 2075 2075 2074 2074 2074 2079 2079 2079 2075 2075 2075 2078 2078 2078 2076 2076 2076 2071 2071 2071 2080 2080 2080 2072 2072 2072 2080 2080 2080 2071 2071 2071 2081 2081 2081 2076 2076 2076 2080 2080 2080 2077 2077 2077 2076 2076 2076 2081 2081 2081 2080 2080 2080 2072 2072 2072 2082 2082 2082 2081 2081 2081 2080 2080 2080 2082 2082 2082 2072 2072 2072 2083 2083 2083 2082 2082 2082 2084 2084 2084 2077 2077 2077 2081 2081 2081 2085 2085 2085 2082 2082 2082 2083 2083 2083 2086 2086 2086 2085 2085 2085 2083 2083 2083 2086 2086 2086 2087 2087 2087 2085 2085 2085 2088 2088 2088 2081 2081 2081 2082 2082 2082 2084 2084 2084 2081 2081 2081 2088 2088 2088 2088 2088 2088 2082 2082 2082 2089 2089 2089 2084 2084 2084 2088 2088 2088 2089 2089 2089 2082 2082 2082 2085 2085 2085 2089 2089 2089 2087 2087 2087 2090 2090 2090 2085 2085 2085 2089 2089 2089 2085 2085 2085 2090 2090 2090 2090 2090 2090 2087 2087 2087 2091 2091 2091 2084 2084 2084 2092 2092 2092 2077 2077 2077 2074 2074 2074 2077 2077 2077 2092 2092 2092 2078 2078 2078 2074 2074 2074 2092 2092 2092 2092 2092 2092 2084 2084 2084 2093 2093 2093 2093 2093 2093 2084 2084 2084 2089 2089 2089 2092 2092 2092 2094 2094 2094 2078 2078 2078 2094 2094 2094 2092 2092 2092 2093 2093 2093 2094 2094 2094 2095 2095 2095 2078 2078 2078 2095 2095 2095 2079 2079 2079 2078 2078 2078 2095 2095 2095 2096 2096 2096 2079 2079 2079 2095 2095 2095 2094 2094 2094 2096 2096 2096 2096 2096 2096 2097 2097 2097 2079 2079 2079 2094 2094 2094 2093 2093 2093 2098 2098 2098 2094 2094 2094 2098 2098 2098 2096 2096 2096 2097 2097 2097 2096 2096 2096 2099 2099 2099 2096 2096 2096 2098 2098 2098 2099 2099 2099 2100 2100 2100 2097 2097 2097 2099 2099 2099 2093 2093 2093 2101 2101 2101 2098 2098 2098 2093 2093 2093 2089 2089 2089 2101 2101 2101 2098 2098 2098 2102 2102 2102 2099 2099 2099 2101 2101 2101 2102 2102 2102 2098 2098 2098 2089 2089 2089 2103 2103 2103 2101 2101 2101 2103 2103 2103 2089 2089 2089 2090 2090 2090 2101 2101 2101 2103 2103 2103 2104 2104 2104 2103 2103 2103 2090 2090 2090 2104 2104 2104 2101 2101 2101 2104 2104 2104 2102 2102 2102 2090 2090 2090 2105 2105 2105 2104 2104 2104 2105 2105 2105 2090 2090 2090 2091 2091 2091 2104 2104 2104 2106 2106 2106 2102 2102 2102 2106 2106 2106 2104 2104 2104 2105 2105 2105 2105 2105 2105 2091 2091 2091 2107 2107 2107 2107 2107 2107 2106 2106 2106 2105 2105 2105 2091 2091 2091 2108 2108 2108 2107 2107 2107 2102 2102 2102 2106 2106 2106 2109 2109 2109 2109 2109 2109 2099 2099 2099 2102 2102 2102 2106 2106 2106 2107 2107 2107 2110 2110 2110 2106 2106 2106 2110 2110 2110 2109 2109 2109 2107 2107 2107 2108 2108 2108 2111 2111 2111 2107 2107 2107 2111 2111 2111 2110 2110 2110 2108 2108 2108 2112 2112 2112 2111 2111 2111 2113 2113 2113 2099 2099 2099 2109 2109 2109 2109 2109 2109 2110 2110 2110 2113 2113 2113 2113 2113 2113 2100 2100 2100 2099 2099 2099 2114 2114 2114 2100 2100 2100 2113 2113 2113 2110 2110 2110 2111 2111 2111 2115 2115 2115 2110 2110 2110 2115 2115 2115 2113 2113 2113 2111 2111 2111 2112 2112 2112 2116 2116 2116 2111 2111 2111 2116 2116 2116 2115 2115 2115 2112 2112 2112 2117 2117 2117 2116 2116 2116 2118 2118 2118 2114 2114 2114 2113 2113 2113 2113 2113 2113 2115 2115 2115 2118 2118 2118 2119 2119 2119 2114 2114 2114 2118 2118 2118 2115 2115 2115 2116 2116 2116 2120 2120 2120 2115 2115 2115 2120 2120 2120 2118 2118 2118 2116 2116 2116 2117 2117 2117 2121 2121 2121 2116 2116 2116 2121 2121 2121 2120 2120 2120 2117 2117 2117 2122 2122 2122 2121 2121 2121 2121 2121 2121 2122 2122 2122 2123 2123 2123 2121 2121 2121 2123 2123 2123 2120 2120 2120 2122 2122 2122 2124 2124 2124 2123 2123 2123 2120 2120 2120 2125 2125 2125 2118 2118 2118 2123 2123 2123 2125 2125 2125 2120 2120 2120 2123 2123 2123 2124 2124 2124 2126 2126 2126 2123 2123 2123 2126 2126 2126 2125 2125 2125 2124 2124 2124 2127 2127 2127 2126 2126 2126 2125 2125 2125 2128 2128 2128 2118 2118 2118 2128 2128 2128 2119 2119 2119 2118 2118 2118 2125 2125 2125 2129 2129 2129 2128 2128 2128 2126 2126 2126 2129 2129 2129 2125 2125 2125 2119 2119 2119 2128 2128 2128 2130 2130 2130 2129 2129 2129 2130 2130 2130 2128 2128 2128 2131 2131 2131 2119 2119 2119 2130 2130 2130 2132 2132 2132 2129 2129 2129 2126 2126 2126 2129 2129 2129 2132 2132 2132 2130 2130 2130 2130 2130 2130 2133 2133 2133 2131 2131 2131 2132 2132 2132 2133 2133 2133 2130 2130 2130 2134 2134 2134 2131 2131 2131 2133 2133 2133 2135 2135 2135 2134 2134 2134 2133 2133 2133 2133 2133 2133 2132 2132 2132 2135 2135 2135 2132 2132 2132 2136 2136 2136 2135 2135 2135 2137 2137 2137 2132 2132 2132 2126 2126 2126 2136 2136 2136 2132 2132 2132 2137 2137 2137 2137 2137 2137 2126 2126 2126 2127 2127 2127 2138 2138 2138 2136 2136 2136 2137 2137 2137 2139 2139 2139 2137 2137 2137 2127 2127 2127 2138 2138 2138 2137 2137 2137 2139 2139 2139 2140 2140 2140 2138 2138 2138 2139 2139 2139 2141 2141 2141 2142 2142 2142 2143 2143 2143 2144 2144 2144 2142 2142 2142 2141 2141 2141 2145 2145 2145 2144 2144 2144 2141 2141 2141 2144 2144 2144 2146 2146 2146 2142 2142 2142 2147 2147 2147 2144 2144 2144 2145 2145 2145 2145 2145 2145 2148 2148 2148 2147 2147 2147 2149 2149 2149 2146 2146 2146 2144 2144 2144 2147 2147 2147 2149 2149 2149 2144 2144 2144 2147 2147 2147 2148 2148 2148 2150 2150 2150 2151 2151 2151 2150 2150 2150 2148 2148 2148 2152 2152 2152 2150 2150 2150 2151 2151 2151 2150 2150 2150 2152 2152 2152 2153 2153 2153 2150 2150 2150 2153 2153 2153 2147 2147 2147 2154 2154 2154 2153 2153 2153 2152 2152 2152 2147 2147 2147 2153 2153 2153 2155 2155 2155 2155 2155 2155 2149 2149 2149 2147 2147 2147 2156 2156 2156 2153 2153 2153 2154 2154 2154 2156 2156 2156 2155 2155 2155 2153 2153 2153 2157 2157 2157 2149 2149 2149 2155 2155 2155 2157 2157 2157 2155 2155 2155 2156 2156 2156 2156 2156 2156 2154 2154 2154 2158 2158 2158 2158 2158 2158 2157 2157 2157 2156 2156 2156 2158 2158 2158 2154 2154 2154 2159 2159 2159 2160 2160 2160 2149 2149 2149 2157 2157 2157 2160 2160 2160 2146 2146 2146 2149 2149 2149 2161 2161 2161 2146 2146 2146 2160 2160 2160 2161 2161 2161 2160 2160 2160 2162 2162 2162 2163 2163 2163 2160 2160 2160 2157 2157 2157 2163 2163 2163 2157 2157 2157 2158 2158 2158 2162 2162 2162 2160 2160 2160 2164 2164 2164 2164 2164 2164 2160 2160 2160 2163 2163 2163 2162 2162 2162 2164 2164 2164 2165 2165 2165 2165 2165 2165 2164 2164 2164 2166 2166 2166 2164 2164 2164 2163 2163 2163 2166 2166 2166 2165 2165 2165 2166 2166 2166 2167 2167 2167 2163 2163 2163 2158 2158 2158 2168 2168 2168 2166 2166 2166 2163 2163 2163 2168 2168 2168 2167 2167 2167 2166 2166 2166 2169 2169 2169 2166 2166 2166 2168 2168 2168 2169 2169 2169 2167 2167 2167 2169 2169 2169 2170 2170 2170 2168 2168 2168 2158 2158 2158 2171 2171 2171 2158 2158 2158 2159 2159 2159 2171 2171 2171 2171 2171 2171 2159 2159 2159 2172 2172 2172 2169 2169 2169 2168 2168 2168 2173 2173 2173 2168 2168 2168 2171 2171 2171 2173 2173 2173 2170 2170 2170 2169 2169 2169 2174 2174 2174 2169 2169 2169 2173 2173 2173 2174 2174 2174 2170 2170 2170 2174 2174 2174 2175 2175 2175 2173 2173 2173 2171 2171 2171 2176 2176 2176 2174 2174 2174 2173 2173 2173 2177 2177 2177 2173 2173 2173 2176 2176 2176 2177 2177 2177 2175 2175 2175 2174 2174 2174 2178 2178 2178 2177 2177 2177 2178 2178 2178 2174 2174 2174 2179 2179 2179 2175 2175 2175 2178 2178 2178 2180 2180 2180 2175 2175 2175 2179 2179 2179 2181 2181 2181 2178 2178 2178 2177 2177 2177 2178 2178 2178 2181 2181 2181 2179 2179 2179 2177 2177 2177 2176 2176 2176 2182 2182 2182 2182 2182 2182 2181 2181 2181 2177 2177 2177 2176 2176 2176 2171 2171 2171 2183 2183 2183 2182 2182 2182 2176 2176 2176 2183 2183 2183 2183 2183 2183 2171 2171 2171 2172 2172 2172 2184 2184 2184 2183 2183 2183 2172 2172 2172 2185 2185 2185 2181 2181 2181 2182 2182 2182 2186 2186 2186 2183 2183 2183 2184 2184 2184 2187 2187 2187 2186 2186 2186 2184 2184 2184 2182 2182 2182 2183 2183 2183 2188 2188 2188 2188 2188 2188 2183 2183 2183 2186 2186 2186 2185 2185 2185 2182 2182 2182 2188 2188 2188 2189 2189 2189 2186 2186 2186 2187 2187 2187 2185 2185 2185 2190 2190 2190 2181 2181 2181 2179 2179 2179 2181 2181 2181 2190 2190 2190 2189 2189 2189 2191 2191 2191 2186 2186 2186 2186 2186 2186 2191 2191 2191 2188 2188 2188 2189 2189 2189 2187 2187 2187 2192 2192 2192 2192 2192 2192 2191 2191 2191 2189 2189 2189 2192 2192 2192 2187 2187 2187 2193 2193 2193 2191 2191 2191 2194 2194 2194 2188 2188 2188 2188 2188 2188 2194 2194 2194 2185 2185 2185 2195 2195 2195 2191 2191 2191 2192 2192 2192 2191 2191 2191 2195 2195 2195 2194 2194 2194 2193 2193 2193 2196 2196 2196 2192 2192 2192 2196 2196 2196 2195 2195 2195 2192 2192 2192 2197 2197 2197 2196 2196 2196 2193 2193 2193 2194 2194 2194 2195 2195 2195 2198 2198 2198 2199 2199 2199 2196 2196 2196 2197 2197 2197 2200 2200 2200 2199 2199 2199 2197 2197 2197 2201 2201 2201 2195 2195 2195 2196 2196 2196 2198 2198 2198 2195 2195 2195 2201 2201 2201 2199 2199 2199 2202 2202 2202 2196 2196 2196 2202 2202 2202 2201 2201 2201 2196 2196 2196 2203 2203 2203 2199 2199 2199 2200 2200 2200 2204 2204 2204 2203 2203 2203 2200 2200 2200 2202 2202 2202 2199 2199 2199 2205 2205 2205 2201 2201 2201 2202 2202 2202 2206 2206 2206 2206 2206 2206 2202 2202 2202 2205 2205 2205 2207 2207 2207 2201 2201 2201 2206 2206 2206 2198 2198 2198 2201 2201 2201 2207 2207 2207 2205 2205 2205 2199 2199 2199 2208 2208 2208 2199 2199 2199 2203 2203 2203 2208 2208 2208 2198 2198 2198 2207 2207 2207 2209 2209 2209 2209 2209 2209 2210 2210 2210 2198 2198 2198 2198 2198 2198 2210 2210 2210 2194 2194 2194 2210 2210 2210 2185 2185 2185 2194 2194 2194 2190 2190 2190 2185 2185 2185 2210 2210 2210 2190 2190 2190 2210 2210 2210 2179 2179 2179 2207 2207 2207 2211 2211 2211 2209 2209 2209 2209 2209 2209 2211 2211 2211 2210 2210 2210 2179 2179 2179 2210 2210 2210 2212 2212 2212 2210 2210 2210 2211 2211 2211 2212 2212 2212 2179 2179 2179 2212 2212 2212 2180 2180 2180 2180 2180 2180 2212 2212 2212 2213 2213 2213 2212 2212 2212 2214 2214 2214 2213 2213 2213 2211 2211 2211 2214 2214 2214 2212 2212 2212 2214 2214 2214 2211 2211 2211 2215 2215 2215 2216 2216 2216 2211 2211 2211 2207 2207 2207 2215 2215 2215 2211 2211 2211 2216 2216 2216 2206 2206 2206 2216 2216 2216 2207 2207 2207 2216 2216 2216 2217 2217 2217 2215 2215 2215 2217 2217 2217 2216 2216 2216 2206 2206 2206 2206 2206 2206 2205 2205 2205 2217 2217 2217 2215 2215 2215 2217 2217 2217 2218 2218 2218 2217 2217 2217 2205 2205 2205 2219 2219 2219 2217 2217 2217 2219 2219 2219 2218 2218 2218 2205 2205 2205 2208 2208 2208 2219 2219 2219 2218 2218 2218 2219 2219 2219 2220 2220 2220 2219 2219 2219 2221 2221 2221 2220 2220 2220 2219 2219 2219 2208 2208 2208 2221 2221 2221 2220 2220 2220 2221 2221 2221 2222 2222 2222 2208 2208 2208 2223 2223 2223 2221 2221 2221 2208 2208 2208 2203 2203 2203 2223 2223 2223 2221 2221 2221 2224 2224 2224 2222 2222 2222 2221 2221 2221 2223 2223 2223 2224 2224 2224 2222 2222 2222 2224 2224 2224 2225 2225 2225 2224 2224 2224 2226 2226 2226 2225 2225 2225 2224 2224 2224 2223 2223 2223 2226 2226 2226 2225 2225 2225 2226 2226 2226 2227 2227 2227 2223 2223 2223 2203 2203 2203 2228 2228 2228 2226 2226 2226 2223 2223 2223 2228 2228 2228 2226 2226 2226 2229 2229 2229 2227 2227 2227 2226 2226 2226 2228 2228 2228 2229 2229 2229 2227 2227 2227 2229 2229 2229 2230 2230 2230 2228 2228 2228 2203 2203 2203 2231 2231 2231 2231 2231 2231 2203 2203 2203 2204 2204 2204 2228 2228 2228 2231 2231 2231 2232 2232 2232 2229 2229 2229 2228 2228 2228 2232 2232 2232 2204 2204 2204 2233 2233 2233 2231 2231 2231 2232 2232 2232 2231 2231 2231 2233 2233 2233 2234 2234 2234 2233 2233 2233 2204 2204 2204 2235 2235 2235 2229 2229 2229 2232 2232 2232 2232 2232 2232 2233 2233 2233 2235 2235 2235 2233 2233 2233 2234 2234 2234 2236 2236 2236 2235 2235 2235 2233 2233 2233 2236 2236 2236 2237 2237 2237 2236 2236 2236 2234 2234 2234 2238 2238 2238 2236 2236 2236 2237 2237 2237 2236 2236 2236 2238 2238 2238 2235 2235 2235 2235 2235 2235 2238 2238 2238 2239 2239 2239 2240 2240 2240 2229 2229 2229 2235 2235 2235 2239 2239 2239 2240 2240 2240 2235 2235 2235 2240 2240 2240 2230 2230 2230 2229 2229 2229 2241 2241 2241 2240 2240 2240 2239 2239 2239 2242 2242 2242 2230 2230 2230 2240 2240 2240 2241 2241 2241 2242 2242 2242 2240 2240 2240 2243 2243 2243 2242 2242 2242 2241 2241 2241 2244 2244 2244 2245 2245 2245 2246 2246 2246 2246 2246 2246 2247 2247 2247 2248 2248 2248 2246 2246 2246 2245 2245 2245 2249 2249 2249 2249 2249 2249 2247 2247 2247 2246 2246 2246 2245 2245 2245 2250 2250 2250 2249 2249 2249 2249 2249 2249 2251 2251 2251 2247 2247 2247 2249 2249 2249 2250 2250 2250 2252 2252 2252 2252 2252 2252 2251 2251 2251 2249 2249 2249 2250 2250 2250 2253 2253 2253 2252 2252 2252 2252 2252 2252 2254 2254 2254 2251 2251 2251 2252 2252 2252 2253 2253 2253 2255 2255 2255 2255 2255 2255 2254 2254 2254 2252 2252 2252 2253 2253 2253 2256 2256 2256 2255 2255 2255 2255 2255 2255 2257 2257 2257 2254 2254 2254 2255 2255 2255 2256 2256 2256 2258 2258 2258 2258 2258 2258 2257 2257 2257 2255 2255 2255 2256 2256 2256 2259 2259 2259 2258 2258 2258 2258 2258 2258 2259 2259 2259 2260 2260 2260 2258 2258 2258 2260 2260 2260 2257 2257 2257 2257 2257 2257 2260 2260 2260 2261 2261 2261 2262 2262 2262 2263 2263 2263 2264 2264 2264 2265 2265 2265 2263 2263 2263 2262 2262 2262 2266 2266 2266 2265 2265 2265 2262 2262 2262 2267 2267 2267 2263 2263 2263 2268 2268 2268 2268 2268 2268 2263 2263 2263 2265 2265 2265 2269 2269 2269 2265 2265 2265 2266 2266 2266 2269 2269 2269 2268 2268 2268 2265 2265 2265 2270 2270 2270 2268 2268 2268 2269 2269 2269 2271 2271 2271 2269 2269 2269 2266 2266 2266 2270 2270 2270 2269 2269 2269 2272 2272 2272 2273 2273 2273 2269 2269 2269 2271 2271 2271 2272 2272 2272 2269 2269 2269 2273 2273 2273 2274 2274 2274 2273 2273 2273 2271 2271 2271 2272 2272 2272 2273 2273 2273 2275 2275 2275 2276 2276 2276 2274 2274 2274 2277 2277 2277 2275 2275 2275 2273 2273 2273 2278 2278 2278 2278 2278 2278 2273 2273 2273 2274 2274 2274 2278 2278 2278 2274 2274 2274 2276 2276 2276 2275 2275 2275 2278 2278 2278 2279 2279 2279 2279 2279 2279 2278 2278 2278 2276 2276 2276 2280 2280 2280 2281 2281 2281 2282 2282 2282 2283 2283 2283 2281 2281 2281 2280 2280 2280 2284 2284 2284 2283 2283 2283 2280 2280 2280 2285 2285 2285 2284 2284 2284 2280 2280 2280 2286 2286 2286 2285 2285 2285 2280 2280 2280 2286 2286 2286 2280 2280 2280 2287 2287 2287 2287 2287 2287 2280 2280 2280 2288 2288 2288 2288 2288 2288 2280 2280 2280 2289 2289 2289 2289 2289 2289 2280 2280 2280 2290 2290 2290 2280 2280 2280 2291 2291 2291 2290 2290 2290 2292 2292 2292 2293 2293 2293 2294 2294 2294 2295 2295 2295 2292 2292 2292 2294 2294 2294 2296 2296 2296 2292 2292 2292 2295 2295 2295 2297 2297 2297 2292 2292 2292 2296 2296 2296 2298 2298 2298 2292 2292 2292 2297 2297 2297 2298 2298 2298 2299 2299 2299 2292 2292 2292 2299 2299 2299 2300 2300 2300 2292 2292 2292 2300 2300 2300 2301 2301 2301 2292 2292 2292 2292 2292 2292 2301 2301 2301 2302 2302 2302 2303 2303 2303 2292 2292 2292 2302 2302 2302 2304 2304 2304 2305 2305 2305 2306 2306 2306 2306 2306 2306 2305 2305 2305 2307 2307 2307 2307 2307 2307 2305 2305 2305 2308 2308 2308 2308 2308 2308 2305 2305 2305 2309 2309 2309 2310 2310 2310 2306 2306 2306 2307 2307 2307 2311 2311 2311 2306 2306 2306 2310 2310 2310 2308 2308 2308 2312 2312 2312 2307 2307 2307 2307 2307 2307 2312 2312 2312 2310 2310 2310 2308 2308 2308 2309 2309 2309 2313 2313 2313 2308 2308 2308 2313 2313 2313 2312 2312 2312 2313 2313 2313 2309 2309 2309 2314 2314 2314 2314 2314 2314 2315 2315 2315 2313 2313 2313 2316 2316 2316 2311 2311 2311 2310 2310 2310 2317 2317 2317 2311 2311 2311 2316 2316 2316 2313 2313 2313 2315 2315 2315 2318 2318 2318 2319 2319 2319 2318 2318 2318 2315 2315 2315 2320 2320 2320 2318 2318 2318 2319 2319 2319 2318 2318 2318 2321 2321 2321 2313 2313 2313 2312 2312 2312 2313 2313 2313 2321 2321 2321 2318 2318 2318 2320 2320 2320 2322 2322 2322 2322 2322 2322 2321 2321 2321 2318 2318 2318 2320 2320 2320 2323 2323 2323 2322 2322 2322 2324 2324 2324 2323 2323 2323 2320 2320 2320 2321 2321 2321 2322 2322 2322 2325 2325 2325 2325 2325 2325 2322 2322 2322 2323 2323 2323 2321 2321 2321 2326 2326 2326 2312 2312 2312 2325 2325 2325 2326 2326 2326 2321 2321 2321 2312 2312 2312 2327 2327 2327 2310 2310 2310 2312 2312 2312 2326 2326 2326 2327 2327 2327 2310 2310 2310 2327 2327 2327 2316 2316 2316 2327 2327 2327 2326 2326 2326 2328 2328 2328 2327 2327 2327 2328 2328 2328 2316 2316 2316 2329 2329 2329 2326 2326 2326 2325 2325 2325 2316 2316 2316 2328 2328 2328 2330 2330 2330 2330 2330 2330 2317 2317 2317 2316 2316 2316 2331 2331 2331 2317 2317 2317 2330 2330 2330 2328 2328 2328 2326 2326 2326 2332 2332 2332 2326 2326 2326 2329 2329 2329 2332 2332 2332 2333 2333 2333 2331 2331 2331 2330 2330 2330 2334 2334 2334 2331 2331 2331 2333 2333 2333 2333 2333 2333 2335 2335 2335 2334 2334 2334 2328 2328 2328 2336 2336 2336 2330 2330 2330 2330 2330 2330 2336 2336 2336 2333 2333 2333 2332 2332 2332 2337 2337 2337 2328 2328 2328 2328 2328 2328 2337 2337 2337 2336 2336 2336 2332 2332 2332 2329 2329 2329 2338 2338 2338 2332 2332 2332 2338 2338 2338 2337 2337 2337 2329 2329 2329 2339 2339 2339 2338 2338 2338 2329 2329 2329 2325 2325 2325 2339 2339 2339 2337 2337 2337 2338 2338 2338 2340 2340 2340 2339 2339 2339 2325 2325 2325 2341 2341 2341 2325 2325 2325 2323 2323 2323 2341 2341 2341 2338 2338 2338 2339 2339 2339 2342 2342 2342 2338 2338 2338 2342 2342 2342 2340 2340 2340 2339 2339 2339 2341 2341 2341 2343 2343 2343 2339 2339 2339 2343 2343 2343 2342 2342 2342 2341 2341 2341 2323 2323 2323 2344 2344 2344 2324 2324 2324 2344 2344 2344 2323 2323 2323 2345 2345 2345 2344 2344 2344 2324 2324 2324 2341 2341 2341 2344 2344 2344 2346 2346 2346 2343 2343 2343 2341 2341 2341 2346 2346 2346 2345 2345 2345 2347 2347 2347 2344 2344 2344 2346 2346 2346 2344 2344 2344 2347 2347 2347 2348 2348 2348 2347 2347 2347 2345 2345 2345 2347 2347 2347 2348 2348 2348 2349 2349 2349 2349 2349 2349 2346 2346 2346 2347 2347 2347 2349 2349 2349 2348 2348 2348 2350 2350 2350 2351 2351 2351 2349 2349 2349 2350 2350 2350 2352 2352 2352 2346 2346 2346 2349 2349 2349 2352 2352 2352 2343 2343 2343 2346 2346 2346 2353 2353 2353 2349 2349 2349 2351 2351 2351 2353 2353 2353 2352 2352 2352 2349 2349 2349 2354 2354 2354 2353 2353 2353 2351 2351 2351 2355 2355 2355 2343 2343 2343 2352 2352 2352 2356 2356 2356 2353 2353 2353 2354 2354 2354 2357 2357 2357 2356 2356 2356 2354 2354 2354 2358 2358 2358 2352 2352 2352 2353 2353 2353 2353 2353 2353 2356 2356 2356 2358 2358 2358 2358 2358 2358 2355 2355 2355 2352 2352 2352 2359 2359 2359 2356 2356 2356 2357 2357 2357 2357 2357 2357 2360 2360 2360 2359 2359 2359 2358 2358 2358 2356 2356 2356 2361 2361 2361 2356 2356 2356 2359 2359 2359 2361 2361 2361 2358 2358 2358 2361 2361 2361 2362 2362 2362 2362 2362 2362 2355 2355 2355 2358 2358 2358 2361 2361 2361 2359 2359 2359 2363 2363 2363 2362 2362 2362 2361 2361 2361 2364 2364 2364 2361 2361 2361 2363 2363 2363 2364 2364 2364 2359 2359 2359 2360 2360 2360 2365 2365 2365 2359 2359 2359 2365 2365 2365 2363 2363 2363 2365 2365 2365 2360 2360 2360 2366 2366 2366 2360 2360 2360 2367 2367 2367 2366 2366 2366 2368 2368 2368 2366 2366 2366 2367 2367 2367 2365 2365 2365 2366 2366 2366 2369 2369 2369 2363 2363 2363 2365 2365 2365 2369 2369 2369 2366 2366 2366 2368 2368 2368 2370 2370 2370 2369 2369 2369 2366 2366 2366 2370 2370 2370 2370 2370 2370 2368 2368 2368 2371 2371 2371 2371 2371 2371 2372 2372 2372 2370 2370 2370 2373 2373 2373 2363 2363 2363 2369 2369 2369 2370 2370 2370 2372 2372 2372 2374 2374 2374 2372 2372 2372 2375 2375 2375 2374 2374 2374 2370 2370 2370 2376 2376 2376 2369 2369 2369 2374 2374 2374 2376 2376 2376 2370 2370 2370 2376 2376 2376 2373 2373 2373 2369 2369 2369 2374 2374 2374 2375 2375 2375 2377 2377 2377 2375 2375 2375 2378 2378 2378 2377 2377 2377 2377 2377 2377 2378 2378 2378 2379 2379 2379 2379 2379 2379 2380 2380 2380 2377 2377 2377 2377 2377 2377 2381 2381 2381 2374 2374 2374 2377 2377 2377 2380 2380 2380 2381 2381 2381 2374 2374 2374 2381 2381 2381 2376 2376 2376 2380 2380 2380 2382 2382 2382 2381 2381 2381 2381 2381 2381 2383 2383 2383 2376 2376 2376 2383 2383 2383 2373 2373 2373 2376 2376 2376 2381 2381 2381 2382 2382 2382 2384 2384 2384 2384 2384 2384 2383 2383 2383 2381 2381 2381 2382 2382 2382 2385 2385 2385 2384 2384 2384 2386 2386 2386 2385 2385 2385 2382 2382 2382 2384 2384 2384 2387 2387 2387 2383 2383 2383 2385 2385 2385 2387 2387 2387 2384 2384 2384 2373 2373 2373 2383 2383 2383 2388 2388 2388 2388 2388 2388 2383 2383 2383 2387 2387 2387 2386 2386 2386 2389 2389 2389 2385 2385 2385 2390 2390 2390 2389 2389 2389 2386 2386 2386 2385 2385 2385 2391 2391 2391 2387 2387 2387 2389 2389 2389 2391 2391 2391 2385 2385 2385 2390 2390 2390 2392 2392 2392 2389 2389 2389 2393 2393 2393 2392 2392 2392 2390 2390 2390 2389 2389 2389 2394 2394 2394 2391 2391 2391 2392 2392 2392 2394 2394 2394 2389 2389 2389 2395 2395 2395 2387 2387 2387 2391 2391 2391 2388 2388 2388 2387 2387 2387 2395 2395 2395 2393 2393 2393 2396 2396 2396 2392 2392 2392 2397 2397 2397 2396 2396 2396 2393 2393 2393 2397 2397 2397 2398 2398 2398 2396 2396 2396 2396 2396 2396 2398 2398 2398 2399 2399 2399 2396 2396 2396 2400 2400 2400 2392 2392 2392 2399 2399 2399 2400 2400 2400 2396 2396 2396 2392 2392 2392 2400 2400 2400 2394 2394 2394 2399 2399 2399 2401 2401 2401 2400 2400 2400 2402 2402 2402 2400 2400 2400 2401 2401 2401 2402 2402 2402 2394 2394 2394 2400 2400 2400 2401 2401 2401 2403 2403 2403 2402 2402 2402 2404 2404 2404 2394 2394 2394 2402 2402 2402 2404 2404 2404 2391 2391 2391 2394 2394 2394 2395 2395 2395 2391 2391 2391 2404 2404 2404 2402 2402 2402 2403 2403 2403 2405 2405 2405 2405 2405 2405 2404 2404 2404 2402 2402 2402 2403 2403 2403 2406 2406 2406 2405 2405 2405 2407 2407 2407 2406 2406 2406 2403 2403 2403 2408 2408 2408 2404 2404 2404 2405 2405 2405 2407 2407 2407 2409 2409 2409 2406 2406 2406 2410 2410 2410 2409 2409 2409 2407 2407 2407 2406 2406 2406 2411 2411 2411 2405 2405 2405 2405 2405 2405 2411 2411 2411 2408 2408 2408 2409 2409 2409 2412 2412 2412 2406 2406 2406 2406 2406 2406 2412 2412 2412 2411 2411 2411 2410 2410 2410 2413 2413 2413 2409 2409 2409 2414 2414 2414 2413 2413 2413 2410 2410 2410 2414 2414 2414 2415 2415 2415 2413 2413 2413 2413 2413 2413 2415 2415 2415 2416 2416 2416 2413 2413 2413 2417 2417 2417 2409 2409 2409 2413 2413 2413 2416 2416 2416 2417 2417 2417 2409 2409 2409 2417 2417 2417 2412 2412 2412 2418 2418 2418 2416 2416 2416 2419 2419 2419 2417 2417 2417 2416 2416 2416 2420 2420 2420 2418 2418 2418 2420 2420 2420 2416 2416 2416 2417 2417 2417 2421 2421 2421 2412 2412 2412 2417 2417 2417 2420 2420 2420 2421 2421 2421 2412 2412 2412 2421 2421 2421 2422 2422 2422 2412 2412 2412 2422 2422 2422 2411 2411 2411 2421 2421 2421 2420 2420 2420 2423 2423 2423 2411 2411 2411 2422 2422 2422 2424 2424 2424 2411 2411 2411 2424 2424 2424 2408 2408 2408 2421 2421 2421 2425 2425 2425 2422 2422 2422 2421 2421 2421 2423 2423 2423 2425 2425 2425 2422 2422 2422 2426 2426 2426 2424 2424 2424 2422 2422 2422 2425 2425 2425 2426 2426 2426 2408 2408 2408 2424 2424 2424 2427 2427 2427 2408 2408 2408 2427 2427 2427 2404 2404 2404 2404 2404 2404 2427 2427 2427 2395 2395 2395 2424 2424 2424 2428 2428 2428 2427 2427 2427 2424 2424 2424 2426 2426 2426 2428 2428 2428 2427 2427 2427 2429 2429 2429 2395 2395 2395 2427 2427 2427 2428 2428 2428 2429 2429 2429 2395 2395 2395 2429 2429 2429 2388 2388 2388 2429 2429 2429 2430 2430 2430 2388 2388 2388 2428 2428 2428 2430 2430 2430 2429 2429 2429 2388 2388 2388 2430 2430 2430 2373 2373 2373 2430 2430 2430 2363 2363 2363 2373 2373 2373 2364 2364 2364 2363 2363 2363 2430 2430 2430 2364 2364 2364 2430 2430 2430 2428 2428 2428 2428 2428 2428 2362 2362 2362 2364 2364 2364 2426 2426 2426 2362 2362 2362 2428 2428 2428 2426 2426 2426 2355 2355 2355 2362 2362 2362 2425 2425 2425 2355 2355 2355 2426 2426 2426 2425 2425 2425 2431 2431 2431 2355 2355 2355 2355 2355 2355 2431 2431 2431 2343 2343 2343 2425 2425 2425 2423 2423 2423 2431 2431 2431 2342 2342 2342 2343 2343 2343 2431 2431 2431 2342 2342 2342 2431 2431 2431 2432 2432 2432 2432 2432 2432 2431 2431 2431 2423 2423 2423 2340 2340 2340 2342 2342 2342 2432 2432 2432 2432 2432 2432 2423 2423 2423 2433 2433 2433 2433 2433 2433 2423 2423 2423 2420 2420 2420 2433 2433 2433 2420 2420 2420 2418 2418 2418 2340 2340 2340 2432 2432 2432 2434 2434 2434 2434 2434 2434 2432 2432 2432 2433 2433 2433 2340 2340 2340 2434 2434 2434 2337 2337 2337 2435 2435 2435 2433 2433 2433 2418 2418 2418 2434 2434 2434 2433 2433 2433 2435 2435 2435 2435 2435 2435 2418 2418 2418 2436 2436 2436 2436 2436 2436 2437 2437 2437 2435 2435 2435 2337 2337 2337 2434 2434 2434 2438 2438 2438 2435 2435 2435 2438 2438 2438 2434 2434 2434 2437 2437 2437 2438 2438 2438 2435 2435 2435 2337 2337 2337 2438 2438 2438 2336 2336 2336 2336 2336 2336 2438 2438 2438 2439 2439 2439 2438 2438 2438 2437 2437 2437 2439 2439 2439 2336 2336 2336 2439 2439 2439 2333 2333 2333 2439 2439 2439 2437 2437 2437 2440 2440 2440 2437 2437 2437 2441 2441 2441 2440 2440 2440 2333 2333 2333 2439 2439 2439 2442 2442 2442 2439 2439 2439 2440 2440 2440 2442 2442 2442 2442 2442 2442 2335 2335 2335 2333 2333 2333 2441 2441 2441 2443 2443 2443 2440 2440 2440 2442 2442 2442 2440 2440 2440 2443 2443 2443 2443 2443 2443 2335 2335 2335 2442 2442 2442 2444 2444 2444 2443 2443 2443 2441 2441 2441 2445 2445 2445 2335 2335 2335 2443 2443 2443 2444 2444 2444 2446 2446 2446 2443 2443 2443 2443 2443 2443 2446 2446 2446 2445 2445 2445 2447 2447 2447 2448 2448 2448 2449 2449 2449 2450 2450 2450 2448 2448 2448 2447 2447 2447 2451 2451 2451 2448 2448 2448 2450 2450 2450 2452 2452 2452 2448 2448 2448 2451 2451 2451 2450 2450 2450 2447 2447 2447 2453 2453 2453 2453 2453 2453 2447 2447 2447 2454 2454 2454 2451 2451 2451 2450 2450 2450 2455 2455 2455 2455 2455 2455 2450 2450 2450 2453 2453 2453 2456 2456 2456 2452 2452 2452 2451 2451 2451 2451 2451 2451 2455 2455 2455 2456 2456 2456 2457 2457 2457 2452 2452 2452 2456 2456 2456 2456 2456 2456 2458 2458 2458 2457 2457 2457 2453 2453 2453 2454 2454 2454 2459 2459 2459 2459 2459 2459 2454 2454 2454 2460 2460 2460 2461 2461 2461 2458 2458 2458 2456 2456 2456 2461 2461 2461 2462 2462 2462 2458 2458 2458 2463 2463 2463 2462 2462 2462 2461 2461 2461 2456 2456 2456 2464 2464 2464 2461 2461 2461 2456 2456 2456 2455 2455 2455 2464 2464 2464 2465 2465 2465 2463 2463 2463 2461 2461 2461 2461 2461 2461 2464 2464 2464 2465 2465 2465 2465 2465 2465 2466 2466 2466 2463 2463 2463 2463 2463 2463 2466 2466 2466 2467 2467 2467 2464 2464 2464 2468 2468 2468 2465 2465 2465 2465 2465 2465 2468 2468 2468 2466 2466 2466 2455 2455 2455 2469 2469 2469 2464 2464 2464 2469 2469 2469 2468 2468 2468 2464 2464 2464 2453 2453 2453 2470 2470 2470 2455 2455 2455 2470 2470 2470 2469 2469 2469 2455 2455 2455 2459 2459 2459 2470 2470 2470 2453 2453 2453 2470 2470 2470 2471 2471 2471 2469 2469 2469 2459 2459 2459 2471 2471 2471 2470 2470 2470 2472 2472 2472 2468 2468 2468 2469 2469 2469 2473 2473 2473 2471 2471 2471 2459 2459 2459 2459 2459 2459 2460 2460 2460 2473 2473 2473 2473 2473 2473 2460 2460 2460 2474 2474 2474 2469 2469 2469 2471 2471 2471 2475 2475 2475 2469 2469 2469 2475 2475 2475 2472 2472 2472 2473 2473 2473 2474 2474 2474 2476 2476 2476 2476 2476 2476 2474 2474 2474 2477 2477 2477 2478 2478 2478 2476 2476 2476 2477 2477 2477 2473 2473 2473 2479 2479 2479 2471 2471 2471 2476 2476 2476 2479 2479 2479 2473 2473 2473 2471 2471 2471 2480 2480 2480 2475 2475 2475 2479 2479 2479 2480 2480 2480 2471 2471 2471 2472 2472 2472 2475 2475 2475 2481 2481 2481 2475 2475 2475 2480 2480 2480 2481 2481 2481 2481 2481 2481 2482 2482 2482 2472 2472 2472 2472 2472 2472 2482 2482 2482 2468 2468 2468 2481 2481 2481 2480 2480 2480 2483 2483 2483 2468 2468 2468 2482 2482 2482 2484 2484 2484 2468 2468 2468 2484 2484 2484 2466 2466 2466 2485 2485 2485 2482 2482 2482 2481 2481 2481 2483 2483 2483 2485 2485 2485 2481 2481 2481 2482 2482 2482 2486 2486 2486 2484 2484 2484 2485 2485 2485 2486 2486 2486 2482 2482 2482 2466 2466 2466 2484 2484 2484 2487 2487 2487 2487 2487 2487 2467 2467 2467 2466 2466 2466 2488 2488 2488 2467 2467 2467 2487 2487 2487 2484 2484 2484 2489 2489 2489 2487 2487 2487 2484 2484 2484 2486 2486 2486 2489 2489 2489 2490 2490 2490 2488 2488 2488 2487 2487 2487 2487 2487 2487 2489 2489 2489 2490 2490 2490 2491 2491 2491 2488 2488 2488 2490 2490 2490 2492 2492 2492 2491 2491 2491 2490 2490 2490 2490 2490 2490 2489 2489 2489 2492 2492 2492 2493 2493 2493 2491 2491 2491 2492 2492 2492 2492 2492 2492 2494 2494 2494 2493 2493 2493 2492 2492 2492 2489 2489 2489 2495 2495 2495 2489 2489 2489 2486 2486 2486 2495 2495 2495 2496 2496 2496 2494 2494 2494 2492 2492 2492 2495 2495 2495 2496 2496 2496 2492 2492 2492 2494 2494 2494 2496 2496 2496 2497 2497 2497 2495 2495 2495 2486 2486 2486 2498 2498 2498 2497 2497 2497 2496 2496 2496 2499 2499 2499 2497 2497 2497 2499 2499 2499 2500 2500 2500 2501 2501 2501 2496 2496 2496 2495 2495 2495 2501 2501 2501 2499 2499 2499 2496 2496 2496 2498 2498 2498 2501 2501 2501 2495 2495 2495 2500 2500 2500 2499 2499 2499 2502 2502 2502 2502 2502 2502 2503 2503 2503 2500 2500 2500 2504 2504 2504 2499 2499 2499 2501 2501 2501 2504 2504 2504 2502 2502 2502 2499 2499 2499 2505 2505 2505 2504 2504 2504 2501 2501 2501 2505 2505 2505 2501 2501 2501 2498 2498 2498 2506 2506 2506 2502 2502 2502 2504 2504 2504 2507 2507 2507 2504 2504 2504 2505 2505 2505 2507 2507 2507 2506 2506 2506 2504 2504 2504 2508 2508 2508 2503 2503 2503 2502 2502 2502 2502 2502 2502 2506 2506 2506 2508 2508 2508 2503 2503 2503 2508 2508 2508 2509 2509 2509 2509 2509 2509 2510 2510 2510 2503 2503 2503 2509 2509 2509 2511 2511 2511 2510 2510 2510 2508 2508 2508 2512 2512 2512 2509 2509 2509 2508 2508 2508 2506 2506 2506 2512 2512 2512 2513 2513 2513 2511 2511 2511 2509 2509 2509 2509 2509 2509 2512 2512 2512 2513 2513 2513 2514 2514 2514 2511 2511 2511 2513 2513 2513 2514 2514 2514 2513 2513 2513 2515 2515 2515 2515 2515 2515 2513 2513 2513 2516 2516 2516 2515 2515 2515 2516 2516 2516 2517 2517 2517 2512 2512 2512 2518 2518 2518 2513 2513 2513 2513 2513 2513 2518 2518 2518 2516 2516 2516 2512 2512 2512 2506 2506 2506 2519 2519 2519 2512 2512 2512 2519 2519 2519 2518 2518 2518 2517 2517 2517 2516 2516 2516 2520 2520 2520 2517 2517 2517 2520 2520 2520 2521 2521 2521 2521 2521 2521 2520 2520 2520 2522 2522 2522 2522 2522 2522 2520 2520 2520 2523 2523 2523 2520 2520 2520 2516 2516 2516 2524 2524 2524 2523 2523 2523 2520 2520 2520 2524 2524 2524 2524 2524 2524 2516 2516 2516 2518 2518 2518 2523 2523 2523 2524 2524 2524 2525 2525 2525 2526 2526 2526 2524 2524 2524 2518 2518 2518 2518 2518 2518 2519 2519 2519 2526 2526 2526 2525 2525 2525 2524 2524 2524 2527 2527 2527 2527 2527 2527 2524 2524 2524 2526 2526 2526 2527 2527 2527 2528 2528 2528 2525 2525 2525 2525 2525 2525 2528 2528 2528 2529 2529 2529 2530 2530 2530 2527 2527 2527 2526 2526 2526 2528 2528 2528 2527 2527 2527 2530 2530 2530 2531 2531 2531 2526 2526 2526 2519 2519 2519 2530 2530 2530 2526 2526 2526 2531 2531 2531 2528 2528 2528 2532 2532 2532 2529 2529 2529 2529 2529 2529 2532 2532 2532 2533 2533 2533 2534 2534 2534 2528 2528 2528 2530 2530 2530 2532 2532 2532 2528 2528 2528 2534 2534 2534 2532 2532 2532 2535 2535 2535 2533 2533 2533 2533 2533 2533 2535 2535 2535 2536 2536 2536 2537 2537 2537 2532 2532 2532 2534 2534 2534 2535 2535 2535 2532 2532 2532 2537 2537 2537 2534 2534 2534 2530 2530 2530 2538 2538 2538 2538 2538 2538 2530 2530 2530 2531 2531 2531 2535 2535 2535 2539 2539 2539 2536 2536 2536 2536 2536 2536 2539 2539 2539 2540 2540 2540 2540 2540 2540 2539 2539 2539 2541 2541 2541 2541 2541 2541 2539 2539 2539 2542 2542 2542 2539 2539 2539 2535 2535 2535 2543 2543 2543 2542 2542 2542 2539 2539 2539 2543 2543 2543 2543 2543 2543 2535 2535 2535 2537 2537 2537 2542 2542 2542 2543 2543 2543 2544 2544 2544 2545 2545 2545 2544 2544 2544 2543 2543 2543 2543 2543 2543 2537 2537 2537 2545 2545 2545 2544 2544 2544 2545 2545 2545 2546 2546 2546 2545 2545 2545 2537 2537 2537 2547 2547 2547 2537 2537 2537 2534 2534 2534 2547 2547 2547 2547 2547 2547 2534 2534 2534 2538 2538 2538 2546 2546 2546 2545 2545 2545 2548 2548 2548 2545 2545 2545 2547 2547 2547 2548 2548 2548 2549 2549 2549 2546 2546 2546 2548 2548 2548 2550 2550 2550 2546 2546 2546 2549 2549 2549 2548 2548 2548 2547 2547 2547 2551 2551 2551 2552 2552 2552 2550 2550 2550 2549 2549 2549 2553 2553 2553 2550 2550 2550 2552 2552 2552 2549 2549 2549 2548 2548 2548 2554 2554 2554 2554 2554 2554 2548 2548 2548 2551 2551 2551 2552 2552 2552 2549 2549 2549 2555 2555 2555 2555 2555 2555 2549 2549 2549 2554 2554 2554 2552 2552 2552 2556 2556 2556 2553 2553 2553 2553 2553 2553 2556 2556 2556 2557 2557 2557 2556 2556 2556 2558 2558 2558 2557 2557 2557 2559 2559 2559 2558 2558 2558 2556 2556 2556 2552 2552 2552 2560 2560 2560 2556 2556 2556 2560 2560 2560 2559 2559 2559 2556 2556 2556 2555 2555 2555 2560 2560 2560 2552 2552 2552 2561 2561 2561 2559 2559 2559 2562 2562 2562 2563 2563 2563 2559 2559 2559 2560 2560 2560 2559 2559 2559 2563 2563 2563 2562 2562 2562 2555 2555 2555 2564 2564 2564 2560 2560 2560 2564 2564 2564 2563 2563 2563 2560 2560 2560 2565 2565 2565 2564 2564 2564 2555 2555 2555 2555 2555 2555 2554 2554 2554 2565 2565 2565 2566 2566 2566 2563 2563 2563 2564 2564 2564 2565 2565 2565 2554 2554 2554 2567 2567 2567 2554 2554 2554 2551 2551 2551 2567 2567 2567 2565 2565 2565 2568 2568 2568 2564 2564 2564 2568 2568 2568 2566 2566 2566 2564 2564 2564 2565 2565 2565 2567 2567 2567 2569 2569 2569 2569 2569 2569 2568 2568 2568 2565 2565 2565 2567 2567 2567 2551 2551 2551 2570 2570 2570 2551 2551 2551 2547 2547 2547 2570 2570 2570 2570 2570 2570 2547 2547 2547 2538 2538 2538 2567 2567 2567 2570 2570 2570 2571 2571 2571 2569 2569 2569 2567 2567 2567 2571 2571 2571 2570 2570 2570 2538 2538 2538 2572 2572 2572 2571 2571 2571 2570 2570 2570 2572 2572 2572 2572 2572 2572 2538 2538 2538 2531 2531 2531 2569 2569 2569 2571 2571 2571 2505 2505 2505 2572 2572 2572 2531 2531 2531 2573 2573 2573 2572 2572 2572 2573 2573 2573 2571 2571 2571 2573 2573 2573 2531 2531 2531 2519 2519 2519 2519 2519 2519 2506 2506 2506 2573 2573 2573 2573 2573 2573 2506 2506 2506 2507 2507 2507 2571 2571 2571 2573 2573 2573 2507 2507 2507 2505 2505 2505 2571 2571 2571 2507 2507 2507 2505 2505 2505 2498 2498 2498 2569 2569 2569 2569 2569 2569 2498 2498 2498 2568 2568 2568 2498 2498 2498 2574 2574 2574 2568 2568 2568 2486 2486 2486 2574 2574 2574 2498 2498 2498 2574 2574 2574 2566 2566 2566 2568 2568 2568 2574 2574 2574 2486 2486 2486 2485 2485 2485 2575 2575 2575 2574 2574 2574 2485 2485 2485 2566 2566 2566 2574 2574 2574 2575 2575 2575 2575 2575 2575 2485 2485 2485 2483 2483 2483 2576 2576 2576 2566 2566 2566 2575 2575 2575 2563 2563 2563 2566 2566 2566 2576 2576 2576 2562 2562 2562 2563 2563 2563 2576 2576 2576 2577 2577 2577 2575 2575 2575 2483 2483 2483 2576 2576 2576 2575 2575 2575 2577 2577 2577 2480 2480 2480 2577 2577 2577 2483 2483 2483 2562 2562 2562 2576 2576 2576 2578 2578 2578 2578 2578 2578 2576 2576 2576 2577 2577 2577 2579 2579 2579 2562 2562 2562 2578 2578 2578 2578 2578 2578 2580 2580 2580 2579 2579 2579 2581 2581 2581 2577 2577 2577 2480 2480 2480 2581 2581 2581 2578 2578 2578 2577 2577 2577 2580 2580 2580 2578 2578 2578 2581 2581 2581 2479 2479 2479 2581 2581 2581 2480 2480 2480 2582 2582 2582 2581 2581 2581 2479 2479 2479 2582 2582 2582 2580 2580 2580 2581 2581 2581 2476 2476 2476 2582 2582 2582 2479 2479 2479 2583 2583 2583 2580 2580 2580 2582 2582 2582 2580 2580 2580 2583 2583 2583 2584 2584 2584 2585 2585 2585 2582 2582 2582 2476 2476 2476 2585 2585 2585 2583 2583 2583 2582 2582 2582 2585 2585 2585 2476 2476 2476 2478 2478 2478 2584 2584 2584 2583 2583 2583 2586 2586 2586 2586 2586 2586 2583 2583 2583 2585 2585 2585 2585 2585 2585 2478 2478 2478 2586 2586 2586 2587 2587 2587 2584 2584 2584 2586 2586 2586 2586 2586 2586 2478 2478 2478 2588 2588 2588 2586 2586 2586 2589 2589 2589 2587 2587 2587 2588 2588 2588 2589 2589 2589 2586 2586 2586 2590 2590 2590 2591 2591 2591 2592 2592 2592 2590 2590 2590 2593 2593 2593 2591 2591 2591 2592 2592 2592 2594 2594 2594 2590 2590 2590 2595 2595 2595 2590 2590 2590 2594 2594 2594 2593 2593 2593 2590 2590 2590 2596 2596 2596 2595 2595 2595 2597 2597 2597 2590 2590 2590 2596 2596 2596 2590 2590 2590 2598 2598 2598 2598 2598 2598 2590 2590 2590 2597 2597 2597 2599 2599 2599 2596 2596 2596 2598 2598 2598 2600 2600 2600 2598 2598 2598 2597 2597 2597 2598 2598 2598 2601 2601 2601 2599 2599 2599 2598 2598 2598 2600 2600 2600 2601 2601 2601 2601 2601 2601 2602 2602 2602 2599 2599 2599 2600 2600 2600 2603 2603 2603 2601 2601 2601 2601 2601 2601 2604 2604 2604 2602 2602 2602 2601 2601 2601 2603 2603 2603 2604 2604 2604 2604 2604 2604 2605 2605 2605 2602 2602 2602 2603 2603 2603 2606 2606 2606 2604 2604 2604 2605 2605 2605 2604 2604 2604 2607 2607 2607 2604 2604 2604 2606 2606 2606 2608 2608 2608 2604 2604 2604 2609 2609 2609 2607 2607 2607 2609 2609 2609 2604 2604 2604 2608 2608 2608 2610 2610 2610 2607 2607 2607 2609 2609 2609 2609 2609 2609 2608 2608 2608 2611 2611 2611 2610 2610 2610 2609 2609 2609 2612 2612 2612 2609 2609 2609 2611 2611 2611 2613 2613 2613 2609 2609 2609 2614 2614 2614 2612 2612 2612 2614 2614 2614 2609 2609 2609 2613 2613 2613 2615 2615 2615 2616 2616 2616 2617 2617 2617 2615 2615 2615 2617 2617 2617 2618 2618 2618 2616 2616 2616 2615 2615 2615 2619 2619 2619 2620 2620 2620 2619 2619 2619 2615 2615 2615 2618 2618 2618 2621 2621 2621 2615 2615 2615 2620 2620 2620 2615 2615 2615 2622 2622 2622 2621 2621 2621 2623 2623 2623 2615 2615 2615 2623 2623 2623 2622 2622 2622 2615 2615 2615 2624 2624 2624 2623 2623 2623 2621 2621 2621 2625 2625 2625 2622 2622 2622 2623 2623 2623 2623 2623 2623 2624 2624 2624 2626 2626 2626 2623 2623 2623 2626 2626 2626 2625 2625 2625 2626 2626 2626 2624 2624 2624 2627 2627 2627 2625 2625 2625 2626 2626 2626 2628 2628 2628 2626 2626 2626 2627 2627 2627 2629 2629 2629 2626 2626 2626 2629 2629 2629 2628 2628 2628 2629 2629 2629 2627 2627 2627 2630 2630 2630 2628 2628 2628 2629 2629 2629 2631 2631 2631 2630 2630 2630 2632 2632 2632 2629 2629 2629 2629 2629 2629 2633 2633 2633 2631 2631 2631 2629 2629 2629 2632 2632 2632 2634 2634 2634 2634 2634 2634 2633 2633 2633 2629 2629 2629 2635 2635 2635 2634 2634 2634 2632 2632 2632 2634 2634 2634 2636 2636 2636 2633 2633 2633 2635 2635 2635 2637 2637 2637 2634 2634 2634 2634 2634 2634 2638 2638 2638 2636 2636 2636 2634 2634 2634 2637 2637 2637 2639 2639 2639 2639 2639 2639 2638 2638 2638 2634 2634 2634 2640 2640 2640 2641 2641 2641 2642 2642 2642 2641 2641 2641 2643 2643 2643 2642 2642 2642 2644 2644 2644 2641 2641 2641 2640 2640 2640 2640 2640 2640 2645 2645 2645 2644 2644 2644 2646 2646 2646 2643 2643 2643 2641 2641 2641 2646 2646 2646 2647 2647 2647 2643 2643 2643 2641 2641 2641 2644 2644 2644 2648 2648 2648 2641 2641 2641 2648 2648 2648 2646 2646 2646 2644 2644 2644 2645 2645 2645 2649 2649 2649 2645 2645 2645 2650 2650 2650 2649 2649 2649 2649 2649 2649 2650 2650 2650 2651 2651 2651 2644 2644 2644 2649 2649 2649 2652 2652 2652 2648 2648 2648 2644 2644 2644 2652 2652 2652 2649 2649 2649 2651 2651 2651 2653 2653 2653 2652 2652 2652 2649 2649 2649 2653 2653 2653 2653 2653 2653 2651 2651 2651 2654 2654 2654 2648 2648 2648 2652 2652 2652 2655 2655 2655 2653 2653 2653 2654 2654 2654 2656 2656 2656 2656 2656 2656 2654 2654 2654 2657 2657 2657 2652 2652 2652 2653 2653 2653 2658 2658 2658 2658 2658 2658 2653 2653 2653 2656 2656 2656 2655 2655 2655 2652 2652 2652 2658 2658 2658 2656 2656 2656 2657 2657 2657 2659 2659 2659 2659 2659 2659 2657 2657 2657 2660 2660 2660 2658 2658 2658 2656 2656 2656 2661 2661 2661 2661 2661 2661 2656 2656 2656 2659 2659 2659 2655 2655 2655 2658 2658 2658 2662 2662 2662 2662 2662 2662 2658 2658 2658 2661 2661 2661 2659 2659 2659 2660 2660 2660 2663 2663 2663 2663 2663 2663 2660 2660 2660 2664 2664 2664 2661 2661 2661 2659 2659 2659 2665 2665 2665 2665 2665 2665 2659 2659 2659 2663 2663 2663 2666 2666 2666 2661 2661 2661 2665 2665 2665 2662 2662 2662 2661 2661 2661 2666 2666 2666 2666 2666 2666 2665 2665 2665 2667 2667 2667 2668 2668 2668 2662 2662 2662 2666 2666 2666 2667 2667 2667 2668 2668 2668 2666 2666 2666 2665 2665 2665 2663 2663 2663 2669 2669 2669 2667 2667 2667 2665 2665 2665 2669 2669 2669 2669 2669 2669 2663 2663 2663 2670 2670 2670 2667 2667 2667 2669 2669 2669 2671 2671 2671 2663 2663 2663 2672 2672 2672 2670 2670 2670 2664 2664 2664 2672 2672 2672 2663 2663 2663 2669 2669 2669 2670 2670 2670 2673 2673 2673 2671 2671 2671 2669 2669 2669 2673 2673 2673 2664 2664 2664 2674 2674 2674 2672 2672 2672 2675 2675 2675 2674 2674 2674 2664 2664 2664 2670 2670 2670 2672 2672 2672 2676 2676 2676 2673 2673 2673 2670 2670 2670 2676 2676 2676 2674 2674 2674 2675 2675 2675 2677 2677 2677 2672 2672 2672 2674 2674 2674 2678 2678 2678 2678 2678 2678 2674 2674 2674 2677 2677 2677 2676 2676 2676 2672 2672 2672 2679 2679 2679 2678 2678 2678 2679 2679 2679 2672 2672 2672 2677 2677 2677 2675 2675 2675 2680 2680 2680 2681 2681 2681 2680 2680 2680 2675 2675 2675 2677 2677 2677 2680 2680 2680 2682 2682 2682 2680 2680 2680 2681 2681 2681 2683 2683 2683 2682 2682 2682 2680 2680 2680 2683 2683 2683 2682 2682 2682 2684 2684 2684 2677 2677 2677 2677 2677 2677 2684 2684 2684 2678 2678 2678 2683 2683 2683 2685 2685 2685 2682 2682 2682 2682 2682 2682 2685 2685 2685 2684 2684 2684 2683 2683 2683 2681 2681 2681 2686 2686 2686 2687 2687 2687 2686 2686 2686 2681 2681 2681 2686 2686 2686 2688 2688 2688 2683 2683 2683 2688 2688 2688 2685 2685 2685 2683 2683 2683 2687 2687 2687 2689 2689 2689 2686 2686 2686 2687 2687 2687 2690 2690 2690 2689 2689 2689 2691 2691 2691 2689 2689 2689 2690 2690 2690 2692 2692 2692 2688 2688 2688 2686 2686 2686 2692 2692 2692 2686 2686 2686 2689 2689 2689 2693 2693 2693 2689 2689 2689 2691 2691 2691 2693 2693 2693 2692 2692 2692 2689 2689 2689 2693 2693 2693 2691 2691 2691 2694 2694 2694 2692 2692 2692 2695 2695 2695 2688 2688 2688 2688 2688 2688 2695 2695 2695 2685 2685 2685 2692 2692 2692 2693 2693 2693 2696 2696 2696 2696 2696 2696 2695 2695 2695 2692 2692 2692 2693 2693 2693 2694 2694 2694 2697 2697 2697 2693 2693 2693 2697 2697 2697 2696 2696 2696 2694 2694 2694 2698 2698 2698 2697 2697 2697 2698 2698 2698 2699 2699 2699 2697 2697 2697 2699 2699 2699 2696 2696 2696 2697 2697 2697 2699 2699 2699 2698 2698 2698 2700 2700 2700 2696 2696 2696 2701 2701 2701 2695 2695 2695 2700 2700 2700 2702 2702 2702 2699 2699 2699 2702 2702 2702 2700 2700 2700 2703 2703 2703 2696 2696 2696 2699 2699 2699 2704 2704 2704 2704 2704 2704 2701 2701 2701 2696 2696 2696 2702 2702 2702 2705 2705 2705 2699 2699 2699 2704 2704 2704 2699 2699 2699 2705 2705 2705 2703 2703 2703 2706 2706 2706 2702 2702 2702 2706 2706 2706 2705 2705 2705 2702 2702 2702 2647 2647 2647 2706 2706 2706 2703 2703 2703 2706 2706 2706 2647 2647 2647 2646 2646 2646 2707 2707 2707 2706 2706 2706 2646 2646 2646 2705 2705 2705 2706 2706 2706 2707 2707 2707 2646 2646 2646 2648 2648 2648 2707 2707 2707 2648 2648 2648 2655 2655 2655 2707 2707 2707 2708 2708 2708 2705 2705 2705 2707 2707 2707 2707 2707 2707 2655 2655 2655 2708 2708 2708 2704 2704 2704 2705 2705 2705 2708 2708 2708 2655 2655 2655 2662 2662 2662 2708 2708 2708 2708 2708 2708 2709 2709 2709 2704 2704 2704 2708 2708 2708 2662 2662 2662 2709 2709 2709 2704 2704 2704 2709 2709 2709 2701 2701 2701 2709 2709 2709 2662 2662 2662 2668 2668 2668 2701 2701 2701 2709 2709 2709 2710 2710 2710 2710 2710 2710 2709 2709 2709 2668 2668 2668 2701 2701 2701 2710 2710 2710 2695 2695 2695 2695 2695 2695 2710 2710 2710 2711 2711 2711 2685 2685 2685 2695 2695 2695 2711 2711 2711 2711 2711 2711 2710 2710 2710 2712 2712 2712 2712 2712 2712 2685 2685 2685 2711 2711 2711 2710 2710 2710 2668 2668 2668 2713 2713 2713 2712 2712 2712 2710 2710 2710 2713 2713 2713 2714 2714 2714 2685 2685 2685 2712 2712 2712 2684 2684 2684 2685 2685 2685 2714 2714 2714 2713 2713 2713 2668 2668 2668 2715 2715 2715 2715 2715 2715 2668 2668 2668 2667 2667 2667 2671 2671 2671 2715 2715 2715 2667 2667 2667 2684 2684 2684 2714 2714 2714 2716 2716 2716 2684 2684 2684 2716 2716 2716 2678 2678 2678 2714 2714 2714 2712 2712 2712 2717 2717 2717 2716 2716 2716 2714 2714 2714 2717 2717 2717 2678 2678 2678 2716 2716 2716 2718 2718 2718 2718 2718 2718 2679 2679 2679 2678 2678 2678 2718 2718 2718 2716 2716 2716 2719 2719 2719 2719 2719 2719 2679 2679 2679 2718 2718 2718 2716 2716 2716 2717 2717 2717 2720 2720 2720 2719 2719 2719 2716 2716 2716 2720 2720 2720 2721 2721 2721 2679 2679 2679 2719 2719 2719 2679 2679 2679 2721 2721 2721 2676 2676 2676 2719 2719 2719 2720 2720 2720 2722 2722 2722 2721 2721 2721 2719 2719 2719 2722 2722 2722 2676 2676 2676 2721 2721 2721 2723 2723 2723 2723 2723 2723 2721 2721 2721 2722 2722 2722 2676 2676 2676 2723 2723 2723 2673 2673 2673 2673 2673 2673 2723 2723 2723 2724 2724 2724 2724 2724 2724 2723 2723 2723 2722 2722 2722 2725 2725 2725 2673 2673 2673 2724 2724 2724 2725 2725 2725 2724 2724 2724 2722 2722 2722 2671 2671 2671 2673 2673 2673 2725 2725 2725 2725 2725 2725 2726 2726 2726 2671 2671 2671 2726 2726 2726 2725 2725 2725 2722 2722 2722 2671 2671 2671 2726 2726 2726 2727 2727 2727 2727 2727 2727 2715 2715 2715 2671 2671 2671 2726 2726 2726 2728 2728 2728 2727 2727 2727 2728 2728 2728 2726 2726 2726 2722 2722 2722 2729 2729 2729 2715 2715 2715 2727 2727 2727 2727 2727 2727 2728 2728 2728 2729 2729 2729 2713 2713 2713 2715 2715 2715 2729 2729 2729 2730 2730 2730 2728 2728 2728 2722 2722 2722 2730 2730 2730 2729 2729 2729 2728 2728 2728 2731 2731 2731 2713 2713 2713 2729 2729 2729 2731 2731 2731 2729 2729 2729 2730 2730 2730 2712 2712 2712 2713 2713 2713 2731 2731 2731 2717 2717 2717 2712 2712 2712 2731 2731 2731 2732 2732 2732 2730 2730 2730 2722 2722 2722 2732 2732 2732 2731 2731 2731 2730 2730 2730 2717 2717 2717 2731 2731 2731 2732 2732 2732 2720 2720 2720 2732 2732 2732 2722 2722 2722 2720 2720 2720 2717 2717 2717 2732 2732 2732 </p>
        </triangles>
      </mesh>
    </geometry>
    <geometry id="face_low__MI_eye-mesh" name="face_low__MI_eye">
      <mesh>
        <source id="face_low__MI_eye-position">
          <float_array id="face_low__MI_eye-position-array" count="246">-0.2270995 0.8610251 0.2001784 -0.1827065 0.8578966 0.2548473 -0.2335657 0.9214945 0.2034976 -0.1867669 0.9184741 0.2580714 -0.1203931 0.8529604 0.295752 -0.1893907 0.9652671 0.2598159 -0.2361198 0.9659436 0.2046425 -0.1269035 0.9124032 0.2944538 -0.06643093 0.902863 0.3163678 -0.1297654 0.9632876 0.2944087 -0.1893868 1.016009 0.2602209 -0.2371589 1.016041 0.2049144 1.453934E-07 0.928167 0.3233669 1.512578E-07 0.9609634 0.3227211 -0.06483285 0.9620365 0.3138028 1.607853E-07 1.014691 0.3211152 -0.1305008 1.015667 0.2925813 -0.06477612 1.014739 0.3123738 -0.06372533 1.0748 0.3092643 1.711822E-07 1.0748 0.3175173 1.807498E-07 1.133215 0.3103357 -0.1295629 1.074799 0.2900461 -0.0631927 1.13342 0.3018946 1.879515E-07 1.18763 0.2918876 -0.1872926 1.0748 0.2572296 -0.06322461 1.185686 0.282581 1.910271E-07 1.232241 0.2573249 -0.06201247 1.228409 0.247483 -0.1267213 1.131805 0.2818695 -0.1231984 1.181321 0.2624204 -0.11935 1.221425 0.2300366 -0.1813893 1.129824 0.2463031 -0.1748401 1.17243 0.2287546 -0.1693704 1.205317 0.2002914 -0.1665474 1.236054 0.1581306 -0.2002925 1.184395 0.1806498 -0.2017303 1.161453 0.2081367 -0.2268822 1.126115 0.1892065 -0.2162321 1.127077 0.2074124 -0.2315074 1.0748 0.2067252 -0.2457645 1.074799 0.1779674 0.2335659 0.9214944 0.2034975 0.1827068 0.8578966 0.2548473 0.2270997 0.861025 0.2001783 0.1867671 0.9184741 0.2580713 0.1203933 0.8529603 0.2957519 0.189391 0.965267 0.2598158 0.2361201 0.9659435 0.2046425 0.1269038 0.9124032 0.2944538 0.0664312 0.9028629 0.3163678 0.1297657 0.9632875 0.2944086 0.1893871 1.016009 0.2602208 0.2371592 1.016041 0.2049143 1.453934E-07 0.928167 0.3233669 1.512578E-07 0.9609634 0.3227211 0.06483315 0.9620365 0.3138028 1.607853E-07 1.014691 0.3211152 0.1305011 1.015667 0.2925812 0.06477644 1.014739 0.3123738 0.06372566 1.0748 0.3092643 1.711822E-07 1.0748 0.3175173 1.807498E-07 1.133215 0.3103357 0.1295632 1.074799 0.2900461 0.06319305 1.13342 0.3018946 1.879515E-07 1.18763 0.2918876 0.1872929 1.0748 0.2572295 0.06322498 1.185686 0.282581 1.910271E-07 1.232241 0.2573249 0.06201285 1.228409 0.247483 0.1267217 1.131805 0.2818694 0.1231987 1.181321 0.2624204 0.1193504 1.221425 0.2300365 0.1813896 1.129824 0.246303 0.1748404 1.17243 0.2287545 0.1693708 1.205317 0.2002914 0.1665477 1.236054 0.1581306 0.2002929 1.184395 0.1806498 0.2017306 1.161453 0.2081366 0.2268825 1.126115 0.1892064 0.2162324 1.127077 0.2074123 0.2315077 1.074799 0.2067251 0.2457648 1.074799 0.1779673</float_array>
          <technique_common>
            <accessor source="#face_low__MI_eye-position-array" count="82" stride="3">
              <param name="X" type="float" />
              <param name="Y" type="float" />
              <param name="Z" type="float" />
            </accessor>
          </technique_common>
        </source>
        <source id="face_low__MI_eye-normal">
          <float_array id="face_low__MI_eye-normal-array" count="246">-0.8454011 -0.1937345 0.4970659 -0.6731897 -0.158508 0.7221146 -0.849315 -0.09001612 0.5185917 -0.6516633 -0.06848823 0.7553821 -0.5029353 -0.05087505 0.863014 -0.6457924 -0.03326314 0.7632098 -0.8512719 -0.03717852 0.5225052 -0.440313 -0.02739149 0.896282 -0.3444225 0.09785334 0.9334633 -0.4031309 0.003919781 0.9158514 -0.6360077 0.02935922 0.7710371 -0.847358 0.01565911 0.5322896 1.977692E-07 0.1389495 0.9902143 1.837722E-07 0.03327445 0.9999998 -0.2113501 0.03914518 0.9765164 1.852302E-07 0.04305919 0.9999997 -0.3855184 0.03718792 0.9217219 -0.2113501 0.04110213 0.9765164 -0.2074362 0.08806884 0.9745592 1.915289E-07 0.09002589 0.9960855 2.069256E-07 0.2191843 0.9745583 -0.3874754 0.09589629 0.9158508 -0.213307 0.2289689 0.949118 2.280376E-07 0.4735868 0.8806232 -0.6281798 0.1252496 0.7671226 -0.2250487 0.4833713 0.8453982 2.326448E-07 0.6242711 0.780818 -0.2270056 0.622314 0.74755 -0.4109587 0.2524518 0.8767108 -0.4168295 0.4833709 0.7710342 -0.4324851 0.6242703 0.6516595 -0.6144812 0.2759343 0.7377675 -0.5792562 0.4872841 0.6536173 -0.5812131 0.6438389 0.4970606 -0.5812131 0.6751497 0.4540076 -0.7201564 0.5616465 0.4050846 -0.7455967 0.4344456 0.5048897 -0.8512719 0.2974589 0.4305266 -0.7632093 0.2465793 0.5988244 -0.7964774 0.1291624 0.5890404 -0.9080234 0.09197927 0.4090015 0.8493151 -0.09001643 0.5185915 0.6731899 -0.1585083 0.7221144 0.8454012 -0.1937348 0.4970657 0.6516635 -0.06848847 0.7553819 0.5029355 -0.05087524 0.8630139 0.6457927 -0.03326337 0.7632095 0.851272 -0.03717884 0.522505 0.4403132 -0.02739165 0.8962819 0.3444229 0.09785322 0.9334632 0.4031313 0.003919635 0.9158512 0.636008 0.02935899 0.7710369 0.8473582 0.0156588 0.5322894 1.977692E-07 0.1389495 0.9902143 1.837722E-07 0.03327445 0.9999998 0.2113505 0.0391451 0.9765163 1.852302E-07 0.04305919 0.9999997 0.3855188 0.03718778 0.9217218 0.2113505 0.04110205 0.9765163 0.2074366 0.08806877 0.9745591 1.915289E-07 0.09002589 0.9960855 2.069256E-07 0.2191843 0.9745583 0.3874757 0.09589615 0.9158506 0.2133075 0.2289688 0.9491179 2.280376E-07 0.4735868 0.8806232 0.6281802 0.1252494 0.7671224 0.2250492 0.4833713 0.8453981 2.326448E-07 0.6242711 0.780818 0.2270061 0.6223139 0.7475498 0.4109591 0.2524517 0.8767107 0.4168299 0.4833708 0.7710341 0.4324855 0.6242702 0.6516594 0.6144816 0.2759341 0.7377672 0.5792565 0.4872839 0.6536172 0.5812135 0.6438386 0.4970604 0.5812135 0.6751495 0.4540074 0.7201567 0.5616463 0.4050844 0.7455971 0.4344454 0.5048895 0.8512721 0.2974586 0.4305264 0.7632095 0.246579 0.5988241 0.7964776 0.1291621 0.5890402 0.9080235 0.09197894 0.4090013</float_array>
          <technique_common>
            <accessor source="#face_low__MI_eye-normal-array" count="82" stride="3">
              <param name="X" type="float" />
              <param name="Y" type="float" />
              <param name="Z" type="float" />
            </accessor>
          </technique_common>
        </source>
        <source id="face_low__MI_eye-texcoord">
          <float_array id="face_low__MI_eye-texcoord-array" count="164">0.08198673 0.76112 0.1879301 0.768719 0.06790265 0.6554208 0.1778744 0.6637217 0.2962234 0.7805905 0.1757992 0.5839627 0.06411841 0.5748073 0.2878767 0.6775463 0.3892424 0.6928053 0.2837262 0.5914091 0.1757992 0.4984512 0.0641947 0.484123 0.5000076 0.6442817 0.5000076 0.5922484 0.3934233 0.5944304 0.5000076 0.5044633 0.2837262 0.5051804 0.3934233 0.5055771 0.3934233 0.4030976 0.5000076 0.4027466 0.5000076 0.3020218 0.2837262 0.4043336 0.3934233 0.3014725 0.5000076 0.202533 0.1757992 0.4005646 0.3934233 0.2053407 0.5000076 0.1028611 0.3934233 0.1106279 0.2837262 0.3048905 0.2837262 0.2136568 0.2837262 0.1264362 0.1757992 0.3033799 0.1757992 0.2227665 0.1757992 0.1478447 0.1471733 0.06314183 0.1176165 0.1771115 0.140795 0.240589 0.08999771 0.2760052 0.1135729 0.2978561 0.07875181 0.3788052 0.03364614 0.3547723 0.9320974 0.6554208 0.8120699 0.768719 0.9180133 0.76112 0.8221256 0.6637217 0.7037766 0.7805905 0.8242008 0.5839627 0.9358816 0.5748073 0.7121233 0.6775463 0.6107576 0.6928053 0.7162737 0.5914091 0.8242008 0.4984512 0.9358053 0.484123 0.5000076 0.6442817 0.5000076 0.5922484 0.6065766 0.5944304 0.5000076 0.5044633 0.7162737 0.5051804 0.6065766 0.5055771 0.6065766 0.4030976 0.5000076 0.4027466 0.5000076 0.3020218 0.7162737 0.4043336 0.6065766 0.3014725 0.5000076 0.202533 0.8242008 0.4005646 0.6065766 0.2053407 0.5000076 0.1028611 0.6065766 0.1106279 0.7162737 0.3048905 0.7162737 0.2136568 0.7162737 0.1264362 0.8242008 0.3033799 0.8242008 0.2227665 0.8242008 0.1478447 0.8528267 0.06314183 0.8823835 0.1771115 0.859205 0.240589 0.9100023 0.2760052 0.8864271 0.2978561 0.9212482 0.3788052 0.9663538 0.3547723</float_array>
          <technique_common>
            <accessor source="#face_low__MI_eye-texcoord-array" count="82" stride="2">
              <param name="S" type="float" />
              <param name="T" type="float" />
            </accessor>
          </technique_common>
        </source>
        <vertices id="face_low__MI_eye-vertex">
          <input semantic="POSITION" source="#face_low__MI_eye-position" />
        </vertices>
        <triangles material="MI_eye" count="120">
          <input semantic="VERTEX" source="#face_low__MI_eye-vertex" offset="0" />
          <input semantic="NORMAL" source="#face_low__MI_eye-normal" offset="1" />
          <input semantic="TEXCOORD" source="#face_low__MI_eye-texcoord" offset="2" set="0" />
          <p>0 0 0 1 1 1 2 2 2 2 2 2 1 1 1 3 3 3 4 4 4 3 3 3 1 1 1 3 3 3 5 5 5 2 2 2 2 2 2 5 5 5 6 6 6 7 7 7 3 3 3 4 4 4 8 8 8 7 7 7 4 4 4 9 9 9 3 3 3 7 7 7 5 5 5 3 3 3 9 9 9 7 7 7 8 8 8 9 9 9 5 5 5 10 10 10 6 6 6 9 9 9 10 10 10 5 5 5 6 6 6 10 10 10 11 11 11 12 12 12 13 13 13 8 8 8 8 8 8 13 13 13 14 14 14 9 9 9 8 8 8 14 14 14 13 13 13 15 15 15 14 14 14 9 9 9 14 14 14 16 16 16 16 16 16 10 10 10 9 9 9 14 14 14 15 15 15 17 17 17 16 16 16 14 14 14 17 17 17 15 15 15 18 18 18 17 17 17 19 19 19 18 18 18 15 15 15 19 19 19 20 20 20 18 18 18 16 16 16 17 17 17 21 21 21 21 21 21 17 17 17 18 18 18 16 16 16 21 21 21 10 10 10 18 18 18 20 20 20 22 22 22 18 18 18 22 22 22 21 21 21 20 20 20 23 23 23 22 22 22 10 10 10 21 21 21 24 24 24 22 22 22 23 23 23 25 25 25 23 23 23 26 26 26 25 25 25 25 25 25 26 26 26 27 27 27 21 21 21 22 22 22 28 28 28 22 22 22 25 25 25 28 28 28 28 28 28 24 24 24 21 21 21 25 25 25 27 27 27 29 29 29 28 28 28 25 25 25 29 29 29 29 29 29 27 27 27 30 30 30 29 29 29 31 31 31 28 28 28 31 31 31 24 24 24 28 28 28 30 30 30 32 32 32 29 29 29 32 32 32 31 31 31 29 29 29 33 33 33 32 32 32 30 30 30 33 33 33 30 30 30 34 34 34 34 34 34 35 35 35 33 33 33 32 32 32 33 33 33 36 36 36 33 33 33 35 35 35 36 36 36 31 31 31 32 32 32 36 36 36 36 36 36 35 35 35 37 37 37 38 38 38 31 31 31 36 36 36 38 38 38 36 36 36 37 37 37 31 31 31 38 38 38 24 24 24 38 38 38 37 37 37 39 39 39 24 24 24 38 38 38 39 39 39 24 24 24 39 39 39 10 10 10 39 39 39 37 37 37 40 40 40 10 10 10 39 39 39 11 11 11 40 40 40 11 11 11 39 39 39 41 41 41 42 42 42 43 43 43 44 44 44 42 42 42 41 41 41 44 44 44 45 45 45 42 42 42 44 44 44 41 41 41 46 46 46 46 46 46 41 41 41 47 47 47 48 48 48 45 45 45 44 44 44 49 49 49 45 45 45 48 48 48 48 48 48 44 44 44 50 50 50 50 50 50 44 44 44 46 46 46 50 50 50 49 49 49 48 48 48 46 46 46 47 47 47 51 51 51 46 46 46 51 51 51 50 50 50 51 51 51 47 47 47 52 52 52 53 53 53 49 49 49 54 54 54 54 54 54 49 49 49 55 55 55 55 55 55 49 49 49 50 50 50 54 54 54 55 55 55 56 56 56 57 57 57 55 55 55 50 50 50 50 50 50 51 51 51 57 57 57 56 56 56 55 55 55 58 58 58 58 58 58 55 55 55 57 57 57 58 58 58 59 59 59 56 56 56 56 56 56 59 59 59 60 60 60 60 60 60 59 59 59 61 61 61 62 62 62 58 58 58 57 57 57 59 59 59 58 58 58 62 62 62 51 51 51 62 62 62 57 57 57 61 61 61 59 59 59 63 63 63 59 59 59 62 62 62 63 63 63 61 61 61 63 63 63 64 64 64 65 65 65 62 62 62 51 51 51 64 64 64 63 63 63 66 66 66 64 64 64 66 66 66 67 67 67 67 67 67 66 66 66 68 68 68 63 63 63 62 62 62 69 69 69 63 63 63 69 69 69 66 66 66 62 62 62 65 65 65 69 69 69 66 66 66 70 70 70 68 68 68 66 66 66 69 69 69 70 70 70 68 68 68 70 70 70 71 71 71 69 69 69 72 72 72 70 70 70 69 69 69 65 65 65 72 72 72 70 70 70 73 73 73 71 71 71 70 70 70 72 72 72 73 73 73 71 71 71 73 73 73 74 74 74 74 74 74 75 75 75 71 71 71 75 75 75 74 74 74 76 76 76 73 73 73 77 77 77 74 74 74 74 74 74 77 77 77 76 76 76 72 72 72 77 77 77 73 73 73 77 77 77 78 78 78 76 76 76 79 79 79 77 77 77 72 72 72 79 79 79 78 78 78 77 77 77 65 65 65 79 79 79 72 72 72 79 79 79 80 80 80 78 78 78 80 80 80 79 79 79 65 65 65 51 51 51 80 80 80 65 65 65 80 80 80 81 81 81 78 78 78 52 52 52 80 80 80 51 51 51 80 80 80 52 52 52 81 81 81 </p>
        </triangles>
      </mesh>
    </geometry>
    <geometry id="face_low__MI_mouth-mesh" name="face_low__MI_mouth">
      <mesh>
        <source id="face_low__MI_mouth-position">
          <float_array id="face_low__MI_mouth-position-array" count="204">-0.1596802 0.7161727 0.1678621 -0.1305442 0.713497 0.2110105 -0.1901843 0.7561721 0.1823263 -0.1525631 0.7543439 0.2302567 -0.2132616 0.8075628 0.1934526 -0.09332941 0.7116777 0.248086 -0.1707818 0.8058828 0.2463686 -0.2270995 0.8610251 0.2001784 -0.1827065 0.8578966 0.2548473 -0.1058425 0.7524364 0.2724112 -0.04689762 0.7104316 0.2764006 -0.1170604 0.8002467 0.2897662 -0.1203931 0.8529604 0.295752 -0.0514915 0.7504415 0.3079526 1.007764E-07 0.7100469 0.2890755 1.121652E-07 0.7482157 0.3196886 1.223112E-07 0.7869869 0.3410079 -0.05214729 0.7910033 0.325969 1.311283E-07 0.8231357 0.3564694 -0.04798425 0.8375655 0.3377149 1.358331E-07 0.8437138 0.3631093 -0.06643093 0.902863 0.3163678 -0.03455651 0.857543 0.3471817 -0.02146467 0.8719187 0.3563546 1.398633E-07 0.8615057 0.3685929 -0.03852477 0.8949935 0.3318191 1.453934E-07 0.928167 0.3233669 1.43385E-07 0.87726 0.3731251 1.437707E-07 0.9122441 0.3320959 -0.009944683 0.8843691 0.3646013 1.453912E-07 0.8884673 0.3729194 1.447902E-07 0.8937092 0.3622442 -0.02140585 0.8881921 0.3492335 1.439432E-07 0.9005098 0.347932 0.1901845 0.756172 0.1823263 0.1305444 0.713497 0.2110105 0.1596804 0.7161727 0.1678621 0.1525633 0.7543439 0.2302567 0.09332959 0.7116776 0.2480859 0.2132618 0.8075627 0.1934525 0.1058427 0.7524364 0.2724112 0.04689782 0.7104316 0.2764006 0.1707821 0.8058827 0.2463685 0.2270997 0.861025 0.2001783 0.1827068 0.8578966 0.2548473 0.1170607 0.8002466 0.2897661 0.1203933 0.8529603 0.2957519 0.05149172 0.7504414 0.3079526 1.007764E-07 0.7100469 0.2890755 1.121652E-07 0.7482157 0.3196886 1.223112E-07 0.7869869 0.3410079 0.05214753 0.7910033 0.325969 1.311283E-07 0.8231357 0.3564694 0.04798451 0.8375655 0.3377149 1.358331E-07 0.8437138 0.3631093 0.0664312 0.9028629 0.3163678 0.03455679 0.857543 0.3471817 0.02146495 0.8719187 0.3563546 1.398633E-07 0.8615057 0.3685929 1.43385E-07 0.87726 0.3731251 0.03852506 0.8949935 0.3318191 1.453934E-07 0.928167 0.3233669 1.437707E-07 0.9122441 0.3320959 0.00994497 0.8843691 0.3646013 1.453912E-07 0.8884673 0.3729194 1.447902E-07 0.8937092 0.3622442 0.02140614 0.8881921 0.3492335 1.439432E-07 0.9005098 0.347932</float_array>
          <technique_common>
            <accessor source="#face_low__MI_mouth-position-array" count="68" stride="3">
              <param name="X" type="float" />
              <param name="Y" type="float" />
              <param name="Z" type="float" />
            </accessor>
          </technique_common>
        </source>
        <source id="face_low__MI_mouth-normal">
          <float_array id="face_low__MI_mouth-normal-array" count="204">-0.6438357 -0.7142839 0.2739772 -0.5714286 -0.6849285 0.4501023 -0.739726 -0.5381578 0.4031346 -0.6477494 -0.4931469 0.5792596 -0.8101761 -0.3542043 0.4677127 -0.4579256 -0.6868848 0.5655621 -0.6810176 -0.3424615 0.6477517 -0.8454011 -0.1937345 0.4970659 -0.6731897 -0.158508 0.7221146 -0.5420743 -0.4735767 0.6927623 -0.2935421 -0.7260234 0.6223139 -0.5557729 -0.2641828 0.7886514 -0.5029353 -0.05087505 0.863014 -0.3796477 -0.4970596 0.7808251 5.308749E-09 -0.7534205 0.657539 6.590479E-08 -0.5557677 0.831706 9.903137E-08 -0.4226948 0.9060692 -0.4285713 -0.2876657 0.8551878 1.252177E-07 -0.3033208 0.9530352 -0.4911936 -0.05478891 0.868885 1.349573E-07 -0.254397 0.9667335 -0.3444225 0.09785334 0.9334633 -0.5675145 0.03131648 0.8219177 -0.6164382 0.0371871 0.7866926 1.282504E-07 -0.2876652 0.9569489 -0.3659489 0.4696725 0.8043023 1.977692E-07 0.1389495 0.9902143 1.536784E-07 -0.1545926 0.9882593 2.324698E-07 0.6066587 0.7945167 -0.6438354 0.3639966 0.6751446 2.304287E-07 0.5225103 0.8532257 2.17189E-07 0.8728015 0.4872743 -0.4833657 0.6007869 0.637961 2.216215E-07 0.8414907 0.5381551 0.739726 -0.538158 0.4031344 0.5714286 -0.6849288 0.4501021 0.6438355 -0.7142841 0.273977 0.6477495 -0.4931471 0.5792593 0.4579256 -0.6868849 0.565562 0.8101762 -0.3542046 0.4677125 0.5420744 -0.4735769 0.6927622 0.2935421 -0.7260235 0.6223137 0.6810177 -0.3424618 0.6477515 0.8454012 -0.1937348 0.4970657 0.6731899 -0.1585083 0.7221144 0.5557731 -0.264183 0.7886513 0.5029355 -0.05087524 0.8630139 0.3796478 -0.4970597 0.780825 5.308749E-09 -0.7534205 0.657539 6.590479E-08 -0.5557677 0.831706 9.903137E-08 -0.4226948 0.9060692 0.4285716 -0.2876659 0.8551877 1.252177E-07 -0.3033208 0.9530352 0.4911939 -0.05478909 0.8688849 1.349573E-07 -0.254397 0.9667335 0.3444229 0.09785322 0.9334632 0.5675148 0.03131627 0.8219176 0.6164384 0.03718688 0.7866924 1.282504E-07 -0.2876652 0.9569489 1.536784E-07 -0.1545926 0.9882593 0.3659493 0.4696724 0.8043022 1.977692E-07 0.1389495 0.9902143 2.324698E-07 0.6066587 0.7945167 0.6438358 0.3639964 0.6751443 2.304287E-07 0.5225103 0.8532257 2.17189E-07 0.8728015 0.4872743 0.4833662 0.6007867 0.6379609 2.216215E-07 0.8414907 0.5381551</float_array>
          <technique_common>
            <accessor source="#face_low__MI_mouth-normal-array" count="68" stride="3">
              <param name="X" type="float" />
              <param name="Y" type="float" />
              <param name="Z" type="float" />
            </accessor>
          </technique_common>
        </source>
        <source id="face_low__MI_mouth-texcoord">
          <float_array id="face_low__MI_mouth-texcoord-array" count="136">0.1104448 0.9640803 0.2126497 0.9574273 0.07051194 0.760586 0.183978 0.7603723 0.03729305 0.530129 0.3121233 0.9515069 0.1576104 0.5363546 0.01622034 0.2973373 0.1388418 0.3149309 0.2964828 0.7560846 0.4113832 0.9381857 0.2771649 0.5544671 0.2641794 0.3423819 0.4087282 0.7389944 0.5000076 0.9216907 0.5000076 0.7342031 0.5000076 0.5711604 0.4072786 0.5718623 0.5000076 0.432227 0.4106508 0.396231 0.5000076 0.3595178 0.3718166 0.1392233 0.4372931 0.3203937 0.461387 0.2669719 0.5000076 0.2993362 0.4209964 0.1694972 0.5000076 0.02687114 0.5000076 0.2510872 0.5000076 0.08839551 0.4825666 0.2270543 0.5000076 0.2220188 0.5000076 0.1935302 0.4576181 0.2020752 0.5000076 0.1515831 0.9294881 0.760586 0.7873503 0.9574273 0.8895552 0.9640803 0.816022 0.7603723 0.6878767 0.9515069 0.9627069 0.530129 0.7035172 0.7560846 0.5886168 0.9381857 0.8423896 0.5363546 0.9837797 0.2973373 0.8611581 0.3149309 0.7228351 0.5544671 0.7358205 0.3423819 0.5912718 0.7389944 0.5000076 0.9216907 0.5000076 0.7342031 0.5000076 0.5711604 0.5927215 0.5718623 0.5000076 0.432227 0.5893492 0.396231 0.5000076 0.3595178 0.6281834 0.1392233 0.5627069 0.3203937 0.5385977 0.2669871 0.5000076 0.2993362 0.5000076 0.2510872 0.5790036 0.1694972 0.5000076 0.02687114 0.5000076 0.08839551 0.5174334 0.2270543 0.5000076 0.2220188 0.5000076 0.1935302 0.5423819 0.2020752 0.5000076 0.1515831</float_array>
          <technique_common>
            <accessor source="#face_low__MI_mouth-texcoord-array" count="68" stride="2">
              <param name="S" type="float" />
              <param name="T" type="float" />
            </accessor>
          </technique_common>
        </source>
        <vertices id="face_low__MI_mouth-vertex">
          <input semantic="POSITION" source="#face_low__MI_mouth-position" />
        </vertices>
        <triangles material="MI_mouth" count="88">
          <input semantic="VERTEX" source="#face_low__MI_mouth-vertex" offset="0" />
          <input semantic="NORMAL" source="#face_low__MI_mouth-normal" offset="1" />
          <input semantic="TEXCOORD" source="#face_low__MI_mouth-texcoord" offset="2" set="0" />
          <p>0 0 0 1 1 1 2 2 2 2 2 2 1 1 1 3 3 3 2 2 2 3 3 3 4 4 4 5 5 5 3 3 3 1 1 1 4 4 4 3 3 3 6 6 6 4 4 4 6 6 6 7 7 7 7 7 7 6 6 6 8 8 8 9 9 9 3 3 3 5 5 5 9 9 9 6 6 6 3 3 3 10 10 10 9 9 9 5 5 5 11 11 11 8 8 8 6 6 6 11 11 11 6 6 6 9 9 9 12 12 12 8 8 8 11 11 11 13 13 13 9 9 9 10 10 10 9 9 9 13 13 13 11 11 11 14 14 14 13 13 13 10 10 10 15 15 15 13 13 13 14 14 14 15 15 15 16 16 16 13 13 13 13 13 13 16 16 16 17 17 17 11 11 11 13 13 13 17 17 17 16 16 16 18 18 18 17 17 17 17 17 17 19 19 19 11 11 11 17 17 17 18 18 18 19 19 19 11 11 11 19 19 19 12 12 12 18 18 18 20 20 20 19 19 19 19 19 19 21 21 21 12 12 12 19 19 19 20 20 20 22 22 22 22 22 22 21 21 21 19 19 19 20 20 20 23 23 23 22 22 22 24 24 24 23 23 23 20 20 20 25 25 25 21 21 21 22 22 22 23 23 23 25 25 25 22 22 22 25 25 25 26 26 26 21 21 21 24 24 24 27 27 27 23 23 23 28 28 28 26 26 26 25 25 25 23 23 23 27 27 27 29 29 29 27 27 27 30 30 30 29 29 29 30 30 30 31 31 31 29 29 29 32 32 32 25 25 25 23 23 23 29 29 29 32 32 32 23 23 23 32 32 32 28 28 28 25 25 25 29 29 29 31 31 31 32 32 32 33 33 33 28 28 28 32 32 32 32 32 32 31 31 31 33 33 33 34 34 34 35 35 35 36 36 36 37 37 37 35 35 35 34 34 34 37 37 37 38 38 38 35 35 35 39 39 39 37 37 37 34 34 34 40 40 40 38 38 38 37 37 37 38 38 38 40 40 40 41 41 41 42 42 42 37 37 37 39 39 39 42 42 42 40 40 40 37 37 37 43 43 43 42 42 42 39 39 39 44 44 44 42 42 42 43 43 43 44 44 44 45 45 45 42 42 42 45 45 45 40 40 40 42 42 42 46 46 46 45 45 45 44 44 44 41 41 41 40 40 40 47 47 47 45 45 45 47 47 47 40 40 40 41 41 41 47 47 47 48 48 48 48 48 48 47 47 47 49 49 49 49 49 49 47 47 47 50 50 50 50 50 50 47 47 47 51 51 51 51 51 51 47 47 47 45 45 45 50 50 50 51 51 51 52 52 52 51 51 51 45 45 45 53 53 53 52 52 52 51 51 51 53 53 53 53 53 53 45 45 45 46 46 46 52 52 52 53 53 53 54 54 54 53 53 53 46 46 46 55 55 55 54 54 54 53 53 53 56 56 56 53 53 53 55 55 55 56 56 56 56 56 56 57 57 57 54 54 54 54 54 54 57 57 57 58 58 58 58 58 58 57 57 57 59 59 59 56 56 56 55 55 55 60 60 60 60 60 60 57 57 57 56 56 56 61 61 61 60 60 60 55 55 55 62 62 62 60 60 60 61 61 61 59 59 59 57 57 57 63 63 63 59 59 59 63 63 63 64 64 64 64 64 64 63 63 63 65 65 65 66 66 66 57 57 57 60 60 60 63 63 63 57 57 57 66 66 66 62 62 62 66 66 66 60 60 60 66 66 66 65 65 65 63 63 63 67 67 67 66 66 66 62 62 62 67 67 67 65 65 65 66 66 66 </p>
        </triangles>
      </mesh>
    </geometry>
    <geometry id="ribbon1_low__MI_body-mesh" name="ribbon1_low__MI_body">
      <mesh>
        <source id="ribbon1_low__MI_body-position">
          <float_array id="ribbon1_low__MI_body-position-array" count="330">0 0.5824546 0.1500948 0.03774814 0.6151308 0.1581006 0.03789018 0.586823 0.1606224 0 0.6200125 0.1489671 0.03750076 0.6379261 0.1687481 0 0.6418906 0.1672582 0 0.6382252 0.1950526 0.03781869 0.6282472 0.1913635 0.03797231 0.6053592 0.2076399 0 0.608525 0.2155614 0 0.572221 0.2193288 0.03782492 0.5770735 0.2101816 0.037391 0.5542828 0.1996078 0 0.5502664 0.2010158 0 0.5538866 0.1732926 0.03761464 0.5638983 0.1769403 0 0.5824546 0.1500948 0.03789018 0.586823 0.1606224 0 0.5824546 0.1500948 -0.03761464 0.5638983 0.1769403 -0.03789018 0.586823 0.1606224 0 0.5538866 0.1732926 -0.037391 0.5542828 0.1996078 0 0.5502664 0.2010158 0 0.572221 0.2193288 -0.03782492 0.5770735 0.2101816 -0.03797231 0.6053592 0.2076399 0 0.608525 0.2155614 0 0.6382252 0.1950526 -0.03781869 0.6282472 0.1913635 -0.03750076 0.6379261 0.1687481 0 0.6418906 0.1672582 0 0.6200125 0.1489671 -0.03774814 0.6151308 0.1581006 0 0.5824546 0.1500948 -0.03789018 0.586823 0.1606224 0.0677046 0.566414 0.1785695 0.03285592 0.4841772 0.2175867 0.02994468 0.5626678 0.1811812 0.08420692 0.493237 0.2091776 0.09668365 0.4019076 0.232933 0.03508915 0.3958369 0.2404781 -0.0328559 0.4841772 0.2175867 -0.0677046 0.566414 0.1785695 -0.02994468 0.5626678 0.1811812 -0.08420692 0.493237 0.2091776 -0.09668365 0.4019076 0.232933 -0.03508914 0.3958369 0.2404781 0.03285592 0.4841772 0.2175867 0.031713 0.5650294 0.1916125 0.02994468 0.5626678 0.1811812 0.03514203 0.4885482 0.2297469 0.06947292 0.5687755 0.1890008 0.03556628 0.4044969 0.2556048 0.03508915 0.3958369 0.2404781 0.08645742 0.4967488 0.218604 0.09716077 0.4105678 0.2480599 0.09668365 0.4019076 0.232933 0.08420692 0.493237 0.2091776 0.0677046 0.566414 0.1785695 -0.02994468 0.5626678 0.1811812 -0.031713 0.5650294 0.1916125 -0.0328559 0.4841772 0.2175867 -0.03514202 0.4885482 0.2297469 -0.06947292 0.5687755 0.1890008 -0.03556627 0.4044969 0.2556048 -0.03508914 0.3958369 0.2404781 -0.08645742 0.4967488 0.218604 -0.09716077 0.4105678 0.2480599 -0.09668365 0.4019076 0.232933 -0.08420692 0.493237 0.2091776 -0.0677046 0.566414 0.1785695 -0.03774814 0.6151308 0.1581006 -0.1311707 0.6483718 0.1283054 -0.03750076 0.6379261 0.1687481 -0.03774814 0.6151308 0.1581006 -0.03789018 0.586823 0.1606224 -0.1415795 0.6672311 0.1538321 -0.1352661 0.5781749 0.1488429 -0.03761464 0.5638983 0.1769403 -0.1157588 0.5166556 0.1725276 -0.1274279 0.6683101 0.1834997 -0.03781869 0.6282472 0.1913635 -0.03797231 0.6053592 0.2076399 -0.1461162 0.5910358 0.1828072 -0.1309443 0.6045919 0.2124817 -0.1248375 0.5140157 0.2055882 -0.1120924 0.5364701 0.2278225 -0.03782492 0.5770735 0.2101816 -0.037391 0.5542828 0.1996078 -0.03761464 0.5638983 0.1769403 0.1157588 0.5166556 0.1725276 0.037391 0.5542828 0.1996078 0.03761464 0.5638983 0.1769403 0.03761464 0.5638983 0.1769403 0.03789018 0.586823 0.1606224 0.1248375 0.5140157 0.2055882 0.1352661 0.5781749 0.1488429 0.03774814 0.6151308 0.1581006 0.1311707 0.6483718 0.1283054 0.1120924 0.5364701 0.2278225 0.03782492 0.5770735 0.2101816 0.03797231 0.6053592 0.2076399 0.1461162 0.5910358 0.1828072 0.1309443 0.6045919 0.2124817 0.1415795 0.6672311 0.1538321 0.1274279 0.6683101 0.1834997 0.03781869 0.6282472 0.1913635 0.03750076 0.6379261 0.1687481 0.03774814 0.6151308 0.1581006</float_array>
          <technique_common>
            <accessor source="#ribbon1_low__MI_body-position-array" count="110" stride="3">
              <param name="X" type="float" />
              <param name="Y" type="float" />
              <param name="Z" type="float" />
            </accessor>
          </technique_common>
        </source>
        <source id="ribbon1_low__MI_body-normal">
          <float_array id="ribbon1_low__MI_body-normal-array" count="330">0 -0.3463796 -0.9373777 -0.1663405 0.1213307 -0.9784736 -0.1076321 -0.3131115 -0.9432485 0 0.2426614 -0.9706458 -0.2778865 0.8943248 -0.3522505 0 0.9295499 -0.3679061 0 0.81409 0.5812133 -0.111546 0.7358121 0.6692759 -0.01956947 0.3405088 0.9393346 0 0.3463796 0.9373777 0 -0.2270059 0.9745597 -0.1056751 -0.1056751 0.9882583 -0.3405088 -0.8727984 0.3463796 0 -0.9295499 0.3679061 0 -0.8258317 -0.5655577 -0.221135 -0.7240704 -0.6516634 0 -0.3463796 -0.9373777 -0.1076321 -0.3131115 -0.9432485 0 -0.3463796 -0.9373777 0.221135 -0.7240704 -0.6516634 0.1076321 -0.3131115 -0.9432485 0 -0.8258317 -0.5655577 0.3405088 -0.8727984 0.3463796 0 -0.9295499 0.3679061 0 -0.2270059 0.9745597 0.1056751 -0.1056751 0.9882583 0.01956947 0.3405088 0.9393346 0 0.3463796 0.9373777 0 0.81409 0.5812133 0.111546 0.7358121 0.6692759 0.2778865 0.8943248 -0.3522505 0 0.9295499 -0.3679061 0 0.2426614 -0.9706458 0.1663405 0.1213307 -0.9784736 0 -0.3463796 -0.9373777 0.1076321 -0.3131115 -0.9432485 -0.04500978 -0.4129159 -0.9099804 -0.09001957 -0.3150685 -0.9452055 -0.02152642 -0.4207436 -0.9060665 -0.09589041 -0.3287671 -0.9393346 -0.09784736 -0.2563601 -0.960861 -0.09393346 -0.2524462 -0.962818 0.09001957 -0.3150685 -0.9452055 0.04500978 -0.4129159 -0.9099804 0.02152642 -0.4207436 -0.9060665 0.09589041 -0.3287671 -0.9393346 0.09784736 -0.2563601 -0.960861 0.09393346 -0.2524462 -0.962818 -0.9863014 0.03913894 0.1585127 -0.2700587 0.4207436 0.8669276 -0.9863014 0.037182 0.1585127 -0.109589 0.3522505 0.9295499 0.3052838 0.4559687 0.8356164 -0.2035225 0.09589041 0.9745597 -0.7005871 -0.6105675 0.37182 0.3268102 0.3816047 0.8649706 0.4109589 0.1448141 0.9001957 0.8630137 -0.4500979 0.2289628 0.9667319 0.08023483 -0.2387476 0.9706458 0.1369863 -0.1956947 0.9863014 0.037182 0.1585127 0.2700587 0.4207436 0.8669276 0.9863014 0.03913894 0.1585127 0.109589 0.3522505 0.9295499 -0.3052838 0.4559687 0.8356164 0.2035225 0.09589041 0.9745597 0.7005871 -0.6105675 0.37182 -0.3268102 0.3816047 0.8649706 -0.4109589 0.1448141 0.9001957 -0.8630137 -0.4500979 0.2289628 -0.9667319 0.08023483 -0.2387476 -0.9706458 0.1369863 -0.1956947 0.1663405 0.1213307 -0.9784736 -0.08219178 0.1976517 -0.9765166 0.2778865 0.8943248 -0.3522505 0.1663405 0.1213307 -0.9784736 0.1076321 -0.3131115 -0.9432485 -0.4716243 0.8317025 -0.2915851 -0.2641879 -0.334638 -0.9041096 0.221135 -0.7240704 -0.6516634 -0.01174168 -0.7299413 -0.6829746 -0.1174168 0.7964775 0.592955 0.111546 0.7358121 0.6692759 0.01956947 0.3405088 0.9393346 -0.9921722 -0.07240704 0.1037182 -0.2935421 0.2818004 0.9138943 -0.3757339 -0.8747554 0.3091977 -0.08219178 -0.2035225 0.9765166 0.1056751 -0.1056751 0.9882583 0.3405088 -0.8727984 0.3463796 0.221135 -0.7240704 -0.6516634 0.01174168 -0.7299413 -0.6829746 -0.3405088 -0.8727984 0.3463796 -0.221135 -0.7240704 -0.6516634 -0.221135 -0.7240704 -0.6516634 -0.1076321 -0.3131115 -0.9432485 0.3757339 -0.8747554 0.3091977 0.2641879 -0.334638 -0.9041096 -0.1663405 0.1213307 -0.9784736 0.08219178 0.1976517 -0.9765166 0.08219178 -0.2035225 0.9765166 -0.1056751 -0.1056751 0.9882583 -0.01956947 0.3405088 0.9393346 0.9921722 -0.07240704 0.1037182 0.2935421 0.2818004 0.9138943 0.4716243 0.8317025 -0.2915851 0.1174168 0.7964775 0.592955 -0.111546 0.7358121 0.6692759 -0.2778865 0.8943248 -0.3522505 -0.1663405 0.1213307 -0.9784736</float_array>
          <technique_common>
            <accessor source="#ribbon1_low__MI_body-normal-array" count="110" stride="3">
              <param name="X" type="float" />
              <param name="Y" type="float" />
              <param name="Z" type="float" />
            </accessor>
          </technique_common>
        </source>
        <source id="ribbon1_low__MI_body-texcoord">
          <float_array id="ribbon1_low__MI_body-texcoord-array" count="220">0.5565966 0.004760887 0.575396 0.02169866 0.575396 0.004760887 0.5565966 0.02169866 0.575396 0.03585925 0.5565966 0.03585925 0.5565966 0.04980621 0.575396 0.04980621 0.575396 0.06772057 0.5565966 0.06772057 0.5565966 0.08526871 0.575396 0.08526871 0.575396 0.09988708 0.5565966 0.09988708 0.5565966 0.113834 0.575396 0.113834 0.5565966 0.1310465 0.575396 0.1310465 0.5565966 -0.8689535 0.575396 -0.886166 0.575396 -0.8689535 0.5565966 -0.886166 0.575396 -0.9001129 0.5565966 -0.9001129 0.5565966 -0.9147313 0.575396 -0.9147313 0.575396 -0.9322794 0.5565966 -0.9322794 0.5565966 -0.9501938 0.575396 -0.9501938 0.575396 -0.9641408 0.5565966 -0.9641408 0.5565966 -0.9783013 0.575396 -0.9783013 0.5565966 -0.9952391 0.575396 -0.9952391 0.6407056 0.1291849 0.6673788 0.1734062 0.6673788 0.1291849 0.6407056 0.1734062 0.6407056 0.2207099 0.6673788 0.2207099 0.6673788 -0.8265938 0.6407056 -0.8708152 0.6673788 -0.8708152 0.6407056 -0.8265938 0.6407056 -0.7792901 0.6673788 -0.7792901 0.5888852 0.1734062 0.5988037 0.1291849 0.5888852 0.1291849 0.5988037 0.1734062 0.6231574 0.1291849 0.5988037 0.2122257 0.5888852 0.2207099 0.6231574 0.1734062 0.6231574 0.2122257 0.6334116 0.2207099 0.6334116 0.1734062 0.6334116 0.1291849 0.5888852 -0.8708152 0.5988037 -0.8708152 0.5888852 -0.8265938 0.5988037 -0.8265938 0.6231574 -0.8708152 0.5988037 -0.7877743 0.5888852 -0.7792901 0.6231574 -0.8265938 0.6231574 -0.7877743 0.6334116 -0.7792901 0.6334116 -0.8265938 0.6334116 -0.8708152 0.5812861 -0.9837642 0.6532487 -0.9631031 0.5812861 -0.9689322 0.6805322 -0.9512619 0.6805322 -0.9320963 0.6385083 -0.9584338 0.6532487 -0.9320963 0.6805322 -0.9121067 0.6532487 -0.9010895 0.62331 -0.9545274 0.5812861 -0.9453413 0.5812861 -0.9320963 0.6385083 -0.9320963 0.62331 -0.9320963 0.6385083 -0.9057589 0.62331 -0.9096652 0.5812861 -0.9188513 0.5812861 -0.8952605 0.5812861 -0.8804285 0.6532487 0.09891049 0.5812861 0.1047395 0.5812861 0.1195715 0.6805322 0.08789331 0.6805322 0.06790368 0.6385083 0.09424116 0.6532487 0.06790368 0.6805322 0.04873806 0.6532487 0.03689688 0.62331 0.09033479 0.5812861 0.08114871 0.5812861 0.06790368 0.6385083 0.06790368 0.62331 0.06790368 0.6385083 0.04156621 0.62331 0.04547258 0.5812861 0.05465865 0.5812861 0.03106784 0.5812861 0.01623585</float_array>
          <technique_common>
            <accessor source="#ribbon1_low__MI_body-texcoord-array" count="110" stride="2">
              <param name="S" type="float" />
              <param name="T" type="float" />
            </accessor>
          </technique_common>
        </source>
        <vertices id="ribbon1_low__MI_body-vertex">
          <input semantic="POSITION" source="#ribbon1_low__MI_body-position" />
        </vertices>
        <triangles material="MI_body" count="116">
          <input semantic="VERTEX" source="#ribbon1_low__MI_body-vertex" offset="0" />
          <input semantic="NORMAL" source="#ribbon1_low__MI_body-normal" offset="1" />
          <input semantic="TEXCOORD" source="#ribbon1_low__MI_body-texcoord" offset="2" set="0" />
          <p>0 0 0 1 1 1 2 2 2 3 3 3 1 1 1 0 0 0 1 1 1 3 3 3 4 4 4 3 3 3 5 5 5 4 4 4 6 6 6 4 4 4 5 5 5 7 7 7 4 4 4 6 6 6 6 6 6 8 8 8 7 7 7 9 9 9 8 8 8 6 6 6 10 10 10 8 8 8 9 9 9 11 11 11 8 8 8 10 10 10 11 11 11 10 10 10 12 12 12 12 12 12 10 10 10 13 13 13 12 12 12 13 13 13 14 14 14 15 15 15 12 12 12 14 14 14 14 14 14 16 16 16 15 15 15 15 15 15 16 16 16 17 17 17 18 18 18 19 19 19 20 20 20 21 21 21 19 19 19 18 18 18 19 19 19 21 21 21 22 22 22 21 21 21 23 23 23 22 22 22 24 24 24 22 22 22 23 23 23 25 25 25 22 22 22 24 24 24 24 24 24 26 26 26 25 25 25 27 27 27 26 26 26 24 24 24 27 27 27 28 28 28 26 26 26 26 26 26 28 28 28 29 29 29 28 28 28 30 30 30 29 29 29 31 31 31 30 30 30 28 28 28 31 31 31 32 32 32 30 30 30 32 32 32 33 33 33 30 30 30 34 34 34 33 33 33 32 32 32 35 35 35 33 33 33 34 34 34 36 36 36 37 37 37 38 38 38 39 39 39 37 37 37 36 36 36 40 40 40 37 37 37 39 39 39 41 41 41 37 37 37 40 40 40 42 42 42 43 43 43 44 44 44 45 45 45 43 43 43 42 42 42 45 45 45 42 42 42 46 46 46 46 46 46 42 42 42 47 47 47 48 48 48 49 49 49 50 50 50 51 51 51 49 49 49 48 48 48 49 49 49 51 51 51 52 52 52 48 48 48 53 53 53 51 51 51 54 54 54 53 53 53 48 48 48 52 52 52 51 51 51 55 55 55 53 53 53 54 54 54 56 56 56 56 56 56 51 51 51 53 53 53 55 55 55 51 51 51 56 56 56 56 56 56 54 54 54 57 57 57 57 57 57 58 58 58 56 56 56 56 56 56 58 58 58 55 55 55 55 55 55 58 58 58 52 52 52 52 52 52 58 58 58 59 59 59 60 60 60 61 61 61 62 62 62 62 62 62 61 61 61 63 63 63 64 64 64 63 63 63 61 61 61 65 65 65 62 62 62 63 63 63 66 66 66 62 62 62 65 65 65 67 67 67 63 63 63 64 64 64 68 68 68 66 66 66 65 65 65 63 63 63 68 68 68 65 65 65 67 67 67 68 68 68 63 63 63 69 69 69 66 66 66 68 68 68 68 68 68 70 70 70 69 69 69 67 67 67 70 70 70 68 68 68 67 67 67 64 64 64 70 70 70 70 70 70 64 64 64 71 71 71 72 72 72 73 73 73 74 74 74 75 75 75 76 76 76 73 73 73 74 74 74 73 73 73 77 77 77 76 76 76 78 78 78 73 73 73 78 78 78 77 77 77 73 73 73 76 76 76 79 79 79 80 80 80 78 78 78 76 76 76 80 80 80 81 81 81 74 74 74 77 77 77 82 82 82 74 74 74 81 81 81 81 81 81 83 83 83 82 82 82 84 84 84 77 77 77 78 78 78 77 77 77 85 85 85 81 81 81 84 84 84 85 85 85 77 77 77 85 85 85 83 83 83 81 81 81 78 78 78 86 86 86 84 84 84 84 84 84 86 86 86 85 85 85 80 80 80 86 86 86 78 78 78 87 87 87 83 83 83 85 85 85 85 85 85 86 86 86 87 87 87 88 88 88 83 83 83 87 87 87 88 88 88 87 87 87 89 89 89 89 89 89 87 87 87 86 86 86 86 86 86 80 80 80 89 89 89 89 89 89 80 80 80 90 90 90 91 91 91 92 92 92 93 93 93 94 94 94 95 95 95 91 91 91 96 96 96 92 92 92 91 91 91 95 95 95 97 97 97 91 91 91 91 91 91 97 97 97 96 96 96 98 98 98 99 99 99 95 95 95 99 99 99 97 97 97 95 95 95 100 100 100 92 92 92 96 96 96 101 101 101 92 92 92 100 100 100 100 100 100 102 102 102 101 101 101 96 96 96 97 97 97 103 103 103 100 100 100 96 96 96 104 104 104 104 104 104 96 96 96 103 103 103 104 104 104 102 102 102 100 100 100 103 103 103 97 97 97 105 105 105 105 105 105 104 104 104 103 103 103 105 105 105 97 97 97 99 99 99 104 104 104 106 106 106 102 102 102 106 106 106 104 104 104 105 105 105 102 102 102 106 106 106 107 107 107 106 106 106 108 108 108 107 107 107 105 105 105 108 108 108 106 106 106 105 105 105 99 99 99 108 108 108 108 108 108 99 99 99 109 109 109 </p>
        </triangles>
      </mesh>
    </geometry>
    <geometry id="sword_low__MI_sword-mesh" name="sword_low__MI_sword">
      <mesh>
        <source id="sword_low__MI_sword-position">
          <float_array id="sword_low__MI_sword-position-array" count="1434">-0.394262 0.2775975 0.07782594 -0.3861176 0.2718947 0.07295393 -0.4126474 0.2296781 0.07295371 -0.4232844 0.2289103 0.07782569 -0.3942619 0.277597 0.1452251 -0.4174493 0.1881981 0.07295348 -0.4232844 0.22891 0.1452248 -0.4280168 0.1820095 0.07782543 -0.3985325 0.1607361 0.07319523 -0.4280168 0.1820092 0.1452246 -0.4057099 0.1504858 0.07782527 -0.4057099 0.1504854 0.1452244 -0.3720831 0.1368828 0.1452244 -0.4057099 0.1504854 0.1452244 -0.4057099 0.1504858 0.07782527 -0.3720831 0.1368831 0.07782519 -0.3985325 0.1607361 0.07319523 -0.3260041 0.1607935 0.1452245 -0.3663052 0.1523135 0.07319516 -0.3260041 0.1607939 0.07782532 -0.290179 0.2047174 0.1452247 -0.3289206 0.1710519 0.07295338 -0.2901791 0.2047178 0.07782555 -0.2983237 0.2104208 0.07295359 -0.3648545 0.208837 -0.5883099 -0.3422208 0.2411614 -0.6114902 -0.3293508 0.2321497 -0.6034895 -0.3492292 0.2038384 -0.5814016 -0.3226011 0.2274234 -0.5814202 -0.3860145 0.1786169 -0.5075445 -0.3339133 0.2112449 -0.5695724 -0.3153485 0.2223447 -0.5075214 -0.3374243 0.1935397 -0.5075173 -0.3070018 0.2164998 -0.4247874 -0.3634948 0.1757318 -0.5075285 -0.3408972 0.1716616 -0.4247876 -0.3774675 0.1471149 -0.4247877 -0.4054669 0.1508357 -0.4247877 -0.4042831 0.1525255 -0.3028421 -0.3339745 0.1680969 -0.3028421 -0.300366 0.2118527 -0.3028418 -0.3725544 0.1458961 -0.3028422 -0.4022495 0.1554291 -0.1702112 -0.3315804 0.1686249 -0.1702112 -0.2989399 0.2108535 -0.170211 -0.3699293 0.1478748 -0.1702113 -0.4002033 0.1583505 -0.03968888 -0.330079 0.1697912 -0.03968883 -0.298458 0.2105154 -0.03968861 -0.3678434 0.1502546 -0.03968893 -0.3289206 0.1710519 0.07295338 -0.2983237 0.2104208 0.07295359 -0.3663052 0.1523135 0.07319516 -0.3985325 0.1607361 0.07319523 -0.3550909 0.2501731 -0.6034893 -0.3422208 0.2411614 -0.6114902 -0.3648545 0.208837 -0.5883099 -0.3748957 0.2218103 -0.5814016 -0.3618403 0.254899 -0.5814201 -0.3860145 0.1786169 -0.5075445 -0.3731743 0.2387357 -0.5695722 -0.369093 0.259977 -0.5075212 -0.3886103 0.2293805 -0.5075171 -0.3774399 0.2658211 -0.424787 -0.3964278 0.1987917 -0.5075284 -0.4079811 0.2186342 -0.4247872 -0.4185393 0.1758738 -0.4247875 -0.4054669 0.1508357 -0.4247877 -0.4042831 0.1525255 -0.3028421 -0.4136977 0.2239197 -0.3028418 -0.3840754 0.2704667 -0.3028415 -0.4213645 0.1800735 -0.302842 -0.4022495 0.1554291 -0.1702112 -0.4140197 0.2263495 -0.1702109 -0.3855014 0.2714645 -0.1702106 -0.4204024 0.1832165 -0.1702111 -0.4002033 0.1583505 -0.03968888 -0.4134365 0.2281588 -0.03968846 -0.3859834 0.2718014 -0.03968823 -0.4188786 0.1859898 -0.0396887 -0.4126474 0.2296781 0.07295371 -0.3861176 0.2718947 0.07295393 -0.4174493 0.1881981 0.07295348 -0.3985325 0.1607361 0.07319523 -0.3204071 0.2258821 0.3803816 -0.3088638 0.2177994 0.3890245 -0.3309665 0.2170216 0.3803816 -0.3250113 0.2042503 0.3890244 -0.2986379 0.210639 0.4078131 -0.3445414 0.2146279 0.3803816 -0.3197354 0.1929362 0.407813 -0.295047 0.2081245 0.4299758 -0.3457697 0.2005899 0.3890244 -0.3574945 0.2193426 0.3803816 -0.3178827 0.188963 0.4299757 -0.2986379 0.2106388 0.4521388 -0.3468577 0.1881537 0.407813 -0.3655774 0.2077992 0.3890245 -0.366355 0.2299019 0.3803816 -0.3197354 0.1929359 0.4521388 -0.3088638 0.2177989 0.4709274 -0.34724 0.1837866 0.4299757 -0.3727376 0.1975732 0.407813 -0.3791264 0.2239465 0.3890246 -0.3687487 0.2434769 0.3803817 -0.3752519 0.1939823 0.4299757 -0.3827868 0.2447051 0.3890247 -0.364034 0.25643 0.3803818 -0.3755773 0.2645127 0.3890248 -0.3904404 0.2186707 0.4078131 -0.3952229 0.2457931 0.4078133 -0.3858032 0.2716728 0.4078134 -0.3944133 0.2168179 0.4299758 -0.3995897 0.2461749 0.429976 -0.3893942 0.2741871 0.4299761 -0.3727376 0.197573 0.4521388 -0.3952229 0.2457929 0.452139 -0.3858032 0.2716726 0.4521392 -0.3904404 0.2186704 0.4521389 -0.3827868 0.2447046 0.4709276 -0.3755773 0.2645122 0.4709277 -0.3602732 0.2537961 0.4834817 -0.3791264 0.2239461 0.4709275 -0.3631844 0.237459 0.4834816 -0.3422207 0.2411556 0.48789 -0.3655774 0.2077988 0.4709274 -0.3548611 0.223103 0.4834815 -0.3457697 0.2005894 0.4709274 -0.3385241 0.2201917 0.4834815 -0.3241681 0.2285151 0.4834816 -0.3468577 0.1881535 0.4521387 -0.3250112 0.2042498 0.4709274 -0.3773683 0.2657677 0.2113712 -0.3895214 0.2742397 0.1997765 -0.38432 0.2450229 0.2113684 -0.4088727 0.2393108 0.1997757 -0.405249 0.2852901 0.1828553 -0.3822319 0.2217134 0.2113708 -0.4326147 0.2385031 0.1828535 -0.4163204 0.2930425 0.1677707 -0.4495454 0.2355476 0.1677704 -0.422266 0.1974659 0.1997727 -0.4551301 0.1787092 0.1828495 -0.4719928 0.1704685 0.1677701 -0.4188308 0.168631 0.199771 -0.3669878 0.2054427 0.2113708 -0.4602171 0.1284234 0.1828446 -0.4731517 0.1195534 0.1677698 -0.4071323 0.1483109 0.1997697 -0.4425146 0.09771655 0.182841 -0.4502181 0.08692089 0.1677696 -0.4115251 0.07640192 0.1677696 -0.4077986 0.09171948 0.1828444 -0.3642616 0.09503436 0.1677697 -0.382325 0.1467731 0.1997708 -0.3463959 0.1968621 0.2113706 -0.3620916 0.1135629 0.1828491 -0.3106084 0.1382627 0.1677699 -0.3524017 0.155745 0.1997724 -0.313798 0.1553067 0.182853 -0.2681208 0.189272 0.1677702 -0.2791924 0.1970243 0.1828549 -0.3165926 0.1842582 0.1997754 -0.3238337 0.2030768 0.2113681 -0.294916 0.2080716 0.1997761 -0.3070641 0.2165401 0.211371 -0.394262 0.2775975 0.07782594 -0.3555207 0.3112635 0.07295414 -0.3861176 0.2718947 0.07295393 -0.3584373 0.3215216 0.07782617 -0.3942619 0.277597 0.1452251 -0.3181846 0.3299628 0.07295424 -0.3584373 0.3215212 0.1452253 -0.3159836 0.3420096 0.07782628 -0.2859088 0.3215794 0.07319608 -0.3159836 0.3420093 0.1452254 -0.2787315 0.3318297 0.07782622 -0.2787315 0.3318293 0.1452254 -0.2564242 0.3003054 0.1452252 -0.2787315 0.3318297 0.07782622 -0.2787315 0.3318293 0.1452254 -0.2564242 0.3003057 0.07782605 -0.2859088 0.3215794 0.07319608 -0.2611569 0.2534048 0.145225 -0.2669718 0.2941763 0.07319591 -0.2611569 0.2534052 0.0778258 -0.290179 0.2047174 0.1452247 -0.2717938 0.2526374 0.07295381 -0.2901791 0.2047178 0.07782555 -0.2983237 0.2104208 0.07295359 -0.3195871 0.2734855 -0.5883095 -0.3293508 0.2321497 -0.6034895 -0.3422208 0.2411614 -0.6114902 -0.3095458 0.2605122 -0.5814013 -0.3226011 0.2274234 -0.5814202 -0.298427 0.3037048 -0.5075438 -0.3112673 0.2435866 -0.5695722 -0.3153485 0.2223447 -0.5075214 -0.295831 0.2529411 -0.507517 -0.3070018 0.2164998 -0.4247874 -0.2880138 0.28353 -0.5075279 -0.2764606 0.2636866 -0.4247871 -0.265902 0.306447 -0.4247869 -0.2789747 0.3314852 -0.4247867 -0.2801583 0.329794 -0.3028412 -0.2707437 0.2583998 -0.3028416 -0.300366 0.2118527 -0.3028418 -0.263077 0.3022461 -0.3028413 -0.282192 0.326889 -0.1702103 -0.2704216 0.2559686 -0.1702107 -0.2989399 0.2108535 -0.170211 -0.2640391 0.2991017 -0.1702105 -0.2842381 0.3239662 -0.03968801 -0.2710048 0.254158 -0.03968838 -0.298458 0.2105154 -0.03968861 -0.2655626 0.2963268 -0.03968816 -0.2717938 0.2526374 0.07295381 -0.2983237 0.2104208 0.07295359 -0.2669718 0.2941763 0.07319591 -0.2859088 0.3215794 0.07319608 -0.3550909 0.2501731 -0.6034893 -0.3195871 0.2734855 -0.5883095 -0.3422208 0.2411614 -0.6114902 -0.3352123 0.278484 -0.5814013 -0.3618403 0.254899 -0.5814201 -0.298427 0.3037048 -0.5075438 -0.3505283 0.2710775 -0.569572 -0.369093 0.259977 -0.5075212 -0.347017 0.2887819 -0.5075168 -0.3774399 0.2658211 -0.424787 -0.3209466 0.3065899 -0.5075278 -0.3435445 0.3106593 -0.4247867 -0.3069739 0.3352057 -0.4247867 -0.2789747 0.3314852 -0.4247867 -0.2801583 0.329794 -0.3028412 -0.350467 0.3142225 -0.3028413 -0.3840754 0.2704667 -0.3028415 -0.3118872 0.3364234 -0.3028412 -0.282192 0.326889 -0.1702103 -0.352861 0.3136932 -0.1702104 -0.3855014 0.2714645 -0.1702106 -0.3145122 0.3344432 -0.1702103 -0.2842381 0.3239662 -0.03968801 -0.3543624 0.3125254 -0.03968802 -0.3859834 0.2718014 -0.03968823 -0.3165978 0.3320619 -0.03968793 -0.3555207 0.3112635 0.07295414 -0.3861176 0.2718947 0.07295393 -0.3181846 0.3299628 0.07295424 -0.2859088 0.3215794 0.07319608 -0.3204071 0.2258821 0.3803816 -0.3156924 0.2388353 0.3803817 -0.3088638 0.2177994 0.3890245 -0.3016545 0.2376071 0.3890246 -0.2986379 0.210639 0.4078131 -0.318086 0.2524101 0.3803818 -0.2892185 0.2365189 0.4078132 -0.295047 0.2081245 0.4299758 -0.3053147 0.2583656 0.3890247 -0.3269466 0.2629696 0.3803818 -0.2848513 0.2361367 0.4299759 -0.2986379 0.2106388 0.4521388 -0.2940008 0.2636413 0.4078134 -0.3188639 0.274513 0.3890248 -0.3398995 0.2676842 0.3803818 -0.2892184 0.2365187 0.452139 -0.3088638 0.2177989 0.4709274 -0.2900279 0.2654939 0.4299761 -0.3117037 0.2847387 0.4078135 -0.3386714 0.2817221 0.3890249 -0.3534746 0.2652906 0.3803818 -0.3091893 0.2883295 0.4299762 -0.3594301 0.278062 0.3890249 -0.364034 0.25643 0.3803818 -0.3755773 0.2645127 0.3890248 -0.3375835 0.2941582 0.4078135 -0.364706 0.2893758 0.4078135 -0.3858032 0.2716728 0.4078134 -0.3372013 0.298525 0.4299763 -0.3665584 0.2933486 0.4299763 -0.3893942 0.2741871 0.4299761 -0.3117037 0.2847385 0.4521392 -0.364706 0.2893756 0.4521393 -0.3858032 0.2716726 0.4521392 -0.3375835 0.294158 0.4521393 -0.35943 0.2780615 0.4709278 -0.3755773 0.2645122 0.4709277 -0.3602732 0.2537961 0.4834817 -0.3386714 0.2817217 0.4709278 -0.345917 0.2621194 0.4834817 -0.3422207 0.2411556 0.48789 -0.3188639 0.2745126 0.4709277 -0.32958 0.2592081 0.4834817 -0.3053147 0.2583652 0.4709277 -0.3212567 0.2448521 0.4834816 -0.3241681 0.2285151 0.4834816 -0.2940007 0.263641 0.4521391 -0.3016545 0.2376066 0.4709275 -0.3773683 0.2657677 0.2113712 -0.3602522 0.2793952 0.2113686 -0.3895214 0.2742397 0.1997765 -0.3676853 0.2981325 0.199776 -0.405249 0.2852901 0.1828553 -0.3376343 0.2854054 0.2113711 -0.3706432 0.3270076 0.1828539 -0.4163204 0.2930425 0.1677707 -0.3736565 0.3439281 0.167771 -0.331873 0.3265603 0.1997734 -0.322156 0.3686159 0.1828505 -0.3201797 0.3872801 0.1677713 -0.3020106 0.3354674 0.1997719 -0.317131 0.2766455 0.2113712 -0.2766427 0.3905948 0.182846 -0.2727315 0.4057832 0.1677713 -0.2771684 0.3339186 0.1997707 -0.2417332 0.3844622 0.1828425 -0.2342232 0.3953937 0.1677713 -0.2111048 0.3626317 0.1677711 -0.2242241 0.353891 0.1828458 -0.2124485 0.3118459 0.1677708 -0.2654949 0.3136236 0.1997717 -0.3020251 0.2602302 0.211371 -0.2291175 0.3034696 0.1828501 -0.2347194 0.2466434 0.1677705 -0.2620988 0.2847109 0.1997731 -0.2518265 0.2438112 0.1828535 -0.2681208 0.189272 0.1677702 -0.2791924 0.1970243 0.1828549 -0.2755777 0.2428335 0.1997757 -0.3001483 0.2369031 0.2113683 -0.294916 0.2080716 0.1997761 -0.3070641 0.2165401 0.211371 -0.3737848 0.2439829 0.3698311 -0.3687487 0.2434769 0.3803817 -0.364034 0.25643 0.3803818 -0.366355 0.2299019 0.3803816 -0.3694274 0.2602056 0.3698378 -0.3708188 0.2266369 0.3698298 -0.3574945 0.2193426 0.3803816 -0.3602165 0.2152028 0.3698293 -0.3643411 0.2092597 0.3293278 -0.3809686 0.2446152 0.329368 -0.3755831 0.2645183 0.3293533 -0.3773624 0.2233055 0.3293305 -0.3670813 0.2053119 0.2814565 -0.3856855 0.2450354 0.281602 -0.3795938 0.2673264 0.2814709 -0.3817087 0.2210819 0.2814633 -0.3685717 0.2031651 0.2354566 -0.3882267 0.2452735 0.2354439 -0.3817285 0.2688214 0.2354573 -0.3773683 0.2657677 0.2113712 -0.38432 0.2450229 0.2113684 -0.3822319 0.2217134 0.2113708 -0.3840758 0.219867 0.2354563 -0.3669878 0.2054427 0.2113708 -0.3204071 0.2258821 0.3803816 -0.3309665 0.2170216 0.3803816 -0.3284874 0.21257 0.3698309 -0.3149936 0.2220906 0.3698376 -0.3445414 0.2146279 0.3803816 -0.3253772 0.2060635 0.3293672 -0.3088356 0.2177811 0.3293531 -0.3457725 0.2092678 0.3698297 -0.3574945 0.2193426 0.3803816 -0.3602165 0.2152028 0.3698293 -0.3643411 0.2092597 0.3293278 -0.346599 0.2019717 0.3293304 -0.3670813 0.2053119 0.2814565 -0.3233303 0.2017935 0.2816018 -0.3048254 0.214973 0.2814706 -0.3471584 0.1971218 0.2814631 -0.3685717 0.2031651 0.2354566 -0.3222168 0.1994969 0.2354436 -0.3026907 0.2134785 0.235457 -0.3070641 0.2165401 0.211371 -0.3238337 0.2030768 0.2113681 -0.3463959 0.1968621 0.2113706 -0.3474665 0.194479 0.2354561 -0.3669878 0.2054427 0.2113708 -0.2791924 0.1970245 0.1540769 -0.2681208 0.189272 0.1677702 -0.3137408 0.1553883 0.1540744 -0.290179 0.2047174 0.1452247 -0.3106084 0.1382627 0.1677699 -0.3260041 0.1607935 0.1452245 -0.3620316 0.1136486 0.1540691 -0.3642616 0.09503436 0.1677697 -0.3720831 0.1368828 0.1452244 -0.4077415 0.09180111 0.1540625 -0.4115251 0.07640192 0.1677696 -0.4057099 0.1504854 0.1452244 -0.4424573 0.09779827 0.1540577 -0.4502181 0.08692089 0.1677696 -0.4731517 0.1195534 0.1677698 -0.46016 0.128505 0.1540627 -0.4280168 0.1820092 0.1452246 -0.4719928 0.1704685 0.1677701 -0.4550702 0.1787949 0.1540695 -0.4232844 0.22891 0.1452248 -0.4495454 0.2355476 0.1677704 -0.4325577 0.2385848 0.1540749 -0.3942619 0.277597 0.1452251 -0.4163204 0.2930425 0.1677707 -0.405249 0.2852902 0.1540774 -0.3556734 0.2698486 0.3698312 -0.364034 0.25643 0.3803818 -0.3534746 0.2652906 0.3803818 -0.3398995 0.2676842 0.3803818 -0.3694274 0.2602056 0.3698378 -0.3383591 0.2729942 0.36983 -0.3269466 0.2629696 0.3803818 -0.3239883 0.266942 0.3698296 -0.3198122 0.2728537 0.3293282 -0.3587223 0.2763862 0.3293681 -0.3755831 0.2645183 0.3293533 -0.3374644 0.2802857 0.3293308 -0.3170397 0.2767787 0.2814569 -0.3607306 0.2806747 0.2816022 -0.3795938 0.2673264 0.2814709 -0.3368615 0.2851303 0.2814636 -0.3155318 0.2789138 0.235457 -0.3618233 0.2829815 0.235444 -0.3817285 0.2688214 0.2354573 -0.3773683 0.2657677 0.2113712 -0.3602522 0.2793952 0.2113686 -0.3376343 0.2854054 0.2113711 -0.3365293 0.2877705 0.2354566 -0.317131 0.2766455 0.2113712 -0.3204071 0.2258821 0.3803816 -0.3106623 0.2380268 0.369831 -0.3156924 0.2388353 0.3803817 -0.3149936 0.2220906 0.3698376 -0.318086 0.2524101 0.3803818 -0.3034823 0.2373328 0.3293673 -0.3088356 0.2177811 0.3293531 -0.3134711 0.255399 0.3698299 -0.3269466 0.2629696 0.3803818 -0.3239883 0.266942 0.3698296 -0.3198122 0.2728537 0.3293282 -0.3068954 0.2586742 0.3293307 -0.3170397 0.2767787 0.2814569 -0.2987697 0.2368696 0.281602 -0.3048254 0.214973 0.2814706 -0.3025295 0.2608584 0.2814635 -0.3155318 0.2789138 0.235457 -0.2962307 0.236609 0.2354438 -0.3026907 0.2134785 0.235457 -0.3070641 0.2165401 0.211371 -0.3001483 0.2369031 0.2113683 -0.3020251 0.2602302 0.211371 -0.3001512 0.2620523 0.2354565 -0.317131 0.2766455 0.2113712 -0.2791924 0.1970245 0.1540769 -0.2518834 0.2437298 0.1540749 -0.2681208 0.189272 0.1677702 -0.290179 0.2047174 0.1452247 -0.2347194 0.2466434 0.1677705 -0.2611569 0.2534048 0.145225 -0.2291774 0.3033841 0.1540701 -0.2124485 0.3118459 0.1677708 -0.2564242 0.3003054 0.1452252 -0.2242812 0.3538095 0.1540639 -0.2111048 0.3626317 0.1677711 -0.2787315 0.3318293 0.1452254 -0.2417901 0.3843807 0.1540593 -0.2342232 0.3953937 0.1677713 -0.2727315 0.4057832 0.1677713 -0.2766998 0.3905135 0.1540641 -0.3159836 0.3420093 0.1452254 -0.3201797 0.3872801 0.1677713 -0.3222159 0.3685304 0.1540705 -0.3584373 0.3215212 0.1452253 -0.3736565 0.3439281 0.167771 -0.3707003 0.3269261 0.1540754 -0.3942619 0.277597 0.1452251 -0.4163204 0.2930425 0.1677707 -0.405249 0.2852902 0.1540774</float_array>
          <technique_common>
            <accessor source="#sword_low__MI_sword-position-array" count="478" stride="3">
              <param name="X" type="float" />
              <param name="Y" type="float" />
              <param name="Z" type="float" />
            </accessor>
          </technique_common>
        </source>
        <source id="sword_low__MI_sword-normal">
          <float_array id="sword_low__MI_sword-normal-array" count="1434">-0.8143429 0.5702097 -0.1174136 -0.8159459 0.571332 -0.0880594 -0.9294822 0.354596 -0.09588832 -0.937662 0.3292668 -0.111544 -0.8063277 0.5645977 -0.1722081 -0.9746084 -0.1943311 -0.1095899 -0.915858 0.333112 -0.2250469 -0.9686802 -0.219983 -0.1213317 -0.5722927 -0.8104944 -0.1232919 -0.8399368 -0.1691776 -0.5166346 -0.6213449 -0.7713695 -0.1448181 -0.4693359 -0.5815697 -0.663408 0.1266947 -0.8460202 -0.5185954 -0.4693359 -0.5815697 -0.663408 -0.6213449 -0.7713695 -0.1448181 0.1241106 -0.9827742 -0.1389485 -0.5722927 -0.8104944 -0.1232919 0.6289892 -0.7462127 -0.2152682 0.154091 -0.9774878 -0.1428624 0.6312308 -0.7668948 -0.1095932 0.8063277 -0.5645958 -0.1722145 0.64999 -0.7537513 -0.09589454 0.8143429 -0.5702084 -0.11742 0.8159459 -0.571331 -0.08806581 -0.4624531 -0.6604483 -0.5910014 -1.259882E-07 5.366438E-06 -0.9999998 0.5770932 -0.4040813 -0.7103739 0.2164681 -0.8849908 -0.4129206 0.7967094 -0.5578607 -0.2367937 -0.5275557 -0.7534254 -0.3933502 0.6886342 -0.7019731 -0.180043 0.8127398 -0.5690859 -0.1232908 0.6929626 -0.7026151 -0.1585166 0.8159459 -0.571331 -0.08610886 0.2918142 -0.9138594 -0.2798483 0.6921595 -0.7139979 -0.09980823 0.2708068 -0.9540976 -0.1232928 -0.5679641 -0.8111361 -0.1428613 -0.5735765 -0.8191521 0.01369437 0.6775675 -0.7348378 -0.02935825 0.819152 -0.5735762 -0.03914215 0.2143712 -0.9766954 -0.003919145 -0.5735765 -0.8191522 0.0234791 0.6642593 -0.7470204 -0.001961059 0.819152 -0.5735763 -0.007831004 0.1832683 -0.9835848 0.01369335 -0.5735765 -0.8191522 0.0234791 0.657044 -0.7539131 -4.147999E-06 0.819152 -0.5735764 -0.003917111 0.1614644 -0.9874294 0.01369333 0.64999 -0.7537513 -0.09589454 0.8159459 -0.571331 -0.08806581 0.154091 -0.9774878 -0.1428624 -0.5722927 -0.8104944 -0.1232919 -0.5770935 0.4040889 -0.7103694 -1.259882E-07 5.366438E-06 -0.9999998 -0.4624531 -0.6604483 -0.5910014 -0.9056579 -0.09926965 -0.4129162 -0.7967095 0.5578632 -0.2367874 -0.5275557 -0.7534254 -0.3933502 -0.8951666 0.4070162 -0.1800368 -0.8127398 0.5690872 -0.1232845 -0.8972502 0.410864 -0.1585103 -0.8159459 0.571332 -0.08610246 -0.9585549 -0.03834166 -0.2798434 -0.9076716 0.4062158 -0.09980195 -0.9891804 -0.07184502 -0.1232878 -0.5679641 -0.8111361 -0.1428613 -0.5735765 -0.8191521 0.01369437 -0.9222636 0.3853759 -0.02935197 -0.819152 0.5735766 -0.03913572 -0.9911127 -0.1326064 -0.00391441 -0.5735765 -0.8191522 0.0234791 -0.9291596 0.3687036 -0.001954801 -0.819152 0.5735765 -0.007824569 -0.9869488 -0.16419 0.01369794 -0.5735765 -0.8191522 0.0234791 -0.9331688 0.3595659 2.097661E-06 -0.819152 0.5735764 -0.003910676 -0.9831042 -0.185994 0.01369782 -0.9294822 0.354596 -0.09588832 -0.8159459 0.571332 -0.0880594 -0.9746084 -0.1943311 -0.1095899 -0.5722927 -0.8104944 -0.1232919 0.7630457 -0.5342884 -0.3620382 0.6123602 -0.4287756 -0.6653643 0.3774436 -0.7779194 -0.5009826 0.3288819 -0.6698565 -0.6653656 0.7646487 -0.5354109 -0.3581243 -0.04581475 -0.8876794 -0.4579303 0.402605 -0.8409292 -0.3620397 0.819152 -0.5735764 0.003910676 -0.04852029 -0.7448334 -0.6653659 -0.4945272 -0.7335501 -0.4677141 0.422796 -0.9076267 -4.922826E-06 0.7630458 -0.5342923 0.3639891 -0.07227312 -0.9288783 -0.3620401 -0.4148326 -0.6197333 -0.6653652 -0.8066189 -0.3740706 -0.4579274 0.3856103 -0.8481451 0.3620306 0.602742 -0.4220481 0.6771012 -0.08847475 -0.9963725 -5.297763E-06 -0.5262753 -0.7686561 -0.3620391 -0.6698601 -0.3288785 -0.6653636 -0.8634717 0.05992202 -0.5009779 -0.5735765 -0.8191521 -4.259037E-06 -0.744837 0.04852372 -0.6653615 -0.7229698 0.5062314 -0.4696644 -0.6107572 0.4276603 -0.6653596 -0.8409312 -0.4026032 -0.3620372 -0.9288803 0.07227496 -0.3620346 -0.7630458 0.5342923 -0.3639891 -0.9076267 -0.422796 -2.080493E-06 -0.9974949 0.08687165 6.554546E-07 -0.819152 0.5735764 -0.003910676 -0.5423055 -0.7574354 0.3620312 -0.9279158 0.09070768 0.3620358 -0.7646487 0.5354109 0.3581243 -0.848143 -0.3856122 0.3620332 -0.7268776 0.07416508 0.682975 -0.5947267 0.4164285 0.6888476 -0.3446529 0.2413238 0.9080247 -0.6669699 -0.2974635 0.682973 -0.4060988 -0.0716111 0.9119369 1.259882E-07 -5.366438E-06 0.9999998 -0.4266922 -0.5923243 0.6829714 -0.2413285 -0.3446579 0.9080215 -0.07416871 -0.7268813 0.6829706 0.07160629 -0.4061038 0.911935 0.3446531 -0.2413335 0.9080219 -0.09070964 -0.9279178 0.3620302 0.2974599 -0.6669735 0.6829708 -0.7838851 0.5488808 0.2876742 -0.5113688 0.3580601 0.7808238 -0.8270657 0.1562633 0.5401183 -0.4924715 0.2110443 0.8434452 -0.5722842 0.4007139 0.7142879 -0.5394968 -0.1597677 0.8277878 -0.6096545 0.2859303 0.7377706 -0.819152 0.5735764 0.001960164 -0.9142451 0.4036511 2.329174E-06 -0.4280407 0.08470339 0.9001961 -0.5736045 0.1292929 0.8082199 -0.9833735 0.1820994 1.160695E-06 -0.2853771 -0.0629709 0.9569467 -0.2706738 -0.3933907 0.8786671 -0.4745588 -0.09773342 0.8747548 -0.9653195 -0.2629496 0.00195573 -0.1205869 -0.1926923 0.9745585 -0.2581654 -0.3687034 0.8923658 -0.5751795 -0.8180296 0.001952694 0.08579233 -0.9965571 0.001951614 0.07111571 -0.4750409 0.8767096 0.5047255 -0.8622678 -4.69665E-06 0.0541475 -0.2911526 0.9549885 0.05410753 -0.5778028 0.8140868 0.3087078 -0.4837309 0.8180012 0.6947237 -0.7205719 -3.977408E-06 0.2369004 -0.3713374 0.8982365 0.4655027 -0.464514 0.753422 0.819152 -0.5735764 0.001953729 0.5722844 -0.4007216 0.7142833 0.377497 -0.3957252 0.837571 0.4295474 -0.778573 0.4579213 0.511369 -0.3580685 0.7808198 0.7854882 -0.5500063 0.2857111 -0.8143429 0.5702097 -0.1174136 -0.6511124 0.7521493 -0.09588626 -0.8159459 0.571332 -0.0880594 -0.6301084 0.768499 -0.1115417 -0.8063277 0.5645977 -0.1722081 -0.1507237 0.9822983 -0.1095838 -0.6262637 0.7466956 -0.2250448 -0.1245912 0.9855011 -0.1213254 0.5690866 0.8127406 -0.1193695 -0.1282978 0.8471482 -0.5166294 0.5679641 0.8111376 -0.138939 0.4197995 0.5995396 -0.6810144 0.8383336 0.1703056 -0.5185901 0.5679641 0.8111376 -0.138939 0.4197995 0.5995396 -0.6810144 0.9686802 0.2199842 -0.1193728 0.5690866 0.8127406 -0.1193695 0.915858 -0.3331096 -0.2250508 0.9762114 0.1932098 -0.1095882 0.937662 -0.3292656 -0.1115479 0.8063277 -0.5645958 -0.1722145 0.9306047 -0.352992 -0.09589246 0.8143429 -0.5702084 -0.11742 0.8159459 -0.571331 -0.08806581 0.462453 0.6604546 -0.5909945 0.5770932 -0.4040813 -0.7103739 -1.259882E-07 5.366438E-06 -0.9999998 0.9056578 0.09927408 -0.4129154 0.7967094 -0.5578607 -0.2367937 0.5275556 0.7534296 -0.3933424 0.8951666 -0.4070143 -0.1800414 0.8127398 -0.5690859 -0.1232908 0.8972502 -0.4108622 -0.1585151 0.8159459 -0.571331 -0.08610886 0.9585547 0.03834466 -0.2798434 0.9076716 -0.4062148 -0.09980663 0.9891804 0.07184634 -0.1232875 0.5679641 0.8111376 -0.1428529 0.5735765 0.819152 0.01370289 0.9222636 -0.3853756 -0.02935643 0.819152 -0.5735762 -0.03914215 0.9911127 0.1326065 -0.003913377 0.5735765 0.8191519 0.02348762 0.9291596 -0.3687036 -0.001959092 0.819152 -0.5735763 -0.007831004 0.9869488 0.1641898 0.01369931 0.5735765 0.8191519 0.02348762 0.9331688 -0.3595659 -2.097661E-06 0.819152 -0.5735764 -0.003917111 0.9831042 0.1859938 0.01369943 0.9306047 -0.352992 -0.09589246 0.8159459 -0.571331 -0.08806581 0.9762114 0.1932098 -0.1095882 0.5690866 0.8127406 -0.1193695 -0.5770935 0.4040889 -0.7103694 0.462453 0.6604546 -0.5909945 -1.259882E-07 5.366438E-06 -0.9999998 -0.2164682 0.8849952 -0.412911 -0.7967095 0.5578632 -0.2367874 0.5275556 0.7534296 -0.3933424 -0.6886342 0.701975 -0.1800352 -0.8127398 0.5690872 -0.1232845 -0.6929626 0.7026168 -0.1585088 -0.8159459 0.571332 -0.08610246 -0.2918143 0.9138624 -0.2798385 -0.6921595 0.713999 -0.09980035 -0.2708068 0.9540989 -0.1232825 0.5679641 0.8111376 -0.1428529 0.5735765 0.819152 0.01370289 -0.6775675 0.7348381 -0.02935015 -0.819152 0.5735766 -0.03913572 -0.2143712 0.9766954 -0.003908642 0.5735765 0.8191519 0.02348762 -0.6642593 0.7470204 -0.001952834 -0.819152 0.5735765 -0.007824569 -0.1832683 0.9835847 0.01370391 0.5735765 0.8191519 0.02348762 -0.657044 0.7539131 4.147999E-06 -0.819152 0.5735764 -0.003910676 -0.1614644 0.9874293 0.01370393 -0.6511124 0.7521493 -0.09588626 -0.8159459 0.571332 -0.0880594 -0.1507237 0.9822983 -0.1095838 0.5690866 0.8127406 -0.1193695 0.7630457 -0.5342884 -0.3620382 0.8601009 -0.08861335 -0.500979 0.6123602 -0.4287756 -0.6653643 0.7419468 -0.07993878 -0.6653625 0.7646487 -0.5354109 -0.3581243 0.8184785 0.3466592 -0.4598808 0.9279158 -0.09070768 -0.3620358 0.819152 -0.5735764 0.003910676 0.6833229 0.3003469 -0.6653605 0.5201756 0.7155957 -0.4677066 0.9974949 -0.08687165 -6.554546E-07 0.7630458 -0.5342923 0.3639891 0.848143 0.3856122 -0.3620332 0.440481 0.6017811 -0.6653588 0.07563379 0.8859167 -0.4579208 0.9288803 -0.07227496 0.3620346 0.602742 -0.4220481 0.6771012 0.9060237 0.4239185 2.086789E-06 0.5423055 0.7574354 -0.3620312 0.07994232 0.7419505 -0.665358 -0.3516305 0.790907 -0.5009741 0.5735765 0.8191521 4.259037E-06 -0.3003433 0.6833265 -0.6653582 -0.7229698 0.5062314 -0.4696644 -0.6107572 0.4276603 -0.6653596 0.09070964 0.9279178 -0.3620302 -0.3856103 0.8481451 -0.3620306 -0.7630458 0.5342923 -0.3639891 0.08847475 0.9963725 5.297763E-06 -0.422796 0.9076267 4.922826E-06 -0.819152 0.5735764 -0.003910676 0.5262753 0.7686561 0.3620391 -0.402605 0.8409292 0.3620397 -0.7646487 0.5354109 0.3581243 0.07227312 0.9288783 0.3620401 -0.3183025 0.6576707 0.682978 -0.5947267 0.4164285 0.6888476 -0.3446529 0.2413238 0.9080247 0.05140379 0.7284804 0.6829783 -0.07160606 0.406094 0.9119394 1.259882E-07 -5.366438E-06 0.9999998 0.4106621 0.6035416 0.6829776 0.2413288 0.3446481 0.9080251 0.6576744 0.318299 0.682976 0.406099 0.07160131 0.9119375 0.3446531 -0.2413335 0.9080219 0.8409312 0.4026032 0.3620372 0.728484 -0.05140728 0.682974 -0.7838851 0.5488808 0.2876742 -0.4256994 0.7806518 0.4579298 -0.5113688 0.3580601 0.7808238 -0.3758938 0.3945937 0.8375754 -0.5722842 0.4007139 0.7142879 -0.05090128 0.5755492 0.8160499 -0.4643801 0.4661089 0.7534271 -0.819152 0.5735764 0.001960164 -0.6919982 0.7210525 3.979447E-06 -0.2352971 0.3702053 0.8982406 -0.3098301 0.4821191 0.8199633 -0.5074511 0.8617872 4.694612E-06 -0.05526971 0.2895393 0.9549916 0.2738801 0.3911364 0.8786711 -0.07111549 0.4750314 0.8767147 -0.08306685 0.9970376 0.001962281 0.1205871 0.1926818 0.9745605 0.2581657 0.3686938 0.8923696 0.5719734 0.8202745 0.001961212 0.9658 0.2602242 0.001958149 0.4734366 0.096121 0.8747556 0.9828929 -0.1793739 -1.146064E-06 0.2853774 0.06296063 0.9569473 0.5431837 0.1547884 0.8258323 0.5736048 -0.1293016 0.8082183 0.9147257 -0.4063766 -2.343805E-06 0.428041 -0.08471304 0.900195 0.6085323 -0.2875413 0.7397242 0.819152 -0.5735764 0.001953729 0.5722844 -0.4007216 0.7142833 0.4940748 -0.2121758 0.8434428 0.8264239 -0.1605976 0.5401163 0.511369 -0.3580685 0.7808198 0.7854882 -0.5500063 0.2857111 -0.9729722 0.04342047 0.2309201 -0.8634717 0.05992202 -0.5009779 -0.7229698 0.5062314 -0.4696644 -0.8066189 -0.3740706 -0.4579274 -0.7919003 0.5544932 0.2524492 -0.881333 -0.4125406 0.2289608 -0.4945272 -0.7335501 -0.4677141 -0.554656 -0.7989557 0.2289586 -0.5647581 -0.8133824 0.1330681 -0.9898057 0.04326299 0.1330728 -0.8111368 0.5679634 0.1369895 -0.8967248 -0.4208745 0.1350273 -0.5681255 -0.8181913 0.07827362 -0.9957373 0.04502768 0.07632136 -0.8159459 0.5713311 0.08023802 -0.9032983 -0.4234384 0.07827578 -0.5703704 -0.8213969 -0.001961218 -0.9992626 0.05705255 -0.01565508 -0.819152 0.5735766 -0.03717877 -0.7838851 0.5488808 0.2876742 -0.8270657 0.1562633 0.5401183 -0.5394968 -0.1597677 0.8277878 -0.9044207 -0.425041 0.0039118 -0.2706738 -0.3933907 0.8786671 0.7630457 -0.5342884 -0.3620382 0.3774436 -0.7779194 -0.5009826 0.3774271 -0.8973612 0.2309149 0.7919005 -0.554496 0.2544 -0.04581475 -0.8876794 -0.4579303 0.3819136 -0.9148362 0.1330674 0.8111368 -0.5679648 0.1369831 -0.07756945 -0.9705638 0.2309146 -0.4945272 -0.7335501 -0.4677141 -0.554656 -0.7989557 0.2289586 -0.5647581 -0.8133824 0.1330681 -0.080137 -0.9878775 0.1350241 -0.5681255 -0.8181913 0.07827362 0.3867227 -0.9182032 0.07631595 0.8159459 -0.5713319 0.08023161 -0.07917582 -0.9933282 0.07827259 -0.5703704 -0.8213969 -0.001961218 0.3992278 -0.9174029 -0.01566054 0.819152 -0.5735762 -0.03718521 0.7854882 -0.5500063 0.2857111 0.4295474 -0.778573 0.4579213 0.05410753 -0.5778028 0.8140868 -0.08142075 -0.9965338 0.003908593 -0.2706738 -0.3933907 0.8786671 0.5290021 -0.3704073 -0.7632114 0.819152 -0.5735764 0.001953729 0.4735211 -0.4462306 -0.7592978 0.8063277 -0.5645958 -0.1722145 0.6947237 -0.7205719 -3.977408E-06 0.6289892 -0.7462127 -0.2152682 0.2915581 -0.4502128 -0.8434465 0.5047255 -0.8622678 -4.69665E-06 0.1266947 -0.8460202 -0.5185954 0.04788311 -0.375149 -0.9256378 0.08579233 -0.9965571 0.001951614 -0.4693359 -0.5815697 -0.663408 -0.2020427 -0.2885417 -0.9354221 -0.5751795 -0.8180296 0.001952694 -0.9653195 -0.2629496 0.00195573 -0.3650586 -0.08122611 -0.9275931 -0.8399368 -0.1691776 -0.5166346 -0.9833735 0.1820994 1.160695E-06 -0.5141278 0.1187125 -0.8493142 -0.915858 0.333112 -0.2250469 -0.9142451 0.4036511 2.329174E-06 -0.5840029 0.2918666 -0.7573367 -0.8063277 0.5645977 -0.1722081 -0.819152 0.5735764 0.001960164 -0.5290024 0.3704154 -0.7632072 -0.3735791 0.8994424 0.2309246 -0.7229698 0.5062314 -0.4696644 -0.3516305 0.790907 -0.5009741 0.07563379 0.8859167 -0.4579208 -0.7919003 0.5544932 0.2524492 0.08622658 0.9692776 0.2289679 0.5201756 0.7155957 -0.4677066 0.5610681 0.7944634 0.2289669 0.5711702 0.8088912 0.1330766 -0.3791881 0.9153153 0.1330773 -0.8111368 0.5679634 0.1369895 0.08879407 0.9865923 0.1350346 0.5745376 0.8137007 0.0782821 -0.3828748 0.920286 0.07632591 -0.8159459 0.5713311 0.08023802 0.08895532 0.9936466 0.07828315 0.5767825 0.8169072 -0.0019527 -0.3953798 0.9194866 -0.01565059 -0.819152 0.5735766 -0.03717877 -0.7838851 0.5488808 0.2876742 -0.4256994 0.7806518 0.4579298 -0.05090128 0.5755492 0.8160499 0.09007779 0.99525 0.003919185 0.2738801 0.3911364 0.8786711 0.7630457 -0.5342884 -0.3620382 0.9723302 -0.0477515 0.2309193 0.8601009 -0.08861335 -0.500979 0.7919005 -0.554496 0.2544 0.8184785 0.3466592 -0.4598808 0.9902863 -0.04598993 0.1330719 0.8111368 -0.5679648 0.1369831 0.8855002 0.4048422 0.2309217 0.5201756 0.7155957 -0.4677066 0.5610681 0.7944634 0.2289669 0.5711702 0.8088912 0.1330766 0.900892 0.4131772 0.1350314 0.5745376 0.8137007 0.0782821 0.9950954 -0.04935699 0.07632047 0.8159459 -0.5713319 0.08023161 0.906343 0.4141386 0.07827991 0.5767825 0.8169072 -0.0019527 0.9986207 -0.06138099 -0.01565609 0.819152 -0.5735762 -0.03718521 0.7854882 -0.5500063 0.2857111 0.8264239 -0.1605976 0.5401163 0.5431837 0.1547884 0.8258323 0.9085879 0.4173451 0.003915945 0.2738801 0.3911364 0.8786711 0.5290021 -0.3704073 -0.7632114 0.5812771 -0.292339 -0.7592971 0.819152 -0.5735764 0.001953729 0.8063277 -0.5645958 -0.1722145 0.9147257 -0.4063766 -2.343805E-06 0.915858 -0.3331096 -0.2250508 0.51525 -0.1171003 -0.8493156 0.9828929 -0.1793739 -1.146064E-06 0.8383336 0.1703056 -0.5185901 0.3639359 0.07963304 -0.9275924 0.9658 0.2602242 0.001958149 0.4197995 0.5995396 -0.6810144 0.2020425 0.2885517 -0.9354191 0.5719734 0.8202745 0.001961212 -0.08306685 0.9970376 0.001962281 -0.04852521 0.3708304 -0.9275908 -0.1282978 0.8471482 -0.5166294 -0.5074511 0.8617872 4.694612E-06 -0.2873911 0.442526 -0.8493124 -0.6262637 0.7466956 -0.2250448 -0.6919982 0.7210525 3.979447E-06 -0.4740019 0.4489642 -0.7573359 -0.8063277 0.5645977 -0.1722081 -0.819152 0.5735764 0.001960164 -0.5290024 0.3704154 -0.7632072</float_array>
          <technique_common>
            <accessor source="#sword_low__MI_sword-normal-array" count="478" stride="3">
              <param name="X" type="float" />
              <param name="Y" type="float" />
              <param name="Z" type="float" />
            </accessor>
          </technique_common>
        </source>
        <source id="sword_low__MI_sword-texcoord">
          <float_array id="sword_low__MI_sword-texcoord-array" count="956">0.1202124 -0.6821497 0.1537523 -0.6821497 0.1537523 -0.7471542 0.1202124 -0.7471542 0.01452681 -0.6821497 0.1537523 -0.8022096 0.01452681 -0.7471542 0.1202124 -0.8022096 0.1537523 -0.8501846 0.01452681 -0.8022096 0.1202124 -0.8501846 0.01452681 -0.8501846 0.01452681 0.1977905 0.01452681 0.1498154 0.1202124 0.1498154 0.1202124 0.1977905 0.1537523 0.1498154 0.01452681 0.2528459 0.1537523 0.1977905 0.1202124 0.2528459 0.01452681 0.3178503 0.1537523 0.2528459 0.1202124 0.3178503 0.1537523 0.3178503 0.6215705 -0.2986236 0.7156285 -0.2666402 0.7156285 -0.2872402 0.6458938 -0.3127232 0.7156285 -0.3143101 0.5246742 -0.3889279 0.6787622 -0.3262734 0.7156285 -0.3889584 0.6527299 -0.3889584 0.7156285 -0.4725181 0.5841548 -0.3889279 0.6116825 -0.4725181 0.5363628 -0.4725181 0.463332 -0.4725181 0.4440443 -0.5956908 0.6116825 -0.5956908 0.7156285 -0.5956908 0.524369 -0.5956908 0.4440443 -0.7343059 0.6116825 -0.7343059 0.7156285 -0.7343059 0.524369 -0.7343059 0.4440443 -0.8706931 0.6116825 -0.8706931 0.7156285 -0.8706931 0.524369 -0.8706931 0.6116825 -0.9937437 0.7156285 -0.9937437 0.524369 -0.9940184 0.4440443 -0.9940184 0.7156285 0.7127598 0.7156285 0.7333598 0.6215705 0.7013764 0.6458938 0.6872768 0.7156285 0.6856899 0.5246742 0.6110721 0.6787622 0.6737266 0.7156285 0.6110416 0.6527299 0.6110416 0.7156285 0.5274819 0.5841548 0.6110721 0.6116825 0.5274819 0.5363628 0.5274819 0.463332 0.5274819 0.4440443 0.4043092 0.6116825 0.4043092 0.7156285 0.4043092 0.524369 0.4043092 0.4440443 0.2656941 0.6116825 0.2656941 0.7156285 0.2656941 0.524369 0.2656941 0.4440443 0.1293069 0.6116825 0.1293069 0.7156285 0.1293069 0.524369 0.1293069 0.6116825 0.006256294 0.7156285 0.006256294 0.524369 0.006256294 0.4440443 0.005981628 0.7305521 0.992523 0.7300333 0.9789117 0.8486893 0.9775689 0.8389539 0.9653615 0.7302774 0.9642323 0.9439985 0.933134 0.8284249 0.9521164 0.7307657 0.947264 0.926664 0.9255043 0.9832453 0.8649556 0.8143559 0.9368572 0.7310098 0.9279763 0.9070101 0.9171118 0.9630421 0.8645894 0.9429609 0.7969604 0.7965636 0.9197363 0.7306436 0.9073153 0.8805811 0.9076205 0.9392987 0.8641316 0.9260842 0.8038576 0.8470107 0.7523423 0.9074679 0.8639485 0.8380383 0.7642445 0.7284158 0.7374493 0.7289346 0.7510605 0.9063082 0.811304 0.8270821 0.7769707 0.728721 0.7657399 0.8797265 0.820307 0.8123112 0.7918637 0.7282327 0.7827082 0.8688315 0.863979 0.7941832 0.8088931 0.7279885 0.8020265 0.8471938 0.8306833 0.774224 0.8275094 0.7283548 0.8226569 0.7289651 0.8443251 0.8108768 0.8420667 0.7631459 0.8502151 0.7294839 0.8649861 0.826075 0.8641926 0.7799005 0.8645894 0.8116703 0.8864101 0.7638173 0.8791772 0.7300028 0.8856471 0.8481094 0.8972747 0.7760552 0.9015168 0.1738334 0.69335 0.1230506 0.69335 0.1894589 0.6738182 0.1386761 0.6542863 0.06836146 0.69335 0.2246162 0.6542863 0.08008057 0.6347545 0.02148503 0.69335 0.03711051 0.6230354 0.1699271 0.6035035 0.126957 0.5722526 0.09961241 0.5488144 0.2207099 0.5839717 0.275399 0.65038 0.1933653 0.5214698 0.1738334 0.5058443 0.275399 0.5722526 0.275399 0.5058443 0.275399 0.486343 0.380871 0.5058443 0.3613392 0.5214698 0.455092 0.5488144 0.3339946 0.5839717 0.3300882 0.6542863 0.4277474 0.5722526 0.5175634 0.6230354 0.380871 0.6035035 0.4746239 0.6347545 0.5331889 0.69335 0.486343 0.69335 0.4160283 0.6542863 0.3652455 0.6738182 0.4277474 0.69335 0.3769646 0.69335 0.1202124 -0.6821497 0.1537523 -0.7471542 0.1537523 -0.6821497 0.1202124 -0.7471542 0.01452681 -0.6821497 0.1537523 -0.8022096 0.01452681 -0.7471542 0.1202124 -0.8022096 0.1537523 -0.8501846 0.01452681 -0.8022096 0.1202124 -0.8501846 0.01452681 -0.8501846 0.01452681 0.1977905 0.1202124 0.1498154 0.01452681 0.1498154 0.1202124 0.1977905 0.1537523 0.1498154 0.01452681 0.2528459 0.1537523 0.1977905 0.1202124 0.2528459 0.01452681 0.3178503 0.1537523 0.2528459 0.1202124 0.3178503 0.1537523 0.3178503 0.6215705 -0.2986236 0.7156285 -0.2872402 0.7156285 -0.2666402 0.6458938 -0.3127232 0.7156285 -0.3143101 0.5246742 -0.3889279 0.6787622 -0.3262734 0.7156285 -0.3889584 0.6527299 -0.3889584 0.7156285 -0.4725181 0.5841548 -0.3889279 0.6116825 -0.4725181 0.5363628 -0.4725181 0.463332 -0.4725181 0.4440443 -0.5956908 0.6116825 -0.5956908 0.7156285 -0.5956908 0.524369 -0.5956908 0.4440443 -0.7343059 0.6116825 -0.7343059 0.7156285 -0.7343059 0.524369 -0.7343059 0.4440443 -0.8706931 0.6116825 -0.8706931 0.7156285 -0.8706931 0.524369 -0.8706931 0.6116825 -0.9937437 0.7156285 -0.9937437 0.524369 -0.9940184 0.4440443 -0.9940184 0.7156285 0.7127598 0.6215705 0.7013764 0.7156285 0.7333598 0.6458938 0.6872768 0.7156285 0.6856899 0.5246742 0.6110721 0.6787622 0.6737266 0.7156285 0.6110416 0.6527299 0.6110416 0.7156285 0.5274819 0.5841548 0.6110721 0.6116825 0.5274819 0.5363628 0.5274819 0.463332 0.5274819 0.4440443 0.4043092 0.6116825 0.4043092 0.7156285 0.4043092 0.524369 0.4043092 0.4440443 0.2656941 0.6116825 0.2656941 0.7156285 0.2656941 0.524369 0.2656941 0.4440443 0.1293069 0.6116825 0.1293069 0.7156285 0.1293069 0.524369 0.1293069 0.6116825 0.006256294 0.7156285 0.006256294 0.524369 0.006256294 0.4440443 0.005981628 0.7305521 0.992523 0.8486893 0.9775689 0.7300333 0.9789117 0.8389539 0.9653615 0.7302774 0.9642323 0.9439985 0.933134 0.8284249 0.9521164 0.7307657 0.947264 0.926664 0.9255043 0.9832453 0.8649556 0.8143559 0.9368572 0.7310098 0.9279763 0.9070101 0.9171118 0.9630421 0.8645894 0.9429609 0.7969604 0.7965636 0.9197363 0.7306436 0.9073153 0.8805811 0.9076205 0.9392987 0.8641316 0.9260842 0.8038576 0.8470107 0.7523423 0.9074679 0.8639485 0.8380383 0.7642445 0.7284158 0.7374493 0.7289346 0.7510605 0.9063082 0.811304 0.8270821 0.7769707 0.728721 0.7657399 0.8797265 0.820307 0.8123112 0.7918637 0.7282327 0.7827082 0.8688315 0.863979 0.7941832 0.8088931 0.7279885 0.8020265 0.8471938 0.8306833 0.774224 0.8275094 0.7283548 0.8226569 0.7289651 0.8443251 0.8108768 0.8420667 0.7631459 0.8502151 0.7294839 0.8649861 0.826075 0.8641926 0.7799005 0.8645894 0.8116703 0.8864101 0.7638173 0.8791772 0.7300028 0.8856471 0.8481094 0.8972747 0.7760552 0.9015168 0.1738334 0.69335 0.1894589 0.6738182 0.1230506 0.69335 0.1386761 0.6542863 0.06836146 0.69335 0.2246162 0.6542863 0.08008057 0.6347545 0.02148503 0.69335 0.03711051 0.6230354 0.1699271 0.6035035 0.126957 0.5722526 0.09961241 0.5488144 0.2207099 0.5839717 0.275399 0.65038 0.1933653 0.5214698 0.1738334 0.5058443 0.275399 0.5722526 0.275399 0.5058443 0.275399 0.486343 0.380871 0.5058443 0.3613392 0.5214698 0.455092 0.5488144 0.3339946 0.5839717 0.3300882 0.6542863 0.4277474 0.5722526 0.5175634 0.6230354 0.380871 0.6035035 0.4746239 0.6347545 0.5331889 0.69335 0.486343 0.69335 0.4160283 0.6542863 0.3652455 0.6738182 0.4277474 0.69335 0.3769646 0.69335 0.04483169 0.09814753 0.01342814 0.09814753 0.01342814 0.07498398 0.01342814 0.1221046 0.04483169 0.07498398 0.04483169 0.1221046 0.01342814 0.1435286 0.04483169 0.1435286 0.1470382 0.1435286 0.1470382 0.09814753 0.1470382 0.07498398 0.1470382 0.1221046 0.2615436 0.1435286 0.2615436 0.09814753 0.2615436 0.07498398 0.2615436 0.1221046 0.3640553 0.1435286 0.3640553 0.09814753 0.3640553 0.07498398 0.4234443 0.07498398 0.4234443 0.09814753 0.4234443 0.1221046 0.3640553 0.1221046 0.4234443 0.1435286 0.01336711 -0.925016 0.01339763 -0.9018525 0.04480117 -0.9018525 0.04480117 -0.925016 0.01339763 -0.8779259 0.1470382 -0.9018525 0.1470382 -0.925016 0.04480117 -0.8779259 0.01342814 -0.8564715 0.04483169 -0.8564715 0.1470382 -0.8564715 0.1470382 -0.8779259 0.2615436 -0.8564715 0.2615436 -0.9018525 0.2615436 -0.925016 0.2615436 -0.8779259 0.3640553 -0.8564715 0.3640553 -0.9018525 0.3640553 -0.925016 0.4234443 -0.925016 0.4234443 -0.901883 0.4234443 -0.8779565 0.3640553 -0.8779259 0.4234443 -0.8564715 0.486343 0.6972564 0.5331889 0.6972564 0.4746239 0.7558519 0.4589984 0.6972564 0.5175634 0.767571 0.4472793 0.7519456 0.4277474 0.8144475 0.455092 0.8378857 0.380871 0.7871029 0.3613392 0.8691366 0.380871 0.8847621 0.275399 0.8027284 0.275399 0.8847621 0.275399 0.904294 0.1738334 0.8847621 0.1933653 0.8691366 0.1699271 0.7871029 0.09961241 0.8378857 0.126957 0.8144475 0.1035188 0.7519456 0.03711051 0.767571 0.08008057 0.7558519 0.09179968 0.6972564 0.02148503 0.6972564 0.06836146 0.6972564 0.04483169 0.09814753 0.01342814 0.07498398 0.01342814 0.09814753 0.01342814 0.1221046 0.04483169 0.07498398 0.04483169 0.1221046 0.01342814 0.1435286 0.04483169 0.1435286 0.1470382 0.1435286 0.1470382 0.09814753 0.1470382 0.07498398 0.1470382 0.1221046 0.2615436 0.1435286 0.2615436 0.09814753 0.2615436 0.07498398 0.2615436 0.1221046 0.3640553 0.1435286 0.3640553 0.09814753 0.3640553 0.07498398 0.4234443 0.07498398 0.4234443 0.09814753 0.4234443 0.1221046 0.3640553 0.1221046 0.4234443 0.1435286 0.01336711 -0.925016 0.04480117 -0.9018525 0.01339763 -0.9018525 0.04480117 -0.925016 0.01339763 -0.8779259 0.1470382 -0.9018525 0.1470382 -0.925016 0.04480117 -0.8779259 0.01342814 -0.8564715 0.04483169 -0.8564715 0.1470382 -0.8564715 0.1470382 -0.8779259 0.2615436 -0.8564715 0.2615436 -0.9018525 0.2615436 -0.925016 0.2615436 -0.8779259 0.3640553 -0.8564715 0.3640553 -0.9018525 0.3640553 -0.925016 0.4234443 -0.925016 0.4234443 -0.901883 0.4234443 -0.8779565 0.3640553 -0.8779259 0.4234443 -0.8564715 0.486343 0.6972564 0.4746239 0.7558519 0.5331889 0.6972564 0.4589984 0.6972564 0.5175634 0.767571 0.4472793 0.7519456 0.4277474 0.8144475 0.455092 0.8378857 0.380871 0.7871029 0.3613392 0.8691366 0.380871 0.8847621 0.275399 0.8027284 0.275399 0.8847621 0.275399 0.904294 0.1738334 0.8847621 0.1933653 0.8691366 0.1699271 0.7871029 0.09961241 0.8378857 0.126957 0.8144475 0.1035188 0.7519456 0.03711051 0.767571 0.08008057 0.7558519 0.09179968 0.6972564 0.02148503 0.6972564 0.06836146 0.6972564</float_array>
          <technique_common>
            <accessor source="#sword_low__MI_sword-texcoord-array" count="478" stride="2">
              <param name="S" type="float" />
              <param name="T" type="float" />
            </accessor>
          </technique_common>
        </source>
        <vertices id="sword_low__MI_sword-vertex">
          <input semantic="POSITION" source="#sword_low__MI_sword-position" />
        </vertices>
        <triangles material="MI_sword" count="628">
          <input semantic="VERTEX" source="#sword_low__MI_sword-vertex" offset="0" />
          <input semantic="NORMAL" source="#sword_low__MI_sword-normal" offset="1" />
          <input semantic="TEXCOORD" source="#sword_low__MI_sword-texcoord" offset="2" set="0" />
          <p>0 0 0 1 1 1 2 2 2 3 3 3 0 0 0 2 2 2 0 0 0 3 3 3 4 4 4 3 3 3 2 2 2 5 5 5 3 3 3 6 6 6 4 4 4 7 7 7 3 3 3 5 5 5 6 6 6 3 3 3 7 7 7 7 7 7 5 5 5 8 8 8 9 9 9 6 6 6 7 7 7 10 10 10 7 7 7 8 8 8 9 9 9 7 7 7 10 10 10 11 11 11 9 9 9 10 10 10 12 12 12 13 13 13 14 14 14 15 15 15 12 12 12 14 14 14 15 15 15 14 14 14 16 16 16 17 17 17 12 12 12 15 15 15 18 18 18 15 15 15 16 16 16 19 19 19 17 17 17 15 15 15 19 19 19 15 15 15 18 18 18 17 17 17 19 19 19 20 20 20 21 21 21 19 19 19 18 18 18 19 19 19 22 22 22 20 20 20 22 22 22 19 19 19 21 21 21 23 23 23 22 22 22 21 21 21 24 24 24 25 25 25 26 26 26 27 27 27 24 24 24 26 26 26 27 27 27 26 26 26 28 28 28 24 24 24 27 27 27 29 29 29 30 30 30 27 27 27 28 28 28 30 30 30 28 28 28 31 31 31 32 32 32 30 30 30 31 31 31 30 30 30 32 32 32 27 27 27 32 32 32 31 31 31 33 33 33 27 27 27 34 34 34 29 29 29 32 32 32 34 34 34 27 27 27 35 35 35 32 32 32 33 33 33 34 34 34 32 32 32 35 35 35 29 29 29 34 34 34 36 36 36 36 36 36 34 34 34 35 35 35 37 37 37 29 29 29 36 36 36 37 37 37 36 36 36 38 38 38 35 35 35 33 33 33 39 39 39 35 35 35 39 39 39 36 36 36 33 33 33 40 40 40 39 39 39 36 36 36 41 41 41 38 38 38 39 39 39 41 41 41 36 36 36 38 38 38 41 41 41 42 42 42 39 39 39 40 40 40 43 43 43 39 39 39 43 43 43 41 41 41 40 40 40 44 44 44 43 43 43 41 41 41 45 45 45 42 42 42 43 43 43 45 45 45 41 41 41 42 42 42 45 45 45 46 46 46 43 43 43 44 44 44 47 47 47 44 44 44 48 48 48 47 47 47 45 45 45 43 43 43 49 49 49 43 43 43 47 47 47 49 49 49 45 45 45 49 49 49 46 46 46 47 47 47 48 48 48 50 50 50 47 47 47 50 50 50 49 49 49 48 48 48 51 51 51 50 50 50 50 50 50 52 52 52 49 49 49 49 49 49 52 52 52 46 46 46 52 52 52 53 53 53 46 46 46 54 54 54 55 55 55 56 56 56 57 57 57 54 54 54 56 56 56 58 58 58 54 54 54 57 57 57 56 56 56 59 59 59 57 57 57 60 60 60 58 58 58 57 57 57 61 61 61 58 58 58 60 60 60 62 62 62 61 61 61 60 60 60 60 60 60 57 57 57 62 62 62 63 63 63 61 61 61 62 62 62 59 59 59 64 64 64 57 57 57 57 57 57 64 64 64 62 62 62 65 65 65 63 63 63 62 62 62 62 62 62 64 64 64 65 65 65 64 64 64 59 59 59 66 66 66 64 64 64 66 66 66 65 65 65 59 59 59 67 67 67 66 66 66 67 67 67 68 68 68 66 66 66 65 65 65 69 69 69 63 63 63 69 69 69 65 65 65 66 66 66 69 69 69 70 70 70 63 63 63 68 68 68 71 71 71 66 66 66 71 71 71 69 69 69 66 66 66 68 68 68 72 72 72 71 71 71 69 69 69 73 73 73 70 70 70 73 73 73 69 69 69 71 71 71 73 73 73 74 74 74 70 70 70 72 72 72 75 75 75 71 71 71 75 75 75 73 73 73 71 71 71 72 72 72 76 76 76 75 75 75 73 73 73 77 77 77 74 74 74 77 77 77 78 78 78 74 74 74 75 75 75 79 79 79 73 73 73 79 79 79 77 77 77 73 73 73 76 76 76 79 79 79 75 75 75 77 77 77 80 80 80 78 78 78 80 80 80 77 77 77 79 79 79 80 80 80 81 81 81 78 78 78 82 82 82 80 80 80 79 79 79 82 82 82 79 79 79 76 76 76 83 83 83 82 82 82 76 76 76 84 84 84 85 85 85 86 86 86 85 85 85 87 87 87 86 86 86 85 85 85 88 88 88 87 87 87 86 86 86 87 87 87 89 89 89 88 88 88 90 90 90 87 87 87 88 88 88 91 91 91 90 90 90 87 87 87 92 92 92 89 89 89 87 87 87 90 90 90 92 92 92 89 89 89 92 92 92 93 93 93 91 91 91 94 94 94 90 90 90 91 91 91 95 95 95 94 94 94 90 90 90 96 96 96 92 92 92 90 90 90 94 94 94 96 96 96 92 92 92 97 97 97 93 93 93 92 92 92 96 96 96 97 97 97 93 93 93 97 97 97 98 98 98 95 95 95 99 99 99 94 94 94 95 95 95 100 100 100 99 99 99 94 94 94 101 101 101 96 96 96 94 94 94 99 99 99 101 101 101 96 96 96 102 102 102 97 97 97 96 96 96 101 101 101 102 102 102 97 97 97 103 103 103 98 98 98 97 97 97 102 102 102 103 103 103 98 98 98 103 103 103 104 104 104 101 101 101 105 105 105 102 102 102 103 103 103 106 106 106 104 104 104 104 104 104 106 106 106 107 107 107 106 106 106 108 108 108 107 107 107 102 102 102 109 109 109 103 103 103 103 103 103 109 109 109 106 106 106 102 102 102 105 105 105 109 109 109 106 106 106 110 110 110 108 108 108 109 109 109 110 110 110 106 106 106 110 110 110 111 111 111 108 108 108 109 109 109 112 112 112 110 110 110 105 105 105 112 112 112 109 109 109 110 110 110 113 113 113 111 111 111 112 112 112 113 113 113 110 110 110 113 113 113 114 114 114 111 111 111 105 105 105 115 115 115 112 112 112 113 113 113 116 116 116 114 114 114 116 116 116 117 117 117 114 114 114 112 112 112 118 118 118 113 113 113 118 118 118 116 116 116 113 113 113 115 115 115 118 118 118 112 112 112 116 116 116 119 119 119 117 117 117 119 119 119 120 120 120 117 117 117 120 120 120 119 119 119 121 121 121 118 118 118 122 122 122 116 116 116 122 122 122 119 119 119 116 116 116 119 119 119 123 123 123 121 121 121 122 122 122 123 123 123 119 119 119 123 123 123 124 124 124 121 121 121 125 125 125 122 122 122 118 118 118 115 115 115 125 125 125 118 118 118 126 126 126 123 123 123 122 122 122 125 125 125 126 126 126 122 122 122 126 126 126 124 124 124 123 123 123 127 127 127 125 125 125 115 115 115 125 125 125 127 127 127 126 126 126 128 128 128 124 124 124 126 126 126 127 127 127 128 128 128 126 126 126 129 129 129 124 124 124 128 128 128 130 130 130 127 127 127 115 115 115 130 130 130 115 115 115 105 105 105 101 101 101 130 130 130 105 105 105 99 99 99 130 130 130 101 101 101 131 131 131 128 128 128 127 127 127 131 131 131 127 127 127 130 130 130 129 129 129 128 128 128 131 131 131 99 99 99 131 131 131 130 130 130 100 100 100 129 129 129 131 131 131 100 100 100 131 131 131 99 99 99 132 132 132 133 133 133 134 134 134 133 133 133 135 135 135 134 134 134 133 133 133 136 136 136 135 135 135 137 137 137 134 134 134 135 135 135 136 136 136 138 138 138 135 135 135 136 136 136 139 139 139 138 138 138 139 139 139 140 140 140 138 138 138 141 141 141 137 137 137 135 135 135 135 135 135 138 138 138 141 141 141 138 138 138 140 140 140 142 142 142 138 138 138 142 142 142 141 141 141 140 140 140 143 143 143 142 142 142 137 137 137 141 141 141 144 144 144 141 141 141 142 142 142 144 144 144 145 145 145 137 137 137 144 144 144 142 142 142 143 143 143 146 146 146 142 142 142 146 146 146 144 144 144 143 143 143 147 147 147 146 146 146 145 145 145 144 144 144 148 148 148 144 144 144 146 146 146 148 148 148 149 149 149 146 146 146 147 147 147 146 146 146 149 149 149 148 148 148 150 150 150 149 149 149 147 147 147 149 149 149 150 150 150 151 151 151 152 152 152 149 149 149 151 151 151 148 148 148 149 149 149 152 152 152 152 152 152 151 151 151 153 153 153 145 145 145 148 148 148 154 154 154 154 154 154 148 148 148 152 152 152 155 155 155 145 145 145 154 154 154 156 156 156 152 152 152 153 153 153 152 152 152 156 156 156 154 154 154 156 156 156 153 153 153 157 157 157 158 158 158 155 155 155 154 154 154 156 156 156 158 158 158 154 154 154 159 159 159 156 156 156 157 157 157 158 158 158 156 156 156 159 159 159 157 157 157 160 160 160 159 159 159 160 160 160 161 161 161 159 159 159 155 155 155 158 158 158 162 162 162 162 162 162 158 158 158 159 159 159 159 159 159 161 161 161 162 162 162 163 163 163 155 155 155 162 162 162 161 161 161 164 164 164 162 162 162 162 162 162 164 164 164 163 163 163 164 164 164 165 165 165 163 163 163 166 166 166 167 167 167 168 168 168 169 169 169 167 167 167 166 166 166 166 166 166 170 170 170 169 169 169 169 169 169 171 171 171 167 167 167 169 169 169 170 170 170 172 172 172 173 173 173 171 171 171 169 169 169 172 172 172 173 173 173 169 169 169 173 173 173 174 174 174 171 171 171 175 175 175 173 173 173 172 172 172 176 176 176 174 174 174 173 173 173 175 175 175 176 176 176 173 173 173 177 177 177 176 176 176 175 175 175 178 178 178 179 179 179 180 180 180 181 181 181 179 179 179 178 178 178 181 181 181 182 182 182 179 179 179 183 183 183 181 181 181 178 178 178 184 184 184 182 182 182 181 181 181 185 185 185 181 181 181 183 183 183 185 185 185 184 184 184 181 181 181 183 183 183 186 186 186 185 185 185 187 187 187 184 184 184 185 185 185 185 185 185 186 186 186 188 188 188 188 188 188 187 187 187 185 185 185 189 189 189 187 187 187 188 188 188 190 190 190 191 191 191 192 192 192 193 193 193 191 191 191 190 190 190 193 193 193 194 194 194 191 191 191 190 190 190 195 195 195 193 193 193 196 196 196 194 194 194 193 193 193 196 196 196 197 197 197 194 194 194 198 198 198 197 197 197 196 196 196 196 196 196 193 193 193 198 198 198 198 198 198 199 199 199 197 197 197 193 193 193 195 195 195 200 200 200 198 198 198 193 193 193 200 200 200 201 201 201 199 199 199 198 198 198 200 200 200 201 201 201 198 198 198 195 195 195 202 202 202 200 200 200 202 202 202 201 201 201 200 200 200 203 203 203 202 202 202 195 195 195 203 203 203 204 204 204 202 202 202 201 201 201 205 205 205 199 199 199 201 201 201 202 202 202 205 205 205 199 199 199 205 205 205 206 206 206 202 202 202 204 204 204 207 207 207 205 205 205 202 202 202 207 207 207 204 204 204 208 208 208 207 207 207 205 205 205 209 209 209 206 206 206 205 205 205 207 207 207 209 209 209 206 206 206 209 209 209 210 210 210 207 207 207 208 208 208 211 211 211 209 209 209 207 207 207 211 211 211 208 208 208 212 212 212 211 211 211 209 209 209 213 213 213 210 210 210 210 210 210 213 213 213 214 214 214 211 211 211 215 215 215 209 209 209 209 209 209 215 215 215 213 213 213 211 211 211 212 212 212 215 215 215 213 213 213 216 216 216 214 214 214 213 213 213 215 215 215 216 216 216 214 214 214 216 216 216 217 217 217 216 216 216 215 215 215 218 218 218 215 215 215 212 212 212 218 218 218 218 218 218 212 212 212 219 219 219 220 220 220 221 221 221 222 222 222 223 223 223 221 221 221 220 220 220 224 224 224 223 223 223 220 220 220 221 221 221 223 223 223 225 225 225 226 226 226 223 223 223 224 224 224 227 227 227 226 226 226 224 224 224 228 228 228 226 226 226 227 227 227 226 226 226 228 228 228 223 223 223 229 229 229 228 228 228 227 227 227 225 225 225 223 223 223 230 230 230 223 223 223 228 228 228 230 230 230 231 231 231 228 228 228 229 229 229 228 228 228 231 231 231 230 230 230 230 230 230 232 232 232 225 225 225 230 230 230 231 231 231 232 232 232 225 225 225 232 232 232 233 233 233 233 233 233 232 232 232 234 234 234 231 231 231 229 229 229 235 235 235 235 235 235 232 232 232 231 231 231 235 235 235 229 229 229 236 236 236 234 234 234 232 232 232 237 237 237 237 237 237 232 232 232 235 235 235 234 234 234 237 237 237 238 238 238 235 235 235 236 236 236 239 239 239 239 239 239 237 237 237 235 235 235 239 239 239 236 236 236 240 240 240 238 238 238 237 237 237 241 241 241 241 241 241 237 237 237 239 239 239 238 238 238 241 241 241 242 242 242 239 239 239 240 240 240 243 243 243 243 243 243 240 240 240 244 244 244 241 241 241 239 239 239 245 245 245 245 245 245 239 239 239 243 243 243 242 242 242 241 241 241 245 245 245 243 243 243 244 244 244 246 246 246 246 246 246 245 245 245 243 243 243 246 246 246 244 244 244 247 247 247 248 248 248 245 245 245 246 246 246 248 248 248 242 242 242 245 245 245 249 249 249 242 242 242 248 248 248 250 250 250 251 251 251 252 252 252 252 252 252 251 251 251 253 253 253 252 252 252 253 253 253 254 254 254 251 251 251 255 255 255 253 253 253 254 254 254 253 253 253 256 256 256 254 254 254 256 256 256 257 257 257 253 253 253 255 255 255 258 258 258 253 253 253 258 258 258 256 256 256 255 255 255 259 259 259 258 258 258 257 257 257 256 256 256 260 260 260 257 257 257 260 260 260 261 261 261 256 256 256 258 258 258 262 262 262 256 256 256 262 262 262 260 260 260 258 258 258 259 259 259 263 263 263 258 258 258 263 263 263 262 262 262 259 259 259 264 264 264 263 263 263 261 261 261 260 260 260 265 265 265 261 261 261 265 265 265 266 266 266 260 260 260 262 262 262 267 267 267 260 260 260 267 267 267 265 265 265 262 262 262 263 263 263 268 268 268 262 262 262 268 268 268 267 267 267 263 263 263 264 264 264 269 269 269 263 263 263 269 269 269 268 268 268 264 264 264 270 270 270 269 269 269 267 267 267 268 268 268 271 271 271 269 269 269 270 270 270 272 272 272 270 270 270 273 273 273 272 272 272 272 272 272 273 273 273 274 274 274 268 268 268 269 269 269 275 275 275 269 269 269 272 272 272 275 275 275 268 268 268 275 275 275 271 271 271 272 272 272 274 274 274 276 276 276 275 275 275 272 272 272 276 276 276 276 276 276 274 274 274 277 277 277 275 275 275 276 276 276 278 278 278 271 271 271 275 275 275 278 278 278 276 276 276 277 277 277 279 279 279 278 278 278 276 276 276 279 279 279 279 279 279 277 277 277 280 280 280 271 271 271 278 278 278 281 281 281 279 279 279 280 280 280 282 282 282 282 282 282 280 280 280 283 283 283 278 278 278 279 279 279 284 284 284 284 284 284 279 279 279 282 282 282 281 281 281 278 278 278 284 284 284 282 282 282 283 283 283 285 285 285 285 285 285 283 283 283 286 286 286 286 286 286 287 287 287 285 285 285 284 284 284 282 282 282 288 288 288 288 288 288 282 282 282 285 285 285 285 285 285 287 287 287 289 289 289 288 288 288 285 285 285 289 289 289 289 289 289 287 287 287 290 290 290 291 291 291 284 284 284 288 288 288 281 281 281 284 284 284 291 291 291 292 292 292 288 288 288 289 289 289 291 291 291 288 288 288 292 292 292 292 292 292 289 289 289 290 290 290 293 293 293 281 281 281 291 291 291 291 291 291 292 292 292 293 293 293 294 294 294 292 292 292 290 290 290 293 293 293 292 292 292 294 294 294 295 295 295 294 294 294 290 290 290 296 296 296 281 281 281 293 293 293 296 296 296 271 271 271 281 281 281 267 267 267 271 271 271 296 296 296 265 265 265 267 267 267 296 296 296 297 297 297 293 293 293 294 294 294 297 297 297 296 296 296 293 293 293 295 295 295 297 297 297 294 294 294 265 265 265 296 296 296 297 297 297 266 266 266 297 297 297 295 295 295 266 266 266 265 265 265 297 297 297 298 298 298 299 299 299 300 300 300 300 300 300 299 299 299 301 301 301 300 300 300 301 301 301 302 302 302 303 303 303 301 301 301 299 299 299 302 302 302 301 301 301 304 304 304 302 302 302 304 304 304 305 305 305 305 305 305 304 304 304 306 306 306 307 307 307 301 301 301 303 303 303 301 301 301 307 307 307 304 304 304 304 304 304 308 308 308 306 306 306 304 304 304 307 307 307 308 308 308 306 306 306 308 308 308 309 309 309 303 303 303 310 310 310 307 307 307 307 307 307 310 310 310 308 308 308 311 311 311 310 310 310 303 303 303 308 308 308 312 312 312 309 309 309 308 308 308 310 310 310 312 312 312 309 309 309 312 312 312 313 313 313 311 311 311 314 314 314 310 310 310 310 310 310 314 314 314 312 312 312 315 315 315 313 313 313 312 312 312 312 312 312 314 314 314 315 315 315 316 316 316 313 313 313 315 315 315 315 315 315 317 317 317 316 316 316 318 318 318 317 317 317 315 315 315 314 314 314 318 318 318 315 315 315 318 318 318 319 319 319 317 317 317 311 311 311 320 320 320 314 314 314 320 320 320 318 318 318 314 314 314 321 321 321 320 320 320 311 311 311 322 322 322 319 319 319 318 318 318 318 318 318 320 320 320 322 322 322 322 322 322 323 323 323 319 319 319 324 324 324 320 320 320 321 321 321 322 322 322 320 320 320 324 324 324 325 325 325 323 323 323 322 322 322 324 324 324 325 325 325 322 322 322 323 323 323 325 325 325 326 326 326 326 326 326 325 325 325 327 327 327 321 321 321 328 328 328 324 324 324 328 328 328 325 325 325 324 324 324 325 325 325 328 328 328 327 327 327 329 329 329 328 328 328 321 321 321 327 327 327 328 328 328 330 330 330 328 328 328 329 329 329 330 330 330 330 330 330 329 329 329 331 331 331 332 332 332 333 333 333 334 334 334 335 335 335 333 333 333 332 332 332 336 336 336 332 332 332 334 334 334 337 337 337 335 335 335 332 332 332 338 338 338 335 335 335 337 337 337 339 339 339 338 338 338 337 337 337 340 340 340 339 339 339 337 337 337 341 341 341 332 332 332 336 336 336 332 332 332 341 341 341 337 337 337 342 342 342 341 341 341 336 336 336 343 343 343 340 340 340 337 337 337 341 341 341 343 343 343 337 337 337 344 344 344 340 340 340 343 343 343 345 345 345 341 341 341 342 342 342 343 343 343 341 341 341 345 345 345 346 346 346 345 345 345 342 342 342 347 347 347 344 344 344 343 343 343 347 347 347 343 343 343 345 345 345 348 348 348 344 344 344 347 347 347 349 349 349 345 345 345 346 346 346 345 345 345 349 349 349 347 347 347 350 350 350 349 349 349 346 346 346 349 349 349 350 350 350 351 351 351 352 352 352 349 349 349 351 351 351 352 352 352 353 353 353 349 349 349 354 354 354 348 348 348 347 347 347 349 349 349 354 354 354 347 347 347 353 353 353 354 354 354 349 349 349 355 355 355 348 348 348 354 354 354 353 353 353 355 355 355 354 354 354 356 356 356 357 357 357 358 358 358 359 359 359 356 356 356 358 358 358 357 357 357 360 360 360 358 358 358 358 358 358 361 361 361 359 359 359 361 361 361 362 362 362 359 359 359 360 360 360 363 363 363 358 358 358 358 358 358 363 363 363 361 361 361 360 360 360 364 364 364 363 363 363 364 364 364 365 365 365 363 363 363 365 365 365 366 366 366 363 363 363 366 366 366 367 367 367 363 363 363 363 363 363 367 367 367 361 361 361 367 367 367 366 366 366 368 368 368 362 362 362 361 361 361 369 369 369 361 361 361 367 367 367 369 369 369 370 370 370 362 362 362 369 369 369 371 371 371 367 367 367 368 368 368 367 367 367 371 371 371 369 369 369 368 368 368 372 372 372 371 371 371 369 369 369 373 373 373 370 370 370 369 369 369 371 371 371 373 373 373 373 373 373 374 374 374 370 370 370 374 374 374 373 373 373 375 375 375 373 373 373 376 376 376 375 375 375 376 376 376 373 373 373 377 377 377 371 371 371 378 378 378 373 373 373 373 373 373 378 378 378 377 377 377 372 372 372 378 378 378 371 371 371 377 377 377 378 378 378 379 379 379 378 378 378 372 372 372 379 379 379 380 380 380 381 381 381 382 382 382 383 383 383 380 380 380 382 382 382 381 381 381 384 384 384 382 382 382 385 385 385 383 383 383 382 382 382 382 382 382 384 384 384 386 386 386 382 382 382 386 386 386 385 385 385 384 384 384 387 387 387 386 386 386 386 386 386 388 388 388 385 385 385 386 386 386 387 387 387 389 389 389 388 388 388 386 386 386 389 389 389 387 387 387 390 390 390 389 389 389 391 391 391 388 388 388 389 389 389 389 389 389 390 390 390 392 392 392 389 389 389 392 392 392 391 391 391 390 390 390 393 393 393 392 392 392 393 393 393 394 394 394 392 392 392 391 391 391 392 392 392 395 395 395 394 394 394 395 395 395 392 392 392 391 391 391 395 395 395 396 396 396 395 395 395 394 394 394 397 397 397 395 395 395 398 398 398 396 396 396 398 398 398 395 395 395 397 397 397 399 399 399 396 396 396 398 398 398 398 398 398 397 397 397 400 400 400 401 401 401 399 399 399 398 398 398 401 401 401 398 398 398 400 400 400 402 402 402 399 399 399 401 401 401 400 400 400 403 403 403 401 401 401 404 404 404 402 402 402 401 401 401 403 403 403 404 404 404 401 401 401 405 405 405 406 406 406 407 407 407 408 408 408 405 405 405 407 407 407 409 409 409 406 406 406 405 405 405 410 410 410 405 405 405 408 408 408 411 411 411 410 410 410 408 408 408 412 412 412 410 410 410 411 411 411 413 413 413 410 410 410 412 412 412 414 414 414 409 409 409 405 405 405 405 405 405 410 410 410 414 414 414 415 415 415 409 409 409 414 414 414 416 416 416 410 410 410 413 413 413 414 414 414 410 410 410 416 416 416 417 417 417 416 416 416 413 413 413 418 418 418 415 415 415 414 414 414 416 416 416 418 418 418 414 414 414 419 419 419 415 415 415 418 418 418 420 420 420 416 416 416 417 417 417 420 420 420 418 418 418 416 416 416 421 421 421 420 420 420 417 417 417 422 422 422 419 419 419 418 418 418 418 418 418 420 420 420 422 422 422 423 423 423 419 419 419 422 422 422 422 422 422 424 424 424 423 423 423 425 425 425 424 424 424 422 422 422 425 425 425 422 422 422 426 426 426 427 427 427 420 420 420 421 421 421 422 422 422 420 420 420 427 427 427 426 426 426 422 422 422 427 427 427 428 428 428 427 427 427 421 421 421 426 426 426 427 427 427 428 428 428 429 429 429 430 430 430 431 431 431 432 432 432 430 430 430 429 429 429 431 431 431 430 430 430 433 433 433 430 430 430 432 432 432 434 434 434 434 434 434 432 432 432 435 435 435 433 433 433 430 430 430 436 436 436 430 430 430 434 434 434 436 436 436 433 433 433 436 436 436 437 437 437 437 437 437 436 436 436 438 438 438 438 438 438 436 436 436 439 439 439 439 439 439 436 436 436 440 440 440 436 436 436 434 434 434 440 440 440 440 440 440 441 441 441 439 439 439 435 435 435 442 442 442 434 434 434 434 434 434 442 442 442 440 440 440 443 443 443 442 442 442 435 435 435 444 444 444 441 441 441 440 440 440 440 440 440 442 442 442 444 444 444 441 441 441 444 444 444 445 445 445 442 442 442 443 443 443 446 446 446 442 442 442 446 446 446 444 444 444 446 446 446 443 443 443 447 447 447 447 447 447 448 448 448 446 446 446 446 446 446 448 448 448 449 449 449 449 449 449 450 450 450 446 446 446 444 444 444 446 446 446 451 451 451 446 446 446 450 450 450 451 451 451 445 445 445 444 444 444 451 451 451 450 450 450 452 452 452 451 451 451 451 451 451 452 452 452 445 445 445 453 453 453 454 454 454 455 455 455 456 456 456 454 454 454 453 453 453 455 455 455 454 454 454 457 457 457 458 458 458 454 454 454 456 456 456 454 454 454 459 459 459 457 457 457 454 454 454 458 458 458 459 459 459 457 457 457 459 459 459 460 460 460 459 459 459 458 458 458 461 461 461 459 459 459 462 462 462 460 460 460 461 461 461 462 462 462 459 459 459 460 460 460 462 462 462 463 463 463 464 464 464 462 462 462 461 461 461 462 462 462 465 465 465 463 463 463 462 462 462 464 464 464 465 465 465 463 463 463 465 465 465 466 466 466 466 466 466 465 465 465 467 467 467 464 464 464 468 468 468 465 465 465 467 467 467 465 465 465 468 468 468 464 464 464 469 469 469 468 468 468 468 468 468 470 470 470 467 467 467 468 468 468 469 469 469 471 471 471 471 471 471 470 470 470 468 468 468 472 472 472 471 471 471 469 469 469 471 471 471 473 473 473 470 470 470 474 474 474 471 471 471 472 472 472 474 474 474 473 473 473 471 471 471 475 475 475 474 474 474 472 472 472 473 473 473 474 474 474 476 476 476 477 477 477 474 474 474 475 475 475 476 476 476 474 474 474 477 477 477 </p>
        </triangles>
      </mesh>
    </geometry>
  </library_geometries>
  <library_controllers>
    <controller id="Armature_backle_low__MI_body-mesh">
      <skin source="#backle_low__MI_body-mesh">
        <bind_shape_matrix>1 0 0 0 0 1 0 0 0 0 1 0 0 0 0 1</bind_shape_matrix>
        <source id="backle_low__MI_body-mesh-joint">
          <Name_array id="backle_low__MI_body-mesh-joint-array" count="2">waist head</Name_array>
          <technique_common>
            <accessor source="#backle_low__MI_body-mesh-joint-array" count="2" stride="1">
              <param name="JOINT" type="name" />
            </accessor>
          </technique_common>
        </source>
        <source id="backle_low__MI_body-mesh-inv_bind_matrix">
          <float_array id="backle_low__MI_body-mesh-inv_bind_matrix-array" count="32">5.960466E-08 -0.9999998 -2.086162E-07 0.3723265 2.086162E-07 5.960466E-08 -0.9999998 0.00812089 0.9999998 2.086162E-07 5.960466E-08 -7.815739E-08 0 0 0 1 1.490105E-07 1 -6.318092E-06 -0.7027102 -1.788149E-07 -6.347895E-06 -1 -0.01108249 -1 1.81677E-07 1.455072E-07 -7.028537E-08 0 0 0 1</float_array>
          <technique_common>
            <accessor source="#backle_low__MI_body-mesh-inv_bind_matrix-array" count="2" stride="16">
              <param name="TRANSFORM" type="float4x4" />
            </accessor>
          </technique_common>
        </source>
        <source id="backle_low__MI_body-mesh-weight">
          <float_array id="backle_low__MI_body-mesh-weight-array" count="1">1</float_array>
          <technique_common>
            <accessor source="#backle_low__MI_body-mesh-weight-array" count="1" stride="1">
              <param name="WEIGHT" type="float" />
            </accessor>
          </technique_common>
        </source>
        <joints>
          <input semantic="JOINT" source="#backle_low__MI_body-mesh-joint" />
          <input semantic="INV_BIND_MATRIX" source="#backle_low__MI_body-mesh-inv_bind_matrix" />
        </joints>
        <vertex_weights count="260">
          <input semantic="JOINT" source="#backle_low__MI_body-mesh-joint" offset="0" />
          <input semantic="WEIGHT" source="#backle_low__MI_body-mesh-weight" offset="1" />
          <vcount>1 1 1 1 1 1 1 1 1 1 1 1 1 1 1 1 1 1 1 1 1 1 1 1 1 1 1 1 1 1 1 1 1 1 1 1 1 1 1 1 1 1 1 1 1 1 1 1 1 1 1 1 1 1 1 1 1 1 1 1 1 1 1 1 1 1 1 1 1 1 1 1 1 1 1 1 1 1 1 1 1 1 1 1 1 1 1 1 1 1 1 1 1 1 1 1 1 1 1 1 1 1 1 1 1 1 1 1 1 1 1 1 1 1 1 1 1 1 1 1 1 1 1 1 1 1 1 1 1 1 1 1 1 1 1 1 1 1 1 1 1 1 1 1 1 1 1 1 1 1 1 1 1 1 1 1 1 1 1 1 1 1 1 1 1 1 1 1 1 1 1 1 1 1 1 1 1 1 1 1 1 1 1 1 1 1 1 1 1 1 1 1 1 1 1 1 1 1 1 1 1 1 1 1 1 1 1 1 1 1 1 1 1 1 1 1 1 1 1 1 1 1 1 1 1 1 1 1 1 1 1 1 1 1 1 1 1 1 1 1 1 1 1 1 1 1 1 1 1 1 1 1 1 1 1 1 1 1 1 1 </vcount>
          <v>0 0 0 0 0 0 0 0 0 0 0 0 0 0 0 0 0 0 0 0 0 0 0 0 0 0 0 0 1 0 1 0 1 0 1 0 1 0 1 0 1 0 1 0 1 0 1 0 1 0 1 0 1 0 1 0 1 0 1 0 1 0 1 0 1 0 1 0 1 0 1 0 1 0 1 0 1 0 1 0 1 0 1 0 1 0 1 0 1 0 1 0 1 0 1 0 1 0 1 0 1 0 1 0 1 0 1 0 1 0 1 0 1 0 1 0 1 0 1 0 1 0 1 0 1 0 1 0 1 0 1 0 1 0 1 0 1 0 1 0 1 0 1 0 1 0 1 0 1 0 1 0 1 0 1 0 1 0 1 0 1 0 1 0 1 0 1 0 1 0 1 0 1 0 1 0 1 0 1 0 1 0 1 0 1 0 1 0 1 0 1 0 1 0 1 0 1 0 1 0 1 0 1 0 1 0 1 0 1 0 1 0 1 0 1 0 1 0 1 0 1 0 1 0 1 0 1 0 1 0 1 0 1 0 1 0 1 0 1 0 1 0 1 0 1 0 1 0 1 0 1 0 1 0 1 0 1 0 1 0 1 0 1 0 1 0 1 0 1 0 1 0 1 0 1 0 1 0 1 0 1 0 1 0 1 0 1 0 1 0 1 0 1 0 1 0 1 0 1 0 1 0 1 0 1 0 1 0 1 0 1 0 1 0 1 0 1 0 1 0 1 0 1 0 1 0 1 0 1 0 1 0 1 0 1 0 0 0 0 0 0 0 0 0 0 0 0 0 0 0 0 0 0 0 0 0 0 0 0 0 0 0 0 0 0 0 0 0 0 0 0 0 0 0 0 0 0 0 0 0 0 0 0 0 0 0 0 0 0 0 0 0 0 0 0 0 0 0 0 0 1 0 1 0 1 0 1 0 1 0 1 0 1 0 1 0 1 0 1 0 1 0 1 0 1 0 1 0 1 0 1 0 1 0 1 0 1 0 1 0 1 0 1 0 1 0 1 0 1 0 1 0 1 0 1 0 1 0 1 0 1 0 1 0 1 0 1 0 1 0 1 0 1 0 1 0 1 0 1 0 1 0 1 0 1 0 1 0 1 0 1 0 1 0 1 0 1 0 1 0 1 0 1 0 1 0 1 0 1 0 1 0 1 0 1 0 1 0 1 0 </v>
        </vertex_weights>
      </skin>
    </controller>
    <controller id="Armature_body_low__MI_body-mesh">
      <skin source="#body_low__MI_body-mesh">
        <bind_shape_matrix>1 0 0 0 0 1 0 0 0 0 1 0 0 0 0 1</bind_shape_matrix>
        <source id="body_low__MI_body-mesh-joint">
          <Name_array id="body_low__MI_body-mesh-joint-array" count="51">spine_b clavicle_L arm_L_a clavicle_R arm_R_a leg_R_b leg_R_c leg_L_b leg_L_c head arm_L_b arm_L_b_aux1 clavicle_L_aux1 arm_R_b arm_R_b_aux1 clavicle_R_aux1 waist hand_R thumb_R_a thumb_R_b fingers_R_a fingers_R_b leg_R_a leg_L_a spine_a hand_L thumb_L_a thumb_L_b fingers_L_a fingers_L_b cloak_C_d cloak_L_e cloak_R_e cloak_C_c cloak_L_d cloak_R_d cloak_C_b cloak_L_c cloak_R_c cloak_C_a cloak_L_b cloak_R_b collar_R cloak_L_a collar_L collar_C cloak_R_a hair_a hair_b leg_R_d leg_L_d</Name_array>
          <technique_common>
            <accessor source="#body_low__MI_body-mesh-joint-array" count="51" stride="1">
              <param name="JOINT" type="name" />
            </accessor>
          </technique_common>
        </source>
        <source id="body_low__MI_body-mesh-inv_bind_matrix">
          <float_array id="body_low__MI_body-mesh-inv_bind_matrix-array" count="816">1.422914E-07 0.9993148 -0.03701127 -0.5317811 -1.842065E-07 -0.0370113 -0.9993148 0.02486493 -1 1.81677E-07 1.455072E-07 -7.028537E-08 0 0 0 1 0.9961947 -0.0871555 -2.529773E-07 -0.03051073 0.08715529 0.9961946 5.32538E-06 -0.5950182 -1.410364E-08 -5.143659E-06 0.9999999 0.02424536 0 0 0 1 0.5735766 -0.819152 -4.295096E-06 0.3712771 7.756648E-08 5.26086E-06 -1 -0.02424544 0.8191519 0.5735763 3.351581E-06 -0.4832133 0 0 0 1 0.9961946 0.08715535 1.170356E-07 0.0305107 0.08715548 -0.9961946 -5.400846E-06 0.5950184 -2.939816E-07 5.419707E-06 -1 -0.02424549 0 0 0 1 0.5735764 0.8191519 4.265525E-06 -0.3712775 3.574444E-07 -5.536908E-06 1 0.02424557 0.8191521 -0.5735765 -3.504227E-06 0.4832131 0 0 0 1 5.960466E-08 -0.9999998 -2.086162E-07 0.1696359 2.086162E-07 5.960466E-08 -0.9999998 0.0001849811 0.9999998 2.086162E-07 5.960466E-08 0.1169309 0 0 0 1 5.960466E-08 -0.9999998 -2.086162E-07 0.09937971 2.086162E-07 5.960466E-08 -0.9999998 0.0001849811 0.9999998 2.086162E-07 5.960466E-08 0.1169309 0 0 0 1 5.960466E-08 -0.9999998 -2.086162E-07 0.1696358 2.086162E-07 5.960466E-08 -0.9999998 0.0001849807 0.9999998 2.086162E-07 5.960466E-08 -0.1169306 0 0 0 1 5.960466E-08 -0.9999998 -2.086162E-07 0.09937964 2.086162E-07 5.960466E-08 -0.9999998 0.0001849807 0.9999998 2.086162E-07 5.960466E-08 -0.1169306 0 0 0 1 1.490105E-07 1 -6.318092E-06 -0.7027102 -1.788149E-07 -6.347895E-06 -1 -0.01108249 -1 1.81677E-07 1.455072E-07 -7.028537E-08 0 0 0 1 0.5735766 -0.819152 -4.295096E-06 0.2492771 7.756648E-08 5.26086E-06 -1 -0.02424544 0.8191519 0.5735763 3.351581E-06 -0.4832133 0 0 0 1 0.5735766 -0.819152 -4.295096E-06 0.1145149 7.756648E-08 5.26086E-06 -1 -0.02424544 0.8191519 0.5735763 3.351581E-06 -0.4832133 0 0 0 1 0.9907652 -0.09717426 0.09455804 -0.1242183 0.1079852 0.9872574 -0.1168826 -0.5965052 -0.08199497 0.1260143 0.9886338 -0.03412085 0 0 0 0.9999999 0.5735764 0.8191519 4.265525E-06 -0.2492776 3.574444E-07 -5.536908E-06 1 0.02424557 0.8191521 -0.5735765 -3.504227E-06 0.4832131 0 0 0 1 0.5735764 0.8191519 4.265525E-06 -0.1145154 3.574444E-07 -5.536908E-06 1 0.02424557 0.8191521 -0.5735765 -3.504227E-06 0.4832131 0 0 0 1 0.9907652 0.09717415 -0.0945582 0.124218 0.1079854 -0.9872574 0.1168825 0.5965053 -0.08199526 -0.126014 -0.9886339 0.03412076 0 0 0 0.9999999 5.960466E-08 -0.9999998 -2.086162E-07 0.3723265 2.086162E-07 5.960466E-08 -0.9999998 0.00812089 0.9999998 2.086162E-07 5.960466E-08 -7.815739E-08 0 0 0 1 0.6125687 0.7903978 0.005546678 -0.09126298 0.7904109 -0.6125769 -0.0002721406 0.4882062 0.003182735 0.004550893 -0.9999845 -0.02488283 0 0 0 1 -0.09797278 0.8482893 -0.5203904 -0.2658979 0.07804239 -0.5147467 -0.8537825 0.2189142 -0.9921241 -0.12426 -0.01577128 -0.2813862 0 0 0 0.9999999 0.1119047 0.9009297 -0.4192882 -0.159153 -0.006106384 -0.421307 -0.9068972 0.1728517 -0.9937 0.1040464 -0.04164476 -0.3372929 0 0 0 0.9999999 0.2825864 0.9592418 5.059379E-06 -0.1514405 0.9592419 -0.2825865 -1.614735E-06 0.4649954 -5.196534E-08 5.343091E-06 -0.9999999 -0.02484779 0 0 0 1 0.067025 0.9977514 5.28954E-06 -0.2013884 0.9977514 -0.06702509 -4.748089E-07 0.431507 -5.19652E-08 5.343092E-06 -0.9999999 -0.02484779 0 0 0 1 5.960466E-08 -0.9999998 -2.086162E-07 0.2373929 2.086162E-07 5.960466E-08 -0.9999998 0.0001849811 0.9999998 2.086162E-07 5.960466E-08 0.1169309 0 0 0 1 5.960466E-08 -0.9999998 -2.086162E-07 0.2373928 2.086162E-07 5.960466E-08 -0.9999998 0.0001849808 0.9999998 2.086162E-07 5.960466E-08 -0.1169306 0 0 0 1 1.455072E-07 0.9998109 -0.01944032 -0.380136 -1.81677E-07 -0.01944035 -0.9998109 0.01551382 -1 1.81677E-07 1.455072E-07 -7.028535E-08 0 0 0 1 0.6125689 -0.7903979 -0.005546713 0.09126234 0.7904108 0.6125768 0.0002719894 -0.4882064 0.003183015 -0.004550616 0.9999845 0.02488271 0 0 0 1 -0.09797262 -0.8482893 0.5203906 0.2658981 0.07804262 0.514747 0.8537827 -0.2189146 -0.9921243 0.1242602 0.01577142 0.2813869 0 0 0 1 0.1119049 -0.9009298 0.4192884 0.1591531 -0.006106167 0.4213073 0.9068972 -0.172852 -0.9937001 -0.1040462 0.0416449 0.3372937 0 0 0 1 0.2825867 -0.9592417 -5.045913E-06 0.1514404 0.9592417 0.2825864 1.485765E-06 -0.4649955 2.062944E-07 -5.081083E-06 0.9999999 0.02484771 0 0 0 1 0.06702527 -0.9977514 -5.248328E-06 0.201388 0.9977514 0.067025 3.518619E-07 -0.4315073 2.062944E-07 -5.081084E-06 0.9999999 0.02484771 0 0 0 1 -9.262531E-08 -0.9977694 -0.06675803 0.2958805 -6.883862E-08 0.06675797 -0.9977694 -0.2976161 1 -1.204885E-07 -4.156184E-08 4.756463E-08 0 0 0 1 -0.01822451 -0.9983281 -0.05485122 0.324693 0.5731162 0.03452194 -0.8187463 -0.3510968 0.8192713 -0.0463573 0.5715292 -0.1078912 0 0 0 1 -0.01822418 0.9983284 0.05484976 -0.3246934 0.5731163 -0.03452114 0.8187468 0.3510965 0.8192714 0.04635635 -0.571529 0.1078918 0 0 0 1 -9.826356E-08 -0.9881771 -0.1533189 0.4281879 -6.051842E-08 0.1533188 -0.9881771 -0.3222314 1 -1.204885E-07 -4.156185E-08 4.756463E-08 0 0 0 1 -0.01523886 -0.9642025 -0.2647286 0.4422914 0.5424476 0.2144384 -0.8122601 -0.4002851 0.8399514 -0.1559793 0.5197616 -0.08845536 0 0 0 1 -0.01523852 0.9642031 0.2647273 -0.4422918 0.5424476 -0.2144376 0.8122608 0.4002848 0.8399516 0.1559784 -0.5197617 0.08845587 0 0 0 1 -1.070033E-07 -0.9486004 -0.3164775 0.4894574 -4.322628E-08 0.3164774 -0.9486004 -0.3893248 1 -1.204885E-07 -4.156185E-08 4.756464E-08 0 0 0 1 0.06274435 -0.7719875 -0.6325334 0.3883089 0.6805056 0.4966994 -0.5387033 -0.5378205 0.7300514 -0.3966419 0.556507 0.07023899 0 0 0 1 0.06274482 0.7719879 0.6325332 -0.3883091 0.6805059 -0.4966996 0.5387036 0.5378207 0.7300514 0.3966417 -0.5565074 -0.07023893 0 0 0 1 -1.146874E-07 -0.8284829 -0.5600144 0.4498515 -1.284508E-08 0.5600144 -0.8284829 -0.506651 1 -1.204885E-07 -4.156184E-08 4.756463E-08 0 0 0 1 0.185357 -0.3868122 -0.9033377 0.1700797 0.8290887 0.5550225 -0.06754048 -0.5764509 0.5274985 -0.736428 0.4235789 0.3200835 0 0 0 1 0.1853576 0.3868124 0.9033378 -0.1700799 0.8290888 -0.5550227 0.06754034 0.576451 0.5274984 0.736428 -0.4235794 -0.3200836 0 0 0 1 0.7964023 -0.6031523 0.04416621 0.551688 0.6002562 0.7972544 0.06385911 -0.4349361 -0.07372834 -0.02434643 0.9969811 0.02840867 0 0 0 1 0.8326391 -0.2720431 -0.4823945 0.06535538 0.4314916 0.8646927 0.2571407 -0.6517608 0.3471699 -0.4222545 0.8373614 0.1835299 0 0 0 1 0.7964026 0.6031519 -0.04416636 -0.5516882 0.6002558 -0.7972547 -0.06385925 0.434936 -0.07372869 0.02434651 -0.9969813 -0.02840864 0 0 0 1 -1.185191E-07 0.6396028 -0.7687056 -0.5554855 -1.948197E-07 -0.7687056 -0.6396028 0.4052147 -1 1.066192E-07 1.824068E-07 -1.404548E-08 0 0 0 1 0.8326396 0.2720429 0.4823942 -0.06535521 0.4314914 -0.8646929 -0.2571408 0.651761 0.3471695 0.4222545 -0.8373616 -0.1835299 0 0 0 1 -0.7181895 0.6494154 0.2499264 -1.067231 -0.428561 -0.6957725 0.5763994 0.5808848 0.5482147 0.3068552 0.7780107 -0.4155903 0 0 0 1 0.2121942 0.6880473 -0.6939483 -0.6279694 -0.5600857 0.6675418 0.4906035 -1.294116 0.8007981 0.2845673 0.5270141 -0.2000406 0 0 0 1 5.406281E-05 -0.1345064 0.9909126 -0.1541745 8.712727E-08 -0.9909126 -0.1345066 0.0653295 0.9999998 7.507139E-06 -5.370881E-05 0.1169393 0 0 0 1 -4.928365E-05 -0.1345064 0.9909126 -0.1541752 8.711954E-08 -0.9909126 -0.1345066 0.0653295 0.9999998 -6.393629E-06 4.86985E-05 -0.1169382 0 0 0 1</float_array>
          <technique_common>
            <accessor source="#body_low__MI_body-mesh-inv_bind_matrix-array" count="51" stride="16">
              <param name="TRANSFORM" type="float4x4" />
            </accessor>
          </technique_common>
        </source>
        <source id="body_low__MI_body-mesh-weight">
          <float_array id="body_low__MI_body-mesh-weight-array" count="69">0.2 0.8 0.8980392 0.1019608 0.4980392 0.5019608 0.1490196 0.8509804 0.3019608 0.6980392 1 0.7176471 0.1803922 0.627451 0.2705882 0.2509804 0.05098039 0.7490196 0.4 0.6 0.5960785 0.9490196 0.03137255 0.1686275 0.7960784 0.9607843 0.01960784 0.4509804 0.6784314 0.2196078 0.5490196 0.6470588 0.3960784 0.3215686 0.1294118 0.3490196 0.5764706 0.1215686 0.4470588 0.8470588 0.7215686 0.07843138 0.8196079 0.09019608 0.8431373 0.8588235 0.07058824 0.6705883 0.2784314 0.4196078 0.5294118 0.3294118 0.1607843 0.6392157 0.5607843 0.6509804 0.2392157 0.05882353 0.7019608 0.9882353 0.01176471 0.5803922 0.9803922 0.9686275 0.827451 0.1411765 0.5686275 0.6196079 0.7294118</float_array>
          <technique_common>
            <accessor source="#body_low__MI_body-mesh-weight-array" count="69" stride="1">
              <param name="WEIGHT" type="float" />
            </accessor>
          </technique_common>
        </source>
        <joints>
          <input semantic="JOINT" source="#body_low__MI_body-mesh-joint" />
          <input semantic="INV_BIND_MATRIX" source="#body_low__MI_body-mesh-inv_bind_matrix" />
        </joints>
        <vertex_weights count="2733">
          <input semantic="JOINT" source="#body_low__MI_body-mesh-joint" offset="0" />
          <input semantic="WEIGHT" source="#body_low__MI_body-mesh-weight" offset="1" />
          <vcount>2 2 2 2 2 2 2 2 2 2 2 2 2 2 2 2 2 2 2 2 2 2 2 2 2 2 2 2 2 2 1 1 1 1 2 2 2 2 2 2 2 2 2 2 2 2 2 2 2 2 2 2 2 2 2 2 2 2 2 2 2 2 2 2 2 2 2 3 2 2 3 3 2 2 2 3 2 2 2 2 2 3 2 2 2 3 3 2 2 2 2 2 2 2 2 2 2 2 2 2 2 2 2 2 2 2 2 2 2 2 2 2 2 2 2 2 2 2 2 2 2 2 2 2 2 2 2 2 2 2 2 2 2 2 2 2 2 2 2 2 2 2 2 2 2 2 2 2 2 2 2 2 2 2 2 2 2 2 2 2 2 2 2 2 2 2 2 2 2 2 2 2 2 2 2 2 2 2 2 2 2 2 2 2 2 2 2 2 2 2 2 2 2 2 2 2 3 3 2 2 2 3 2 2 2 2 3 2 2 2 3 2 2 2 2 2 1 1 1 1 1 1 1 1 1 1 1 1 1 1 1 1 1 1 1 1 1 1 1 1 1 1 1 1 1 1 1 1 1 1 1 1 1 1 1 1 1 1 1 1 2 2 2 2 2 3 2 2 3 2 2 2 3 2 2 2 2 3 2 2 2 3 2 2 2 3 2 2 2 1 1 2 2 2 2 3 2 2 2 3 2 1 2 3 1 2 2 2 2 2 3 2 1 1 1 1 1 1 1 1 1 1 1 1 1 1 2 1 2 1 1 2 1 2 1 2 3 2 1 2 3 2 2 2 2 2 3 2 2 2 2 2 2 3 2 2 2 3 3 3 2 2 2 2 2 2 2 2 1 2 1 1 2 1 2 1 1 1 1 1 1 2 1 2 2 2 2 2 2 2 2 2 1 1 2 2 2 2 2 2 1 1 1 1 1 1 2 1 1 1 1 2 2 1 1 1 1 1 1 1 1 1 1 1 1 1 2 2 2 2 2 1 2 2 2 2 1 1 1 2 2 2 1 1 2 2 1 2 1 2 2 2 2 2 2 2 2 2 2 1 2 2 1 2 1 2 2 2 2 2 2 2 2 1 2 1 2 2 1 2 3 1 2 3 1 3 1 1 2 3 1 2 2 1 2 2 1 2 1 2 2 2 3 3 3 3 3 3 3 3 3 2 3 2 2 1 1 1 1 1 1 1 1 1 1 1 3 2 2 3 2 3 3 3 3 2 3 3 2 2 3 3 2 3 3 3 1 1 3 2 2 1 3 2 1 2 1 3 3 2 1 3 1 2 1 2 3 1 3 3 2 2 1 3 3 2 2 2 3 2 3 3 3 3 3 2 3 2 1 1 2 3 3 3 3 2 2 3 3 2 3 3 3 3 3 3 3 3 3 2 1 1 2 2 2 1 1 1 1 1 1 1 1 1 2 2 3 1 3 3 2 1 3 3 3 2 1 3 2 3 3 2 1 2 1 3 2 1 3 3 3 3 3 2 1 3 3 1 1 3 1 1 3 1 1 1 1 1 2 1 1 3 2 3 3 3 3 3 3 2 2 3 3 2 2 2 3 3 2 3 3 2 3 2 1 3 3 2 1 1 2 3 3 3 3 3 2 3 2 3 3 3 3 3 2 3 3 3 3 3 3 2 1 1 2 1 1 2 1 1 2 2 2 2 3 2 3 2 2 2 2 2 2 3 2 2 2 3 2 2 2 3 2 2 1 1 2 2 2 2 3 2 2 2 2 2 3 2 1 2 1 2 1 1 1 1 1 1 1 1 1 1 1 1 1 1 2 2 2 2 2 3 3 2 1 2 1 1 2 1 1 2 2 1 2 1 2 1 2 2 2 3 3 3 2 2 2 2 2 2 3 2 2 2 3 2 2 2 2 2 2 3 3 3 2 2 2 2 2 2 2 2 1 2 1 1 1 1 1 2 1 2 2 1 1 2 2 2 2 2 2 2 2 2 1 1 1 2 2 1 2 2 2 2 2 2 2 2 2 2 1 1 1 1 1 1 1 1 1 1 2 1 1 2 2 2 2 1 2 1 1 1 1 1 1 1 1 1 1 1 2 2 2 1 1 1 1 2 2 2 2 2 2 2 2 2 2 2 2 2 2 2 2 2 3 3 2 2 2 2 1 1 1 1 1 2 2 2 1 1 1 1 2 2 2 2 3 2 3 2 2 3 2 2 2 2 1 2 2 2 2 2 2 2 2 1 1 1 1 1 1 1 1 1 1 1 1 1 2 2 1 1 2 1 2 1 2 2 1 1 1 2 2 2 1 2 2 2 2 2 2 2 3 3 2 3 2 2 3 3 2 2 2 2 2 2 2 1 2 2 2 2 2 2 1 1 1 1 1 1 1 1 1 1 1 1 1 1 1 2 2 2 2 2 2 1 2 3 2 3 2 2 3 2 2 2 3 2 2 2 2 3 2 3 3 2 3 3 3 2 3 3 3 2 1 2 3 1 2 2 3 2 1 2 3 3 2 3 3 2 3 2 2 2 2 1 1 1 3 3 3 3 3 2 3 2 2 2 2 2 2 2 2 2 2 2 1 1 1 1 1 1 1 2 1 2 2 1 2 2 2 2 1 1 3 3 2 3 2 2 2 2 2 2 2 2 3 3 3 3 3 3 2 1 1 3 3 2 2 2 3 2 2 2 3 2 2 2 2 3 2 3 3 2 3 3 3 2 3 3 3 2 1 2 1 2 2 3 1 3 2 2 3 3 2 3 2 2 2 2 1 1 1 3 3 3 3 3 2 3 2 3 3 2 2 1 2 2 2 2 2 2 2 2 2 1 1 1 1 1 1 1 2 1 2 2 1 2 2 2 2 1 1 3 3 2 3 2 2 2 2 2 2 2 2 3 3 3 3 3 3 2 1 3 3 2 2 2 3 2 2 2 3 2 2 2 2 3 2 3 3 2 3 3 3 2 3 3 3 2 1 2 1 2 2 3 1 3 2 2 3 3 2 3 2 2 2 2 1 1 1 3 3 3 3 3 2 3 2 3 3 2 2 1 2 2 2 2 2 2 2 2 2 1 1 1 1 1 1 1 2 1 2 2 1 2 2 2 2 1 1 3 3 2 3 2 2 2 2 2 2 2 2 3 3 3 3 3 3 2 1 3 2 3 2 2 3 2 2 2 3 2 2 2 2 3 2 3 3 2 3 3 3 2 3 3 3 2 1 2 3 1 2 2 3 2 1 2 3 3 2 3 3 2 3 2 2 2 2 1 1 1 3 3 3 3 3 2 3 2 2 2 2 2 2 2 2 2 2 2 1 1 1 1 1 1 1 2 1 2 2 1 2 2 2 2 1 1 3 3 2 3 2 2 2 2 2 2 2 2 3 3 3 3 3 3 2 1 1 1 2 2 2 1 2 2 2 2 2 2 1 2 2 1 2 2 1 2 3 2 2 2 2 3 2 2 2 2 2 3 2 2 2 2 2 2 3 3 3 3 2 3 2 2 2 2 2 1 1 2 1 1 1 1 1 1 1 1 1 1 1 1 1 1 1 1 1 1 1 1 1 1 1 1 1 1 1 1 1 1 1 1 1 1 1 1 1 1 1 1 1 1 1 1 1 1 1 1 1 1 1 1 1 1 1 1 1 1 1 1 1 1 1 1 1 1 1 1 1 1 1 1 1 1 1 1 1 1 1 1 1 1 1 1 1 1 1 1 1 1 1 1 1 1 1 1 1 1 1 1 1 1 1 1 1 1 1 1 1 1 1 1 1 1 1 1 1 1 1 1 1 1 1 1 1 1 1 1 1 1 1 1 1 1 1 1 1 1 1 1 1 1 1 1 1 1 1 1 1 1 1 1 1 1 1 1 1 1 1 1 1 1 1 1 1 1 1 1 1 1 1 1 1 1 1 1 1 1 1 1 1 1 1 1 1 1 1 1 1 1 1 1 1 1 1 1 1 1 1 1 1 1 1 1 2 1 1 1 1 1 1 1 1 1 1 1 1 1 1 1 1 1 1 1 1 1 1 1 1 1 1 1 1 1 1 1 1 1 1 1 1 1 1 1 1 1 1 1 1 1 1 1 1 1 1 1 1 1 1 1 1 1 1 1 1 1 1 1 1 1 1 1 1 1 1 1 1 1 1 1 1 1 1 1 1 1 1 1 1 1 1 2 1 1 2 1 1 1 1 1 1 1 1 1 1 1 1 1 1 1 1 1 1 1 1 1 1 1 1 1 1 1 1 1 1 1 1 1 1 1 1 1 1 1 1 1 1 1 1 1 1 1 1 1 1 1 1 1 1 1 1 1 1 1 1 1 1 1 1 1 1 1 1 1 1 1 1 1 1 1 1 1 1 1 1 1 1 1 1 1 1 1 1 1 1 1 1 1 1 1 1 1 1 1 1 1 1 1 1 1 1 1 1 1 1 1 1 1 1 1 1 1 1 1 1 1 1 1 1 1 1 1 1 1 1 1 1 1 1 1 1 1 1 1 1 1 1 1 1 1 1 1 1 1 1 1 1 1 1 1 1 1 1 1 1 1 1 1 1 1 1 1 1 1 2 1 1 1 1 1 1 1 1 1 1 1 1 1 1 1 1 1 1 1 1 1 1 1 1 1 1 1 1 1 1 1 3 1 1 1 1 1 1 1 1 1 1 1 2 2 1 2 1 1 1 2 1 1 1 1 1 1 1 1 1 1 1 2 1 2 1 2 2 1 2 2 2 2 2 2 2 2 1 1 2 1 1 1 1 1 1 2 2 2 2 2 2 2 2 2 2 2 2 1 2 2 2 2 2 1 1 1 1 1 2 1 1 1 1 2 1 1 1 1 1 1 1 1 1 1 1 2 1 1 2 1 1 1 1 1 1 1 1 1 1 1 1 1 1 1 1 2 2 1 2 1 1 1 1 2 1 1 1 1 1 1 1 1 1 1 2 1 2 1 2 2 1 2 2 1 1 2 2 2 2 2 2 2 2 2 1 2 2 2 2 2 2 2 2 1 2 2 1 1 2 1 2 2 1 1 1 1 1 1 1 2 2 2 2 1 1 1 1 1 1 1 1 1 1 1 1 1 1 1 2 1 1 2 1 1 1 1 1 1 3 3 3 1 1 2 2 1 2 2 1 2 2 1 2 2 2 1 1 3 1 2 1 3 3 2 2 1 2 2 1 2 2 1 2 2 1 3 3 2 2 2 2 2 2 2 3 3 1 3 3 2 2 2 2 2 2 2 3 3 1 1 1 1 1 1 1 1 2 2 1 1 3 3 2 1 1 2 2 2 1 2 3 3 3 3 3 3 3 3 3 3 3 3 3 3 3 2 3 3 2 1 2 2 1 2 1 1 2 2 1 3 2 1 2 2 1 2 3 2 3 2 2 1 1 2 2 1 1 3 1 1 2 1 1 1 1 2 3 3 3 3 3 3 3 3 3 3 3 3 3 3 2 2 2 2 2 2 2 2 3 2 2 2 3 2 2 3 3 2 2 2 2 3 2 2 3 3 3 3 3 3 3 3 3 3 3 3 3 3 3 2 2 2 3 3 2 2 3 2 2 2 2 1 1 1 1 1 1 1 1 2 2 1 1 3 3 2 1 1 2 2 2 1 2 3 3 3 3 3 3 3 3 3 3 3 3 3 3 3 2 3 3 2 1 2 2 1 2 1 1 2 2 1 3 2 1 2 2 1 2 3 2 3 2 2 1 1 2 2 1 1 1 1 2 3 1 1 1 1 2 3 3 3 3 3 3 3 3 3 3 3 3 3 3 2 2 2 2 2 2 2 2 3 2 2 2 3 2 2 3 3 2 2 2 2 3 2 2 3 3 3 3 3 3 3 3 3 3 3 3 3 3 3 2 2 2 3 3 2 2 3 2 2 2 2 1 1 1 1 1 1 1 1 1 1 1 1 1 1 1 1 1 2 2 2 2 2 1 1 1 1 1 1 1 1 1 1 1 1 1 1 1 1 1 1 1 1 2 2 2 2 2 1 1 1 1 2 1 1 2 1 2 1 3 2 1 2 2 2 2 3 3 3 3 3 2 3 3 3 2 3 3 3 3 3 2 3 2 3 2 2 2 2 2 2 2 2 2 2 2 2 2 1 2 1 1 2 2 2 2 3 3 2 2 2 1 3 2 1 3 2 2 2 3 3 3 2 2 2 2 3 2 2 2 2 2 2 1 2 2 2 2 3 2 2 2 2 2 </vcount>
          <v>0 0 1 1 1 2 2 3 1 2 2 3 3 2 4 3 3 2 4 3 0 0 3 1 1 4 2 5 0 0 1 1 0 6 1 7 1 2 2 3 1 2 2 3 3 4 4 5 0 6 3 7 0 0 3 1 3 2 4 3 3 2 4 3 5 8 6 9 5 4 6 5 5 8 6 9 5 4 6 5 5 8 6 9 5 4 6 5 5 8 6 9 7 8 8 9 7 4 8 5 7 8 8 9 7 8 8 9 7 4 8 5 7 8 8 9 7 4 8 5 9 10 9 10 9 10 9 10 0 0 1 1 1 2 2 3 0 0 1 1 1 2 2 3 1 4 2 5 1 6 2 7 1 6 2 7 1 6 2 7 2 1 10 0 2 7 10 6 2 1 10 0 2 4 10 5 2 4 10 5 2 4 10 5 2 0 10 1 2 6 10 7 10 1 11 0 10 2 11 3 10 1 11 0 2 0 10 1 10 2 11 3 2 0 10 1 2 4 10 5 2 0 10 1 10 2 11 3 2 4 10 5 2 1 10 0 2 0 10 1 10 1 11 0 1 6 2 7 2 1 10 0 1 4 2 5 0 6 1 7 0 3 1 11 2 12 1 6 2 7 1 4 2 5 1 11 2 12 12 3 1 13 2 14 12 3 2 1 10 0 1 6 2 7 1 4 2 5 1 13 2 14 12 3 2 4 10 5 1 4 2 5 2 4 10 5 1 6 2 7 1 4 2 5 1 13 2 14 12 3 2 7 10 6 1 6 2 7 1 4 2 5 1 11 2 12 12 3 0 3 1 11 2 12 2 2 10 3 1 6 2 7 1 4 2 5 0 6 1 7 2 2 10 3 1 6 2 7 1 4 2 5 1 2 2 3 0 0 1 1 0 0 1 1 1 2 2 3 1 6 2 7 1 6 2 7 1 6 2 7 2 2 10 3 2 2 10 3 2 2 10 3 2 7 10 6 2 4 10 5 2 4 10 5 2 6 10 7 2 4 10 5 2 3 10 2 10 1 11 0 10 1 11 0 2 3 10 2 10 1 11 0 2 4 10 5 2 3 10 2 10 1 11 0 10 1 11 0 2 3 10 2 10 1 11 0 2 4 10 5 2 3 10 2 10 1 11 0 2 4 10 5 2 6 10 7 3 2 4 3 0 0 3 1 0 0 3 1 3 2 4 3 3 4 4 5 3 6 4 7 3 6 4 7 3 6 4 7 4 1 13 0 4 7 13 6 4 1 13 0 4 4 13 5 4 4 13 5 4 4 13 5 4 0 13 1 4 6 13 7 13 2 14 3 13 1 14 0 13 1 14 0 4 0 13 1 13 2 14 3 4 0 13 1 4 4 13 5 4 0 13 1 13 2 14 3 4 4 13 5 4 1 13 0 4 0 13 1 13 1 14 0 3 6 4 7 4 6 13 7 13 1 14 0 4 4 13 5 4 4 13 5 4 3 13 2 13 1 14 0 4 4 13 5 4 3 13 2 13 1 14 0 4 4 13 5 4 3 13 2 13 1 14 0 13 1 14 0 4 4 13 5 4 3 13 2 13 1 14 0 4 2 13 3 4 3 13 2 13 1 14 0 4 6 13 7 4 4 13 5 4 4 13 5 4 4 13 5 4 2 13 3 4 2 13 3 4 2 13 3 4 7 13 6 3 6 4 7 3 6 4 7 3 2 4 3 0 0 3 1 0 0 3 1 3 2 4 3 0 6 3 7 3 6 4 7 3 4 4 5 3 6 4 7 3 4 4 5 3 1 4 0 3 6 4 7 3 4 4 5 3 11 4 12 15 3 3 13 4 14 15 3 4 2 13 3 3 6 4 7 3 4 4 5 3 13 4 14 15 3 4 7 13 6 3 6 4 7 3 4 4 5 3 4 4 5 3 13 4 14 15 3 3 6 4 7 4 1 13 0 3 4 4 5 3 11 4 12 15 3 3 1 4 0 3 6 4 7 4 1 13 0 3 4 4 5 0 6 3 7 16 10 16 10 16 10 16 10 16 10 16 10 16 10 16 10 16 10 16 10 16 10 16 10 16 10 16 10 16 10 16 10 16 10 16 10 16 10 16 10 16 10 16 10 16 10 16 10 16 10 16 10 16 10 16 10 16 10 16 10 16 10 16 10 16 10 16 10 16 10 16 10 16 10 16 10 16 10 16 10 16 10 16 10 16 10 16 10 13 1 14 0 13 1 14 0 13 1 14 0 13 1 14 0 13 1 14 0 13 9 14 15 17 16 13 1 14 0 13 1 14 0 13 9 14 15 17 16 14 17 17 15 13 1 14 0 13 1 14 0 13 9 14 15 17 16 14 17 17 15 14 6 17 7 14 6 17 7 14 17 17 15 13 9 14 15 17 16 13 1 14 0 13 1 14 0 13 1 14 0 13 9 14 15 17 16 14 17 17 15 13 1 14 0 13 1 14 0 13 9 14 15 17 16 14 17 17 15 14 6 17 7 14 6 17 7 17 10 17 10 17 1 18 0 17 1 18 0 17 0 18 1 17 1 18 0 17 0 18 17 19 16 18 1 19 0 18 1 19 0 18 18 19 19 17 0 18 17 19 16 18 8 19 9 19 10 18 1 19 0 17 0 18 17 19 16 19 10 18 1 19 0 18 8 19 9 18 8 19 9 17 0 18 1 18 1 19 0 17 20 20 3 18 8 18 18 19 19 19 10 19 10 19 10 19 10 19 10 19 10 19 10 19 10 19 10 19 10 19 10 19 10 19 10 19 10 17 1 18 0 17 10 17 2 20 3 17 10 17 10 14 6 17 7 17 10 14 17 17 15 17 10 14 6 17 7 13 9 14 15 17 16 14 17 17 15 17 10 14 6 17 7 13 9 14 15 17 16 13 1 14 0 13 1 14 0 13 2 14 3 13 2 14 3 14 17 17 15 13 9 14 15 17 16 13 2 14 3 13 2 14 3 13 1 14 0 14 17 17 15 13 2 14 3 13 2 14 3 13 9 14 15 17 16 13 2 14 3 13 1 14 0 13 1 14 0 13 9 14 15 17 16 13 9 14 15 17 16 13 9 14 15 17 16 14 17 17 15 14 17 17 15 14 17 17 15 14 17 17 15 14 6 17 7 14 6 17 7 14 6 17 7 14 6 17 7 17 10 14 6 17 7 17 10 17 10 14 6 17 7 17 10 17 2 20 3 17 10 17 10 17 10 17 10 17 10 17 10 17 2 20 3 17 10 17 2 20 3 17 2 20 3 17 2 20 3 17 1 20 0 17 18 20 19 17 18 20 19 17 19 20 18 17 8 20 9 17 4 20 5 20 10 20 10 20 9 21 8 20 9 21 8 20 9 21 8 20 8 21 9 20 8 21 9 20 8 21 9 21 10 21 10 21 10 21 10 21 10 21 10 20 8 21 9 21 10 21 10 21 10 21 10 20 9 21 8 20 8 21 9 21 10 21 10 21 10 21 10 21 10 21 10 21 10 21 10 21 10 21 10 21 10 21 10 21 10 20 8 21 9 20 8 21 9 20 8 21 9 20 9 21 8 20 9 21 8 21 10 17 4 20 5 17 4 20 5 20 9 21 8 20 8 21 9 21 10 21 10 21 10 20 8 21 9 20 9 21 8 20 9 21 8 21 10 21 10 17 4 20 5 17 4 20 5 21 10 20 8 21 9 21 10 20 8 21 9 20 9 21 8 20 8 21 9 20 8 21 9 20 9 21 8 17 4 20 5 20 9 21 8 17 8 20 9 17 1 20 0 20 9 21 8 20 10 17 19 20 18 17 18 20 19 20 10 20 9 21 8 20 10 17 18 20 19 17 18 20 19 17 2 20 3 17 2 20 3 16 1 22 0 16 1 22 0 16 21 22 16 16 21 22 16 16 10 16 1 22 0 16 10 16 21 22 16 16 1 22 0 16 10 16 21 22 16 16 1 23 22 22 23 16 10 16 21 22 16 16 24 23 3 22 3 16 10 16 25 23 26 22 26 16 10 16 10 16 21 23 16 16 1 23 23 22 22 16 10 16 21 23 16 16 1 23 0 16 10 16 21 23 16 16 1 23 0 16 10 16 21 23 16 16 10 16 1 23 0 16 21 23 16 16 1 23 0 3 13 4 14 15 3 0 8 3 20 15 3 3 13 4 14 15 3 0 8 3 20 15 3 3 11 4 12 15 3 0 11 3 12 15 3 0 8 3 20 15 3 0 11 3 12 15 3 0 4 3 27 4 16 3 1 4 0 0 28 3 29 15 3 0 21 3 16 0 21 3 16 0 10 0 10 0 10 9 10 9 10 0 10 0 10 9 10 0 10 0 10 0 10 24 3 0 17 3 6 24 6 0 7 24 6 0 7 24 6 0 30 3 8 0 6 3 7 24 15 0 9 16 16 24 15 0 31 16 3 24 15 0 31 16 3 0 18 3 4 16 3 0 0 3 1 24 8 0 32 16 8 24 8 0 32 16 8 0 4 3 5 0 0 3 1 24 33 0 34 16 30 24 33 0 34 16 30 24 3 16 2 0 30 3 3 16 35 0 36 3 37 16 8 24 15 0 6 16 19 16 10 16 10 24 8 0 6 16 30 24 3 16 2 24 3 16 2 16 10 24 33 0 34 16 30 24 3 16 2 16 10 24 3 16 2 16 10 24 8 0 32 16 8 24 33 0 34 16 30 24 3 16 2 16 10 24 8 0 38 16 15 16 10 24 3 16 2 16 10 24 3 16 2 24 15 0 6 16 19 16 10 24 15 0 6 16 19 0 36 3 37 16 8 24 3 16 2 24 3 16 2 16 10 24 15 0 6 16 19 0 4 3 0 16 8 0 4 3 5 0 0 3 1 0 0 3 1 24 0 0 8 3 4 0 6 3 7 24 15 0 38 16 8 24 3 0 4 3 18 24 15 0 6 16 19 24 18 0 18 16 0 0 27 3 4 4 16 3 1 4 0 3 11 4 12 15 3 24 3 16 2 16 10 16 10 24 3 16 2 24 15 0 6 16 19 24 15 0 6 16 19 24 18 0 18 16 0 24 18 0 18 16 0 24 8 0 9 24 8 0 9 24 15 0 19 3 6 24 3 0 39 3 16 24 3 0 2 24 3 0 20 3 8 0 8 3 20 15 3 3 13 4 14 15 3 0 13 3 14 15 3 0 8 3 20 15 3 3 13 4 14 15 3 0 8 3 20 15 3 0 13 3 14 15 3 0 11 3 12 15 3 0 2 3 3 0 10 0 10 0 2 3 3 0 21 3 16 0 21 3 16 0 10 0 10 0 10 0 10 9 10 9 10 9 10 16 10 16 10 24 3 16 2 24 3 16 2 24 33 0 34 16 30 16 10 24 33 0 34 16 30 24 8 0 32 16 8 24 3 16 2 16 10 24 33 0 34 16 30 24 8 0 32 16 8 24 15 0 31 16 3 24 3 16 2 16 10 24 15 0 31 16 3 24 6 0 7 24 8 0 32 16 8 24 33 0 34 16 30 24 3 16 2 16 10 24 3 16 2 16 10 24 8 0 6 16 30 24 3 16 2 16 10 24 15 0 6 16 19 24 8 0 38 16 15 0 30 1 3 16 35 24 15 0 9 16 16 0 18 1 4 16 3 24 6 0 7 0 10 24 6 0 30 1 8 24 3 0 17 1 6 0 10 0 10 0 4 1 27 2 16 0 10 0 10 0 28 1 29 12 3 0 10 9 10 9 10 0 10 9 10 0 21 1 16 0 10 9 10 0 11 1 12 12 3 0 21 1 16 0 8 1 20 12 3 0 11 1 12 12 3 0 8 1 20 12 3 1 11 2 12 12 3 0 3 1 11 2 12 1 13 2 14 12 3 0 6 1 7 0 0 1 1 0 8 1 20 12 3 1 13 2 14 12 3 0 4 1 5 0 0 1 1 0 0 1 1 0 36 1 37 16 8 24 0 0 8 1 4 0 6 1 7 0 4 1 0 16 8 24 15 0 6 16 19 24 3 16 2 24 15 0 6 16 19 24 3 16 2 16 10 24 15 0 38 16 8 24 15 0 6 16 19 24 3 16 2 16 10 16 10 24 3 16 2 24 15 0 6 16 19 24 15 0 6 16 19 24 18 0 18 16 0 24 18 0 18 16 0 24 18 0 18 16 0 24 8 0 9 24 3 0 4 1 18 24 8 0 9 24 15 0 19 1 6 0 27 1 4 2 16 0 3 1 11 2 12 1 11 2 12 12 3 24 3 0 39 1 16 24 3 0 2 24 3 0 20 1 8 0 8 1 20 12 3 1 13 2 14 12 3 0 13 1 14 12 3 0 8 1 20 12 3 0 13 1 14 12 3 0 2 1 3 0 10 0 10 0 2 1 3 0 10 0 10 0 21 1 16 0 10 9 10 10 1 11 0 10 1 11 0 10 1 11 0 10 1 11 0 10 9 11 15 25 16 10 1 11 0 10 9 11 15 25 16 11 17 25 15 10 1 11 0 10 1 11 0 11 17 25 15 11 6 25 7 11 6 25 7 10 9 11 15 25 16 10 1 11 0 10 1 11 0 10 1 11 0 10 9 11 15 25 16 11 17 25 15 10 1 11 0 10 1 11 0 10 9 11 15 25 16 11 17 25 15 11 6 25 7 25 10 25 10 11 6 25 7 11 17 25 15 25 1 26 0 25 1 26 0 25 0 26 17 27 16 25 0 26 1 25 1 26 0 26 1 27 0 26 1 27 0 26 18 27 19 25 0 26 17 27 16 26 8 27 9 27 10 26 1 27 0 27 10 26 8 27 9 27 10 27 10 27 10 27 10 27 10 27 10 27 10 27 10 27 10 27 10 27 10 27 10 27 10 27 10 26 18 27 19 26 8 27 9 26 1 27 0 26 1 27 0 25 0 26 1 25 0 26 17 27 16 25 20 28 3 26 8 25 1 26 0 25 10 25 2 28 3 25 10 25 10 11 6 25 7 25 10 25 10 11 17 25 15 11 6 25 7 25 10 25 2 28 3 25 10 11 6 25 7 25 10 11 17 25 15 11 6 25 7 11 17 25 15 10 9 11 15 25 16 10 9 11 15 25 16 10 9 11 15 25 16 10 1 11 0 10 1 11 0 10 1 11 0 10 1 11 0 10 2 11 3 10 2 11 3 10 9 11 15 25 16 10 2 11 3 10 2 11 3 11 17 25 15 10 9 11 15 25 16 10 2 11 3 10 1 11 0 10 2 11 3 10 2 11 3 10 1 11 0 10 1 11 0 10 9 11 15 25 16 10 9 11 15 25 16 10 9 11 15 25 16 11 17 25 15 11 17 25 15 11 17 25 15 11 17 25 15 11 6 25 7 11 6 25 7 11 6 25 7 11 6 25 7 25 10 11 6 25 7 25 10 25 10 25 10 25 10 25 10 25 2 28 3 25 10 25 2 28 3 25 1 28 0 25 10 25 10 25 2 28 3 25 2 28 3 25 2 28 3 25 18 28 19 25 18 28 19 25 2 28 3 25 18 28 19 25 18 28 19 25 18 28 19 28 10 28 10 28 10 25 19 28 18 25 1 28 0 28 10 25 8 28 9 25 4 28 5 28 9 29 8 28 9 29 8 28 9 29 8 28 9 29 8 28 8 29 9 28 8 29 9 28 8 29 9 28 8 29 9 29 10 29 10 29 10 29 10 29 10 29 10 29 10 29 10 29 10 29 10 28 8 29 9 29 10 29 10 28 9 29 8 28 9 29 8 28 8 29 9 28 9 29 8 29 10 28 8 29 9 29 10 29 10 29 10 29 10 29 10 29 10 29 10 29 10 29 10 29 10 29 10 28 8 29 9 28 8 29 9 28 8 29 9 29 10 29 10 29 10 29 10 28 8 29 9 28 8 29 9 28 9 29 8 28 9 29 8 28 9 29 8 25 4 28 5 25 4 28 5 28 9 29 8 28 9 29 8 25 4 28 5 25 4 28 5 25 4 28 5 25 1 28 0 25 1 28 0 25 1 28 0 25 1 28 0 25 1 28 0 25 40 28 41 26 0 25 20 28 3 26 8 25 2 28 3 25 2 28 3 25 2 28 3 25 2 28 3 25 10 25 10 25 10 25 10 25 10 11 6 25 7 11 6 25 7 11 6 25 7 25 10 25 10 25 10 25 10 11 6 25 7 25 1 26 0 25 1 26 0 25 1 26 0 25 0 26 9 27 3 25 0 26 1 25 0 26 9 27 3 25 0 26 1 26 1 27 0 25 0 26 9 27 3 26 1 27 0 26 18 27 19 26 1 27 0 26 4 27 5 27 10 26 1 27 0 26 1 27 0 26 4 27 5 26 4 27 5 26 18 27 19 26 3 27 2 26 3 27 2 26 3 27 2 27 10 27 10 27 10 27 10 27 10 27 10 27 10 27 10 27 10 27 10 27 10 27 10 17 10 14 6 17 7 14 6 17 7 17 10 17 10 14 6 17 7 17 10 17 2 20 3 17 10 17 2 20 3 17 1 20 0 17 10 17 10 17 10 14 6 17 7 17 1 18 0 17 1 18 0 17 10 17 2 20 3 17 1 20 0 17 1 20 0 17 2 20 3 17 4 20 5 17 1 20 0 17 1 20 0 17 40 20 41 18 0 17 20 20 3 18 8 17 1 18 0 17 0 18 9 19 3 17 0 18 1 18 1 19 0 17 0 18 9 19 3 17 0 18 9 19 3 17 0 18 1 18 1 19 0 18 1 19 0 18 18 19 19 18 1 19 0 18 1 19 0 18 4 19 5 19 10 18 4 19 5 18 4 19 5 18 18 19 19 18 3 19 2 18 3 19 2 18 3 19 2 19 10 19 10 19 10 19 10 19 10 19 10 19 10 19 10 19 10 19 10 19 10 19 10 29 10 29 10 29 10 28 8 29 9 28 8 29 9 28 9 29 8 28 9 29 8 25 4 28 5 25 8 28 9 28 10 25 19 28 18 30 24 31 3 32 3 30 9 31 8 30 24 31 3 32 3 30 9 31 8 30 4 31 5 30 42 31 43 32 43 30 4 31 5 30 8 31 9 30 9 31 8 33 24 34 3 35 3 30 8 31 9 30 0 31 1 30 4 31 5 33 9 34 8 36 44 37 41 38 41 30 8 31 9 36 24 37 3 34 3 39 45 40 46 41 46 33 30 34 27 39 17 40 6 37 3 39 45 40 46 41 46 36 47 40 16 37 48 39 1 40 0 39 2 40 16 41 16 39 19 40 0 37 0 33 18 34 4 31 3 39 7 40 6 0 10 39 19 40 18 36 49 40 16 37 50 0 10 0 2 42 3 39 1 40 0 39 32 40 8 37 8 39 18 40 19 0 10 33 0 34 1 0 14 39 51 40 18 36 52 40 0 37 53 39 0 40 1 33 29 34 54 31 29 33 16 40 0 37 17 30 0 31 1 33 41 34 55 31 14 30 3 31 2 30 0 31 1 30 3 31 2 30 3 31 2 31 10 31 10 31 10 40 0 37 35 34 27 43 6 40 27 37 18 36 3 43 15 40 31 43 18 40 18 37 0 39 3 43 8 40 20 0 3 43 2 0 56 39 57 43 58 0 0 43 1 0 0 43 1 0 30 43 27 0 8 43 9 0 19 43 18 0 18 43 19 0 19 43 18 0 1 43 0 0 2 43 3 0 21 43 16 0 18 43 19 0 10 0 10 0 10 0 10 0 10 0 10 0 10 0 9 44 8 0 10 0 19 44 18 0 18 44 19 0 10 0 18 44 19 0 0 44 1 0 4 44 5 0 0 44 1 44 10 44 10 0 35 45 16 44 19 0 0 45 16 44 17 45 3 44 2 0 4 45 3 44 18 45 35 44 55 45 8 44 9 45 8 44 9 45 4 44 5 45 4 44 5 45 9 44 8 45 4 44 5 45 55 44 35 45 2 44 16 42 16 45 44 44 41 42 41 0 3 45 13 44 14 45 24 44 3 42 3 0 4 45 3 44 18 0 18 45 18 44 0 0 8 45 9 0 10 0 10 30 24 31 3 32 3 30 24 31 3 32 3 30 9 32 8 30 9 32 8 30 4 32 5 30 42 31 43 32 43 30 4 32 5 30 8 32 9 30 9 32 8 33 24 34 3 35 3 30 8 32 9 30 0 32 1 30 4 32 5 33 9 35 8 36 44 37 41 38 41 30 8 32 9 36 24 38 3 35 3 39 45 40 46 41 46 33 30 35 27 39 17 41 6 38 3 39 45 40 46 41 46 36 47 41 16 38 48 39 1 41 0 39 2 40 16 41 16 39 19 41 0 38 0 33 18 35 4 32 3 39 7 41 6 0 10 39 19 41 18 0 10 0 2 42 3 39 1 41 0 39 32 41 8 38 8 0 10 36 49 41 16 38 50 39 18 41 19 33 0 35 1 33 29 35 54 32 29 36 52 41 0 38 53 30 0 32 1 33 41 35 55 32 14 30 0 32 1 30 3 32 2 30 3 32 2 30 3 32 2 32 10 32 10 32 10 41 0 38 35 35 27 33 16 41 0 38 17 46 6 41 27 38 18 36 3 46 15 41 31 46 18 41 18 38 0 39 0 41 1 39 3 46 8 41 20 0 3 46 2 0 14 39 51 41 18 0 56 39 57 46 58 0 0 46 1 0 0 46 1 0 10 0 19 46 18 0 18 46 19 0 19 46 18 0 1 46 0 0 8 46 9 0 2 46 3 0 21 46 16 0 30 46 27 0 18 46 19 0 10 0 10 0 10 0 10 0 10 0 10 0 10 0 9 42 8 0 10 0 19 42 18 0 18 42 19 0 10 0 18 42 19 0 0 42 1 0 4 42 5 0 0 42 1 42 10 42 10 0 35 45 16 42 19 0 0 45 16 42 17 45 3 42 2 0 4 45 3 42 18 45 35 42 55 45 8 42 9 45 8 42 9 45 4 42 5 45 4 42 5 45 9 42 8 45 4 42 5 45 55 42 35 45 2 44 16 42 16 45 44 44 41 42 41 0 3 45 13 42 14 45 24 44 3 42 3 0 4 45 3 42 18 0 18 45 18 42 0 0 8 45 9 0 10 30 24 31 3 32 3 30 24 31 3 32 3 30 9 31 8 30 9 31 8 30 4 31 5 30 42 31 43 32 43 30 4 31 5 30 8 31 9 30 9 31 8 33 24 34 3 35 3 30 8 31 9 30 0 31 1 30 4 31 5 33 9 34 8 36 44 37 41 38 41 30 8 31 9 36 24 37 3 34 3 39 45 40 46 41 46 33 30 34 27 39 17 40 6 37 3 39 45 40 46 41 46 36 47 40 16 37 48 39 1 40 0 39 2 40 16 41 16 39 19 40 0 37 0 33 18 34 4 31 3 39 7 40 6 0 10 39 19 40 18 0 10 0 2 42 3 39 1 40 0 39 32 40 8 37 8 0 10 36 49 40 16 37 50 39 18 40 19 33 0 34 1 33 29 34 54 31 29 36 52 40 0 37 53 30 0 31 1 33 41 34 55 31 14 30 0 31 1 30 3 31 2 30 3 31 2 30 3 31 2 31 10 31 10 31 10 40 0 37 35 34 27 33 16 40 0 37 17 43 6 40 27 37 18 36 3 43 15 40 31 43 18 40 18 37 0 39 0 40 1 39 3 43 8 40 20 0 3 43 2 0 14 39 51 40 18 0 56 39 57 43 58 0 0 43 1 0 0 43 1 0 10 0 19 43 18 0 18 43 19 0 19 43 18 0 1 43 0 0 8 43 9 0 2 43 3 0 21 43 16 0 30 43 27 0 18 43 19 0 10 0 10 0 10 0 10 0 10 0 10 0 10 0 9 44 8 0 10 0 19 44 18 0 18 44 19 0 10 0 18 44 19 0 0 44 1 0 4 44 5 0 0 44 1 44 10 44 10 0 35 45 16 44 19 0 0 45 16 44 17 45 3 44 2 0 4 45 3 44 18 45 35 44 55 45 8 44 9 45 8 44 9 45 4 44 5 45 4 44 5 45 9 44 8 45 4 44 5 45 55 44 35 45 2 44 16 42 16 45 44 44 41 42 41 0 3 45 13 44 14 45 24 44 3 42 3 0 4 45 3 44 18 0 18 45 18 44 0 0 8 45 9 0 10 30 24 31 3 32 3 30 9 32 8 30 24 31 3 32 3 30 9 32 8 30 4 32 5 30 42 31 43 32 43 30 4 32 5 30 8 32 9 30 9 32 8 33 24 34 3 35 3 30 8 32 9 30 0 32 1 30 4 32 5 33 9 35 8 36 44 37 41 38 41 30 8 32 9 36 24 38 3 35 3 39 45 40 46 41 46 33 30 35 27 39 17 41 6 38 3 39 45 40 46 41 46 36 47 41 16 38 48 39 1 41 0 39 2 40 16 41 16 39 19 41 0 38 0 33 18 35 4 32 3 39 7 41 6 0 10 39 19 41 18 36 49 41 16 38 50 0 10 0 2 42 3 39 1 41 0 39 32 41 8 38 8 39 18 41 19 0 10 33 0 35 1 0 14 39 51 41 18 36 52 41 0 38 53 39 0 41 1 33 29 35 54 32 29 33 16 41 0 38 17 30 0 32 1 33 41 35 55 32 14 30 3 32 2 30 0 32 1 30 3 32 2 30 3 32 2 32 10 32 10 32 10 41 0 38 35 35 27 46 6 41 27 38 18 36 3 46 15 41 31 46 18 41 18 38 0 39 3 46 8 41 20 0 3 46 2 0 56 39 57 46 58 0 0 46 1 0 0 46 1 0 30 46 27 0 8 46 9 0 19 46 18 0 18 46 19 0 19 46 18 0 1 46 0 0 2 46 3 0 21 46 16 0 18 46 19 0 10 0 10 0 10 0 10 0 10 0 10 0 10 0 9 42 8 0 10 0 19 42 18 0 18 42 19 0 10 0 18 42 19 0 0 42 1 0 4 42 5 0 0 42 1 42 10 42 10 0 35 45 16 42 19 0 0 45 16 42 17 45 3 42 2 0 4 45 3 42 18 45 35 42 55 45 8 42 9 45 8 42 9 45 4 42 5 45 4 42 5 45 9 42 8 45 4 42 5 45 55 42 35 45 2 44 16 42 16 45 44 44 41 42 41 0 3 45 13 42 14 45 24 44 3 42 3 0 4 45 3 42 18 0 18 45 18 42 0 0 8 45 9 0 10 0 10 9 10 9 19 47 18 9 59 47 60 9 18 47 19 9 10 9 0 47 1 9 61 47 49 9 62 47 26 9 0 47 1 9 3 47 2 9 4 47 5 9 10 9 18 47 19 9 8 47 9 47 10 9 0 47 1 9 0 47 1 47 10 9 8 47 9 9 3 47 39 48 16 47 2 48 3 9 0 47 1 47 2 48 3 47 1 48 0 9 3 47 39 48 16 47 1 48 0 47 4 48 5 47 2 48 3 47 1 48 0 9 0 47 1 9 3 47 39 48 16 47 2 48 3 47 1 48 0 47 2 48 3 47 1 48 0 47 1 48 0 47 1 48 0 9 3 47 39 48 16 9 3 47 24 48 3 9 6 47 17 48 3 9 6 47 17 48 3 9 18 47 19 9 0 47 17 48 16 9 0 47 1 9 18 47 19 9 19 47 18 9 8 47 9 9 19 47 18 9 10 9 10 9 19 47 18 9 10 9 10 9 10 9 10 9 10 9 10 9 10 9 10 9 10 9 10 9 10 9 10 9 10 9 10 9 10 9 10 9 10 9 10 9 10 9 10 9 10 9 10 9 10 9 10 9 10 9 10 9 10 9 10 9 10 9 10 9 10 9 10 9 10 9 10 9 10 9 10 9 10 9 10 9 10 9 10 9 10 9 10 9 10 9 10 9 10 9 10 9 10 9 10 9 10 9 10 9 10 9 10 9 10 9 10 9 10 9 10 9 10 9 10 9 10 9 10 9 10 9 10 9 10 9 10 9 10 9 10 9 10 9 10 9 10 9 10 9 10 9 10 9 10 9 10 9 10 9 10 9 10 9 10 9 10 9 10 9 10 9 10 9 10 9 10 9 10 9 10 9 10 9 10 9 10 9 10 9 10 9 10 9 10 9 10 9 10 9 10 9 10 9 10 9 10 9 10 9 10 9 10 9 10 9 10 9 10 9 10 9 10 9 10 9 10 9 10 9 10 9 10 9 10 9 10 9 10 9 10 9 10 9 10 9 10 9 10 9 10 9 10 9 10 9 10 9 10 9 10 9 10 9 10 9 10 9 10 9 10 9 10 9 10 9 10 9 10 9 10 9 10 9 10 9 10 9 10 9 10 9 10 9 10 9 10 9 10 9 10 9 10 9 10 9 10 9 10 9 10 9 10 9 10 9 10 9 10 9 10 9 10 9 10 9 10 9 10 9 10 9 10 9 10 9 10 9 10 9 10 9 10 9 10 9 10 9 10 9 10 9 10 9 10 9 10 9 10 9 10 9 10 9 10 9 10 9 10 9 10 9 10 9 10 9 10 9 10 9 10 9 10 9 10 9 10 9 10 9 10 9 10 9 10 9 10 9 10 9 10 9 10 9 10 9 10 9 10 9 10 9 10 9 10 9 10 9 59 47 60 9 10 9 10 9 10 9 10 9 10 9 10 9 10 9 10 9 10 9 10 9 10 9 10 9 10 9 10 9 10 9 10 9 10 9 10 9 10 9 10 9 10 9 10 9 10 9 10 9 10 9 10 9 10 9 10 9 10 9 10 9 10 9 10 9 10 9 10 9 10 9 10 9 10 9 10 9 10 9 10 9 10 9 10 9 10 9 10 9 10 9 10 9 10 9 10 9 10 9 10 9 10 9 10 9 10 9 10 9 10 9 10 9 10 9 10 9 10 9 10 9 10 9 10 9 10 9 10 9 10 9 10 9 10 9 10 9 10 9 10 9 10 9 10 9 10 9 10 9 10 9 10 9 10 9 10 9 10 9 10 9 10 9 10 9 10 9 10 9 10 9 10 9 63 47 22 9 10 9 10 9 2 47 3 9 10 9 10 9 10 9 10 9 10 9 10 9 10 9 10 9 10 9 10 9 10 9 10 9 10 9 10 9 10 9 10 9 10 9 10 9 10 9 10 9 10 9 10 9 10 9 10 9 10 9 10 9 10 9 10 9 10 9 10 9 10 9 10 9 10 9 10 9 10 9 10 9 10 9 10 9 10 9 10 9 10 9 10 9 10 9 10 9 10 9 10 9 10 9 10 9 10 9 10 9 10 9 10 9 10 9 10 9 10 9 10 9 10 9 10 9 10 9 10 9 10 9 10 9 10 9 10 9 10 9 10 9 10 9 10 9 10 9 10 9 10 9 10 9 10 9 10 9 10 9 10 9 10 9 10 9 10 9 10 9 10 9 10 9 10 9 10 9 10 9 10 9 10 9 10 9 10 9 10 9 10 9 10 9 10 9 10 9 10 9 10 9 10 9 10 9 10 9 10 9 10 9 10 9 10 9 10 9 10 9 10 9 10 9 10 9 10 9 10 9 10 9 10 9 10 9 10 9 10 9 10 9 10 9 10 9 10 9 10 9 10 9 10 9 10 9 10 9 10 9 10 9 10 9 10 9 10 9 10 9 10 9 10 9 10 9 10 9 10 9 10 9 10 9 10 9 10 9 10 9 10 9 10 9 10 9 10 9 10 9 10 9 10 9 10 9 10 9 10 9 10 9 10 9 10 9 10 9 10 9 10 9 10 9 10 9 10 9 10 9 10 9 10 9 10 9 10 9 10 9 10 9 10 9 10 9 10 9 62 47 26 9 10 9 10 9 10 9 10 9 10 9 10 9 10 9 10 9 10 9 10 9 10 9 10 9 10 9 10 9 10 9 10 9 10 9 10 9 10 9 10 9 10 9 10 9 10 9 10 9 10 9 10 9 10 9 10 9 10 9 10 9 10 9 64 47 65 48 22 9 10 6 10 6 10 6 10 6 10 6 10 6 10 6 10 6 10 6 10 6 10 5 8 6 9 5 8 6 9 6 10 5 8 6 9 6 10 6 10 6 10 5 8 6 9 6 10 6 10 6 10 6 10 6 10 6 10 6 10 6 10 6 10 6 10 6 10 6 4 49 5 6 10 5 8 6 9 6 10 6 4 49 5 6 3 49 2 6 10 5 3 6 2 5 8 6 9 6 19 49 18 6 9 49 8 5 3 6 2 5 8 6 9 6 3 49 2 6 3 49 2 49 10 49 10 6 3 49 2 49 10 49 10 49 10 49 10 49 10 49 10 6 3 49 2 6 9 49 8 6 3 49 2 6 9 49 8 5 3 6 2 5 3 6 2 5 8 6 9 6 9 49 8 5 3 6 2 5 8 6 9 6 3 49 2 6 9 49 8 49 10 6 3 49 2 6 3 49 2 6 19 49 18 6 4 49 5 6 4 49 5 6 10 6 10 6 10 6 10 6 10 5 8 6 9 6 10 6 10 6 10 6 10 5 8 6 9 6 10 6 10 6 10 6 10 6 10 6 10 6 10 6 10 6 10 6 10 6 10 5 8 6 9 6 10 6 10 5 8 6 9 6 10 6 10 6 10 6 10 6 10 6 10 8 10 8 10 8 10 8 10 8 10 8 10 8 10 8 10 8 10 8 10 7 8 8 9 7 8 8 9 8 10 7 8 8 9 8 10 8 10 8 10 8 10 7 8 8 9 8 10 8 10 8 10 8 10 8 10 8 10 8 10 8 10 8 10 8 10 8 4 50 5 8 10 7 8 8 9 8 10 8 4 50 5 8 3 50 2 8 10 8 19 50 18 8 3 50 2 50 10 50 10 8 3 50 2 8 9 50 8 7 3 8 2 7 8 8 9 8 3 50 2 7 3 8 2 7 8 8 9 8 9 50 8 7 3 8 2 50 10 8 9 50 8 7 3 8 2 7 8 8 9 8 3 50 2 8 9 50 8 7 3 8 2 7 8 8 9 8 3 50 2 8 10 7 8 8 9 8 9 50 8 8 10 8 10 7 8 8 9 8 10 8 19 50 18 8 3 50 2 8 10 50 10 50 10 50 10 50 10 50 10 50 10 8 3 50 2 8 3 50 2 8 4 50 5 8 4 50 5 8 10 8 10 8 10 8 10 8 10 8 10 8 10 8 10 8 10 8 10 8 10 8 10 8 10 8 10 8 10 7 8 8 9 8 10 8 10 7 8 8 9 8 10 8 10 8 10 8 10 8 10 8 10 16 24 23 3 22 3 16 1 23 22 22 23 16 25 23 26 22 26 16 10 16 10 16 21 22 16 16 1 22 0 16 10 16 21 22 16 16 1 22 0 16 10 16 21 22 16 16 1 22 0 16 10 16 21 22 16 16 1 22 0 16 21 22 16 16 10 16 10 16 25 23 26 22 26 16 10 16 21 23 16 16 10 16 24 23 3 22 3 16 1 23 23 22 22 16 21 23 16 16 1 23 0 16 10 16 1 23 0 16 21 23 16 16 10 16 1 23 0 16 21 23 16 16 10 16 21 23 16 16 1 23 0 16 10 16 1 23 23 22 22 16 24 23 3 22 3 16 1 23 0 16 1 23 0 16 1 23 0 16 1 23 0 16 1 23 0 16 1 23 0 16 1 23 0 16 1 23 23 22 22 16 24 23 3 22 3 16 10 16 24 23 3 22 3 16 1 23 22 22 23 16 1 22 0 16 1 22 0 16 1 22 0 16 1 22 0 16 1 22 0 16 1 22 0 16 1 22 0 16 1 23 22 22 23 16 24 23 3 22 3 16 10 16 10 16 10 16 10 16 10 16 10 16 10 16 10 16 2 22 3 16 63 22 22 16 10 16 10 16 28 22 29 5 3 16 66 22 51 5 3 16 21 22 16 16 10 16 10 16 7 22 6 16 7 22 6 16 7 22 6 16 10 16 17 22 15 16 67 22 48 5 3 16 28 22 29 5 3 16 35 22 18 5 15 16 66 22 51 5 3 16 35 22 18 5 15 16 35 22 18 5 15 16 35 22 18 5 15 16 6 22 35 5 5 16 6 22 35 5 5 22 0 5 55 6 6 16 6 22 35 5 5 16 6 22 35 5 5 16 35 22 18 5 15 16 66 22 51 5 3 16 6 22 35 5 5 16 17 22 15 16 35 22 18 5 15 16 66 22 51 5 3 16 7 22 6 16 10 16 17 22 15 16 7 22 6 16 10 16 2 22 3 16 10 16 10 16 17 22 15 16 2 22 3 16 10 16 66 22 51 5 3 16 7 22 6 16 10 16 9 22 8 16 7 22 6 16 10 16 55 22 35 16 66 22 51 5 3 16 55 22 35 16 4 22 18 5 3 16 7 22 6 16 21 22 16 16 10 16 10 16 7 22 6 16 21 22 16 16 10 16 10 16 20 22 8 5 3 16 10 16 10 16 2 22 3 16 10 16 10 16 10 16 10 16 21 22 16 16 66 22 51 5 3 16 31 22 15 5 3 16 66 22 51 5 3 16 35 22 18 5 15 16 35 22 18 5 15 16 35 22 18 5 15 16 35 22 18 5 15 16 6 22 35 5 5 16 6 22 35 5 5 16 6 22 35 5 5 22 0 5 55 6 6 22 0 5 55 6 6 22 0 5 55 6 6 16 6 22 35 5 5 5 4 6 5 5 4 6 5 5 8 6 9 5 8 6 9 5 4 6 5 5 8 6 9 5 4 6 5 5 8 6 9 22 0 5 55 6 6 5 4 6 5 5 4 6 5 5 8 6 9 22 0 5 55 6 6 5 4 6 5 5 8 6 9 22 0 5 55 6 6 22 0 5 55 6 6 5 4 6 5 5 8 6 9 5 8 6 9 5 4 6 5 22 0 5 55 6 6 5 4 6 5 5 8 6 9 22 0 5 55 6 6 16 6 22 35 5 5 16 6 22 35 5 5 16 6 22 35 5 5 16 6 22 35 5 5 16 35 22 18 5 15 16 35 22 18 5 15 16 6 22 35 5 5 16 35 22 18 5 15 16 35 22 18 5 15 16 4 22 18 5 3 16 35 22 18 5 15 16 6 22 35 5 5 22 0 5 55 6 6 22 0 5 55 6 6 5 4 6 5 5 8 6 9 5 4 6 5 22 0 5 55 6 6 22 0 5 55 6 6 5 4 6 5 5 8 6 9 22 0 5 55 6 6 5 4 6 5 5 8 6 9 5 4 6 5 5 8 6 9 16 10 16 10 16 10 16 10 16 10 16 10 16 10 16 10 16 2 23 3 16 63 23 22 16 10 16 10 16 28 23 29 7 3 16 66 23 51 7 3 16 21 23 16 16 10 16 10 16 7 23 6 16 7 23 6 16 7 23 6 16 10 16 17 23 15 16 67 23 48 7 3 16 28 23 29 7 3 16 35 23 18 7 15 16 66 23 51 7 3 16 35 23 18 7 15 16 35 23 18 7 15 16 35 23 18 7 15 16 6 23 35 7 5 16 6 23 35 7 5 23 0 7 55 8 6 16 6 23 35 7 5 16 6 23 35 7 5 16 35 23 18 7 15 16 66 23 51 7 3 16 6 23 35 7 5 16 17 23 15 16 35 23 18 7 15 16 66 23 51 7 3 16 7 23 6 16 10 16 17 23 15 16 7 23 6 16 10 16 2 23 3 16 10 16 10 16 17 23 15 16 2 23 3 16 10 16 66 23 51 7 3 16 7 23 6 16 10 16 9 23 8 16 7 23 6 16 10 16 55 23 35 16 66 23 51 7 3 16 55 23 35 16 4 23 18 7 3 16 7 23 6 16 21 23 16 16 10 16 10 16 7 23 6 16 21 23 16 16 10 16 10 16 10 16 10 16 2 23 3 16 20 23 8 7 3 16 10 16 10 16 10 16 10 16 21 23 16 16 66 23 51 7 3 16 31 23 15 7 3 16 66 23 51 7 3 16 35 23 18 7 15 16 35 23 18 7 15 16 35 23 18 7 15 16 35 23 18 7 15 16 6 23 35 7 5 16 6 23 35 7 5 16 6 23 35 7 5 23 0 7 55 8 6 23 0 7 55 8 6 23 0 7 55 8 6 16 6 23 35 7 5 7 4 8 5 7 4 8 5 7 8 8 9 7 8 8 9 7 4 8 5 7 8 8 9 7 4 8 5 7 8 8 9 23 0 7 55 8 6 7 4 8 5 7 4 8 5 7 8 8 9 23 0 7 55 8 6 7 4 8 5 7 8 8 9 23 0 7 55 8 6 23 0 7 55 8 6 7 4 8 5 7 8 8 9 7 8 8 9 7 4 8 5 23 0 7 55 8 6 7 8 8 9 7 4 8 5 23 0 7 55 8 6 16 6 23 35 7 5 16 6 23 35 7 5 16 6 23 35 7 5 16 6 23 35 7 5 16 35 23 18 7 15 16 35 23 18 7 15 16 6 23 35 7 5 16 35 23 18 7 15 16 35 23 18 7 15 16 4 23 18 7 3 16 35 23 18 7 15 16 6 23 35 7 5 23 0 7 55 8 6 23 0 7 55 8 6 7 4 8 5 7 8 8 9 7 4 8 5 23 0 7 55 8 6 23 0 7 55 8 6 7 4 8 5 7 8 8 9 23 0 7 55 8 6 7 4 8 5 7 8 8 9 7 4 8 5 7 8 8 9 6 10 6 10 6 10 6 10 6 10 6 10 6 10 6 10 6 10 6 10 6 10 6 10 6 10 6 10 6 10 6 10 6 10 6 4 49 5 6 4 49 5 6 4 49 5 6 3 49 2 6 3 49 2 49 10 49 10 49 10 8 10 8 10 8 10 8 10 8 10 8 10 8 10 8 10 8 10 8 10 8 10 8 10 8 10 8 10 8 10 8 10 8 10 8 4 50 5 8 4 50 5 8 4 50 5 8 3 50 2 8 3 50 2 50 10 50 10 50 10 9 10 9 2 47 3 9 10 9 10 9 2 47 3 9 10 9 2 47 3 9 10 9 1 47 6 48 16 9 2 47 3 9 10 9 19 47 18 9 1 47 0 9 9 47 8 9 18 47 19 9 30 47 35 48 3 9 27 47 4 48 16 9 6 47 17 48 3 9 30 47 35 48 3 9 0 47 40 48 41 47 1 48 0 9 8 47 4 48 0 9 8 47 4 48 0 9 3 47 4 48 18 47 4 48 5 9 0 47 27 48 35 9 0 47 27 48 35 9 3 47 15 48 31 9 0 47 27 48 35 9 3 47 15 48 31 47 8 48 9 9 16 47 0 48 17 47 8 48 9 9 16 47 0 48 17 47 4 48 5 47 1 48 0 47 6 48 7 47 4 48 5 47 8 48 9 47 6 48 7 47 1 48 0 47 2 48 3 47 4 48 5 47 1 48 0 47 8 48 9 47 4 48 5 47 2 48 3 47 10 47 1 48 0 47 10 47 10 9 3 47 2 47 2 48 3 9 3 47 2 9 0 47 1 9 46 47 68 48 0 9 15 47 9 48 16 9 8 47 9 9 19 47 18 9 19 47 18 9 10 9 0 47 40 48 41 9 21 47 16 9 10 9 30 47 18 48 16 9 1 47 0 9 2 47 3 9 1 47 0 9 30 47 35 48 3 9 8 47 4 48 0 9 3 47 4 48 18 47 4 48 5 47 8 48 9 47 8 48 9 47 8 48 9 9 3 47 15 48 31 47 6 48 7 47 6 48 7 47 6 48 7 47 16 48 21 47 16 48 21 47 16 48 21 48 10 47 16 48 21 47 16 48 21 47 16 48 21 47 16 48 21 9 16 47 0 48 17 47 16 48 21 47 6 48 7 47 16 48 21 47 6 48 7 47 16 48 21 </v>
        </vertex_weights>
      </skin>
    </controller>
    <controller id="Armature_face_low__MI_eye-mesh">
      <skin source="#face_low__MI_eye-mesh">
        <bind_shape_matrix>1 0 0 0 0 1 0 0 0 0 1 0 0 0 0 1</bind_shape_matrix>
        <source id="face_low__MI_eye-mesh-joint">
          <Name_array id="face_low__MI_eye-mesh-joint-array" count="1">head</Name_array>
          <technique_common>
            <accessor source="#face_low__MI_eye-mesh-joint-array" count="1" stride="1">
              <param name="JOINT" type="name" />
            </accessor>
          </technique_common>
        </source>
        <source id="face_low__MI_eye-mesh-inv_bind_matrix">
          <float_array id="face_low__MI_eye-mesh-inv_bind_matrix-array" count="16">1.490105E-07 1 -6.318092E-06 -0.7027102 -1.788149E-07 -6.347895E-06 -1 -0.01108249 -1 1.81677E-07 1.455072E-07 -7.028537E-08 0 0 0 1</float_array>
          <technique_common>
            <accessor source="#face_low__MI_eye-mesh-inv_bind_matrix-array" count="1" stride="16">
              <param name="TRANSFORM" type="float4x4" />
            </accessor>
          </technique_common>
        </source>
        <source id="face_low__MI_eye-mesh-weight">
          <float_array id="face_low__MI_eye-mesh-weight-array" count="1">1</float_array>
          <technique_common>
            <accessor source="#face_low__MI_eye-mesh-weight-array" count="1" stride="1">
              <param name="WEIGHT" type="float" />
            </accessor>
          </technique_common>
        </source>
        <joints>
          <input semantic="JOINT" source="#face_low__MI_eye-mesh-joint" />
          <input semantic="INV_BIND_MATRIX" source="#face_low__MI_eye-mesh-inv_bind_matrix" />
        </joints>
        <vertex_weights count="82">
          <input semantic="JOINT" source="#face_low__MI_eye-mesh-joint" offset="0" />
          <input semantic="WEIGHT" source="#face_low__MI_eye-mesh-weight" offset="1" />
          <vcount>1 1 1 1 1 1 1 1 1 1 1 1 1 1 1 1 1 1 1 1 1 1 1 1 1 1 1 1 1 1 1 1 1 1 1 1 1 1 1 1 1 1 1 1 1 1 1 1 1 1 1 1 1 1 1 1 1 1 1 1 1 1 1 1 1 1 1 1 1 1 1 1 1 1 1 1 1 1 1 1 1 1 </vcount>
          <v>0 0 0 0 0 0 0 0 0 0 0 0 0 0 0 0 0 0 0 0 0 0 0 0 0 0 0 0 0 0 0 0 0 0 0 0 0 0 0 0 0 0 0 0 0 0 0 0 0 0 0 0 0 0 0 0 0 0 0 0 0 0 0 0 0 0 0 0 0 0 0 0 0 0 0 0 0 0 0 0 0 0 0 0 0 0 0 0 0 0 0 0 0 0 0 0 0 0 0 0 0 0 0 0 0 0 0 0 0 0 0 0 0 0 0 0 0 0 0 0 0 0 0 0 0 0 0 0 0 0 0 0 0 0 0 0 0 0 0 0 0 0 0 0 0 0 0 0 0 0 0 0 0 0 0 0 0 0 0 0 0 0 0 0 </v>
        </vertex_weights>
      </skin>
    </controller>
    <controller id="Armature_face_low__MI_mouth-mesh">
      <skin source="#face_low__MI_mouth-mesh">
        <bind_shape_matrix>1 0 0 0 0 1 0 0 0 0 1 0 0 0 0 1</bind_shape_matrix>
        <source id="face_low__MI_mouth-mesh-joint">
          <Name_array id="face_low__MI_mouth-mesh-joint-array" count="1">head</Name_array>
          <technique_common>
            <accessor source="#face_low__MI_mouth-mesh-joint-array" count="1" stride="1">
              <param name="JOINT" type="name" />
            </accessor>
          </technique_common>
        </source>
        <source id="face_low__MI_mouth-mesh-inv_bind_matrix">
          <float_array id="face_low__MI_mouth-mesh-inv_bind_matrix-array" count="16">1.490105E-07 1 -6.318092E-06 -0.7027102 -1.788149E-07 -6.347895E-06 -1 -0.01108249 -1 1.81677E-07 1.455072E-07 -7.028537E-08 0 0 0 1</float_array>
          <technique_common>
            <accessor source="#face_low__MI_mouth-mesh-inv_bind_matrix-array" count="1" stride="16">
              <param name="TRANSFORM" type="float4x4" />
            </accessor>
          </technique_common>
        </source>
        <source id="face_low__MI_mouth-mesh-weight">
          <float_array id="face_low__MI_mouth-mesh-weight-array" count="1">1</float_array>
          <technique_common>
            <accessor source="#face_low__MI_mouth-mesh-weight-array" count="1" stride="1">
              <param name="WEIGHT" type="float" />
            </accessor>
          </technique_common>
        </source>
        <joints>
          <input semantic="JOINT" source="#face_low__MI_mouth-mesh-joint" />
          <input semantic="INV_BIND_MATRIX" source="#face_low__MI_mouth-mesh-inv_bind_matrix" />
        </joints>
        <vertex_weights count="68">
          <input semantic="JOINT" source="#face_low__MI_mouth-mesh-joint" offset="0" />
          <input semantic="WEIGHT" source="#face_low__MI_mouth-mesh-weight" offset="1" />
          <vcount>1 1 1 1 1 1 1 1 1 1 1 1 1 1 1 1 1 1 1 1 1 1 1 1 1 1 1 1 1 1 1 1 1 1 1 1 1 1 1 1 1 1 1 1 1 1 1 1 1 1 1 1 1 1 1 1 1 1 1 1 1 1 1 1 1 1 1 1 </vcount>
          <v>0 0 0 0 0 0 0 0 0 0 0 0 0 0 0 0 0 0 0 0 0 0 0 0 0 0 0 0 0 0 0 0 0 0 0 0 0 0 0 0 0 0 0 0 0 0 0 0 0 0 0 0 0 0 0 0 0 0 0 0 0 0 0 0 0 0 0 0 0 0 0 0 0 0 0 0 0 0 0 0 0 0 0 0 0 0 0 0 0 0 0 0 0 0 0 0 0 0 0 0 0 0 0 0 0 0 0 0 0 0 0 0 0 0 0 0 0 0 0 0 0 0 0 0 0 0 0 0 0 0 0 0 0 0 0 0 </v>
        </vertex_weights>
      </skin>
    </controller>
    <controller id="Armature_ribbon1_low__MI_body-mesh">
      <skin source="#ribbon1_low__MI_body-mesh">
        <bind_shape_matrix>1 0 0 0 0 1 0 0 0 0 1 0 0 0 0 1</bind_shape_matrix>
        <source id="ribbon1_low__MI_body-mesh-joint">
          <Name_array id="ribbon1_low__MI_body-mesh-joint-array" count="4">spine_b ribbon ribbon_L ribbon_R</Name_array>
          <technique_common>
            <accessor source="#ribbon1_low__MI_body-mesh-joint-array" count="4" stride="1">
              <param name="JOINT" type="name" />
            </accessor>
          </technique_common>
        </source>
        <source id="ribbon1_low__MI_body-mesh-inv_bind_matrix">
          <float_array id="ribbon1_low__MI_body-mesh-inv_bind_matrix-array" count="64">1.422914E-07 0.9993148 -0.03701127 -0.5317811 -1.842065E-07 -0.0370113 -0.9993148 0.02486493 -1 1.81677E-07 1.455072E-07 -7.028537E-08 0 0 0 1 2.19191E-07 0.3443615 0.9388372 -0.3657507 7.832102E-08 0.9388372 -0.3443614 -0.4966227 -1 1.81677E-07 1.455072E-07 -7.028536E-08 0 0 0 1 0.09985329 -0.9294212 0.3552543 0.4509624 2.086163E-07 0.3570388 0.9340896 -0.3725891 -0.9950023 -0.09327181 0.03565165 0.0946162 0 0 0 1 -0.09985343 -0.9294211 0.3552543 0.4509624 2.346933E-07 0.3570388 0.9340895 -0.3725894 -0.9950022 0.09327217 -0.03565136 -0.09461637 0 0 0 1</float_array>
          <technique_common>
            <accessor source="#ribbon1_low__MI_body-mesh-inv_bind_matrix-array" count="4" stride="16">
              <param name="TRANSFORM" type="float4x4" />
            </accessor>
          </technique_common>
        </source>
        <source id="ribbon1_low__MI_body-mesh-weight">
          <float_array id="ribbon1_low__MI_body-mesh-weight-array" count="3">0.6980392 0.3019608 1</float_array>
          <technique_common>
            <accessor source="#ribbon1_low__MI_body-mesh-weight-array" count="3" stride="1">
              <param name="WEIGHT" type="float" />
            </accessor>
          </technique_common>
        </source>
        <joints>
          <input semantic="JOINT" source="#ribbon1_low__MI_body-mesh-joint" />
          <input semantic="INV_BIND_MATRIX" source="#ribbon1_low__MI_body-mesh-inv_bind_matrix" />
        </joints>
        <vertex_weights count="110">
          <input semantic="JOINT" source="#ribbon1_low__MI_body-mesh-joint" offset="0" />
          <input semantic="WEIGHT" source="#ribbon1_low__MI_body-mesh-weight" offset="1" />
          <vcount>2 2 2 2 2 2 2 2 2 2 2 2 2 2 2 2 2 2 2 2 2 2 2 2 2 2 2 2 2 2 2 2 2 2 2 2 1 2 1 2 1 1 2 1 1 2 1 1 2 1 1 2 1 1 1 2 1 1 2 1 1 1 2 2 1 1 1 2 1 1 2 1 2 1 2 2 2 1 1 2 1 1 2 2 1 1 1 1 2 2 2 1 2 2 2 2 1 1 2 1 1 2 2 1 1 1 1 2 2 2 </vcount>
          <v>0 0 1 1 0 0 1 1 0 0 1 1 0 0 1 1 0 0 1 1 0 0 1 1 0 0 1 1 0 0 1 1 0 0 1 1 0 0 1 1 0 0 1 1 0 0 1 1 0 0 1 1 0 0 1 1 0 0 1 1 0 0 1 1 0 0 1 1 0 0 1 1 0 0 1 1 0 0 1 1 0 0 1 1 0 0 1 1 0 0 1 1 0 0 1 1 0 0 1 1 0 0 1 1 0 0 1 1 0 0 1 1 0 0 1 1 0 0 1 1 0 0 1 1 0 0 1 1 0 0 1 1 0 0 1 1 0 0 1 1 0 0 1 1 1 2 1 1 2 0 1 2 1 1 2 0 2 2 2 2 1 1 3 0 1 2 1 2 1 1 3 0 3 2 3 2 1 1 2 0 1 2 1 2 1 1 2 0 1 2 2 2 2 2 1 1 2 0 2 2 2 2 1 1 2 0 1 2 1 2 1 2 1 1 3 0 1 1 3 0 1 2 3 2 3 2 1 1 3 0 3 2 3 2 1 1 3 0 1 2 0 0 1 1 1 2 0 0 1 1 0 0 1 1 0 0 1 1 1 2 1 2 0 0 1 1 1 2 1 2 0 0 1 1 0 0 1 1 1 2 1 2 1 2 1 2 0 0 1 1 0 0 1 1 0 0 1 1 1 2 0 0 1 1 0 0 1 1 0 0 1 1 0 0 1 1 1 2 1 2 0 0 1 1 1 2 1 2 0 0 1 1 0 0 1 1 1 2 1 2 1 2 1 2 0 0 1 1 0 0 1 1 0 0 1 1 </v>
        </vertex_weights>
      </skin>
    </controller>
    <controller id="Armature_sword_low__MI_sword-mesh">
      <skin source="#sword_low__MI_sword-mesh">
        <bind_shape_matrix>1 0 0 0 0 1 0 0 0 0 1 0 0 0 0 1</bind_shape_matrix>
        <source id="sword_low__MI_sword-mesh-joint">
          <Name_array id="sword_low__MI_sword-mesh-joint-array" count="1">sword</Name_array>
          <technique_common>
            <accessor source="#sword_low__MI_sword-mesh-joint-array" count="1" stride="1">
              <param name="JOINT" type="name" />
            </accessor>
          </technique_common>
        </source>
        <source id="sword_low__MI_sword-mesh-inv_bind_matrix">
          <float_array id="sword_low__MI_sword-mesh-inv_bind_matrix-array" count="16">0.5735765 0.8191521 4.259037E-06 -0.001246452 -0.819152 0.5735764 3.21727E-06 -0.4186436 1.259882E-07 -5.366438E-06 0.9999998 0.0006355827 0 0 0 0.9999999</float_array>
          <technique_common>
            <accessor source="#sword_low__MI_sword-mesh-inv_bind_matrix-array" count="1" stride="16">
              <param name="TRANSFORM" type="float4x4" />
            </accessor>
          </technique_common>
        </source>
        <source id="sword_low__MI_sword-mesh-weight">
          <float_array id="sword_low__MI_sword-mesh-weight-array" count="1">1</float_array>
          <technique_common>
            <accessor source="#sword_low__MI_sword-mesh-weight-array" count="1" stride="1">
              <param name="WEIGHT" type="float" />
            </accessor>
          </technique_common>
        </source>
        <joints>
          <input semantic="JOINT" source="#sword_low__MI_sword-mesh-joint" />
          <input semantic="INV_BIND_MATRIX" source="#sword_low__MI_sword-mesh-inv_bind_matrix" />
        </joints>
        <vertex_weights count="478">
          <input semantic="JOINT" source="#sword_low__MI_sword-mesh-joint" offset="0" />
          <input semantic="WEIGHT" source="#sword_low__MI_sword-mesh-weight" offset="1" />
          <vcount>1 1 1 1 1 1 1 1 1 1 1 1 1 1 1 1 1 1 1 1 1 1 1 1 1 1 1 1 1 1 1 1 1 1 1 1 1 1 1 1 1 1 1 1 1 1 1 1 1 1 1 1 1 1 1 1 1 1 1 1 1 1 1 1 1 1 1 1 1 1 1 1 1 1 1 1 1 1 1 1 1 1 1 1 1 1 1 1 1 1 1 1 1 1 1 1 1 1 1 1 1 1 1 1 1 1 1 1 1 1 1 1 1 1 1 1 1 1 1 1 1 1 1 1 1 1 1 1 1 1 1 1 1 1 1 1 1 1 1 1 1 1 1 1 1 1 1 1 1 1 1 1 1 1 1 1 1 1 1 1 1 1 1 1 1 1 1 1 1 1 1 1 1 1 1 1 1 1 1 1 1 1 1 1 1 1 1 1 1 1 1 1 1 1 1 1 1 1 1 1 1 1 1 1 1 1 1 1 1 1 1 1 1 1 1 1 1 1 1 1 1 1 1 1 1 1 1 1 1 1 1 1 1 1 1 1 1 1 1 1 1 1 1 1 1 1 1 1 1 1 1 1 1 1 1 1 1 1 1 1 1 1 1 1 1 1 1 1 1 1 1 1 1 1 1 1 1 1 1 1 1 1 1 1 1 1 1 1 1 1 1 1 1 1 1 1 1 1 1 1 1 1 1 1 1 1 1 1 1 1 1 1 1 1 1 1 1 1 1 1 1 1 1 1 1 1 1 1 1 1 1 1 1 1 1 1 1 1 1 1 1 1 1 1 1 1 1 1 1 1 1 1 1 1 1 1 1 1 1 1 1 1 1 1 1 1 1 1 1 1 1 1 1 1 1 1 1 1 1 1 1 1 1 1 1 1 1 1 1 1 1 1 1 1 1 1 1 1 1 1 1 1 1 1 1 1 1 1 1 1 1 1 1 1 1 1 1 1 1 1 1 1 1 1 1 1 1 1 1 1 1 1 1 1 1 1 1 1 1 1 1 1 1 1 1 1 1 1 1 1 1 1 1 1 1 1 1 1 1 1 1 1 1 1 1 1 1 1 1 1 1 1 1 1 1 1 1 1 </vcount>
          <v>0 0 0 0 0 0 0 0 0 0 0 0 0 0 0 0 0 0 0 0 0 0 0 0 0 0 0 0 0 0 0 0 0 0 0 0 0 0 0 0 0 0 0 0 0 0 0 0 0 0 0 0 0 0 0 0 0 0 0 0 0 0 0 0 0 0 0 0 0 0 0 0 0 0 0 0 0 0 0 0 0 0 0 0 0 0 0 0 0 0 0 0 0 0 0 0 0 0 0 0 0 0 0 0 0 0 0 0 0 0 0 0 0 0 0 0 0 0 0 0 0 0 0 0 0 0 0 0 0 0 0 0 0 0 0 0 0 0 0 0 0 0 0 0 0 0 0 0 0 0 0 0 0 0 0 0 0 0 0 0 0 0 0 0 0 0 0 0 0 0 0 0 0 0 0 0 0 0 0 0 0 0 0 0 0 0 0 0 0 0 0 0 0 0 0 0 0 0 0 0 0 0 0 0 0 0 0 0 0 0 0 0 0 0 0 0 0 0 0 0 0 0 0 0 0 0 0 0 0 0 0 0 0 0 0 0 0 0 0 0 0 0 0 0 0 0 0 0 0 0 0 0 0 0 0 0 0 0 0 0 0 0 0 0 0 0 0 0 0 0 0 0 0 0 0 0 0 0 0 0 0 0 0 0 0 0 0 0 0 0 0 0 0 0 0 0 0 0 0 0 0 0 0 0 0 0 0 0 0 0 0 0 0 0 0 0 0 0 0 0 0 0 0 0 0 0 0 0 0 0 0 0 0 0 0 0 0 0 0 0 0 0 0 0 0 0 0 0 0 0 0 0 0 0 0 0 0 0 0 0 0 0 0 0 0 0 0 0 0 0 0 0 0 0 0 0 0 0 0 0 0 0 0 0 0 0 0 0 0 0 0 0 0 0 0 0 0 0 0 0 0 0 0 0 0 0 0 0 0 0 0 0 0 0 0 0 0 0 0 0 0 0 0 0 0 0 0 0 0 0 0 0 0 0 0 0 0 0 0 0 0 0 0 0 0 0 0 0 0 0 0 0 0 0 0 0 0 0 0 0 0 0 0 0 0 0 0 0 0 0 0 0 0 0 0 0 0 0 0 0 0 0 0 0 0 0 0 0 0 0 0 0 0 0 0 0 0 0 0 0 0 0 0 0 0 0 0 0 0 0 0 0 0 0 0 0 0 0 0 0 0 0 0 0 0 0 0 0 0 0 0 0 0 0 0 0 0 0 0 0 0 0 0 0 0 0 0 0 0 0 0 0 0 0 0 0 0 0 0 0 0 0 0 0 0 0 0 0 0 0 0 0 0 0 0 0 0 0 0 0 0 0 0 0 0 0 0 0 0 0 0 0 0 0 0 0 0 0 0 0 0 0 0 0 0 0 0 0 0 0 0 0 0 0 0 0 0 0 0 0 0 0 0 0 0 0 0 0 0 0 0 0 0 0 0 0 0 0 0 0 0 0 0 0 0 0 0 0 0 0 0 0 0 0 0 0 0 0 0 0 0 0 0 0 0 0 0 0 0 0 0 0 0 0 0 0 0 0 0 0 0 0 0 0 0 0 0 0 0 0 0 0 0 0 0 0 0 0 0 0 0 0 0 0 0 0 0 0 0 0 0 0 0 0 0 0 0 0 0 0 0 0 0 0 0 0 0 0 0 0 0 0 0 0 0 0 0 0 0 0 0 0 0 0 0 0 0 0 0 0 0 0 0 0 0 0 0 0 0 0 0 0 0 0 0 0 0 0 0 0 0 0 0 0 0 0 0 0 0 0 0 0 0 0 0 0 0 0 0 0 0 0 0 0 0 0 0 0 0 0 0 0 0 0 0 0 0 0 0 0 0 0 0 0 0 0 0 0 0 0 0 0 0 0 0 0 0 0 0 0 0 0 0 0 0 0 0 0 0 0 0 0 0 0 0 0 0 0 0 0 0 0 0 0 0 0 0 0 0 0 0 0 0 0 0 0 0 0 0 0 0 0 0 0 0 0 0 0 0 0 0 0 0 0 0 0 0 0 0 0 0 0 0 0 0 0 0 0 0 0 0 0 0 0 0 0 0 0 0 0 0 0 0 0 0 0 0 0 0 0 0 0 0 0 0 0 0 0 0 0 0 0 0 0 0 0 0 0 0 0 0 0 0 0 0 0 0 0 0 0 0 0 0 0 0 0 </v>
        </vertex_weights>
      </skin>
    </controller>
  </library_controllers>
  <library_visual_scenes>
    <visual_scene id="Scene" name="Scene">
      <node id="Armature" name="Armature" type="NODE">
        <matrix sid="transform">1 0 0 0 0 1 0 0 0 0 1 0 0 0 0 1</matrix>
        <node id="Armature_root" name="root" sid="root" type="JOINT">
          <matrix sid="transform">1 0 0 0 0 1 0 0 0 0 1 0 0 0 0 1</matrix>
          <node id="Armature_n_hara" name="n_hara" sid="n_hara" type="JOINT">
            <matrix sid="transform">1 0 0 0 0 1 0 0.3777738 0 0 1 0.008120914 0 0 0 1</matrix>
            <node id="Armature_spine_a" name="spine_a" sid="spine_a" type="JOINT">
              <matrix sid="transform">1.788139E-07 -1.490116E-07 -1 0 0.9998111 -0.01944032 1.490116E-07 0.002591992 -0.01944035 -0.9998111 1.788139E-07 0 0 0 0 1</matrix>
              <node id="Armature_spine_b" name="spine_b" sid="spine_b" type="JOINT">
                <matrix sid="transform">0.9998455 -0.01757728 0 0.152 0.01757728 0.9998455 0 0 0 0 1 0 0 0 0 1</matrix>
                <node id="Armature_clavicle_L" name="clavicle_L" sid="clavicle_L" type="JOINT">
                  <matrix sid="transform">-0.08709544 0.9955121 -0.0370166 0.05880687 0.003225982 -0.03687561 -0.9993148 0.02725044 -0.9961948 -0.08715534 3.576279E-07 -0.08225372 0 0 0 1</matrix>
                  <node id="Armature_arm_L_a" name="arm_L_a" sid="arm_L_a" type="JOINT">
                    <matrix sid="transform">0.6427873 5.960464E-08 0.7660446 0.101 -0.7660446 1.192093E-07 0.6427874 0 -5.960464E-08 -0.9999999 1.192093E-07 0 0 0 0 1</matrix>
                    <node id="Armature_arm_L_b" name="arm_L_b" sid="arm_L_b" type="JOINT">
                      <matrix sid="transform">1 0 0 0.122 0 1 0 0 0 0 1 0 0 0 0 1</matrix>
                      <node id="Armature_arm_L_b_aux1" name="arm_L_b_aux1" sid="arm_L_b_aux1" type="JOINT">
                        <matrix sid="transform">1 0 0 0.1347621 0 1 0 0 0 0 1 0 0 0 0 1</matrix>
                      </node>
                      <node id="Armature_hand_L" name="hand_L" sid="hand_L" type="JOINT">
                        <matrix sid="transform">0.9988111 -0.0484325 0.005549083 0.1343401 0.005542587 -0.0002684336 -0.9999847 0 0.04843324 0.9988264 3.26836E-07 0 0 0 0 1</matrix>
                        <node id="Armature_fingers_L_a" name="fingers_L_a" sid="fingers_L_a" type="JOINT">
                          <matrix sid="transform">0.9312863 0.3642458 -0.005542556 0.1197383 -0.3642499 0.9313012 0.0002687678 0 0.005259686 0.001768576 0.9999846 6.123018E-05 0 0 0 1</matrix>
                          <node id="Armature_fingers_L_b" name="fingers_L_b" sid="fingers_L_b" type="JOINT">
                            <matrix sid="transform">0.9760251 0.2176578 0 0.04880162 -0.2176578 0.9760251 0 0 0 0 1 0 0 0 0 1</matrix>
                          </node>
                        </node>
                        <node id="Armature_thumb_L_a" name="thumb_L_a" sid="thumb_L_a" type="JOINT">
                          <matrix sid="transform">0.6075845 -0.3637842 -0.7060468 0.04874135 -0.5969398 0.37724 -0.7080627 -0.0476583 0.5239311 0.8516755 0.01204796 0.06862446 0 0 0 1</matrix>
                          <node id="Armature_thumb_L_b" name="thumb_L_b" sid="thumb_L_b" type="JOINT">
                            <matrix sid="transform">0.9714793 0.1151487 0.2072887 0.06127064 -0.09703643 0.9906834 -0.09555273 0 -0.2163602 0.07271296 0.9736021 0 0 0 0 1</matrix>
                          </node>
                        </node>
                      </node>
                    </node>
                  </node>
                  <node id="Armature_clavicle_L_aux1" name="clavicle_L_aux1" sid="clavicle_L_aux1" type="JOINT">
                    <matrix sid="transform">0.9954644 0.02152964 -0.09266623 0.1028249 -0.01045336 0.9929117 0.1183936 0 0.09455834 -0.1168879 0.9886334 0 0 0 0 1</matrix>
                  </node>
                </node>
                <node id="Armature_clavicle_R" name="clavicle_R" sid="clavicle_R" type="JOINT">
                  <matrix sid="transform">0.08709592 -0.9955121 0.03701666 0.05880699 -0.003226101 0.03687587 0.9993147 0.02725041 -0.9961948 -0.08715555 2.086163E-07 0.0822537 0 0 0 1</matrix>
                  <node id="Armature_arm_R_a" name="arm_R_a" sid="arm_R_a" type="JOINT">
                    <matrix sid="transform">0.6427873 5.960464E-08 0.7660446 -0.1009997 -0.7660446 1.192093E-07 0.6427874 0 -5.960464E-08 -0.9999999 1.192093E-07 0 0 0 0 1</matrix>
                    <node id="Armature_arm_R_b" name="arm_R_b" sid="arm_R_b" type="JOINT">
                      <matrix sid="transform">1 0 0 -0.1219999 0 1 0 0 0 0 1 0 0 0 0 1</matrix>
                      <node id="Armature_arm_R_b_aux1" name="arm_R_b_aux1" sid="arm_R_b_aux1" type="JOINT">
                        <matrix sid="transform">1 0 0 -0.1347622 0 1 0 0 0 0 1 0 0 0 0 1</matrix>
                      </node>
                      <node id="Armature_hand_R" name="hand_R" sid="hand_R" type="JOINT">
                        <matrix sid="transform">0.9988111 -0.0484325 0.005549084 -0.1343399 0.005542589 -0.0002684337 -0.9999847 0 0.04843324 0.9988264 3.26836E-07 0 0 0 0 1</matrix>
                        <node id="Armature_fingers_R_a" name="fingers_R_a" sid="fingers_R_a" type="JOINT">
                          <matrix sid="transform">0.9312863 0.3642458 -0.005542555 -0.1197389 -0.3642499 0.9313012 0.0002687936 0 0.005259695 0.001768551 0.9999846 -6.126289E-05 0 0 0 1</matrix>
                          <node id="Armature_fingers_R_b" name="fingers_R_b" sid="fingers_R_b" type="JOINT">
                            <matrix sid="transform">0.9760251 0.2176578 0 -0.04880118 -0.2176578 0.9760251 0 0 0 0 1 0 0 0 0 1</matrix>
                          </node>
                        </node>
                        <node id="Armature_sword" name="sword" sid="sword" type="JOINT">
                          <matrix sid="transform">0.9988109 -0.04843325 0.005542581 -0.1102978 -0.0484325 -0.9988264 -0.000268721 0.06999371 0.005549091 -3.959576E-08 -0.9999846 -0.02424036 0 0 0 1</matrix>
                        </node>
                        <node id="Armature_thumb_R_a" name="thumb_R_a" sid="thumb_R_a" type="JOINT">
                          <matrix sid="transform">0.6075847 -0.3637843 -0.7060467 -0.04874173 -0.5969399 0.37724 -0.7080629 0.04765884 0.5239311 0.8516755 0.01204795 -0.06862442 0 0 0 1</matrix>
                          <node id="Armature_thumb_R_b" name="thumb_R_b" sid="thumb_R_b" type="JOINT">
                            <matrix sid="transform">0.9714794 0.1151487 0.2072887 -0.06127063 -0.09703646 0.9906834 -0.09555271 0 -0.2163603 0.07271293 0.9736021 0 0 0 0 1</matrix>
                          </node>
                        </node>
                      </node>
                    </node>
                  </node>
                  <node id="Armature_clavicle_R_aux1" name="clavicle_R_aux1" sid="clavicle_R_aux1" type="JOINT">
                    <matrix sid="transform">0.9954644 0.02152965 -0.09266625 -0.1028246 -0.01045337 0.9929118 0.1183936 0 0.09455838 -0.1168879 0.9886334 0 0 0 0 1</matrix>
                  </node>
                </node>
                <node id="Armature_cloak_C_a" name="cloak_C_a" sid="cloak_C_a" type="JOINT">
                  <matrix sid="transform">-0.8071883 0.5902938 5.72994E-08 0.1304068 0.5902938 0.8071883 -1.061389E-07 0.1682832 -1.089045E-07 -5.185056E-08 -1 0 0 0 0 1</matrix>
                  <node id="Armature_cloak_C_b" name="cloak_C_b" sid="cloak_C_b" type="JOINT">
                    <matrix sid="transform">0.9631307 0.2690336 0 0.08318154 -0.2690336 0.9631307 0 0 0 0 1 0 0 0 0 1</matrix>
                    <node id="Armature_cloak_C_c" name="cloak_C_c" sid="cloak_C_c" type="JOINT">
                      <matrix sid="transform">0.9859065 0.1672974 0 0.1212126 -0.1672974 0.9859065 0 0 0 0 1 0 0 0 0 1</matrix>
                      <node id="Armature_cloak_C_d" name="cloak_C_d" sid="cloak_C_d" type="JOINT">
                        <matrix sid="transform">0.9962076 0.08700807 0 0.1593245 -0.08700807 0.9962076 0 0 0 0 1 0 0 0 0 1</matrix>
                      </node>
                    </node>
                  </node>
                </node>
                <node id="Armature_cloak_L_a" name="cloak_L_a" sid="cloak_L_a" type="JOINT">
                  <matrix sid="transform">-0.2540024 0.8545834 -0.4529571 0.1249345 0.4921327 -0.2889678 -0.8211597 -0.04492915 -0.8326394 -0.4314916 -0.3471697 -0.1630959 0 0 0 1</matrix>
                  <node id="Armature_cloak_L_b" name="cloak_L_b" sid="cloak_L_b" type="JOINT">
                    <matrix sid="transform">0.6953304 0.5719231 0.4352238 0.1374714 -0.4867785 0.8203015 -0.3002536 0 -0.5287367 -0.003082126 0.8487803 0 0 0 0 1</matrix>
                    <node id="Armature_cloak_L_c" name="cloak_L_c" sid="cloak_L_c" type="JOINT">
                      <matrix sid="transform">0.8816355 0.4206383 -0.2139677 0.06898955 -0.3337281 0.8762636 0.3475453 0 0.3336829 -0.2350013 0.9129239 0 0 0 0 1</matrix>
                      <node id="Armature_cloak_L_d" name="cloak_L_d" sid="cloak_L_d" type="JOINT">
                        <matrix sid="transform">0.9108458 0.3822734 -0.1556503 0.1246999 -0.346679 0.9132177 0.2141196 0 0.2239948 -0.1410692 0.9643266 0 0 0 0 1</matrix>
                        <node id="Armature_cloak_L_e" name="cloak_L_e" sid="cloak_L_e" type="JOINT">
                          <matrix sid="transform">0.977389 0.1747257 -0.119087 0.1734372 -0.1794125 0.9833238 -0.02975941 0 0.1119013 0.05045219 0.9924378 0 0 0 0 1</matrix>
                        </node>
                      </node>
                    </node>
                  </node>
                </node>
                <node id="Armature_cloak_R_a" name="cloak_R_a" sid="cloak_R_a" type="JOINT">
                  <matrix sid="transform">0.2540026 -0.8545833 0.4529571 0.1249345 -0.4921325 0.2889679 0.8211596 -0.04492917 -0.8326393 -0.4314916 -0.3471696 0.163096 0 0 0 1</matrix>
                  <node id="Armature_cloak_R_b" name="cloak_R_b" sid="cloak_R_b" type="JOINT">
                    <matrix sid="transform">0.6953303 0.5719231 0.4352236 -0.1374712 -0.4867786 0.8203014 -0.3002535 0 -0.5287365 -0.003082156 0.8487803 0 0 0 0 1</matrix>
                    <node id="Armature_cloak_R_c" name="cloak_R_c" sid="cloak_R_c" type="JOINT">
                      <matrix sid="transform">0.8816354 0.4206386 -0.2139677 -0.06898984 -0.3337283 0.8762634 0.3475455 0 0.3336831 -0.2350014 0.9129238 0 0 0 0 1</matrix>
                      <node id="Armature_cloak_R_d" name="cloak_R_d" sid="cloak_R_d" type="JOINT">
                        <matrix sid="transform">0.9108454 0.3822742 -0.1556506 -0.1247 -0.3466796 0.9132172 0.2141201 0 0.2239954 -0.1410694 0.9643264 0 0 0 0 1</matrix>
                        <node id="Armature_cloak_R_e" name="cloak_R_e" sid="cloak_R_e" type="JOINT">
                          <matrix sid="transform">0.977389 0.1747257 -0.1190869 -0.1734371 -0.1794125 0.9833238 -0.0297594 0 0.1119013 0.05045217 0.9924378 0 0 0 0 1</matrix>
                        </node>
                      </node>
                    </node>
                  </node>
                </node>
                <node id="Armature_collar_C" name="collar_C" sid="collar_C" type="JOINT">
                  <matrix sid="transform">0.6676154 -0.7445064 -7.637205E-08 0.1407545 0.7445064 0.6676154 -3.409627E-08 0.1678999 7.637205E-08 -3.409627E-08 1 0 0 0 0 1</matrix>
                </node>
                <node id="Armature_collar_L" name="collar_L" sid="collar_L" type="JOINT">
                  <matrix sid="transform">0.6043735 -0.7943448 0.0612294 0.1488731 0.02181256 0.09332279 0.9953969 0.0245871 -0.7964025 -0.600256 0.07372852 -0.1761984 0 0 0 1</matrix>
                </node>
                <node id="Armature_collar_R" name="collar_R" sid="collar_R" type="JOINT">
                  <matrix sid="transform">-0.6043735 0.7943448 -0.06122937 0.1488731 -0.02181259 -0.09332275 -0.995397 0.02458714 -0.7964025 -0.600256 0.07372861 0.176198 0 0 0 1</matrix>
                </node>
                <node id="Armature_head" name="head" sid="head" type="JOINT">
                  <matrix sid="transform">0.9993151 0.03700496 0 0.1708579 -0.03700496 0.9993151 0 0.009936064 0 0 1 0 0 0 0 1</matrix>
                  <node id="Armature_ss_head" name="ss_head" sid="ss_head" type="JOINT">
                    <matrix sid="transform">1 0 0 0.0049 0 1 0 0 0 0 1 0 0 0 0 1</matrix>
                    <node id="Armature_hair_a" name="hair_a" sid="hair_a" type="JOINT">
                      <matrix sid="transform">0.649414 -0.6957762 0.3068505 0.5171545 -0.2499305 -0.5763949 -0.7780127 -0.2663316 0.7181898 0.4285609 -0.5482144 0.2896972 0 0 0 1</matrix>
                      <node id="Armature_hair_b" name="hair_b" sid="hair_b" type="JOINT">
                        <matrix sid="transform">0.1209969 0.9583746 -0.2586076 0.1972673 -0.9696541 0.05835712 -0.2374143 0 -0.2124403 0.2794863 0.9363528 0 0 0 0 1</matrix>
                      </node>
                    </node>
                  </node>
                </node>
                <node id="Armature_ribbon" name="ribbon" sid="ribbon" type="JOINT">
                  <matrix sid="transform">0.3093779 0.9509392 0 0.05363192 -0.9509392 0.3093779 0 -0.1692977 0 0 1 0 0 0 0 1</matrix>
                  <node id="Armature_ribbon_L" name="ribbon_L" sid="ribbon_L" type="JOINT">
                    <matrix sid="transform">0.01346915 0.9999084 0.001351681 0.0006022938 -0.994911 0.01353681 -0.09984422 -0.03346459 -0.09985337 1.117587E-08 0.9950022 -0.04911327 0 0 0 1</matrix>
                  </node>
                  <node id="Armature_ribbon_R" name="ribbon_R" sid="ribbon_R" type="JOINT">
                    <matrix sid="transform">0.01346915 0.9999084 -0.001351681 0.0006025685 -0.994911 0.01353681 0.09984422 -0.03346451 0.09985337 -1.117587E-08 0.9950022 0.0491133 0 0 0 1</matrix>
                  </node>
                </node>
              </node>
            </node>
            <node id="Armature_waist" name="waist" sid="waist" type="JOINT">
              <matrix sid="transform">2.086163E-07 5.960464E-08 1 0 -1 2.086163E-07 5.960464E-08 -0.00544714 -5.960464E-08 -1 2.086163E-07 0 0 0 0 1</matrix>
              <node id="Armature_leg_L_a" name="leg_L_a" sid="leg_L_a" type="JOINT">
                <matrix sid="transform">1 0 0 0.1349337 0 1 0 0.007935909 0 0 1 0.1169305 0 0 0 1</matrix>
                <node id="Armature_leg_L_b" name="leg_L_b" sid="leg_L_b" type="JOINT">
                  <matrix sid="transform">1 0 0 0.06775701 0 1 0 0 0 0 1 0 0 0 0 1</matrix>
                  <node id="Armature_leg_L_c" name="leg_L_c" sid="leg_L_c" type="JOINT">
                    <matrix sid="transform">1 0 0 0.07025615 0 1 0 0 0 0 1 0 0 0 0 1</matrix>
                    <node id="Armature_leg_L_d" name="leg_L_d" sid="leg_L_d" type="JOINT">
                      <matrix sid="transform">0.1345064 0.9909127 6.602244E-06 0.05538215 -0.9909127 0.1345064 -4.863891E-05 -0.1613821 -4.908495E-05 -3.637979E-12 1 0 0 0 0 1</matrix>
                    </node>
                  </node>
                </node>
              </node>
              <node id="Armature_leg_R_a" name="leg_R_a" sid="leg_R_a" type="JOINT">
                <matrix sid="transform">1 0 0 0.1349336 0 1 0 0.007935909 0 0 1 -0.116931 0 0 0 1</matrix>
                <node id="Armature_leg_R_b" name="leg_R_b" sid="leg_R_b" type="JOINT">
                  <matrix sid="transform">1 0 0 0.067757 0 1 0 0 0 0 1 0 0 0 0 1</matrix>
                  <node id="Armature_leg_R_c" name="leg_R_c" sid="leg_R_c" type="JOINT">
                    <matrix sid="transform">1 0 0 0.0702562 0 1 0 0 0 0 1 0 0 0 0 1</matrix>
                    <node id="Armature_leg_R_d" name="leg_R_d" sid="leg_R_d" type="JOINT">
                      <matrix sid="transform">0.1345064 0.9909127 -7.298524E-06 0.0553822 -0.9909127 0.1345064 5.376842E-05 -0.161382 5.426151E-05 1.818989E-12 1 0 0 0 0 1</matrix>
                    </node>
                  </node>
                </node>
              </node>
            </node>
          </node>
        </node>
      </node>
      <node id="backle_low__MI_body" name="backle_low__MI_body" type="NODE">
        <instance_controller url="#Armature_backle_low__MI_body-mesh">
          <skeleton>#Armature_root</skeleton>
          <bind_material>
            <technique_common>
              <instance_material symbol="MI_body" target="#MI_body" />
              <bind_vertex_input semantic="CHANNEL0" input_semantic="TEXCOORD" input_set="0" />
              <bind_vertex_input semantic="CHANNEL1" input_semantic="TEXCOORD" input_set="1" />
              <bind_vertex_input semantic="CHANNEL2" input_semantic="TEXCOORD" input_set="2" />
            </technique_common>
          </bind_material>
        </instance_controller>
      </node>
      <node id="body_low__MI_body" name="body_low__MI_body" type="NODE">
        <instance_controller url="#Armature_body_low__MI_body-mesh">
          <skeleton>#Armature_root</skeleton>
          <bind_material>
            <technique_common>
              <instance_material symbol="MI_body" target="#MI_body" />
              <bind_vertex_input semantic="CHANNEL0" input_semantic="TEXCOORD" input_set="0" />
              <bind_vertex_input semantic="CHANNEL1" input_semantic="TEXCOORD" input_set="1" />
              <bind_vertex_input semantic="CHANNEL2" input_semantic="TEXCOORD" input_set="2" />
            </technique_common>
          </bind_material>
        </instance_controller>
      </node>
      <node id="face_low__MI_eye" name="face_low__MI_eye" type="NODE">
        <instance_controller url="#Armature_face_low__MI_eye-mesh">
          <skeleton>#Armature_root</skeleton>
          <bind_material>
            <technique_common>
              <instance_material symbol="MI_eye" target="#MI_eye" />
              <bind_vertex_input semantic="CHANNEL0" input_semantic="TEXCOORD" input_set="0" />
              <bind_vertex_input semantic="CHANNEL1" input_semantic="TEXCOORD" input_set="1" />
              <bind_vertex_input semantic="CHANNEL2" input_semantic="TEXCOORD" input_set="2" />
            </technique_common>
          </bind_material>
        </instance_controller>
      </node>
      <node id="face_low__MI_mouth" name="face_low__MI_mouth" type="NODE">
        <instance_controller url="#Armature_face_low__MI_mouth-mesh">
          <skeleton>#Armature_root</skeleton>
          <bind_material>
            <technique_common>
              <instance_material symbol="MI_mouth" target="#MI_mouth" />
              <bind_vertex_input semantic="CHANNEL0" input_semantic="TEXCOORD" input_set="0" />
              <bind_vertex_input semantic="CHANNEL1" input_semantic="TEXCOORD" input_set="1" />
              <bind_vertex_input semantic="CHANNEL2" input_semantic="TEXCOORD" input_set="2" />
            </technique_common>
          </bind_material>
        </instance_controller>
      </node>
      <node id="ribbon1_low__MI_body" name="ribbon1_low__MI_body" type="NODE">
        <instance_controller url="#Armature_ribbon1_low__MI_body-mesh">
          <skeleton>#Armature_root</skeleton>
          <bind_material>
            <technique_common>
              <instance_material symbol="MI_body" target="#MI_body" />
              <bind_vertex_input semantic="CHANNEL0" input_semantic="TEXCOORD" input_set="0" />
              <bind_vertex_input semantic="CHANNEL1" input_semantic="TEXCOORD" input_set="1" />
              <bind_vertex_input semantic="CHANNEL2" input_semantic="TEXCOORD" input_set="2" />
            </technique_common>
          </bind_material>
        </instance_controller>
      </node>
      <node id="sword_low__MI_sword" name="sword_low__MI_sword" type="NODE">
        <instance_controller url="#Armature_sword_low__MI_sword-mesh">
          <skeleton>#Armature_root</skeleton>
          <bind_material>
            <technique_common>
              <instance_material symbol="MI_sword" target="#MI_sword" />
              <bind_vertex_input semantic="CHANNEL0" input_semantic="TEXCOORD" input_set="0" />
              <bind_vertex_input semantic="CHANNEL1" input_semantic="TEXCOORD" input_set="1" />
              <bind_vertex_input semantic="CHANNEL2" input_semantic="TEXCOORD" input_set="2" />
            </technique_common>
          </bind_material>
        </instance_controller>
      </node>
    </visual_scene>
  </library_visual_scenes>
  <scene>
    <instance_visual_scene url="#Scene" />
  </scene>
</COLLADA>