version 1
nodes
0 "root" -1
1 "n_hara" 0
2 "spine_a" 1
3 "spine_b" 2
4 "clavicle_L" 3
5 "arm_L_a" 4
6 "arm_L_b" 5
7 "arm_L_b_aux1" 6
8 "hand_L" 6
9 "fingers_L_a" 8
10 "fingers_L_b" 9
11 "thumb_L_a" 8
12 "thumb_L_b" 11
13 "clavicle_L_aux1" 4
14 "clavicle_R" 3
15 "arm_R_a" 14
16 "arm_R_b" 15
17 "arm_R_b_aux1" 16
18 "hand_R" 16
19 "fingers_R_a" 18
20 "fingers_R_b" 19
21 "sword" 18
22 "thumb_R_a" 18
23 "thumb_R_b" 22
24 "clavicle_R_aux1" 14
25 "cloak_C_a" 3
26 "cloak_C_b" 25
27 "cloak_C_c" 26
28 "cloak_C_d" 27
29 "cloak_L_a" 3
30 "cloak_L_b" 29
31 "cloak_L_c" 30
32 "cloak_L_d" 31
33 "cloak_L_e" 32
34 "cloak_R_a" 3
35 "cloak_R_b" 34
36 "cloak_R_c" 35
37 "cloak_R_d" 36
38 "cloak_R_e" 37
39 "collar_C" 3
40 "collar_L" 3
41 "collar_R" 3
42 "head" 3
43 "ss_head" 42
44 "hair_a" 43
45 "hair_b" 44
46 "ribbon" 3
47 "ribbon_L" 46
48 "ribbon_R" 46
49 "waist" 1
50 "leg_L_a" 49
51 "leg_L_b" 50
52 "leg_L_c" 51
53 "leg_L_d" 52
54 "leg_R_a" 49
55 "leg_R_b" 54
56 "leg_R_c" 55
57 "leg_R_d" 56
end
skeleton
time 0
0 0 0 0 0 0 0
1 0.05228261 0.4601497 -0.1393948 0.006333262 0.03608444 -0.003872372
2 0 0.002591992 0 -1.343674 0.09627175 1.653562
3 0.152 0 0 -0.1694808 -0.1682044 0.08642245
4 0.05880687 0.02725044 -0.08225372 1.991049 1.428867 0.3921991
5 0.1144182 0.0005082054 0.0002229364 -2.815974 0.01599268 -1.025139
6 0.122 0 0 0 0 -1.141487
7 0.1347621 0 0 -0.7212724 0 0
8 0.1343401 0 0 0.1510007 -0.166495 -0.1328567
9 0.1197383 0 6.123017E-05 0.00159453 -0.005315077 -0.3399126
10 0.04880161 0 0 0 0 -0.3734781
11 0.04874135 -0.0476583 0.06862446 1.37337 -0.5782343 -0.5554221
12 0.06127064 0 0 -0.04514289 0.1117197 -0.4678915
13 0.1028249 0 0 -0.1176855 -0.09469986 -0.01050035
14 0.05880699 0.02725041 0.0822537 -1.570795 1.371103 -0.03702443
15 -0.1009997 0 0 -1.622314 0.7519171 -0.3982772
16 -0.1219999 0 0 1.018397E-06 -2.77252E-06 -1.083317
17 -0.1347622 0 0 -0.34282 0 0
18 -0.1343399 0 0 1.139334 0.3686295 0.632401
19 -0.1197386 0 -6.123033E-05 -0.001372244 -0.005376858 0.2012115
20 -0.04880161 0 0 0 0 -0.707715
21 -0.1889133 0.06475638 -0.0265498 -3.139415 -0.005103788 -0.4518085
22 -0.04874142 0.04765864 -0.06862451 1.787741 -0.276586 -0.7554917
23 -0.06127064 0 0 -0.06257772 0.2217633 -0.7094637
24 -0.1028246 0 0 -0.1176855 -0.09469986 -0.01050035
25 0.1304068 0.1682832 0 2.960363 -0.5104352 2.515474
26 0.08318153 0 0 -0.0746502 -0.1128951 0.09218264
27 0.1212126 0 0 0.01371563 -0.1390969 0.1369114
28 0.1593245 0 0 0.2468981 -0.1961452 0.1662464
29 0.1645917 -0.04440548 -0.156348 -2.736032 0.3894528 1.447175
30 0.1386825 -0.006931146 0.004727043 0.3438253 0.2339205 -0.7670875
31 0.07876897 1.806102E-05 -0.005639316 -0.7993239 -0.2179896 -0.1586669
32 0.130848 0.0002848966 0.00104755 -0.1460053 0.01906968 -0.641344
33 0.1839588 0.0008644731 0.002803161 -0.02154515 -0.1493675 -0.01157361
34 0.1270494 -0.04932458 0.1731288 -2.559282 1.220298 -1.409363
35 -0.1374714 3.473833E-07 -5.7742E-08 0.06337721 0.4965227 -0.4662753
36 -0.06898984 0 0 -0.2482273 -0.3956928 -0.3453968
37 -0.1247 0 0 -0.2295677 0.2797359 -0.1800956
38 -0.1734369 0 0 0.2191872 -0.05186437 -0.1405727
39 0.1243179 0.1711765 0 0.002806389 0.1753002 1.10784
40 0.1502504 0.1029305 -0.176686 -1.260847 1.271826 0.1802124
41 0.0984958 0.02850619 0.1872715 -1.436432 0.9857122 -3.091013
42 0.1708579 0.009936064 0 -0.1010306 0.05957066 -0.1080591
43 0.0049 0 0 0 0 0
44 0.5171545 -0.2663316 0.2896972 2.557994 -0.744569 -0.479586
45 0.1972673 0 0 0.284299 0.1038048 -1.482248
46 0.05363192 -0.1692977 0 -0.1784807 1.490116E-08 -1.228345
47 0.0006023012 -0.03346459 -0.04911327 -0.02998958 0.1795298 -1.86108
48 0.000602576 -0.03346451 0.0491133 0.01859463 0.005226913 -1.743566
49 0 -0.00544714 0 -2.065893 0.1381556 -1.535276
50 0.1349337 0.007935909 0.1169305 -0.388433 -0.09587733 0.01600277
51 0.06775701 0 0 0 0 0
52 0.07025615 0 0 -0.03570436 0.2238656 -0.05037867
53 0.05538215 -0.1613821 0 -0.01709938 0.00564654 -1.513184
54 0.1349336 0.007935909 -0.116931 0.6537648 0.3184939 -0.06054283
55 0.067757 0 0 0 0 0
56 0.0702562 0 0 0.07238954 -0.2080028 0.09515626
57 0.0553822 -0.161382 0 0.06357618 -0.02569135 -1.567969
time 1
0 0 0 0 0 0 0
1 0.05231588 0.460074 -0.1390666 0.006332719 0.03608125 -0.007122859
2 0 0.002591992 0 -1.343646 0.09423751 1.653505
3 0.152 0 0 -0.16948 -0.1681204 0.0850599
4 0.05880687 0.02725044 -0.08225372 1.994894 1.430275 0.3959993
5 0.1144182 0.0005082054 0.0002229364 -2.817557 0.01281209 -1.017694
6 0.122 0 0 0 0 -1.124081
7 0.1347621 0 0 -0.7212724 0 0
8 0.1343401 0 0 0.1528363 -0.1662424 -0.1435468
9 0.1197383 0 6.123017E-05 0.00159453 -0.005315077 -0.3459033
10 0.04880161 0 0 0 0 -0.3811271
11 0.04874135 -0.0476583 0.06862446 1.374839 -0.5728768 -0.5563198
12 0.06127064 0 0 -0.04743096 0.11163 -0.4774765
13 0.1028249 0 0 -0.1176855 -0.09469986 -0.01050035
14 0.05880699 0.02725041 0.0822537 -1.570795 1.371103 -0.03702443
15 -0.1009997 0 0 -1.62611 0.7495683 -0.4022361
16 -0.1219999 0 0 1.018397E-06 -2.77252E-06 -1.075003
17 -0.1347622 0 0 -0.3419719 0 0
18 -0.1343399 0 0 1.138191 0.3705939 0.6243261
19 -0.1197386 0 -6.123033E-05 -0.001372244 -0.005376858 0.2012115
20 -0.04880161 0 0 0 0 -0.707715
21 -0.1889133 0.06475638 -0.0265498 -3.139415 -0.005103788 -0.4518085
22 -0.04874142 0.04765864 -0.06862451 1.787741 -0.276586 -0.7554917
23 -0.06127064 0 0 -0.06257772 0.2217633 -0.7094637
24 -0.1028246 0 0 -0.1176855 -0.09469986 -0.01050035
25 0.1304068 0.1682832 0 2.959694 -0.5104505 2.519015
26 0.08318153 0 0 -0.07422448 -0.1128217 0.09192112
27 0.1212126 0 0 0.01393376 -0.1390998 0.1369184
28 0.1593245 0 0 0.2468981 -0.1961452 0.1669767
29 0.1645048 -0.04432739 -0.1564655 -2.736218 0.3888537 1.450429
30 0.1386825 -0.006931146 0.004727043 0.3438253 0.2339205 -0.7670875
31 0.07876897 1.806102E-05 -0.005639316 -0.7991444 -0.2128786 -0.1595227
32 0.130848 0.0002848966 0.00104755 -0.1451589 0.02509446 -0.645216
33 0.1839588 0.0008644731 0.002803161 -0.02040493 -0.1485884 -0.02149256
34 0.1270494 -0.0492892 0.173128 -2.558681 1.220912 -1.405566
35 -0.137555 -0.0003351529 0.0001632927 0.06337721 0.4965227 -0.4662753
36 -0.06898984 0 0 -0.2483306 -0.3958778 -0.3455188
37 -0.1247 0 0 -0.2302969 0.2860495 -0.1815842
38 -0.1734369 0 0 0.2191895 -0.04360817 -0.1403586
39 0.1243179 0.1711765 0 -0.004496063 0.1753002 1.107841
40 0.1502504 0.1029305 -0.176686 -1.265678 1.265826 0.1751508
41 0.0984958 0.02850619 0.1872715 -1.435152 0.9918305 -3.089485
42 0.1708579 0.009936064 0 -0.09814374 0.05718688 -0.09550554
43 0.0049 0 0 0 0 0
44 0.5171545 -0.2663316 0.2896972 2.540268 -0.7435967 -0.4552722
45 0.1972673 0 0 0.2879187 0.09644081 -1.465401
46 0.05363192 -0.1692977 0 -0.1822929 3.72529E-08 -1.228345
47 0.0006023012 -0.03346459 -0.04911327 -0.02998959 0.1733238 -1.860893
48 0.000602576 -0.03346451 0.0491133 0.01859463 0.000739635 -1.743648
49 0 -0.00544714 0 -2.066069 0.138012 -1.535314
50 0.1349337 0.007935909 0.1169305 -0.3904906 -0.1011859 0.01507522
51 0.06775701 0 0 0 0 0
52 0.07025615 0 0 -0.03414127 0.2264234 -0.04960059
53 0.05538215 -0.1613821 0 -0.01709938 0.00564654 -1.513184
54 0.1349336 0.007935909 -0.116931 0.6530151 0.3127531 -0.06175064
55 0.067757 0 0 0 0 0
56 0.0702562 0 0 0.07331709 -0.2060449 0.0929549
57 0.0553822 -0.161382 0 0.06357618 -0.02569135 -1.567969
time 2
0 0 0 0 0 0 0
1 0.05237982 0.4599338 -0.1387684 0.006333405 0.03608522 -0.01038642
2 0 0.002591992 0 -1.343427 0.09222274 1.653412
3 0.152 0 0 -0.1694797 -0.1679596 0.08352984
4 0.05880687 0.02725044 -0.08225372 2.002011 1.432897 0.4030329
5 0.1144182 0.0005082054 0.0002229364 -2.819378 0.009510571 -1.008967
6 0.122 0 0 0 0 -1.10711
7 0.1347621 0 0 -0.7212724 0 0
8 0.1343401 0 0 0.1547629 -0.1659926 -0.1543275
9 0.1197383 0 6.123017E-05 0.00159453 -0.005315077 -0.3519457
10 0.04880161 0 0 0 0 -0.3887921
11 0.04874135 -0.0476583 0.06862446 1.376371 -0.5674717 -0.5572616
12 0.06127064 0 0 -0.04978173 0.111538 -0.4870818
13 0.1028249 0 0 -0.1176855 -0.09469986 -0.01050035
14 0.05880699 0.02725041 0.0822537 -1.570795 1.371103 -0.03702443
15 -0.1009997 0 0 -1.630214 0.7468547 -0.4063905
16 -0.1219999 0 0 1.018397E-06 -2.77252E-06 -1.066069
17 -0.1347622 0 0 -0.3410346 0 0
18 -0.1343399 0 0 1.137245 0.3726519 0.6159999
19 -0.1197386 0 -6.123033E-05 -0.001372244 -0.005376858 0.2012115
20 -0.04880161 0 0 0 0 -0.707715
21 -0.1889133 0.06475638 -0.0265498 -3.139415 -0.005103788 -0.4518085
22 -0.04874142 0.04765864 -0.06862451 1.787741 -0.276586 -0.7554917
23 -0.06127064 0 0 -0.06257772 0.2217633 -0.7094637
24 -0.1028246 0 0 -0.1176855 -0.09469986 -0.01050035
25 0.1304068 0.1682832 0 2.95912 -0.5101428 2.522595
26 0.08318153 0 0 -0.07339946 -0.1126919 0.09142193
27 0.1212126 0 0 0.01435898 -0.1390983 0.1369233
28 0.1593245 0 0 0.246898 -0.196145 0.1683978
29 0.1643355 -0.04425257 -0.1566745 -2.736567 0.3884135 1.453806
30 0.1386825 -0.006931146 0.004727043 0.3438253 0.2339205 -0.7670875
31 0.07876897 1.806102E-05 -0.005639316 -0.7990844 -0.2078735 -0.1597134
32 0.130848 0.0002848966 0.00104755 -0.144558 0.03110647 -0.6482432
33 0.1839588 0.0008644731 0.002803161 -0.01929217 -0.1474194 -0.03123837
34 0.1270494 -0.04925427 0.1731277 -2.558137 1.221426 -1.401715
35 -0.1376901 -0.0009360042 0.0004407581 0.06337721 0.4965227 -0.4662753
36 -0.06898984 0 0 -0.2485296 -0.3962377 -0.345754
37 -0.1247 0 0 -0.2313334 0.2923266 -0.1831501
38 -0.1734369 0 0 0.2192074 -0.03554244 -0.140333
39 0.1243179 0.1711765 0 -0.01160358 0.1753001 1.10784
40 0.1502504 0.1029305 -0.176686 -1.270332 1.259816 0.1702707
41 0.0984958 0.02850619 0.1872715 -1.433859 0.9979416 -3.087946
42 0.1708579 0.009936064 0 -0.09598313 0.05451047 -0.08459478
43 0.0049 0 0 0 0 0
44 0.5171545 -0.2663316 0.2896972 2.521461 -0.7412422 -0.4292791
45 0.1972673 0 0 0.2908537 0.09027131 -1.450643
46 0.05363192 -0.1692977 0 -0.1861517 0 -1.228345
47 0.0006023012 -0.03346459 -0.04911327 -0.02998958 0.167283 -1.860712
48 0.000602576 -0.03346451 0.0491133 0.01859463 -0.003796229 -1.743726
49 0 -0.00544714 0 -2.066411 0.1377336 -1.535387
50 0.1349337 0.007935909 0.1169305 -0.3925042 -0.1066041 0.01421141
51 0.06775701 0 0 0 0 0
52 0.07025615 0 0 -0.03245864 0.2289744 -0.04876838
53 0.05538215 -0.1613821 0 -0.01709938 0.00564654 -1.513184
54 0.1349336 0.007935909 -0.116931 0.652392 0.3070733 -0.06267873
55 0.067757 0 0 0 0 0
56 0.0702562 0 0 0.07430011 -0.2042908 0.09072036
57 0.0553822 -0.161382 0 0.06357618 -0.02569135 -1.567969
time 3
0 0 0 0 0 0 0
1 0.05247338 0.4597338 -0.1384997 0.006334045 0.03608899 -0.01365631
2 0 0.002591992 0 -1.343022 0.0902368 1.653284
3 0.152 0 0 -0.1694793 -0.167724 0.08184936
4 0.05880687 0.02725044 -0.08225372 2.013055 1.436579 0.4139596
5 0.1144182 0.0005082054 0.0002229364 -2.821419 0.006108233 -0.9991079
6 0.122 0 0 0 0 -1.090303
7 0.1347621 0 0 -0.7212724 0 0
8 0.1343401 0 0 0.1567411 -0.1657433 -0.1651056
9 0.1197383 0 6.123017E-05 0.001594525 -0.005315066 -0.3579754
10 0.04880161 0 0 0 0 -0.3964052
11 0.04874135 -0.0476583 0.06862446 1.377937 -0.5620762 -0.5582278
12 0.06127064 0 0 -0.05215726 0.1114449 -0.4966206
13 0.1028249 0 0 -0.1176855 -0.09469986 -0.01050035
14 0.05880699 0.02725041 0.0822537 -1.570795 1.371103 -0.03702443
15 -0.1009997 0 0 -1.634592 0.7438013 -0.4107198
16 -0.1219999 0 0 1.018397E-06 -2.77252E-06 -1.056568
17 -0.1347622 0 0 -0.3400116 0 0
18 -0.1343399 0 0 1.13649 0.3747922 0.6074703
19 -0.1197386 0 -6.123033E-05 -0.001372244 -0.005376858 0.2012115
20 -0.04880161 0 0 0 0 -0.707715
21 -0.1889133 0.06475638 -0.0265498 -3.139415 -0.005103788 -0.4518085
22 -0.04874142 0.04765864 -0.06862451 1.787741 -0.276586 -0.7554917
23 -0.06127064 0 0 -0.06257772 0.2217633 -0.7094637
24 -0.1028246 0 0 -0.1176855 -0.09469986 -0.01050035
25 0.1304068 0.1682832 0 2.958641 -0.5095219 2.526187
26 0.08318153 0 0 -0.07218004 -0.1124953 0.09068239
27 0.1212126 0 0 0.01498437 -0.1391001 0.1369332
28 0.1593245 0 0 0.246897 -0.1961443 0.1704865
29 0.1640921 -0.04418106 -0.1569655 -2.737075 0.3881301 1.457278
30 0.1386825 -0.006931146 0.004727043 0.3438253 0.2339205 -0.7670875
31 0.07876897 1.806102E-05 -0.005639316 -0.7991269 -0.2030046 -0.1593551
32 0.130848 0.0002848966 0.00104755 -0.1441831 0.03709849 -0.6504596
33 0.1839588 0.0008644731 0.002803161 -0.01822234 -0.1458915 -0.04070952
34 0.1270494 -0.04921979 0.173128 -2.557651 1.221841 -1.397837
35 -0.1378705 -0.001762227 0.000816917 0.06337721 0.4965227 -0.4662753
36 -0.06898984 0 0 -0.2488211 -0.3967665 -0.3460988
37 -0.1247 0 0 -0.2326651 0.2984884 -0.1847852
38 -0.1734369 0 0 0.2192397 -0.02767626 -0.1404898
39 0.1243179 0.1711765 0 -0.01851071 0.1753001 1.10784
40 0.1502504 0.1029305 -0.176686 -1.274808 1.253818 0.1655734
41 0.0984958 0.02850619 0.1872715 -1.432558 1.004024 -3.086404
42 0.1708579 0.009936064 0 -0.09453172 0.05159487 -0.07547003
43 0.0049 0 0 0 0 0
44 0.5171545 -0.2663316 0.2896972 2.501994 -0.7377862 -0.4021662
45 0.1972673 0 0 0.2931473 0.08534391 -1.438776
46 0.05363192 -0.1692977 0 -0.1900451 7.450581E-09 -1.228345
47 0.0006023012 -0.03346459 -0.04911327 -0.02998959 0.1614024 -1.860537
48 0.000602576 -0.03346451 0.0491133 0.01859463 -0.008374029 -1.743802
49 0 -0.00544714 0 -2.066912 0.137325 -1.535493
50 0.1349337 0.007935909 0.1169305 -0.3944691 -0.1121154 0.0134071
51 0.06775701 0 0 0 0 0
52 0.07025615 0 0 -0.03066475 0.2315183 -0.04788705
53 0.05538215 -0.1613821 0 -0.01709938 0.00564654 -1.513184
54 0.1349336 0.007935909 -0.116931 0.6518918 0.3014602 -0.0633357
55 0.067757 0 0 0 0 0
56 0.0702562 0 0 0.07533658 -0.2027384 0.08845916
57 0.0553822 -0.161382 0 0.06357618 -0.02569135 -1.567969
time 4
0 0 0 0 0 0 0
1 0.05259554 0.4594782 -0.13826 0.006332141 0.03607762 -0.01691958
2 0 0.002591992 0 -1.342438 0.08828879 1.653122
3 0.152 0 0 -0.1694795 -0.1674169 0.08003625
4 0.05880687 0.02725044 -0.08225372 2.028681 1.44116 0.4294377
5 0.1144182 0.0005082054 0.0002229364 -2.823659 0.002624768 -0.9882681
6 0.122 0 0 0 0 -1.073391
7 0.1347621 0 0 -0.7212724 0 0
8 0.1343401 0 0 0.1587395 -0.1654996 -0.175796
9 0.1197383 0 6.123017E-05 0.001594526 -0.005315068 -0.3639307
10 0.04880161 0 0 0 0 -0.4038999
11 0.04874135 -0.0476583 0.06862446 1.37951 -0.5567473 -0.5592001
12 0.06127064 0 0 -0.05452048 0.111353 -0.5060123
13 0.1028249 0 0 -0.1176855 -0.09469986 -0.01050035
14 0.05880699 0.02725041 0.0822537 -1.570795 1.371103 -0.03702443
15 -0.1009997 0 0 -1.63921 0.7404329 -0.4152045
16 -0.1219999 0 0 1.018397E-06 -2.772519E-06 -1.046551
17 -0.1347622 0 0 -0.33891 0 0
18 -0.1343399 0 0 1.135919 0.3770035 0.5987831
19 -0.1197386 0 -6.123033E-05 -0.001372244 -0.005376858 0.2012115
20 -0.04880161 0 0 0 0 -0.707715
21 -0.1889133 0.06475638 -0.0265498 -3.139415 -0.005103788 -0.4518085
22 -0.04874142 0.04765864 -0.06862451 1.787741 -0.276586 -0.7554917
23 -0.06127064 0 0 -0.06257772 0.2217633 -0.7094637
24 -0.1028246 0 0 -0.1176855 -0.09469986 -0.01050035
25 0.1304068 0.1682832 0 2.958257 -0.5085979 2.529766
26 0.08318153 0 0 -0.07058202 -0.1122363 0.08971299
27 0.1212126 0 0 0.01580259 -0.1390983 0.1369416
28 0.1593245 0 0 0.2468981 -0.1961453 0.1732211
29 0.163783 -0.04411292 -0.1573288 -2.737735 0.3880016 1.46082
30 0.1386825 -0.006931146 0.004727043 0.3438253 0.2339205 -0.7670875
31 0.07876897 1.806102E-05 -0.005639316 -0.7992565 -0.1983027 -0.1585647
32 0.130848 0.0002848966 0.00104755 -0.1440153 0.04306327 -0.6519028
33 0.1839588 0.0008644731 0.002803161 -0.01720618 -0.1439954 -0.04979611
34 0.1270494 -0.04918575 0.1731287 -2.557227 1.222156 -1.393964
35 -0.1380897 -0.002773842 0.001276348 0.06337721 0.4965227 -0.4662753
36 -0.06898984 0 0 -0.2492023 -0.3974588 -0.3465498
37 -0.1247 0 0 -0.234286 0.3044628 -0.1864865
38 -0.1734369 0 0 0.2192891 -0.02001868 -0.140825
39 0.1243179 0.1711765 0 -0.02521197 0.1753001 1.10784
40 0.1502504 0.1029305 -0.176686 -1.279104 1.24785 0.1610618
41 0.0984958 0.02850619 0.1872715 -1.431253 1.01006 -3.084862
42 0.1708579 0.009936064 0 -0.09376701 0.0484907 -0.06826976
43 0.0049 0 0 0 0 0
44 0.5171545 -0.2663316 0.2896972 2.482288 -0.7335088 -0.3744932
45 0.1972673 0 0 0.294843 0.08170611 -1.430601
46 0.05363192 -0.1692977 0 -0.1939615 1.490116E-08 -1.228345
47 0.0006023012 -0.03346459 -0.04911327 -0.02998958 0.1556762 -1.860368
48 0.000602576 -0.03346451 0.0491133 0.01859463 -0.01298713 -1.743875
49 0 -0.00544714 0 -2.067567 0.1367906 -1.535631
50 0.1349337 0.007935909 0.1169305 -0.3963803 -0.1177032 0.01265804
51 0.06775701 0 0 0 0 0
52 0.07025615 0 0 -0.02876596 0.2340439 -0.04695906
53 0.05538215 -0.1613821 0 -0.01709938 0.00564654 -1.513184
54 0.1349336 0.007935909 -0.116931 0.6515115 0.2959199 -0.06373009
55 0.067757 0 0 0 0 0
56 0.0702562 0 0 0.07642409 -0.2013844 0.08617725
57 0.0553822 -0.161382 0 0.06357618 -0.02569135 -1.567969
time 5
0 0 0 0 0 0 0
1 0.05274526 0.4591715 -0.138049 0.006332771 0.03608121 -0.02018294
2 0 0.002591992 0 -1.341681 0.08638787 1.652927
3 0.152 0 0 -0.1694802 -0.1670409 0.07810771
4 0.05880687 0.02725044 -0.08225372 2.049542 1.446482 0.4501241
5 0.1144182 0.0005082054 0.0002229364 -2.82608 -0.0009196551 -0.9765966
6 0.122 0 0 0 0 -1.056103
7 0.1347621 0 0 -0.7212724 0 0
8 0.1343401 0 0 0.1607262 -0.165266 -0.1863129
9 0.1197383 0 6.123017E-05 0.001594529 -0.005315075 -0.3697477
10 0.04880161 0 0 0 0 -0.411209
11 0.04874135 -0.0476583 0.06862446 1.381061 -0.5515416 -0.5601584
12 0.06127064 0 0 -0.05683357 0.1112636 -0.5151708
13 0.1028249 0 0 -0.1176855 -0.09469986 -0.01050035
14 0.05880699 0.02725041 0.0822537 -1.570795 1.371103 -0.03702443
15 -0.1009997 0 0 -1.644035 0.7367744 -0.4198243
16 -0.1219999 0 0 1.018397E-06 -2.77252E-06 -1.036073
17 -0.1347622 0 0 -0.3377325 0 0
18 -0.1343399 0 0 1.135527 0.379275 0.5899854
19 -0.1197386 0 -6.123033E-05 -0.001372244 -0.005376858 0.2012115
20 -0.04880161 0 0 0 0 -0.707715
21 -0.1889133 0.06475638 -0.0265498 -3.139415 -0.005103788 -0.4518085
22 -0.04874142 0.04765864 -0.06862451 1.787741 -0.276586 -0.7554917
23 -0.06127064 0 0 -0.06257772 0.2217633 -0.7094637
24 -0.1028246 0 0 -0.1176855 -0.09469986 -0.01050035
25 0.1304068 0.1682832 0 2.957968 -0.5073807 2.533306
26 0.08318153 0 0 -0.06862127 -0.1119196 0.08852443
27 0.1212126 0 0 0.0168067 -0.139099 0.1369541
28 0.1593245 0 0 0.2468981 -0.1961452 0.1765767
29 0.1634166 -0.0440482 -0.1577547 -2.73854 0.3880262 1.464403
30 0.1386825 -0.006931146 0.004727043 0.3438253 0.2339205 -0.7670875
31 0.07876897 1.806102E-05 -0.005639316 -0.7994542 -0.1937976 -0.1574585
32 0.130848 0.0002848966 0.00104755 -0.1440351 0.04899359 -0.6526078
33 0.1839588 0.0008644731 0.002803161 -0.01625742 -0.1417461 -0.05839264
34 0.1270494 -0.04915215 0.1731299 -2.556867 1.222373 -1.390123
35 -0.1383414 -0.00393087 0.001803628 0.06337721 0.4965227 -0.4662753
36 -0.06898984 0 0 -0.2496698 -0.3983089 -0.3471034
37 -0.1247 0 0 -0.2361794 0.3101672 -0.1882422
38 -0.1734369 0 0 0.2193529 -0.0125785 -0.1413313
39 0.1243179 0.1711765 0 -0.03170195 0.1753001 1.10784
40 0.1502504 0.1029305 -0.176686 -1.283219 1.241935 0.1567356
41 0.0984958 0.02850619 0.1872715 -1.429951 1.016029 -3.083325
42 0.1708579 0.009936064 0 -0.09367466 0.04525253 -0.06313871
43 0.0049 0 0 0 0 0
44 0.5171545 -0.2663316 0.2896972 2.462764 -0.72869 -0.3468193
45 0.1972673 0 0 0.2959845 0.07940562 -1.426919
46 0.05363192 -0.1692977 0 -0.1978892 1.490116E-08 -1.228345
47 0.0006023012 -0.03346459 -0.04911327 -0.02998959 0.1500992 -1.860205
48 0.000602576 -0.03346451 0.0491133 0.01859462 -0.01762888 -1.743944
49 0 -0.00544714 0 -2.068371 0.1361352 -1.5358
50 0.1349337 0.007935909 0.1169305 -0.3982376 -0.1233519 0.0119604
51 0.06775701 0 0 0 0 0
52 0.07025615 0 0 -0.02676848 0.2365391 -0.04598666
53 0.05538215 -0.1613821 0 -0.01709938 0.00564654 -1.513184
54 0.1349336 0.007935909 -0.116931 0.6512475 0.2904583 -0.06387048
55 0.067757 0 0 0 0 0
56 0.0702562 0 0 0.07756058 -0.2002263 0.08388072
57 0.0553822 -0.161382 0 0.06357618 -0.02569135 -1.567969
time 6
0 0 0 0 0 0 0
1 0.05292149 0.4588182 -0.1378663 0.006333717 0.03608697 -0.02343623
2 0 0.002591992 0 -1.340759 0.084543 1.652701
3 0.152 0 0 -0.1694811 -0.1665983 0.07608113
4 0.05880687 0.02725044 -0.08225372 2.0763 1.452385 0.4766835
5 0.1144182 0.0005082054 0.0002229364 -2.828661 -0.004505158 -0.9642434
6 0.122 0 0 0 0 -1.038168
7 0.1347621 0 0 -0.7212724 0 0
8 0.1343401 0 0 0.1626653 -0.1650436 -0.196567
9 0.1197383 0 6.123017E-05 0.001594528 -0.005315073 -0.3753619
10 0.04880161 0 0 0 0 -0.4182648
11 0.04874135 -0.0476583 0.06862446 1.382564 -0.5465162 -0.5610849
12 0.06127064 0 0 -0.05905896 0.1111784 -0.5240123
13 0.1028249 0 0 -0.1176855 -0.09469986 -0.01050035
14 0.05880699 0.02725041 0.0822537 -1.570795 1.371103 -0.03702443
15 -0.1009997 0 0 -1.649032 0.7328508 -0.4245591
16 -0.1219999 0 0 1.018397E-06 -2.77252E-06 -1.025185
17 -0.1347622 0 0 -0.3364882 0 0
18 -0.1343399 0 0 1.135307 0.3815954 0.5811238
19 -0.1197386 0 -6.123033E-05 -0.001372244 -0.005376858 0.2012115
20 -0.04880161 0 0 0 0 -0.707715
21 -0.1889133 0.06475638 -0.0265498 -3.139415 -0.005103788 -0.4518085
22 -0.04874142 0.04765864 -0.06862451 1.787741 -0.276586 -0.7554917
23 -0.06127064 0 0 -0.06257772 0.2217633 -0.7094637
24 -0.1028246 0 0 -0.1176855 -0.09469986 -0.01050035
25 0.1304068 0.1682832 0 2.957773 -0.5058802 2.536781
26 0.08318153 0 0 -0.06631166 -0.1115473 0.08712488
27 0.1212126 0 0 0.01798937 -0.1390973 0.136966
28 0.1593245 0 0 0.246898 -0.1961451 0.180531
29 0.1630013 -0.04398696 -0.1582337 -2.739486 0.3882021 1.468002
30 0.1386825 -0.006931146 0.004727043 0.3438253 0.2339205 -0.7670875
31 0.07876897 1.806102E-05 -0.005639316 -0.7997059 -0.1895204 -0.1561532
32 0.130848 0.0002848966 0.00104755 -0.144223 0.05488223 -0.6526088
33 0.1839588 0.0008644731 0.002803161 -0.01539001 -0.1391643 -0.06639735
34 0.1270494 -0.04911899 0.1731316 -2.55657 1.222491 -1.386346
35 -0.1386192 -0.00519333 0.002383337 0.06337721 0.4965227 -0.4662753
36 -0.06898984 0 0 -0.2502204 -0.3993109 -0.3477555
37 -0.1247 0 0 -0.2383383 0.3155277 -0.1900483
38 -0.1734369 0 0 0.2194282 -0.005364845 -0.1420011
39 0.1243179 0.1711765 0 -0.0379752 0.1753002 1.10784
40 0.1502504 0.1029305 -0.176686 -1.287152 1.236094 0.1525977
41 0.0984958 0.02850619 0.1872715 -1.428654 1.021913 -3.0818
42 0.1708579 0.009936064 0 -0.09422681 0.04192876 -0.06021177
43 0.0049 0 0 0 0 0
44 0.5171545 -0.2663316 0.2896972 2.443841 -0.7236108 -0.3197048
45 0.1972673 0 0 0.2966149 0.07849 -1.426624
46 0.05363192 -0.1692977 0 -0.2018165 1.490116E-08 -1.228345
47 0.0006023012 -0.03346459 -0.04911327 -0.02998957 0.144666 -1.860048
48 0.000602576 -0.03346451 0.0491133 0.01859463 -0.02229264 -1.744011
49 0 -0.00544714 0 -2.069317 0.1353634 -1.536
50 0.1349337 0.007935909 0.1169305 -0.4000359 -0.129045 0.01130991
51 0.06775701 0 0 0 0 0
52 0.07025615 0 0 -0.02467954 0.2389978 -0.04497346
53 0.05538215 -0.1613821 0 -0.01709938 0.00564654 -1.513184
54 0.1349336 0.007935909 -0.116931 0.6510981 0.2850821 -0.06376539
55 0.067757 0 0 0 0 0
56 0.0702562 0 0 0.07874135 -0.1992538 0.08157282
57 0.0553822 -0.161382 0 0.06357618 -0.02569135 -1.567969
time 7
0 0 0 0 0 0 0
1 0.05312322 0.4584228 -0.1377113 0.006332966 0.03608238 -0.02666491
2 0 0.002591992 0 -1.339678 0.08276341 1.652444
3 0.152 0 0 -0.1694798 -0.1660894 0.07397251
4 0.05880687 0.02725044 -0.08225372 2.109603 1.458714 0.5097691
5 0.1144182 0.0005082054 0.0002229364 -2.831383 -0.008111902 -0.9513583
6 0.122 0 0 0 0 -1.019317
7 0.1347621 0 0 -0.7212724 0 0
8 0.1343401 0 0 0.1645219 -0.1648345 -0.206469
9 0.1197383 0 6.123017E-05 0.00159453 -0.005315078 -0.380711
10 0.04880161 0 0 0 0 -0.4249995
11 0.04874135 -0.0476583 0.06862446 1.38399 -0.5417281 -0.5619601
12 0.06127064 0 0 -0.06115918 0.111099 -0.5324531
13 0.1028249 0 0 -0.1176855 -0.09469986 -0.01050035
14 0.05880699 0.02725041 0.0822537 -1.570795 1.371103 -0.03702443
15 -0.1009997 0 0 -1.654169 0.7286879 -0.4293899
16 -0.1219999 0 0 1.018397E-06 -2.77252E-06 -1.013942
17 -0.1347622 0 0 -0.3351786 0 0
18 -0.1343399 0 0 1.135254 0.3839536 0.5722455
19 -0.1197386 0 -6.123033E-05 -0.001372244 -0.005376858 0.2012115
20 -0.04880161 0 0 0 0 -0.707715
21 -0.1889133 0.06475638 -0.0265498 -3.139415 -0.005103788 -0.4518085
22 -0.04874142 0.04765864 -0.06862451 1.787741 -0.276586 -0.7554917
23 -0.06127064 0 0 -0.06257772 0.2217633 -0.7094637
24 -0.1028246 0 0 -0.1176855 -0.09469986 -0.01050035
25 0.1304068 0.1682832 0 2.957672 -0.5041062 2.540165
26 0.08318153 0 0 -0.06366551 -0.1111188 0.08552053
27 0.1212126 0 0 0.01934359 -0.1390969 0.1369811
28 0.1593245 0 0 0.2468978 -0.1961449 0.1850607
29 0.1625453 -0.04392925 -0.1587562 -2.740565 0.3885274 1.47159
30 0.1386825 -0.006931146 0.004727043 0.3438253 0.2339205 -0.7670875
31 0.07876897 1.806102E-05 -0.005639316 -0.799993 -0.1855009 -0.1547651
32 0.130848 0.0002848966 0.00104755 -0.14456 0.06072195 -0.6519422
33 0.1839588 0.0008644731 0.002803161 -0.01461656 -0.1362553 -0.07370257
34 0.1270494 -0.04908628 0.1731337 -2.55634 1.222512 -1.382661
35 -0.1389168 -0.006521244 0.003000052 0.06337721 0.4965227 -0.4662753
36 -0.06898984 0 0 -0.2508503 -0.400457 -0.3485014
37 -0.1247 0 0 -0.2407505 0.3204664 -0.1918968
38 -0.1734369 0 0 0.2195185 0.001613382 -0.1428312
39 0.1243179 0.1711765 0 -0.04402636 0.1753002 1.107841
40 0.1502504 0.1029305 -0.176686 -1.290902 1.230348 0.1486493
41 0.0984958 0.02850619 0.1872715 -1.42737 1.027691 -3.080292
42 0.1708579 0.009936064 0 -0.09542118 0.03857849 -0.05964101
43 0.0049 0 0 0 0 0
44 0.5171545 -0.2663316 0.2896972 2.425943 -0.7185514 -0.2937091
45 0.1972673 0 0 0.2967779 0.07900663 -1.427954
46 0.05363192 -0.1692977 0 -0.2057316 0 -1.228345
47 0.0006023012 -0.03346459 -0.04911327 -0.02998958 0.1393712 -1.859897
48 0.000602576 -0.03346451 0.0491133 0.01859462 -0.02697178 -1.744075
49 0 -0.00544714 0 -2.0704 0.1344797 -1.536228
50 0.1349337 0.007935909 0.1169305 -0.4017704 -0.1347657 0.01070234
51 0.06775701 0 0 0 0 0
52 0.07025615 0 0 -0.02250632 0.2414154 -0.04392327
53 0.05538215 -0.1613821 0 -0.01709938 0.00564654 -1.513184
54 0.1349336 0.007935909 -0.116931 0.6510571 0.279796 -0.0634234
55 0.067757 0 0 0 0 0
56 0.0702562 0 0 0.07996343 -0.1984618 0.07925881
57 0.0553822 -0.161382 0 0.06357618 -0.02569135 -1.567969
time 8
0 0 0 0 0 0 0
1 0.05334941 0.4579896 -0.1375836 0.006333739 0.03608704 -0.02987642
2 0 0.002591992 0 -1.338444 0.08105834 1.652159
3 0.152 0 0 -0.1694809 -0.1655211 0.07180168
4 0.05880687 0.02725044 -0.08225372 2.150109 1.465308 0.550042
5 0.1144182 0.0005082054 0.0002229364 -2.834226 -0.0117198 -0.9380917
6 0.122 0 0 0 0 -0.9992772
7 0.1347621 0 0 -0.7212724 0 0
8 0.1343401 0 0 0.166265 -0.1646435 -0.2159348
9 0.1197383 0 6.123017E-05 0.00159453 -0.005315077 -0.3857307
10 0.04880161 0 0 0 0 -0.431349
11 0.04874135 -0.0476583 0.06862446 1.385312 -0.5372341 -0.5627655
12 0.06127064 0 0 -0.06309652 0.111027 -0.5404084
13 0.1028249 0 0 -0.1176855 -0.09469986 -0.01050035
14 0.05880699 0.02725041 0.0822537 -1.570795 1.371103 -0.03702443
15 -0.1009997 0 0 -1.659411 0.7243101 -0.4342957
16 -0.1219999 0 0 1.018396E-06 -2.772519E-06 -1.002395
17 -0.1347622 0 0 -0.3338101 0 0
18 -0.1343399 0 0 1.135362 0.3863385 0.563397
19 -0.1197386 0 -6.123033E-05 -0.001372244 -0.005376858 0.2012115
20 -0.04880161 0 0 0 0 -0.707715
21 -0.1889133 0.06475638 -0.0265498 -3.139415 -0.005103788 -0.4518085
22 -0.04874142 0.04765864 -0.06862451 1.787741 -0.276586 -0.7554917
23 -0.06127064 0 0 -0.06257772 0.2217633 -0.7094637
24 -0.1028246 0 0 -0.1176855 -0.09469986 -0.01050035
25 0.1304068 0.1682832 0 2.957664 -0.502069 2.543433
26 0.08318153 0 0 -0.06069852 -0.1106387 0.08372188
27 0.1212126 0 0 0.0208623 -0.1390979 0.136999
28 0.1593245 0 0 0.246898 -0.1961451 0.1901431
29 0.1620571 -0.04387512 -0.1593124 -2.741773 0.3890001 1.475138
30 0.1386825 -0.006931146 0.004727043 0.3438253 0.2339205 -0.7670875
31 0.07876897 1.806102E-05 -0.005639316 -0.8003001 -0.1817699 -0.153411
32 0.130848 0.0002848966 0.00104755 -0.145027 0.06650557 -0.6506454
33 0.1839588 0.0008644731 0.002803161 -0.01394986 -0.1330255 -0.08019988
34 0.1270494 -0.04905402 0.1731363 -2.556179 1.222437 -1.379097
35 -0.1392278 -0.007874631 0.003638353 0.06337721 0.4965227 -0.4662753
36 -0.06898984 0 0 -0.2515568 -0.4017429 -0.349338
37 -0.1247 0 0 -0.2434043 0.3249052 -0.1937799
38 -0.1734369 0 0 0.2196219 0.008347187 -0.1438148
39 0.1243179 0.1711765 0 -0.04984992 0.1753002 1.107841
40 0.1502504 0.1029305 -0.176686 -1.294468 1.224717 0.1448923
41 0.0984958 0.02850619 0.1872715 -1.4261 1.033344 -3.078805
42 0.1708579 0.009936064 0 -0.09721524 0.0352447 -0.06155244
43 0.0049 0 0 0 0 0
44 0.5171545 -0.2663316 0.2896972 2.409487 -0.713792 -0.2693912
45 0.1972673 0 0 0.2965168 0.08067204 -1.430698
46 0.05363192 -0.1692977 0 -0.2096227 -7.450581E-09 -1.228345
47 0.0006023012 -0.03346459 -0.04911327 -0.02998957 0.1342094 -1.859752
48 0.000602576 -0.03346451 0.0491133 0.01859463 -0.03165964 -1.744137
49 0 -0.00544714 0 -2.071614 0.1334891 -1.536483
50 0.1349337 0.007935909 0.1169305 -0.403439 -0.140498 0.01013369
51 0.06775701 0 0 0 0 0
52 0.07025615 0 0 -0.02025419 0.2437716 -0.04283674
53 0.05538215 -0.1613821 0 -0.01709938 0.00564654 -1.513184
54 0.1349336 0.007935909 -0.116931 0.6511241 0.2746071 -0.06285301
55 0.067757 0 0 0 0 0
56 0.0702562 0 0 0.08122567 -0.1978503 0.0769458
57 0.0553822 -0.161382 0 0.06357618 -0.02569135 -1.567969
time 9
0 0 0 0 0 0 0
1 0.05359901 0.4575231 -0.1374829 0.006333795 0.03608747 -0.033055
2 0 0.002591992 0 -1.337065 0.07943709 1.651846
3 0.152 0 0 -0.1694803 -0.1648924 0.06958396
4 0.05880687 0.02725044 -0.08225372 2.198475 1.47201 0.5981638
5 0.1144182 0.0005082054 0.0002229364 -2.837171 -0.01530903 -0.9245927
6 0.122 0 0 0 0 -0.9781473
7 0.1347621 0 0 -0.7212724 0 0
8 0.1343401 0 0 0.1678572 -0.1644711 -0.2248723
9 0.1197383 0 6.123017E-05 0.00159453 -0.005315077 -0.390358
10 0.04880161 0 0 0 0 -0.4372418
11 0.04874135 -0.0476583 0.06862446 1.386503 -0.5330911 -0.5634816
12 0.06127064 0 0 -0.06483355 0.1109642 -0.5477948
13 0.1028249 0 0 -0.1176855 -0.09469986 -0.01050035
14 0.05880699 0.02725041 0.0822537 -1.570795 1.371103 -0.03702443
15 -0.1009997 0 0 -1.664725 0.7197424 -0.4392569
16 -0.1219999 0 0 1.018397E-06 -2.772519E-06 -0.9905981
17 -0.1347622 0 0 -0.3323871 0 0
18 -0.1343399 0 0 1.135624 0.3887389 0.5546249
19 -0.1197386 0 -6.123033E-05 -0.001372244 -0.005376858 0.2012115
20 -0.04880161 0 0 0 0 -0.707715
21 -0.1889133 0.06475638 -0.0265498 -3.139415 -0.005103788 -0.4518085
22 -0.04874142 0.04765864 -0.06862451 1.787741 -0.276586 -0.7554917
23 -0.06127064 0 0 -0.06257772 0.2217633 -0.7094637
24 -0.1028246 0 0 -0.1176855 -0.09469986 -0.01050035
25 0.1304068 0.1682832 0 2.95775 -0.4997783 2.546557
26 0.08318153 0 0 -0.05742584 -0.1101111 0.08173887
27 0.1212126 0 0 0.02253831 -0.1390993 0.1370189
28 0.1593245 0 0 0.2468971 -0.1961443 0.1957541
29 0.1615451 -0.04382462 -0.1598928 -2.743103 0.3896182 1.478621
30 0.1386825 -0.006931146 0.004727043 0.3438253 0.2339205 -0.7670875
31 0.07876897 1.806102E-05 -0.005639316 -0.8006105 -0.178358 -0.1522073
32 0.130848 0.0002848966 0.00104755 -0.1456043 0.07222579 -0.6487513
33 0.1839588 0.0008644731 0.002803161 -0.01340379 -0.1294962 -0.08578947
34 0.1270494 -0.0490222 0.1731392 -2.556088 1.222264 -1.375684
35 -0.1395459 -0.009213514 0.004282816 0.06337721 0.4965227 -0.4662753
36 -0.06898984 0 0 -0.2523363 -0.4031619 -0.3502612
37 -0.1247 0 0 -0.2462909 0.3287689 -0.1956922
38 -0.1734369 0 0 0.2197362 0.01482738 -0.1449449
39 0.1243179 0.1711765 0 -0.0554405 0.1753001 1.10784
40 0.1502504 0.1029305 -0.176686 -1.297848 1.219224 0.1413273
41 0.0984958 0.02850619 0.1872715 -1.424852 1.038854 -3.077345
42 0.1708579 0.009936064 0 -0.09960468 0.03198517 -0.06577078
43 0.0049 0 0 0 0 0
44 0.5171545 -0.2663316 0.2896972 2.394607 -0.7096131 -0.2470064
45 0.1972673 0 0 0.2958753 0.08314265 -1.434645
46 0.05363192 -0.1692977 0 -0.2134783 4.470348E-08 -1.228345
47 0.0006023012 -0.03346459 -0.04911327 -0.02998957 0.1291752 -1.859613
48 0.000602576 -0.03346451 0.0491133 0.01859462 -0.03634957 -1.744195
49 0 -0.00544714 0 -2.072954 0.1323959 -1.536766
50 0.1349337 0.007935909 0.1169305 -0.4050415 -0.1462269 0.009600145
51 0.06775701 0 0 0 0 0
52 0.07025615 0 0 -0.01793127 0.2460693 -0.04171922
53 0.05538215 -0.1613821 0 -0.01709938 0.00564654 -1.513184
54 0.1349336 0.007935909 -0.116931 0.651293 0.2695204 -0.06206295
55 0.067757 0 0 0 0 0
56 0.0702562 0 0 0.08252332 -0.1974094 0.0746372
57 0.0553822 -0.161382 0 0.06357618 -0.02569135 -1.567969
time 10
0 0 0 0 0 0 0
1 0.05387101 0.4570279 -0.1374086 0.006332899 0.03608168 -0.03619161
2 0 0.002591992 0 -1.335546 0.07790869 1.651506
3 0.152 0 0 -0.1694794 -0.164207 0.06733746
4 0.05880687 0.02725044 -0.08225372 2.255354 1.478661 0.6547902
5 0.1144182 0.0005082054 0.0002229364 -2.840198 -0.01885967 -0.9110119
6 0.122 0 0 0 0 -0.9564455
7 0.1347621 0 0 -0.7212724 0 0
8 0.1343401 0 0 0.1692675 -0.1643219 -0.2331974
9 0.1197383 0 6.123017E-05 0.001594525 -0.005315068 -0.3945287
10 0.04880161 0 0 0 0 -0.4426146
11 0.04874135 -0.0476583 0.06862446 1.387534 -0.5293559 -0.5640896
12 0.06127064 0 0 -0.06633242 0.1109119 -0.5545264
13 0.1028249 0 0 -0.1176855 -0.09469986 -0.01050035
14 0.05880699 0.02725041 0.0822537 -1.570795 1.371103 -0.03702443
15 -0.1009997 0 0 -1.670078 0.7150102 -0.4442536
16 -0.1219999 0 0 1.018397E-06 -2.77252E-06 -0.9786037
17 -0.1347622 0 0 -0.3309167 0 0
18 -0.1343399 0 0 1.136034 0.3911436 0.5459761
19 -0.1197386 0 -6.123033E-05 -0.001372244 -0.005376858 0.2012115
20 -0.04880161 0 0 0 0 -0.707715
21 -0.1889133 0.06475638 -0.0265498 -3.139415 -0.005103788 -0.4518085
22 -0.04874142 0.04765864 -0.06862451 1.787741 -0.276586 -0.7554917
23 -0.06127064 0 0 -0.06257772 0.2217633 -0.7094637
24 -0.1028246 0 0 -0.1176855 -0.09469986 -0.01050035
25 0.1304068 0.1682832 0 2.957928 -0.4972441 2.549515
26 0.08318153 0 0 -0.05386002 -0.1095357 0.07957797
27 0.1212126 0 0 0.0243643 -0.139099 0.1370388
28 0.1593245 0 0 0.2468983 -0.1961454 0.2018729
29 0.1610177 -0.04377782 -0.1604878 -2.744549 0.3903801 1.482012
30 0.1386825 -0.006931146 0.004727043 0.3438253 0.2339205 -0.7670875
31 0.07876897 1.806102E-05 -0.005639316 -0.8009075 -0.1752952 -0.1512705
32 0.130848 0.0002848966 0.00104755 -0.146273 0.07787548 -0.6462976
33 0.1839588 0.0008644731 0.002803161 -0.01299085 -0.125669 -0.09035975
34 0.1270494 -0.04899082 0.1731426 -2.556069 1.221994 -1.372451
35 -0.1398647 -0.01049791 0.004918021 0.06337721 0.4965227 -0.4662753
36 -0.06898984 0 0 -0.2531857 -0.4047084 -0.3512675
37 -0.1247 0 0 -0.249398 0.3319792 -0.1976256
38 -0.1734369 0 0 0.2198642 0.02104533 -0.1462176
39 0.1243179 0.1711765 0 -0.06079258 0.1753002 1.107841
40 0.1502504 0.1029305 -0.176686 -1.301041 1.21389 0.1379564
41 0.0984958 0.02850619 0.1872715 -1.423629 1.044199 -3.075917
42 0.1708579 0.009936064 0 -0.1025627 0.02884962 -0.07188804
43 0.0049 0 0 0 0 0
44 0.5171545 -0.2663316 0.2896972 2.381211 -0.7062947 -0.2265819
45 0.1972673 0 0 0.2948965 0.08637179 -1.439587
46 0.05363192 -0.1692977 0 -0.2172865 -7.450581E-09 -1.228345
47 0.0006023012 -0.03346459 -0.04911327 -0.02998958 0.1242632 -1.85948
48 0.000602576 -0.03346451 0.0491133 0.01859462 -0.04103496 -1.744251
49 0 -0.00544714 0 -2.074414 0.1312043 -1.537073
50 0.1349337 0.007935909 0.1169305 -0.4065696 -0.1519344 0.009097136
51 0.06775701 0 0 0 0 0
52 0.07025615 0 0 -0.0155432 0.2482894 -0.0405717
53 0.05538215 -0.1613821 0 -0.01709938 0.00564654 -1.513184
54 0.1349336 0.007935909 -0.116931 0.651562 0.2645423 -0.0610616
55 0.067757 0 0 0 0 0
56 0.0702562 0 0 0.08385456 -0.197137 0.07233933
57 0.0553822 -0.161382 0 0.06357618 -0.02569135 -1.567969
time 11
0 0 0 0 0 0 0
1 0.05416437 0.4565082 -0.1373604 0.00633376 0.03608727 -0.03929779
2 0 0.002591992 0 -1.333894 0.07648212 1.651142
3 0.152 0 0 -0.1694799 -0.1634692 0.06508032
4 0.05880687 0.02725044 -0.08225372 2.321403 1.485101 0.7205839
5 0.1144182 0.0005082054 0.0002229364 -2.843287 -0.02235169 -0.8974987
6 0.122 0 0 0 0 -0.9345342
7 0.1347621 0 0 -0.7212724 0 0
8 0.1343401 0 0 0.1704621 -0.1641991 -0.2408228
9 0.1197383 0 6.123017E-05 0.001594531 -0.00531508 -0.3981816
10 0.04880161 0 0 0 0 -0.4473976
11 0.04874135 -0.0476583 0.06862446 1.388376 -0.5260858 -0.5645707
12 0.06127064 0 0 -0.06755602 0.1108722 -0.5605218
13 0.1028249 0 0 -0.1176855 -0.09469986 -0.01050035
14 0.05880699 0.02725041 0.0822537 -1.570795 1.371103 -0.03702443
15 -0.1009997 0 0 -1.675435 0.7101383 -0.4492661
16 -0.1219999 0 0 1.018397E-06 -2.772519E-06 -0.9664643
17 -0.1347622 0 0 -0.3294042 0 0
18 -0.1343399 0 0 1.136587 0.3935419 0.5374971
19 -0.1197386 0 -6.123033E-05 -0.001372244 -0.005376858 0.2012115
20 -0.04880161 0 0 0 0 -0.707715
21 -0.1889133 0.06475638 -0.0265498 -3.139415 -0.005103788 -0.4518085
22 -0.04874142 0.04765864 -0.06862451 1.787741 -0.276586 -0.7554917
23 -0.06127064 0 0 -0.06257772 0.2217633 -0.7094637
24 -0.1028246 0 0 -0.1176855 -0.09469986 -0.01050035
25 0.1304068 0.1682832 0 2.958199 -0.4944765 2.552277
26 0.08318153 0 0 -0.05001354 -0.1089115 0.07724518
27 0.1212126 0 0 0.02633312 -0.1390978 0.1370592
28 0.1593245 0 0 0.2468974 -0.1961445 0.2084732
29 0.1604831 -0.04373475 -0.1610877 -2.746105 0.3912837 1.485284
30 0.1386825 -0.006931146 0.004727043 0.3438253 0.2339205 -0.7670875
31 0.07876897 1.806102E-05 -0.005639316 -0.8011729 -0.1726119 -0.150717
32 0.130848 0.0002848966 0.00104755 -0.1470134 0.08344731 -0.6433181
33 0.1839588 0.0008644731 0.002803161 -0.01272452 -0.1215603 -0.09380849
34 0.1270494 -0.04895989 0.1731464 -2.556124 1.22163 -1.369428
35 -0.1401778 -0.01168784 0.005528545 0.06337721 0.4965227 -0.4662753
36 -0.06898984 0 0 -0.2541019 -0.4063765 -0.3523529
37 -0.1247 0 0 -0.252715 0.3344591 -0.1995731
38 -0.1734369 0 0 0.2200007 0.02699134 -0.1476241
39 0.1243179 0.1711765 0 -0.06590084 0.1753002 1.10784
40 0.1502504 0.1029305 -0.176686 -1.304046 1.208735 0.1347819
41 0.0984958 0.02850619 0.1872715 -1.422437 1.049363 -3.074527
42 0.1708579 0.009936064 0 -0.1060725 0.02589104 -0.07972395
43 0.0049 0 0 0 0 0
44 0.5171545 -0.2663316 0.2896972 2.369383 -0.7041177 -0.208345
45 0.1972673 0 0 0.2936241 0.09031325 -1.445313
46 0.05363192 -0.1692977 0 -0.2210356 5.215406E-08 -1.228345
47 0.0006023012 -0.03346459 -0.04911327 -0.02998959 0.1194681 -1.859352
48 0.000602576 -0.03346451 0.0491133 0.01859464 -0.04570913 -1.744304
49 0 -0.00544714 0 -2.075988 0.1299197 -1.537404
50 0.1349337 0.007935909 0.1169305 -0.4080227 -0.1576053 0.008620813
51 0.06775701 0 0 0 0 0
52 0.07025615 0 0 -0.01309757 0.2504321 -0.03939882
53 0.05538215 -0.1613821 0 -0.01709938 0.00564654 -1.513184
54 0.1349336 0.007935909 -0.116931 0.6519277 0.2596789 -0.05985761
55 0.067757 0 0 0 0 0
56 0.0702562 0 0 0.08521754 -0.1970308 0.07005829
57 0.0553822 -0.161382 0 0.06357618 -0.02569135 -1.567969
time 12
0 0 0 0 0 0 0
1 0.05447804 0.4559687 -0.1373377 0.006333307 0.03608429 -0.04234723
2 0 0.002591992 0 -1.332115 0.07516654 1.650752
3 0.152 0 0 -0.1694804 -0.1626803 0.06282929
4 0.05880687 0.02725044 -0.08225372 2.397272 1.491175 0.7961966
5 0.1144182 0.0005082054 0.0002229364 -2.846419 -0.02576529 -0.8842032
6 0.122 0 0 0 0 -0.9127755
7 0.1347621 0 0 -0.7212724 0 0
8 0.1343401 0 0 0.1714063 -0.1641047 -0.2476595
9 0.1197383 0 6.123017E-05 0.001594533 -0.005315082 -0.4012512
10 0.04880161 0 0 0 0 -0.4515242
11 0.04874135 -0.0476583 0.06862446 1.389005 -0.5233372 -0.5649059
12 0.06127064 0 0 -0.06846652 0.1108465 -0.5656957
13 0.1028249 0 0 -0.1176855 -0.09469986 -0.01050035
14 0.05880699 0.02725041 0.0822537 -1.570795 1.371103 -0.03702443
15 -0.1009997 0 0 -1.680762 0.7051518 -0.4542739
16 -0.1219999 0 0 1.018397E-06 -2.772519E-06 -0.9542335
17 -0.1347622 0 0 -0.3278526 0 0
18 -0.1343399 0 0 1.137276 0.395922 0.5292351
19 -0.1197386 0 -6.123033E-05 -0.001372244 -0.005376858 0.2012115
20 -0.04880161 0 0 0 0 -0.707715
21 -0.1889133 0.06475638 -0.0265498 -3.139415 -0.005103788 -0.4518085
22 -0.04874142 0.04765864 -0.06862451 1.787741 -0.276586 -0.7554917
23 -0.06127064 0 0 -0.06257772 0.2217633 -0.7094637
24 -0.1028246 0 0 -0.1176855 -0.09469986 -0.01050035
25 0.1304068 0.1682832 0 2.958563 -0.4914852 2.55482
26 0.08318153 0 0 -0.04590329 -0.108246 0.07475304
27 0.1212126 0 0 0.02843814 -0.1390995 0.1370838
28 0.1593245 0 0 0.2468979 -0.196145 0.2155347
29 0.1599499 -0.04369547 -0.161683 -2.747766 0.3923272 1.488409
30 0.1386825 -0.006931146 0.004727043 0.3438253 0.2339205 -0.7670875
31 0.07876897 1.806102E-05 -0.005639316 -0.8013943 -0.1703394 -0.1506639
32 0.130848 0.0002848966 0.00104755 -0.1478065 0.08893413 -0.6399389
33 0.1839588 0.0008644731 0.002803161 -0.01261822 -0.1171865 -0.09603431
34 0.1270494 -0.04892941 0.1731506 -2.556255 1.22117 -1.366644
35 -0.1404789 -0.01274333 0.006098968 0.06337721 0.4965227 -0.4662753
36 -0.06898984 0 0 -0.2550811 -0.4081592 -0.3535131
37 -0.1247 0 0 -0.2562301 0.3361305 -0.201527
38 -0.1734369 0 0 0.2201485 0.03265688 -0.1491605
39 0.1243179 0.1711765 0 -0.07075974 0.1753002 1.10784
40 0.1502504 0.1029305 -0.176686 -1.306862 1.20378 0.1318043
41 0.0984958 0.02850619 0.1872715 -1.42128 1.054323 -3.073179
42 0.1708579 0.009936064 0 -0.1101175 0.02316189 -0.08909904
43 0.0049 0 0 0 0 0
44 0.5171545 -0.2663316 0.2896972 2.359211 -0.7033619 -0.1925227
45 0.1972673 0 0 0.2921016 0.09492037 -1.451612
46 0.05363192 -0.1692977 0 -0.224714 0 -1.228345
47 0.0006023012 -0.03346459 -0.04911327 -0.02998958 0.1147843 -1.859229
48 0.000602576 -0.03346451 0.0491133 0.01859463 -0.05036547 -1.744354
49 0 -0.00544714 0 -2.07767 0.128546 -1.537759
50 0.1349337 0.007935909 0.1169305 -0.4093956 -0.1632225 0.008166895
51 0.06775701 0 0 0 0 0
52 0.07025615 0 0 -0.0106005 0.252481 -0.03820223
53 0.05538215 -0.1613821 0 -0.01709938 0.00564654 -1.513184
54 0.1349336 0.007935909 -0.116931 0.6523859 0.2549358 -0.05845953
55 0.067757 0 0 0 0 0
56 0.0702562 0 0 0.08660833 -0.197083 0.06779838
57 0.0553822 -0.161382 0 0.06357618 -0.02569135 -1.567969
time 13
0 0 0 0 0 0 0
1 0.054811 0.4554136 -0.1373403 0.006333762 0.03608722 -0.04534993
2 0 0.002591992 0 -1.330218 0.07397154 1.65034
3 0.152 0 0 -0.1694786 -0.1618409 0.06060073
4 0.05880687 0.02725044 -0.08225372 2.483768 1.496565 0.8824384
5 0.1144182 0.0005082054 0.0002229364 -2.849574 -0.02908042 -0.8712752
6 0.122 0 0 0 0 -0.8915322
7 0.1347621 0 0 -0.7212724 0 0
8 0.1343401 0 0 0.1720656 -0.1640411 -0.2532437
9 0.1197383 0 6.123017E-05 0.001594526 -0.005315069 -0.4036733
10 0.04880161 0 0 0 0 -0.4549278
11 0.04874135 -0.0476583 0.06862446 1.38939 -0.5211675 -0.5650761
12 0.06127064 0 0 -0.0690263 0.1108364 -0.5699632
13 0.1028249 0 0 -0.1176855 -0.09469986 -0.01050035
14 0.05880699 0.02725041 0.0822537 -1.570795 1.371103 -0.03702443
15 -0.1009997 0 0 -1.686027 0.700076 -0.4592575
16 -0.1219999 0 0 1.018397E-06 -2.77252E-06 -0.9419638
17 -0.1347622 0 0 -0.3262666 0 0
18 -0.1343399 0 0 1.138095 0.3982734 0.5212364
19 -0.1197386 0 -6.123033E-05 -0.001372244 -0.005376858 0.2012115
20 -0.04880161 0 0 0 0 -0.707715
21 -0.1889133 0.06475638 -0.0265498 -3.139415 -0.005103788 -0.4518085
22 -0.04874142 0.04765864 -0.06862451 1.787741 -0.276586 -0.7554917
23 -0.06127064 0 0 -0.06257772 0.2217633 -0.7094637
24 -0.1028246 0 0 -0.1176855 -0.09469986 -0.01050035
25 0.1304068 0.1682832 0 2.959018 -0.4882802 2.557117
26 0.08318153 0 0 -0.04154355 -0.1075421 0.07211045
27 0.1212126 0 0 0.03067176 -0.1391005 0.1371091
28 0.1593245 0 0 0.2468978 -0.1961449 0.2230328
29 0.1594262 -0.04366005 -0.1622639 -2.749524 0.3935089 1.491361
30 0.1386825 -0.006931146 0.004727043 0.3438253 0.2339205 -0.7670875
31 0.07876897 1.806102E-05 -0.005639316 -0.8015498 -0.1685067 -0.151227
32 0.130848 0.0002848966 0.00104755 -0.148633 0.09432866 -0.6365757
33 0.1839588 0.0008644731 0.002803161 -0.01268443 -0.1125472 -0.09602702
34 0.1270494 -0.04889937 0.1731551 -2.556464 1.220614 -1.364129
35 -0.1407616 -0.0136244 0.006613866 0.06337721 0.4965227 -0.4662753
36 -0.06898984 0 0 -0.2561204 -0.4100511 -0.3547445
37 -0.1247 0 0 -0.2599338 0.3369179 -0.2034813
38 -0.1734369 0 0 0.2203088 0.03803336 -0.1508219
39 0.1243179 0.1711765 0 -0.0753639 0.1753001 1.10784
40 0.1502504 0.1029305 -0.176686 -1.309488 1.199046 0.1290254
41 0.0984958 0.02850619 0.1872715 -1.420162 1.059063 -3.071878
42 0.1708579 0.009936064 0 -0.1146664 0.02071242 -0.09982136
43 0.0049 0 0 0 0 0
44 0.5171545 -0.2663316 0.2896972 2.350777 -0.7043079 -0.179342
45 0.1972673 0 0 0.2903723 0.1001467 -1.458274
46 0.05363192 -0.1692977 0 -0.2283099 1.490116E-08 -1.228345
47 0.0006023012 -0.03346459 -0.04911327 -0.02998958 0.1102066 -1.859112
48 0.000602576 -0.03346451 0.0491133 0.01859462 -0.05499731 -1.744402
49 0 -0.00544714 0 -2.079455 0.1270885 -1.538135
50 0.1349337 0.007935909 0.1169305 -0.4106845 -0.1687697 0.007731193
51 0.06775701 0 0 0 0 0
52 0.07025615 0 0 -0.008059087 0.2544325 -0.0369858
53 0.05538215 -0.1613821 0 -0.01709938 0.00564654 -1.513184
54 0.1349336 0.007935909 -0.116931 0.6529351 0.2503195 -0.0568759
55 0.067757 0 0 0 0 0
56 0.0702562 0 0 0.0880224 -0.197285 0.06556372
57 0.0553822 -0.161382 0 0.06357618 -0.02569135 -1.567969
time 14
0 0 0 0 0 0 0
1 0.05516222 0.4548476 -0.1373676 0.006333569 0.03608593 -0.04828793
2 0 0.002591992 0 -1.328206 0.07290576 1.649907
3 0.152 0 0 -0.1694796 -0.1609581 0.05841431
4 0.05880687 0.02725044 -0.08225372 2.578224 1.501097 0.9766565
5 0.1144182 0.0005082054 0.0002229364 -2.852733 -0.03227714 -0.8588651
6 0.122 0 0 0 0 -0.8711666
7 0.1347621 0 0 -0.7212724 0 0
8 0.1343401 0 0 0.1724064 -0.1640114 -0.2569404
9 0.1197383 0 6.123017E-05 0.001594532 -0.005315082 -0.4053877
10 0.04880161 0 0 0 0 -0.4572385
11 0.04874135 -0.0476583 0.06862446 1.389505 -0.5196332 -0.5650625
12 0.06127064 0 0 -0.06919792 0.1108436 -0.5730981
13 0.1028249 0 0 -0.1176855 -0.09469986 -0.01050035
14 0.05880699 0.02725041 0.0822537 -1.570795 1.371103 -0.03702443
15 -0.1009997 0 0 -1.691195 0.6949355 -0.4641969
16 -0.1219999 0 0 1.018397E-06 -2.772519E-06 -0.9297079
17 -0.1347622 0 0 -0.324656 0 0
18 -0.1343399 0 0 1.139038 0.4005846 0.5135481
19 -0.1197386 0 -6.123033E-05 -0.001372244 -0.005376858 0.2012115
20 -0.04880161 0 0 0 0 -0.707715
21 -0.1889133 0.06475638 -0.0265498 -3.139415 -0.005103788 -0.4518085
22 -0.04874142 0.04765864 -0.06862451 1.787741 -0.276586 -0.7554917
23 -0.06127064 0 0 -0.06257772 0.2217633 -0.7094637
24 -0.1028246 0 0 -0.1176855 -0.09469986 -0.01050035
25 0.1304068 0.1682832 0 2.959565 -0.4848714 2.559143
26 0.08318153 0 0 -0.03694564 -0.1067959 0.06932144
27 0.1212126 0 0 0.03302668 -0.1390996 0.1371338
28 0.1593245 0 0 0.2468979 -0.196145 0.230945
29 0.1589206 -0.04362852 -0.1628209 -2.751376 0.3948267 1.494113
30 0.1386825 -0.006931146 0.004727043 0.3438253 0.2339205 -0.7670875
31 0.07876897 1.806102E-05 -0.005639316 -0.8016257 -0.1671451 -0.1522506
32 0.130848 0.0002848966 0.00104755 -0.1494734 0.09962372 -0.6333227
33 0.1839588 0.0008644731 0.002803161 -0.01293694 -0.1076645 -0.09305402
34 0.1270494 -0.04886977 0.17316 -2.556753 1.219965 -1.361911
35 -0.1410196 -0.01429106 0.00705782 0.06337721 0.4965227 -0.4662753
36 -0.06898984 0 0 -0.2572159 -0.412045 -0.3560424
37 -0.1247 0 0 -0.2638153 0.336744 -0.2054291
38 -0.1734369 0 0 0.2204787 0.04311136 -0.1526011
39 0.1243179 0.1711765 0 -0.07970788 0.1753002 1.10784
40 0.1502504 0.1029305 -0.176686 -1.311922 1.194556 0.1264466
41 0.0984958 0.02850619 0.1872715 -1.419091 1.063561 -3.070631
42 0.1708579 0.009936064 0 -0.1195662 0.01859764 -0.1117278
43 0.0049 0 0 0 0 0
44 0.5171545 -0.2663316 0.2896972 2.344169 -0.7072362 -0.1690299
45 0.1972673 0 0 0.2884798 0.1059459 -1.465301
46 0.05363192 -0.1692977 0 -0.2318115 2.235174E-08 -1.228345
47 0.0006023012 -0.03346459 -0.04911327 -0.02998958 0.1057296 -1.859001
48 0.000602576 -0.03346451 0.0491133 0.01859463 -0.05959803 -1.744447
49 0 -0.00544714 0 -2.081338 0.1255513 -1.538532
50 0.1349337 0.007935909 0.1169305 -0.4118887 -0.1742316 0.007309882
51 0.06775701 0 0 0 0 0
52 0.07025615 0 0 -0.005479828 0.256274 -0.03575188
53 0.05538215 -0.1613821 0 -0.01709938 0.00564654 -1.513184
54 0.1349336 0.007935909 -0.116931 0.6535704 0.2458356 -0.05511523
55 0.067757 0 0 0 0 0
56 0.0702562 0 0 0.08945788 -0.1976341 0.06336041
57 0.0553822 -0.161382 0 0.06357618 -0.02569135 -1.567969
time 15
0 0 0 0 0 0 0
1 0.05553066 0.454275 -0.1374192 0.006334006 0.03608887 -0.05116621
2 0 0.002591992 0 -1.326089 0.07197884 1.649453
3 0.152 0 0 -0.1694814 -0.1600328 0.05628639
4 0.05880687 0.02725044 -0.08225372 2.676163 1.50483 1.07437
5 0.1144182 0.0005082054 0.0002229364 -2.855876 -0.03533559 -0.8471223
6 0.122 0 0 0 0 -0.8520411
7 0.1347621 0 0 -0.7212724 0 0
8 0.1343401 0 0 0.1723953 -0.1640188 -0.2584032
9 0.1197383 0 6.123017E-05 0.001594526 -0.005315071 -0.405902
10 0.04880161 0 0 0 0 -0.4577705
11 0.04874135 -0.0476583 0.06862446 1.389323 -0.5191697 -0.5648462
12 0.06127064 0 0 -0.06894372 0.1108697 -0.5743216
13 0.1028249 0 0 -0.1176855 -0.09469986 -0.01050035
14 0.05880699 0.02725041 0.0822537 -1.570795 1.371103 -0.03702443
15 -0.1009997 0 0 -1.696233 0.6897555 -0.4690718
16 -0.1219999 0 0 1.018397E-06 -2.772519E-06 -0.9175191
17 -0.1347622 0 0 -0.323021 0 0
18 -0.1343399 0 0 1.140099 0.4028446 0.5062168
19 -0.1197386 0 -6.123033E-05 -0.001372244 -0.005376858 0.2012115
20 -0.04880161 0 0 0 0 -0.707715
21 -0.1889133 0.06475638 -0.0265498 -3.139415 -0.005103788 -0.4518085
22 -0.04874142 0.04765864 -0.06862451 1.787741 -0.276586 -0.7554917
23 -0.06127064 0 0 -0.06257772 0.2217633 -0.7094637
24 -0.1028246 0 0 -0.1176855 -0.09469986 -0.01050035
25 0.1304068 0.1682832 0 2.960204 -0.4812689 2.560871
26 0.08318153 0 0 -0.03212501 -0.106012 0.06639642
27 0.1212126 0 0 0.03549604 -0.1390992 0.1371604
28 0.1593245 0 0 0.2468979 -0.196145 0.2392478
29 0.1584415 -0.04360095 -0.1633444 -2.753313 0.3962786 1.496638
30 0.1386825 -0.006931146 0.004727043 0.3438253 0.2339205 -0.7670875
31 0.07876897 1.806102E-05 -0.005639316 -0.8016037 -0.1662846 -0.1534883
32 0.130848 0.0002848966 0.00104755 -0.150309 0.1048122 -0.630276
33 0.1839588 0.0008644731 0.002803161 -0.01338804 -0.1025374 -0.08738388
34 0.1270494 -0.04884062 0.1731653 -2.557123 1.219221 -1.360021
35 -0.1412465 -0.01470334 0.007415407 0.06337721 0.4965227 -0.4662753
36 -0.06898984 0 0 -0.2583657 -0.4141376 -0.3574048
37 -0.1247 0 0 -0.267862 0.3358889 -0.2073619
38 -0.1734369 0 0 0.2206567 0.04788149 -0.1544913
39 0.1243179 0.1711765 0 -0.08378627 0.1753002 1.107841
40 0.1502504 0.1029305 -0.176686 -1.314163 1.190329 0.1240703
41 0.0984958 0.02850619 0.1872715 -1.418068 1.067799 -3.069442
42 0.1708579 0.009936064 0 -0.1246196 0.01686675 -0.1246155
43 0.0049 0 0 0 0 0
44 0.5171545 -0.2663316 0.2896972 2.33947 -0.7124269 -0.1618135
45 0.1972673 0 0 0.2864674 0.1122713 -1.472769
46 0.05363192 -0.1692977 0 -0.2352071 5.215406E-08 -1.228345
47 0.0006023012 -0.03346459 -0.04911327 -0.02998959 0.1013478 -1.858895
48 0.000602576 -0.03346451 0.0491133 0.01859463 -0.06416097 -1.74449
49 0 -0.00544714 0 -2.083311 0.1239393 -1.538948
50 0.1349337 0.007935909 0.1169305 -0.4130049 -0.1795921 0.006898904
51 0.06775701 0 0 0 0 0
52 0.07025615 0 0 -0.002869586 0.2579991 -0.03450384
53 0.05538215 -0.1613821 0 -0.01709938 0.00564654 -1.513184
54 0.1349336 0.007935909 -0.116931 0.6542881 0.2414897 -0.05318621
55 0.067757 0 0 0 0 0
56 0.0702562 0 0 0.09091365 -0.1981299 0.06119488
57 0.0553822 -0.161382 0 0.06357618 -0.02569135 -1.567969
time 16
0 0 0 0 0 0 0
1 0.05591528 0.4537002 -0.1374947 0.006333373 0.03608445 -0.0539626
2 0 0.002591992 0 -1.32387 0.07119945 1.648979
3 0.152 0 0 -0.1694812 -0.1590651 0.05423336
4 0.05880687 0.02725044 -0.08225372 2.773072 1.507815 1.171078
5 0.1144182 0.0005082054 0.0002229364 -2.858983 -0.03823585 -0.8361968
6 0.122 0 0 0 0 -0.8345184
7 0.1347621 0 0 -0.7212724 0 0
8 0.1343401 0 0 0.1719988 -0.1640662 -0.2572859
9 0.1197383 0 6.123017E-05 0.001594526 -0.005315071 -0.4045168
10 0.04880161 0 0 0 0 -0.455986
11 0.04874135 -0.0476583 0.06862446 1.388814 -0.5204095 -0.5644079
12 0.06127064 0 0 -0.06822612 0.1109164 -0.5727054
13 0.1028249 0 0 -0.1176855 -0.09469986 -0.01050035
14 0.05880699 0.02725041 0.0822537 -1.570795 1.371103 -0.03702443
15 -0.1009997 0 0 -1.701107 0.6845611 -0.4738626
16 -0.1219999 0 0 1.018397E-06 -2.77252E-06 -0.9054499
17 -0.1347622 0 0 -0.3213689 0 0
18 -0.1343399 0 0 1.141272 0.4050422 0.4992895
19 -0.1197386 0 -6.123033E-05 -0.001372244 -0.005376858 0.2012115
20 -0.04880161 0 0 0 0 -0.707715
21 -0.1889133 0.06475638 -0.0265498 -3.139415 -0.005103788 -0.4518085
22 -0.04874142 0.04765864 -0.06862451 1.787741 -0.276586 -0.7554917
23 -0.06127064 0 0 -0.06257772 0.2217633 -0.7094637
24 -0.1028246 0 0 -0.1176855 -0.09469986 -0.01050035
25 0.1304068 0.1682832 0 2.960933 -0.4774825 2.562276
26 0.08318153 0 0 -0.02709799 -0.1051999 0.06334841
27 0.1212126 0 0 0.03807295 -0.1391 0.1371893
28 0.1593245 0 0 0.246898 -0.1961451 0.2479185
29 0.157997 -0.04357738 -0.1638246 -2.755331 0.3978629 1.49891
30 0.1386825 -0.006931146 0.004727043 0.3438253 0.2339205 -0.7670875
31 0.07876897 1.806102E-05 -0.005639316 -0.8014703 -0.1659565 -0.1549212
32 0.130848 0.0002848966 0.00104755 -0.1511198 0.1098866 -0.6275285
33 0.1839588 0.0008644731 0.002803161 -0.01405135 -0.09718479 -0.07930215
34 0.1270494 -0.04881192 0.1731709 -2.557577 1.218384 -1.358488
35 -0.141436 -0.01482125 0.007671204 0.06337721 0.4965227 -0.4662753
36 -0.06898984 0 0 -0.2595651 -0.4163203 -0.3588262
37 -0.1247 0 0 -0.2720636 0.334695 -0.209273
38 -0.1734369 0 0 0.2208453 0.05233563 -0.1564887
39 0.1243179 0.1711765 0 -0.08759354 0.1753002 1.10784
40 0.1502504 0.1029305 -0.176686 -1.31621 1.186387 0.1218973
41 0.0984958 0.02850619 0.1872715 -1.4171 1.071757 -3.068317
42 0.1708579 0.009936064 0 -0.1298031 0.01557319 -0.1383127
43 0.0049 0 0 0 0 0
44 0.5171545 -0.2663316 0.2896972 2.336213 -0.7193733 -0.1570076
45 0.1972673 0 0 0.2843788 0.1190767 -1.480589
46 0.05363192 -0.1692977 0 -0.2384851 7.450581E-09 -1.228345
47 0.0006023012 -0.03346459 -0.04911327 -0.02998959 0.09705588 -1.858794
48 0.000602576 -0.03346451 0.0491133 0.01859463 -0.06867948 -1.74453
49 0 -0.00544714 0 -2.085371 0.1222569 -1.539383
50 0.1349337 0.007935909 0.1169305 -0.4140276 -0.184834 0.006493867
51 0.06775701 0 0 0 0 0
52 0.07025615 0 0 -0.000235011 0.2595978 -0.03324442
53 0.05538215 -0.1613821 0 -0.01709938 0.00564654 -1.513184
54 0.1349336 0.007935909 -0.116931 0.6550865 0.2372885 -0.05109729
55 0.067757 0 0 0 0 0
56 0.0702562 0 0 0.0923848 -0.1987626 0.05907107
57 0.0553822 -0.161382 0 0.06357618 -0.02569135 -1.567969
time 17
0 0 0 0 0 0 0
1 0.05631506 0.4531278 -0.1375936 0.006333779 0.03608726 -0.05669225
2 0 0.002591992 0 -1.321559 0.07057677 1.648488
3 0.152 0 0 -0.1694791 -0.1580575 0.05227259
4 0.05880687 0.02725044 -0.08225372 2.864025 1.510103 1.261854
5 0.1144182 0.0005082054 0.0002229364 -2.862035 -0.04095785 -0.8266817
6 0.122 0 0 0 0 -0.8189602
7 0.1347621 0 0 -0.7212724 0 0
8 0.1343401 0 0 0.1711829 -0.1641564 -0.2532418
9 0.1197383 0 6.123017E-05 0.001594532 -0.005315081 -0.4008455
10 0.04880161 0 0 0 0 -0.4513468
11 0.04874135 -0.0476583 0.06862446 1.387951 -0.5236977 -0.5637293
12 0.06127064 0 0 -0.06685613 0.1109852 -0.5673223
13 0.1028249 0 0 -0.1176855 -0.09469986 -0.01050035
14 0.05880699 0.02725041 0.0822537 -1.570795 1.371103 -0.03702443
15 -0.1009997 0 0 -1.705784 0.6793774 -0.4785493
16 -0.1219999 0 0 1.018397E-06 -2.772519E-06 -0.8935535
17 -0.1347622 0 0 -0.3197046 0 0
18 -0.1343399 0 0 1.142552 0.4071664 0.4928124
19 -0.1197386 0 -6.123033E-05 -0.001372244 -0.005376858 0.2012115
20 -0.04880161 0 0 0 0 -0.707715
21 -0.1889133 0.06475638 -0.0265498 -3.139415 -0.005103788 -0.4518085
22 -0.04874142 0.04765864 -0.06862451 1.787741 -0.276586 -0.7554917
23 -0.06127064 0 0 -0.06257772 0.2217633 -0.7094637
24 -0.1028246 0 0 -0.1176855 -0.09469986 -0.01050035
25 0.1304068 0.1682832 0 2.961753 -0.4735225 2.563332
26 0.08318153 0 0 -0.02187567 -0.1043531 0.06018018
27 0.1212126 0 0 0.04074953 -0.1390989 0.1372174
28 0.1593245 0 0 0.2468979 -0.1961451 0.2569336
29 0.1575958 -0.04355787 -0.1642521 -2.757424 0.3995777 1.500901
30 0.1386825 -0.006931146 0.004727043 0.3438253 0.2339205 -0.7670875
31 0.07876897 1.806102E-05 -0.005639316 -0.8012054 -0.16619 -0.1565304
32 0.130848 0.0002848966 0.00104755 -0.1518869 0.1148399 -0.625176
33 0.1839588 0.0008644731 0.002803161 -0.01494053 -0.09162265 -0.06909138
34 0.1270494 -0.04878367 0.1731768 -2.558116 1.217453 -1.357341
35 -0.1415816 -0.01476052 0.007809792 0.06337721 0.4965227 -0.4662753
36 -0.06898984 0 0 -0.2608112 -0.4185874 -0.3603026
37 -0.1247 0 0 -0.2764122 0.3331777 -0.211158
38 -0.1734369 0 0 0.2210431 0.05646455 -0.1585867
39 0.1243179 0.1711765 0 -0.09112439 0.1753002 1.107841
40 0.1502504 0.1029305 -0.176686 -1.318062 1.182751 0.1199297
41 0.0984958 0.02850619 0.1872715 -1.416191 1.075416 -3.06726
42 0.1708579 0.009936064 0 -0.1350834 0.01466112 -0.1526396
43 0.0049 0 0 0 0 0
44 0.5171545 -0.2663316 0.2896972 2.333841 -0.7273227 -0.1537206
45 0.1972673 0 0 0.2822571 0.1263152 -1.488667
46 0.05363192 -0.1692977 0 -0.2416338 2.980232E-08 -1.228345
47 0.0006023012 -0.03346459 -0.04911327 -0.02998958 0.09284842 -1.858698
48 0.000602576 -0.03346451 0.0491133 0.01859463 -0.07314695 -1.744568
49 0 -0.00544714 0 -2.08751 0.1205089 -1.539835
50 0.1349337 0.007935909 0.1169305 -0.4149538 -0.1899413 0.006090739
51 0.06775701 0 0 0 0 0
52 0.07025615 0 0 0.002417171 0.2610597 -0.03197645
53 0.05538215 -0.1613821 0 -0.01709938 0.00564654 -1.513184
54 0.1349336 0.007935909 -0.116931 0.6559596 0.233237 -0.04885715
55 0.067757 0 0 0 0 0
56 0.0702562 0 0 0.09386954 -0.1995296 0.0569949
57 0.0553822 -0.161382 0 0.06357618 -0.02569135 -1.567969
time 18
0 0 0 0 0 0 0
1 0.05672896 0.4525621 -0.1377155 0.006333771 0.0360873 -0.0593345
2 0 0.002591992 0 -1.319161 0.07012042 1.64798
3 0.152 0 0 -0.1694789 -0.1570165 0.05042306
4 0.05880687 0.02725044 -0.08225372 2.943413 1.511744 1.341096
5 0.1144182 0.0005082054 0.0002229364 -2.865012 -0.0434818 -0.8192056
6 0.122 0 0 0 0 -0.806384
7 0.1347621 0 0 -0.7212724 0 0
8 0.1343401 0 0 0.1699128 -0.1642916 -0.2459227
9 0.1197383 0 6.123017E-05 0.00159453 -0.005315077 -0.3944995
10 0.04880161 0 0 0 0 -0.4433135
11 0.04874135 -0.0476583 0.06862446 1.38644 -0.5293788 -0.5627906
12 0.06127064 0 0 -0.06437106 0.1110778 -0.5572444
13 0.1028249 0 0 -0.1176855 -0.09469986 -0.01050035
14 0.05880699 0.02725041 0.0822537 -1.570795 1.371103 -0.03702443
15 -0.1009997 0 0 -1.710229 0.6742295 -0.483112
16 -0.1219999 0 0 1.018397E-06 -2.77252E-06 -0.8818825
17 -0.1347622 0 0 -0.3180339 0 0
18 -0.1343399 0 0 1.143931 0.409206 0.4868326
19 -0.1197386 0 -6.123033E-05 -0.001372244 -0.005376858 0.2012115
20 -0.04880161 0 0 0 0 -0.707715
21 -0.1889133 0.06475638 -0.0265498 -3.139415 -0.005103788 -0.4518085
22 -0.04874142 0.04765864 -0.06862451 1.787741 -0.276586 -0.7554917
23 -0.06127064 0 0 -0.06257772 0.2217633 -0.7094637
24 -0.1028246 0 0 -0.1176855 -0.09469986 -0.01050035
25 0.1304068 0.1682832 0 2.962664 -0.4693984 2.564013
26 0.08318153 0 0 -0.01647352 -0.1034791 0.05690342
27 0.1212126 0 0 0.04351943 -0.1390993 0.137248
28 0.1593245 0 0 0.2468982 -0.1961453 0.2662706
29 0.157246 -0.04354247 -0.1646172 -2.759585 0.4014212 1.502584
30 0.1386825 -0.006931146 0.004727043 0.3438253 0.2339205 -0.7670875
31 0.07876897 1.806102E-05 -0.005639316 -0.800795 -0.1670165 -0.1582972
32 0.130848 0.0002848966 0.00104755 -0.1525907 0.1196647 -0.623312
33 0.1839588 0.0008644731 0.002803161 -0.01606824 -0.08585628 -0.05702547
34 0.1270494 -0.04875586 0.173183 -2.558742 1.21643 -1.356609
35 -0.1416771 -0.01466477 0.007815746 0.06337721 0.4965227 -0.4662753
36 -0.06898984 0 0 -0.2621009 -0.4209335 -0.3618311
37 -0.1247 0 0 -0.280892 0.3313448 -0.2130056
38 -0.1734369 0 0 0.2212462 0.06025809 -0.1607772
39 0.1243179 0.1711765 0 -0.09437328 0.1753002 1.10784
40 0.1502504 0.1029305 -0.176686 -1.319717 1.179442 0.118168
41 0.0984958 0.02850619 0.1872715 -1.415346 1.078756 -3.066277
42 0.1708579 0.009936064 0 -0.1404199 0.0140144 -0.1674085
43 0.0049 0 0 0 0 0
44 0.5171545 -0.2663316 0.2896972 2.332314 -0.7361792 -0.1518704
45 0.1972673 0 0 0.2801461 0.1339407 -1.496914
46 0.05363192 -0.1692977 0 -0.2446413 7.450581E-09 -1.228345
47 0.0006023012 -0.03346459 -0.04911327 -0.02998958 0.08872007 -1.858608
48 0.000602576 -0.03346451 0.0491133 0.01859463 -0.07755671 -1.744603
49 0 -0.00544714 0 -2.089723 0.1186997 -1.540303
50 0.1349337 0.007935909 0.1169305 -0.41578 -0.1948975 0.005685382
51 0.06775701 0 0 0 0 0
52 0.07025615 0 0 0.005080213 0.26238 -0.03070338
53 0.05538215 -0.1613821 0 -0.01709938 0.00564654 -1.513184
54 0.1349336 0.007935909 -0.116931 0.656907 0.2293421 -0.04647419
55 0.067757 0 0 0 0 0
56 0.0702562 0 0 0.09536398 -0.200424 0.05497111
57 0.0553822 -0.161382 0 0.06357618 -0.02569135 -1.567969
time 19
0 0 0 0 0 0 0
1 0.05715594 0.4520077 -0.13786 0.006334012 0.0360889 -0.06189021
2 0 0.002591992 0 -1.316682 0.06983922 1.647456
3 0.152 0 0 -0.1694792 -0.155943 0.04870149
4 0.05880687 0.02725044 -0.08225372 3.005747 1.512797 1.403316
5 0.1144182 0.0005082054 0.0002229364 -2.867894 -0.04562195 -0.8139701
6 0.122 0 0 0 0 -0.7976949
7 0.1347621 0 0 -0.7212724 0 0
8 0.1343401 0 0 0.1681511 -0.1644754 -0.2349834
9 0.1197383 0 6.123017E-05 0.001594529 -0.005315075 -0.3850933
10 0.04880161 0 0 0 0 -0.4313507
11 0.04874135 -0.0476583 0.06862446 1.384179 -0.5377976 -0.5614834
12 0.06127064 0 0 -0.06090006 0.1111961 -0.5415456
13 0.1028249 0 0 -0.1176855 -0.09469986 -0.01050035
14 0.05880699 0.02725041 0.0822537 -1.570795 1.371103 -0.03702443
15 -0.1009997 0 0 -1.714409 0.6691421 -0.4875305
16 -0.1219999 0 0 1.018397E-06 -2.77252E-06 -0.87049
17 -0.1347622 0 0 -0.3163605 0 0
18 -0.1343399 0 0 1.145404 0.4111499 0.4813973
19 -0.1197386 0 -6.123033E-05 -0.001372244 -0.005376858 0.2012115
20 -0.04880161 0 0 0 0 -0.707715
21 -0.1889133 0.06475638 -0.0265498 -3.139415 -0.005103788 -0.4518085
22 -0.04874142 0.04765864 -0.06862451 1.787741 -0.276586 -0.7554917
23 -0.06127064 0 0 -0.06257772 0.2217633 -0.7094637
24 -0.1028246 0 0 -0.1176855 -0.09469986 -0.01050035
25 0.1304068 0.1682832 0 2.963665 -0.4651201 2.564293
26 0.08318153 0 0 -0.01090425 -0.1025738 0.05352288
27 0.1212126 0 0 0.04637485 -0.1390983 0.1372783
28 0.1593245 0 0 0.2468975 -0.1961446 0.275905
29 0.1569562 -0.04353124 -0.1649102 -2.761809 0.4033914 1.503932
30 0.1386825 -0.006931146 0.004727043 0.3438253 0.2339205 -0.7670875
31 0.07876897 1.806102E-05 -0.005639316 -0.8002588 -0.168271 -0.1602026
32 0.130848 0.0002848966 0.00104755 -0.1532123 0.124354 -0.6220327
33 0.1839588 0.0008644731 0.002803161 -0.01744755 -0.079897 -0.04382633
34 0.1270494 -0.04872849 0.1731895 -2.559458 1.215315 -1.356322
35 -0.141716 -0.01453558 0.007743252 0.06337721 0.4965227 -0.4662753
36 -0.06898984 0 0 -0.2634313 -0.4233532 -0.3634079
37 -0.1247 0 0 -0.2854942 0.3292106 -0.2148106
38 -0.1734369 0 0 0.2214578 0.0637085 -0.1630566
39 0.1243179 0.1711765 0 -0.09733486 0.1753002 1.107841
40 0.1502504 0.1029305 -0.176686 -1.321175 1.176482 0.1166145
41 0.0984958 0.02850619 0.1872715 -1.41457 1.081759 -3.065374
42 0.1708579 0.009936064 0 -0.1457782 0.01361688 -0.1824379
43 0.0049 0 0 0 0 0
44 0.5171545 -0.2663316 0.2896972 2.331588 -0.7458488 -0.1513752
45 0.1972673 0 0 0.2780891 0.1419065 -1.505238
46 0.05363192 -0.1692977 0 -0.2474958 5.215406E-08 -1.228345
47 0.0006023012 -0.03346459 -0.04911327 -0.02998959 0.08466541 -1.858523
48 0.000602576 -0.03346451 0.0491133 0.01859463 -0.08190213 -1.744636
49 0 -0.00544714 0 -2.092005 0.116834 -1.540786
50 0.1349337 0.007935909 0.1169305 -0.4165032 -0.1996866 0.005273708
51 0.06775701 0 0 0 0 0
52 0.07025615 0 0 0.007747415 0.2635443 -0.0294275
53 0.05538215 -0.1613821 0 -0.01709938 0.00564654 -1.513184
54 0.1349336 0.007935909 -0.116931 0.6579235 0.2256092 -0.04395709
55 0.067757 0 0 0 0 0
56 0.0702562 0 0 0.09686641 -0.2014435 0.05300558
57 0.0553822 -0.161382 0 0.06357618 -0.02569135 -1.567969
time 20
0 0 0 0 0 0 0
1 0.05759497 0.4514689 -0.1380266 0.006333641 0.03608626 -0.06434347
2 0 0.002591992 0 -1.31413 0.06974234 1.646918
3 0.152 0 0 -0.16948 -0.1548399 0.04712534
4 0.05880687 0.02725044 -0.08225372 3.045538 1.513308 1.443035
5 0.1144182 0.0005082054 0.0002229364 -2.870662 -0.04722923 -0.8111774
6 0.122 0 0 0 0 -0.7930859
7 0.1347621 0 0 -0.7212724 0 0
8 0.1343401 0 0 0.1659539 -0.1647119 -0.2200794
9 0.1197383 0 6.123017E-05 0.001594522 -0.005315062 -0.3722394
10 0.04880161 0 0 0 0 -0.4149173
11 0.04874135 -0.0476583 0.06862446 1.38126 -0.5492994 -0.5597102
12 0.06127064 0 0 -0.0565716 0.1113413 -0.5204202
13 0.1028249 0 0 -0.1176855 -0.09469986 -0.01050035
14 0.05880699 0.02725041 0.0822537 -1.570795 1.371103 -0.03702443
15 -0.1009997 0 0 -1.718291 0.6641407 -0.4917852
16 -0.1219999 0 0 1.018397E-06 -2.772519E-06 -0.8594289
17 -0.1347622 0 0 -0.3146897 0 0
18 -0.1343399 0 0 1.146965 0.4129869 0.4765528
19 -0.1197386 0 -6.123033E-05 -0.001372244 -0.005376858 0.2012115
20 -0.04880161 0 0 0 0 -0.707715
21 -0.1889133 0.06475638 -0.0265498 -3.139415 -0.005103788 -0.4518085
22 -0.04874142 0.04765864 -0.06862451 1.787741 -0.276586 -0.7554917
23 -0.06127064 0 0 -0.06257772 0.2217633 -0.7094637
24 -0.1028246 0 0 -0.1176855 -0.09469986 -0.01050035
25 0.1304068 0.1682832 0 2.964756 -0.460698 2.564147
26 0.08318153 0 0 -0.005182649 -0.1016396 0.05004764
27 0.1212126 0 0 0.04930962 -0.1390998 0.1373119
28 0.1593245 0 0 0.2468978 -0.1961449 0.285816
29 0.1567346 -0.04352423 -0.1651215 -2.764089 0.4054863 1.504919
30 0.1386825 -0.006931146 0.004727043 0.3438253 0.2339205 -0.7670875
31 0.07876897 1.806102E-05 -0.005639316 -0.7996548 -0.1698386 -0.162228
32 0.130848 0.0002848966 0.00104755 -0.1537324 0.1289005 -0.6214331
33 0.1839588 0.0008644731 0.002803161 -0.01894351 -0.0737541 -0.03040548
34 0.1270494 -0.04870158 0.1731962 -2.560264 1.214108 -1.35651
35 -0.1416921 -0.01437457 0.007657209 0.06337721 0.4965227 -0.4662753
36 -0.06898984 0 0 -0.2647984 -0.4258386 -0.3650278
37 -0.1247 0 0 -0.2902113 0.3267904 -0.2165686
38 -0.1734369 0 0 0.2216754 0.066806 -0.1654177
39 0.1243179 0.1711765 0 -0.1000036 0.1753 1.10784
40 0.1502504 0.1029305 -0.176686 -1.322433 1.173891 0.1152712
41 0.0984958 0.02850619 0.1872715 -1.413867 1.084404 -3.064555
42 0.1708579 0.009936064 0 -0.1511263 0.01345238 -0.1975494
43 0.0049 0 0 0 0 0
44 0.5171545 -0.2663316 0.2896972 2.33162 -0.7562359 -0.1521529
45 0.1972673 0 0 0.2760571 0.1501662 -1.513549
46 0.05363192 -0.1692977 0 -0.2501859 -7.450581E-09 -1.228345
47 0.0006023012 -0.03346459 -0.04911327 -0.02998958 0.08067901 -1.858442
48 0.000602576 -0.03346451 0.0491133 0.01859462 -0.08617657 -1.744667
49 0 -0.00544714 0 -2.094351 0.1149166 -1.541283
50 0.1349337 0.007935909 0.1169305 -0.4171205 -0.2042927 0.004851688
51 0.06775701 0 0 0 0 0
52 0.07025615 0 0 0.01041195 0.2645438 -0.02815185
53 0.05538215 -0.1613821 0 -0.01709938 0.00564654 -1.513184
54 0.1349336 0.007935909 -0.116931 0.6590065 0.2220445 -0.04131434
55 0.067757 0 0 0 0 0
56 0.0702562 0 0 0.09837308 -0.202581 0.05110311
57 0.0553822 -0.161382 0 0.06357618 -0.02569135 -1.567969
time 21
0 0 0 0 0 0 0
1 0.05804502 0.4509502 -0.1382149 0.006333739 0.0360869 -0.06670136
2 0 0.002591992 0 -1.31151 0.06983908 1.646366
3 0.152 0 0 -0.1694801 -0.1537085 0.04571148
4 0.05880687 0.02725044 -0.08225372 3.058401 1.513337 1.45587
5 0.1144182 0.0005082054 0.0002229364 -2.873297 -0.0483378 -0.8110279
6 0.122 0 0 0 0 -0.7927497
7 0.1347621 0 0 -0.7212724 0 0
8 0.1343401 0 0 0.1633814 -0.165001 -0.2022645
9 0.1197383 0 6.123017E-05 0.00159453 -0.005315077 -0.3568434
10 0.04880161 0 0 0 0 -0.3951768
11 0.04874135 -0.0476583 0.06862446 1.377777 -0.5630716 -0.5575355
12 0.06127064 0 0 -0.05151495 0.1115155 -0.4956491
13 0.1028249 0 0 -0.1176855 -0.09469986 -0.01050035
14 0.05880699 0.02725041 0.0822537 -1.570795 1.371103 -0.03702443
15 -0.1009997 0 0 -1.72184 0.65925 -0.4958555
16 -0.1219999 0 0 1.018396E-06 -2.772518E-06 -0.8487512
17 -0.1347622 0 0 -0.3130299 0 0
18 -0.1343399 0 0 1.148607 0.4147059 0.4721956
19 -0.1197386 0 -6.123033E-05 -0.001372244 -0.005376858 0.2012115
20 -0.04880161 0 0 0 0 -0.707715
21 -0.1889133 0.06475638 -0.0265498 -3.139415 -0.005103788 -0.4518085
22 -0.04874142 0.04765864 -0.06862451 1.787741 -0.276586 -0.7554917
23 -0.06127064 0 0 -0.06257772 0.2217633 -0.7094637
24 -0.1028246 0 0 -0.1176855 -0.09469986 -0.01050035
25 0.1304068 0.1682832 0 2.965936 -0.4561418 2.563549
26 0.08318153 0 0 0.0006765763 -0.1006861 0.04648974
27 0.1212126 0 0 0.05231552 -0.1390996 0.1373448
28 0.1593245 0 0 0.246898 -0.1961451 0.2959791
29 0.1565896 -0.04352149 -0.1652415 -2.76642 0.4077043 1.505518
30 0.1386825 -0.006931146 0.004727043 0.3438253 0.2339205 -0.7670875
31 0.07876897 1.806102E-05 -0.005639316 -0.7989914 -0.171702 -0.1643544
32 0.130848 0.0002848966 0.00104755 -0.1541315 0.1332969 -0.6216068
33 0.1839588 0.0008644731 0.002803161 -0.02025171 -0.06744248 -0.01733467
34 0.1270494 -0.0486751 0.1732033 -2.561163 1.212809 -1.357201
35 -0.1416327 -0.01418331 0.007558248 0.06337721 0.4965227 -0.4662753
36 -0.06898984 0 0 -0.2661994 -0.4283856 -0.3666885
37 -0.1247 0 0 -0.2950262 0.3240913 -0.2182675
38 -0.1734369 0 0 0.2219016 0.06954279 -0.1678568
39 0.1243179 0.1711765 0 -0.1023742 0.1753001 1.10784
40 0.1502504 0.1029305 -0.176686 -1.323492 1.17169 0.1141387
41 0.0984958 0.02850619 0.1872715 -1.413243 1.086672 -3.063825
42 0.1708579 0.009936064 0 -0.1564257 0.01350465 -0.212557
43 0.0049 0 0 0 0 0
44 0.5171545 -0.2663316 0.2896972 2.33237 -0.7672458 -0.1541221
45 0.1972673 0 0 0.2740231 0.1586735 -1.521756
46 0.05363192 -0.1692977 0 -0.2526997 -1.490116E-08 -1.228345
47 0.0006023012 -0.03346459 -0.04911327 -0.02998959 0.07675556 -1.858367
48 0.000602576 -0.03346451 0.0491133 0.01859464 -0.09037337 -1.744695
49 0 -0.00544714 0 -2.096753 0.1129518 -1.541792
50 0.1349337 0.007935909 0.1169305 -0.4176277 -0.2086989 0.004415088
51 0.06775701 0 0 0 0 0
52 0.07025615 0 0 0.0130673 0.265377 -0.02688013
53 0.05538215 -0.1613821 0 -0.01709938 0.00564654 -1.513184
54 0.1349336 0.007935909 -0.116931 0.6601519 0.2186537 -0.03855458
55 0.067757 0 0 0 0 0
56 0.0702562 0 0 0.09988099 -0.2038316 0.04926897
57 0.0553822 -0.161382 0 0.06357618 -0.02569135 -1.567969
time 22
0 0 0 0 0 0 0
1 0.05850505 0.4504562 -0.1384245 0.006333768 0.03608709 -0.06895148
2 0 0.002591992 0 -1.30883 0.07013819 1.645803
3 0.152 0 0 -0.1694781 -0.1525505 0.04447694
4 0.05880687 0.02725044 -0.08225372 3.044687 1.512936 1.442175
5 0.1144182 0.0005082054 0.0002229364 -2.875643 -0.04898189 -0.8137234
6 0.122 0 0 0 0 -0.7968804
7 0.1347621 0 0 -0.7212724 0 0
8 0.1343401 0 0 0.1604999 -0.1653472 -0.1830663
9 0.1197383 0 6.123017E-05 0.001594521 -0.00531506 -0.3402563
10 0.04880161 0 0 0 0 -0.3739081
11 0.04874135 -0.0476583 0.06862446 1.373823 -0.5778895 -0.5550233
12 0.06127064 0 0 -0.04585863 0.1117199 -0.4686916
13 0.1028249 0 0 -0.1176855 -0.09469986 -0.01050035
14 0.05880699 0.02725041 0.0822537 -1.570795 1.371103 -0.03702443
15 -0.1009997 0 0 -1.725024 0.6544952 -0.4997224
16 -0.1219999 0 0 1.018397E-06 -2.77252E-06 -0.8384188
17 -0.1347622 0 0 -0.3113829 0 0
18 -0.1343399 0 0 1.150325 0.4162958 0.4683063
19 -0.1197386 0 -6.123033E-05 -0.001372244 -0.005376858 0.2012115
20 -0.04880161 0 0 0 0 -0.707715
21 -0.1889133 0.06475638 -0.0265498 -3.139415 -0.005103788 -0.4518085
22 -0.04874142 0.04765864 -0.06862451 1.787741 -0.276586 -0.7554917
23 -0.06127064 0 0 -0.06257772 0.2217633 -0.7094637
24 -0.1028246 0 0 -0.1176855 -0.09469986 -0.01050035
25 0.1304068 0.1682832 0 2.967205 -0.4514614 2.562473
26 0.08318153 0 0 0.006659822 -0.09971029 0.04285508
27 0.1212126 0 0 0.0553849 -0.1390965 0.1373758
28 0.1593245 0 0 0.2468983 -0.1961454 0.3063714
29 0.1565297 -0.04352307 -0.1652606 -2.768796 0.4100434 1.505701
30 0.1386825 -0.006931146 0.004727043 0.3438253 0.2339205 -0.7670875
31 0.07876897 1.806102E-05 -0.005639316 -0.7982765 -0.1738437 -0.1665632
32 0.130848 0.0002848966 0.00104755 -0.1543904 0.137536 -0.6223838
33 0.1839588 0.0008644731 0.002803161 -0.02138377 -0.06098087 -0.00518368
34 0.1270494 -0.04864908 0.1732105 -2.562157 1.21142 -1.358426
35 -0.1415695 -0.01396342 0.007447005 0.06337721 0.4965227 -0.4662753
36 -0.06898984 0 0 -0.2676307 -0.4309869 -0.368385
37 -0.1247 0 0 -0.2999328 0.3211301 -0.2199053
38 -0.1734369 0 0 0.2221347 0.07190955 -0.1703673
39 0.1243179 0.1711765 0 -0.1043121 0.1753002 1.107841
40 0.1502504 0.1029305 -0.176686 -1.324349 1.169901 0.1132198
41 0.0984958 0.02850619 0.1872715 -1.412702 1.088544 -3.063191
42 0.1708579 0.009936064 0 -0.1616431 0.01375741 -0.2272808
43 0.0049 0 0 0 0 0
44 0.5171545 -0.2663316 0.2896972 2.333793 -0.7787831 -0.1572004
45 0.1972673 0 0 0.272018 0.1673816 -1.529767
46 0.05363192 -0.1692977 0 -0.2550254 -2.235174E-08 -1.228345
47 0.0006023012 -0.03346459 -0.04911327 -0.02998959 0.07288957 -1.858296
48 0.000602576 -0.03346451 0.0491133 0.01859464 -0.09448589 -1.744721
49 0 -0.00544714 0 -2.099206 0.1109445 -1.542313
50 0.1349337 0.007935909 0.1169305 -0.4180227 -0.2128898 0.003959978
51 0.06775701 0 0 0 0 0
52 0.07025615 0 0 0.01570655 0.2660272 -0.02561453
53 0.05538215 -0.1613821 0 -0.01709938 0.00564654 -1.513184
54 0.1349336 0.007935909 -0.116931 0.6613569 0.2154429 -0.03568636
55 0.067757 0 0 0 0 0
56 0.0702562 0 0 0.1013878 -0.2051914 0.04750863
57 0.0553822 -0.161382 0 0.06357618 -0.02569135 -1.567969
time 23
0 0 0 0 0 0 0
1 0.05897404 0.4499911 -0.138655 0.006333519 0.03608528 -0.07108475
2 0 0.002591992 0 -1.306096 0.07064946 1.645229
3 0.152 0 0 -0.1694792 -0.1513728 0.04344077
4 0.05880687 0.02725044 -0.08225372 3.006018 1.512151 1.403571
5 0.1144182 0.0005082054 0.0002229364 -2.877573 -0.04919571 -0.8194659
6 0.122 0 0 0 0 -0.80567
7 0.1347621 0 0 -0.7212724 0 0
8 0.1343401 0 0 0.1573717 -0.1657516 -0.1628297
9 0.1197383 0 6.123017E-05 0.001594518 -0.005315051 -0.3227808
10 0.04880161 0 0 0 0 -0.3514955
11 0.04874135 -0.0476583 0.06862446 1.369491 -0.5934882 -0.5522386
12 0.06127064 0 0 -0.03973158 0.1118373 -0.4410097
13 0.1028249 0 0 -0.1176855 -0.09469986 -0.01050035
14 0.05880699 0.02725041 0.0822537 -1.570795 1.371103 -0.03702443
15 -0.1009997 0 0 -1.727807 0.6499013 -0.5033652
16 -0.1219999 0 0 1.018397E-06 -2.772519E-06 -0.82832
17 -0.1347622 0 0 -0.309755 0 0
18 -0.1343399 0 0 1.152113 0.4177455 0.4648431
19 -0.1197386 0 -6.123033E-05 -0.001372244 -0.005376858 0.2012115
20 -0.04880161 0 0 0 0 -0.707715
21 -0.1889133 0.06475638 -0.0265498 -3.139415 -0.005103788 -0.4518085
22 -0.04874142 0.04765864 -0.06862451 1.787741 -0.276586 -0.7554917
23 -0.06127064 0 0 -0.06257772 0.2217633 -0.7094637
24 -0.1028246 0 0 -0.1176855 -0.09469986 -0.01050035
25 0.1304068 0.1682832 0 2.968564 -0.4466668 2.56079
26 0.08318153 0 0 0.01275296 -0.098716 0.03915285
27 0.1212126 0 0 0.05851332 -0.1390989 0.1374127
28 0.1593245 0 0 0.2468979 -0.196145 0.3169691
29 0.1565631 -0.04352903 -0.1651692 -2.77121 0.4125016 1.505326
30 0.1386825 -0.006931146 0.004727043 0.3438253 0.2339205 -0.7670875
31 0.07876897 1.806102E-05 -0.005639316 -0.7975195 -0.1762466 -0.1688354
32 0.130848 0.0002848966 0.00104755 -0.1544898 0.1416107 -0.6233838
33 0.1839588 0.0008644731 0.002803161 -0.02234305 -0.05436327 0.005480655
34 0.1270494 -0.04862351 0.1732181 -2.563248 1.20994 -1.360323
35 -0.1415027 -0.01371648 0.007324111 0.06337721 0.4965227 -0.4662753
36 -0.06898984 0 0 -0.269089 -0.4336365 -0.3701135
37 -0.1247 0 0 -0.3049179 0.317917 -0.2215334
38 -0.1734369 0 0 0.2223716 0.07371403 -0.1729411
39 0.1243179 0.1711765 0 -0.1056961 0.1753001 1.10784
40 0.1502504 0.1029305 -0.176686 -1.325003 1.168545 0.1125146
41 0.0984958 0.02850619 0.1872715 -1.41225 1.090001 -3.062656
42 0.1708579 0.009936064 0 -0.1667422 0.01419449 -0.2415373
43 0.0049 0 0 0 0 0
44 0.5171545 -0.2663316 0.2896972 2.335848 -0.7907532 -0.1613064
45 0.1972673 0 0 0.2700724 0.1762442 -1.537491
46 0.05363192 -0.1692977 0 -0.2571515 7.450581E-09 -1.228345
47 0.0006023012 -0.03346459 -0.04911327 -0.02998959 0.06907574 -1.858231
48 0.000602576 -0.03346451 0.0491133 0.01859464 -0.0985075 -1.744745
49 0 -0.00544714 0 -2.101706 0.1088991 -1.542843
50 0.1349337 0.007935909 0.1169305 -0.4183011 -0.2168485 0.003482106
51 0.06775701 0 0 0 0 0
52 0.07025615 0 0 0.01832299 0.2664875 -0.02435821
53 0.05538215 -0.1613821 0 -0.01709938 0.00564654 -1.513184
54 0.1349336 0.007935909 -0.116931 0.6626186 0.2124183 -0.03271811
55 0.067757 0 0 0 0 0
56 0.0702562 0 0 0.10289 -0.2066545 0.04582718
57 0.0553822 -0.161382 0 0.06357618 -0.02569135 -1.567969
time 24
0 0 0 0 0 0 0
1 0.05945094 0.4495595 -0.1389058 0.006333538 0.03608541 -0.07310287
2 0 0.002591992 0 -1.303314 0.07138152 1.644645
3 0.152 0 0 -0.1694803 -0.1501755 0.04270691
4 0.05880687 0.02725044 -0.08225372 2.944602 1.511045 1.342263
5 0.1144182 0.0005082054 0.0002229364 -2.879112 -0.04901321 -0.827825
6 0.122 0 0 0 0 -0.818528
7 0.1347621 0 0 -0.7212724 0 0
8 0.1343401 0 0 0.1540658 -0.1662214 -0.1419068
9 0.1197383 0 6.123017E-05 0.001594529 -0.005315074 -0.3047172
10 0.04880161 0 0 0 0 -0.328322
11 0.04874135 -0.0476583 0.06862446 1.364875 -0.6096019 -0.5492456
12 0.06127064 0 0 -0.03326299 0.1117503 -0.4129053
13 0.1028249 0 0 -0.1176855 -0.09469986 -0.01050035
14 0.05880699 0.02725041 0.0822537 -1.570795 1.371103 -0.03702443
15 -0.1009997 0 0 -1.730112 0.6455145 -0.5067642
16 -0.1219999 0 0 1.018396E-06 -2.772518E-06 -0.8184019
17 -0.1347622 0 0 -0.3081504 0 0
18 -0.1343399 0 0 1.153964 0.4190438 0.4617647
19 -0.1197386 0 -6.123033E-05 -0.001372244 -0.005376858 0.2012115
20 -0.04880161 0 0 0 0 -0.707715
21 -0.1889133 0.06475638 -0.0265498 -3.139415 -0.005103788 -0.4518085
22 -0.04874142 0.04765864 -0.06862451 1.787741 -0.276586 -0.7554917
23 -0.06127064 0 0 -0.06257772 0.2217633 -0.7094637
24 -0.1028246 0 0 -0.1176855 -0.09469986 -0.01050035
25 0.1304068 0.1682832 0 2.97001 -0.4417678 2.558424
26 0.08318153 0 0 0.01894149 -0.09770232 0.03539032
27 0.1212126 0 0 0.06169135 -0.1390995 0.1374487
28 0.1593245 0 0 0.2468981 -0.1961451 0.3277504
29 0.1566983 -0.04353943 -0.1649576 -2.773658 0.4150769 1.504299
30 0.1386825 -0.006931146 0.004727043 0.3438253 0.2339205 -0.7670875
31 0.07876897 1.806102E-05 -0.005639316 -0.7967291 -0.1788935 -0.1711523
32 0.130848 0.0002848966 0.00104755 -0.1544109 0.1455137 -0.6245837
33 0.1839588 0.0008644731 0.002803161 -0.02313812 -0.04760401 0.01408473
34 0.1270494 -0.04859838 0.1732258 -2.564436 1.208371 -1.362974
35 -0.1414324 -0.0134441 0.007190201 0.06337721 0.4965227 -0.4662753
36 -0.06898984 0 0 -0.2705714 -0.4363291 -0.3718707
37 -0.1247 0 0 -0.3099727 0.3144661 -0.2231513
38 -0.1734369 0 0 0.2226141 0.07495674 -0.1755741
39 0.1243179 0.1711765 0 -0.1065432 0.1753001 1.10784
40 0.1502504 0.1029305 -0.176686 -1.325454 1.167642 0.1120255
41 0.0984958 0.02850619 0.1872715 -1.41189 1.091023 -3.062227
42 0.1708579 0.009936064 0 -0.1716898 0.01479957 -0.2551472
43 0.0049 0 0 0 0 0
44 0.5171545 -0.2663316 0.2896972 2.338493 -0.803061 -0.1663579
45 0.1972673 0 0 0.2682174 0.1852148 -1.544837
46 0.05363192 -0.1692977 0 -0.2590661 2.235174E-08 -1.228345
47 0.0006023012 -0.03346459 -0.04911327 -0.02998959 0.06530863 -1.85817
48 0.000602576 -0.03346451 0.0491133 0.01859464 -0.1024315 -1.744767
49 0 -0.00544714 0 -2.104246 0.1068202 -1.543383
50 0.1349337 0.007935909 0.1169305 -0.4184573 -0.2205577 0.002977127
51 0.06775701 0 0 0 0 0
52 0.07025615 0 0 0.02090999 0.2667502 -0.02311423
53 0.05538215 -0.1613821 0 -0.01709938 0.00564654 -1.513184
54 0.1349336 0.007935909 -0.116931 0.6639324 0.2095853 -0.02965855
55 0.067757 0 0 0 0 0
56 0.0702562 0 0 0.104385 -0.2082162 0.04422995
57 0.0553822 -0.161382 0 0.06357618 -0.02569135 -1.567969
time 25
0 0 0 0 0 0 0
1 0.05993472 0.4491658 -0.1391766 0.006333604 0.03608586 -0.07499687
2 0 0.002591992 0 -1.300491 0.07234382 1.644053
3 0.152 0 0 -0.1694799 -0.1489598 0.04235233
4 0.05880687 0.02725044 -0.08225372 2.865339 1.509663 1.263145
5 0.1144182 0.0005082054 0.0002229364 -2.880285 -0.0484688 -0.8380566
6 0.122 0 0 0 0 -0.834426
7 0.1347621 0 0 -0.7212724 0 0
8 0.1343401 0 0 0.1506406 -0.1666892 -0.1206393
9 0.1197383 0 6.123017E-05 0.001594528 -0.005315072 -0.2863616
10 0.04880161 0 0 0 0 -0.3047749
11 0.04874135 -0.0476583 0.06862446 1.360066 -0.6259658 -0.5461087
12 0.06127064 0 0 -0.02658122 0.1114869 -0.3840508
13 0.1028249 0 0 -0.1176855 -0.09469986 -0.01050035
14 0.05880699 0.02725041 0.0822537 -1.570795 1.371103 -0.03702443
15 -0.1009997 0 0 -1.731905 0.6413365 -0.5098996
16 -0.1219999 0 0 1.018397E-06 -2.77252E-06 -0.8086137
17 -0.1347622 0 0 -0.3065758 0 0
18 -0.1343399 0 0 1.155873 0.4201798 0.4590293
19 -0.1197386 0 -6.123033E-05 -0.001372244 -0.005376858 0.2012115
20 -0.04880161 0 0 0 0 -0.707715
21 -0.1889133 0.06475638 -0.0265498 -3.139415 -0.005103788 -0.4518085
22 -0.04874142 0.04765864 -0.06862451 1.787741 -0.276586 -0.7554917
23 -0.06127064 0 0 -0.06257772 0.2217633 -0.7094637
24 -0.1028246 0 0 -0.1176855 -0.09469986 -0.01050035
25 0.1304068 0.1682832 0 2.971545 -0.4367746 2.555425
26 0.08318153 0 0 0.02521292 -0.09668016 0.03157903
27 0.1212126 0 0 0.0649124 -0.1391001 0.1374854
28 0.1593245 0 0 0.2468981 -0.1961452 0.3386916
29 0.1569437 -0.0435543 -0.1646163 -2.776132 0.4177678 1.502665
30 0.1386825 -0.006931146 0.004727043 0.3438253 0.2339205 -0.7670875
31 0.07876897 1.806102E-05 -0.005639316 -0.7959126 -0.1817668 -0.1734949
32 0.130848 0.0002848966 0.00104755 -0.1541934 0.1492374 -0.6259558
33 0.1839588 0.0008644731 0.002803161 -0.02378032 -0.04072144 0.02005921
34 0.1270494 -0.0485737 0.1732338 -2.565725 1.206712 -1.366324
35 -0.1413589 -0.01314788 0.007045908 0.06337721 0.4965227 -0.4662753
36 -0.06898984 0 0 -0.2720742 -0.4390579 -0.3736522
37 -0.1247 0 0 -0.3150835 0.3107877 -0.2247542
38 -0.1734369 0 0 0.2228603 0.07565455 -0.1782593
39 0.1243179 0.1711765 0 -0.1068701 0.1753002 1.10784
40 0.1502504 0.1029305 -0.176686 -1.3257 1.167214 0.1117536
41 0.0984958 0.02850619 0.1872715 -1.411628 1.091465 -3.061909
42 0.1708579 0.009936064 0 -0.1764477 0.01555656 -0.2679239
43 0.0049 0 0 0 0 0
44 0.5171545 -0.2663316 0.2896972 2.341684 -0.815611 -0.172273
45 0.1972673 0 0 0.2664838 0.1942469 -1.551715
46 0.05363192 -0.1692977 0 -0.2607575 -7.450581E-09 -1.228345
47 0.0006023012 -0.03346459 -0.04911327 -0.02998959 0.06158283 -1.858114
48 0.000602576 -0.03346451 0.0491133 0.01859462 -0.1062514 -1.744786
49 0 -0.00544714 0 -2.106821 0.1047126 -1.543931
50 0.1349337 0.007935909 0.1169305 -0.4184923 -0.2240034 0.002441399
51 0.06775701 0 0 0 0 0
52 0.07025615 0 0 0.02346068 0.2668048 -0.02188542
53 0.05538215 -0.1613821 0 -0.01709938 0.00564654 -1.513184
54 0.1349336 0.007935909 -0.116931 0.6652967 0.2069505 -0.02651611
55 0.067757 0 0 0 0 0
56 0.0702562 0 0 0.1058691 -0.20987 0.04272199
57 0.0553822 -0.161382 0 0.06357618 -0.02569135 -1.567969
time 26
0 0 0 0 0 0 0
1 0.06042435 0.4488145 -0.1394669 0.00633385 0.03608766 -0.07676303
2 0 0.002591992 0 -1.297634 0.07354528 1.643454
3 0.152 0 0 -0.1694807 -0.1477306 0.04235396
4 0.05880687 0.02725044 -0.08225372 2.773893 1.507546 1.171879
5 0.1144182 0.0005082054 0.0002229364 -2.881115 -0.04759659 -0.84989
6 0.122 0 0 0 0 -0.8528948
7 0.1347621 0 0 -0.7212724 0 0
8 0.1343401 0 0 0.1471664 -0.1670957 -0.09937948
9 0.1197383 0 6.123017E-05 0.001594525 -0.005315064 -0.2680144
10 0.04880161 0 0 0 0 -0.281234
11 0.04874135 -0.0476583 0.06862446 1.355159 -0.6423141 -0.5428925
12 0.06127064 0 0 -0.01981572 0.111077 -0.3549652
13 0.1028249 0 0 -0.1176855 -0.09469986 -0.01050035
14 0.05880699 0.02725041 0.0822537 -1.570795 1.371103 -0.03702443
15 -0.1009997 0 0 -1.73322 0.6373261 -0.5127511
16 -0.1219999 0 0 1.018397E-06 -2.77252E-06 -0.798901
17 -0.1347622 0 0 -0.3050355 0 0
18 -0.1343399 0 0 1.157834 0.421142 0.4565956
19 -0.1197386 0 -6.123033E-05 -0.001372244 -0.005376858 0.2012115
20 -0.04880161 0 0 0 0 -0.707715
21 -0.1889133 0.06475638 -0.0265498 -3.139415 -0.005103788 -0.4518085
22 -0.04874142 0.04765864 -0.06862451 1.787741 -0.276586 -0.7554917
23 -0.06127064 0 0 -0.06257772 0.2217633 -0.7094637
24 -0.1028246 0 0 -0.1176855 -0.09469986 -0.01050035
25 0.1304068 0.1682832 0 2.973168 -0.4316972 2.551844
26 0.08318153 0 0 0.03154925 -0.09563512 0.02772211
27 0.1212126 0 0 0.06816893 -0.1390997 0.1375217
28 0.1593245 0 0 0.2468981 -0.1961451 0.3497693
29 0.1573075 -0.04357371 -0.1641355 -2.778627 0.4205723 1.500471
30 0.1386825 -0.006931146 0.004727043 0.3438253 0.2339205 -0.7670875
31 0.07876897 1.806102E-05 -0.005639316 -0.7950805 -0.1848496 -0.1758447
32 0.130848 0.0002848966 0.00104755 -0.1539342 0.1527754 -0.6274812
33 0.1839588 0.0008644731 0.002803161 -0.02428616 -0.03369832 0.02284282
34 0.1270494 -0.04854947 0.1732419 -2.567117 1.204964 -1.370317
35 -0.1412823 -0.0128294 0.006891866 0.06337721 0.4965227 -0.4662753
36 -0.06898984 0 0 -0.2735945 -0.4418173 -0.3754545
37 -0.1247 0 0 -0.3202411 0.3068956 -0.2263408
38 -0.1734369 0 0 0.2231112 0.07582545 -0.180992
39 0.1243179 0.1711765 0 -0.1066937 0.1753001 1.10784
40 0.1502504 0.1029305 -0.176686 -1.325741 1.16726 0.1117012
41 0.0984958 0.02850619 0.1872715 -1.411468 1.091522 -3.061706
42 0.1708579 0.009936064 0 -0.1809843 0.01644899 -0.2796908
43 0.0049 0 0 0 0 0
44 0.5171545 -0.2663316 0.2896972 2.345379 -0.8283088 -0.1789697
45 0.1972673 0 0 0.2649025 0.2032942 -1.558033
46 0.05363192 -0.1692977 0 -0.262214 -1.490116E-08 -1.228345
47 0.0006023012 -0.03346459 -0.04911327 -0.0299896 0.05791643 -1.858063
48 0.000602576 -0.03346451 0.0491133 0.01859461 -0.1099603 -1.744803
49 0 -0.00544714 0 -2.109424 0.1025808 -1.544486
50 0.1349337 0.007935909 0.1169305 -0.4184014 -0.2271685 0.001870691
51 0.06775701 0 0 0 0 0
52 0.07025615 0 0 0.02596857 0.2666448 -0.02067493
53 0.05538215 -0.1613821 0 -0.01709938 0.00564654 -1.513184
54 0.1349336 0.007935909 -0.116931 0.6667066 0.2045194 -0.02329947
55 0.067757 0 0 0 0 0
56 0.0702562 0 0 0.1073412 -0.211615 0.04130913
57 0.0553822 -0.161382 0 0.06357618 -0.02569135 -1.567969
time 27
0 0 0 0 0 0 0
1 0.0609188 0.44851 -0.1397763 0.00633392 0.03608816 -0.07838993
2 0 0.002591992 0 -1.294749 0.07499535 1.642849
3 0.152 0 0 -0.16948 -0.1464884 0.042687
4 0.05880687 0.02725044 -0.08225372 2.675928 1.504311 1.074118
5 0.1144182 0.0005082054 0.0002229364 -2.881629 -0.04643084 -0.8630536
6 0.122 0 0 0 0 -0.8734677
7 0.1347621 0 0 -0.7212724 0 0
8 0.1343401 0 0 0.1437008 -0.1674371 -0.07846928
9 0.1197383 0 6.123017E-05 0.001594535 -0.005315089 -0.249977
10 0.04880161 0 0 0 0 -0.2580858
11 0.04874135 -0.0476583 0.06862446 1.350247 -0.6583818 -0.5396614
12 0.06127064 0 0 -0.01309512 0.1105489 -0.3261617
13 0.1028249 0 0 -0.1176855 -0.09469986 -0.01050035
14 0.05880699 0.02725041 0.0822537 -1.570795 1.371103 -0.03702443
15 -0.1009997 0 0 -1.734092 0.633442 -0.515299
16 -0.1219999 0 0 1.018397E-06 -2.77252E-06 -0.7892124
17 -0.1347622 0 0 -0.3035355 0 0
18 -0.1343399 0 0 1.159839 0.4219195 0.4544218
19 -0.1197386 0 -6.123033E-05 -0.001372244 -0.005376858 0.2012115
20 -0.04880161 0 0 0 0 -0.707715
21 -0.1889133 0.06475638 -0.0265498 -3.139415 -0.005103788 -0.4518085
22 -0.04874142 0.04765864 -0.06862451 1.787741 -0.276586 -0.7554917
23 -0.06127064 0 0 -0.06257772 0.2217633 -0.7094637
24 -0.1028246 0 0 -0.1176855 -0.09469986 -0.01050035
25 0.1304068 0.1682832 0 2.974879 -0.4265452 2.547731
26 0.08318153 0 0 0.03794296 -0.09459215 0.02383461
27 0.1212126 0 0 0.07145373 -0.1390983 0.1375575
28 0.1593245 0 0 0.2468982 -0.1961454 0.3609612
29 0.1577983 -0.04359771 -0.16356 -2.781137 0.4234883 1.497764
30 0.1386825 -0.006931146 0.004727043 0.3438253 0.2339205 -0.7670875
31 0.07876897 1.806102E-05 -0.005639316 -0.7942404 -0.1881245 -0.1781826
32 0.130848 0.0002848966 0.00104755 -0.1536382 0.1561197 -0.6291323
33 0.1839588 0.0008644731 0.002803161 -0.0246481 -0.02657943 0.02336416
34 0.1270494 -0.04852568 0.1732502 -2.568613 1.203127 -1.374899
35 -0.1412028 -0.01249027 0.006728708 0.06337721 0.4965227 -0.4662753
36 -0.06898984 0 0 -0.2751289 -0.4446016 -0.3772736
37 -0.1247 0 0 -0.3254339 0.3028016 -0.2279082
38 -0.1734369 0 0 0.223367 0.07548741 -0.1837668
39 0.1243179 0.1711765 0 -0.1060308 0.1753002 1.10784
40 0.1502504 0.1029305 -0.176686 -1.325573 1.167763 0.1118695
41 0.0984958 0.02850619 0.1872715 -1.411415 1.091208 -3.061625
42 0.1708579 0.009936064 0 -0.1852618 0.01746084 -0.2902615
43 0.0049 0 0 0 0 0
44 0.5171545 -0.2663316 0.2896972 2.349537 -0.8410591 -0.1863668
45 0.1972673 0 0 0.2635041 0.2123099 -1.5637
46 0.05363192 -0.1692977 0 -0.2634237 3.72529E-08 -1.228345
47 0.0006023012 -0.03346459 -0.04911327 -0.02998959 0.05434521 -1.858015
48 0.000602576 -0.03346451 0.0491133 0.01859463 -0.1135519 -1.744819
49 0 -0.00544714 0 -2.11205 0.1004294 -1.545046
50 0.1349337 0.007935909 0.1169305 -0.4181781 -0.2300352 0.001260512
51 0.06775701 0 0 0 0 0
52 0.07025615 0 0 0.02842659 0.2662573 -0.01948543
53 0.05538215 -0.1613821 0 -0.01709938 0.00564654 -1.513184
54 0.1349336 0.007935909 -0.116931 0.6681595 0.202298 -0.02001709
55 0.067757 0 0 0 0 0
56 0.0702562 0 0 0.1087978 -0.2134445 0.0399964
57 0.0553822 -0.161382 0 0.06357618 -0.02569135 -1.567969
time 28
0 0 0 0 0 0 0
1 0.06141703 0.4482567 -0.1401044 0.006333781 0.03608729 -0.07987124
2 0 0.002591992 0 -1.291843 0.0767028 1.64224
3 0.152 0 0 -0.1694807 -0.1452382 0.04332844
4 0.05880687 0.02725044 -0.08225372 2.577099 1.500114 0.9755151
5 0.1144182 0.0005082054 0.0002229364 -2.881848 -0.04500549 -0.8772766
6 0.122 0 0 0 0 -0.8956767
7 0.1347621 0 0 -0.7212724 0 0
8 0.1343401 0 0 0.14031 -0.1677178 -0.05825786
9 0.1197383 0 6.123017E-05 0.001594535 -0.005315088 -0.2325457
10 0.04880161 0 0 0 0 -0.2357128
11 0.04874135 -0.0476583 0.06862446 1.345422 -0.6739039 -0.5364799
12 0.06127064 0 0 -0.006548109 0.1099307 -0.2981526
13 0.1028249 0 0 -0.1176855 -0.09469986 -0.01050035
14 0.05880699 0.02725041 0.0822537 -1.570795 1.371103 -0.03702443
15 -0.1009997 0 0 -1.734557 0.6296434 -0.5175236
16 -0.1219999 0 0 1.018397E-06 -2.77252E-06 -0.7794951
17 -0.1347622 0 0 -0.3020796 0 0
18 -0.1343399 0 0 1.161884 0.4225012 0.4524668
19 -0.1197386 0 -6.123033E-05 -0.001372244 -0.005376858 0.2012115
20 -0.04880161 0 0 0 0 -0.707715
21 -0.1889133 0.06475638 -0.0265498 -3.139415 -0.005103788 -0.4518085
22 -0.04874142 0.04765864 -0.06862451 1.787741 -0.276586 -0.7554917
23 -0.06127064 0 0 -0.06257772 0.2217633 -0.7094637
24 -0.1028246 0 0 -0.1176855 -0.09469986 -0.01050035
25 0.1304068 0.1682832 0 2.976677 -0.4213286 2.543137
26 0.08318153 0 0 0.044372 -0.09353041 0.01991905
27 0.1212126 0 0 0.07476112 -0.1390991 0.137596
28 0.1593245 0 0 0.2468981 -0.1961453 0.3722433
29 0.1583593 -0.04362636 -0.1629465 -2.783656 0.4265141 1.494589
30 0.1386825 -0.006931146 0.004727043 0.3438253 0.2339205 -0.7670875
31 0.07876897 1.806102E-05 -0.005639316 -0.7934017 -0.1915743 -0.18049
32 0.130848 0.0002848966 0.00104755 -0.1533117 0.1592632 -0.6308848
33 0.1839588 0.0008644731 0.002803161 -0.02490093 -0.01941009 0.02301777
34 0.1270494 -0.04850234 0.1732588 -2.570215 1.201201 -1.380012
35 -0.1411206 -0.01213208 0.006557067 0.06337721 0.4965227 -0.4662753
36 -0.06898984 0 0 -0.2766737 -0.4474033 -0.379105
37 -0.1247 0 0 -0.3306526 0.2985194 -0.229455
38 -0.1734369 0 0 0.2236245 0.07465652 -0.1865756
39 0.1243179 0.1711765 0 -0.1048983 0.1753002 1.107841
40 0.1502504 0.1029305 -0.176686 -1.325196 1.168708 0.1122598
41 0.0984958 0.02850619 0.1872715 -1.411475 1.090535 -3.061669
42 0.1708579 0.009936064 0 -0.1892448 0.01857583 -0.2992025
43 0.0049 0 0 0 0 0
44 0.5171545 -0.2663316 0.2896972 2.354114 -0.8537667 -0.1943816
45 0.1972673 0 0 0.2623198 0.2212479 -1.568626
46 0.05363192 -0.1692977 0 -0.2643753 4.470348E-08 -1.228345
47 0.0006023012 -0.03346459 -0.04911327 -0.02998959 0.05087838 -1.857973
48 0.000602576 -0.03346451 0.0491133 0.01859463 -0.1170192 -1.744832
49 0 -0.00544714 0 -2.114693 0.09826295 -1.545611
50 0.1349337 0.007935909 0.1169305 -0.4178241 -0.23259 0.0006073302
51 0.06775701 0 0 0 0 0
52 0.07025615 0 0 0.03082875 0.2656408 -0.01832035
53 0.05538215 -0.1613821 0 -0.01709938 0.00564654 -1.513184
54 0.1349336 0.007935909 -0.116931 0.6696516 0.2002924 -0.01667759
55 0.067757 0 0 0 0 0
56 0.0702562 0 0 0.1102358 -0.2153536 0.03878903
57 0.0553822 -0.161382 0 0.06357618 -0.02569135 -1.567969
time 29
0 0 0 0 0 0 0
1 0.061918 0.4480592 -0.1404507 0.00633389 0.03608806 -0.08120763
2 0 0.002591992 0 -1.288922 0.07862393 1.641627
3 0.152 0 0 -0.1694799 -0.1439802 0.04425341
4 0.05880687 0.02725044 -0.08225372 2.48307 1.495109 0.8817296
5 0.1144182 0.0005082054 0.0002229364 -2.881799 -0.04335506 -0.8922878
6 0.122 0 0 0 0 -0.9190525
7 0.1347621 0 0 -0.7212724 0 0
8 0.1343401 0 0 0.1370618 -0.1679447 -0.03909406
9 0.1197383 0 6.123017E-05 0.001594511 -0.005315031 -0.2160188
10 0.04880161 0 0 0 0 -0.2145
11 0.04874135 -0.0476583 0.06862446 1.340777 -0.6886144 -0.5334117
12 0.06127064 0 0 -0.0003038741 0.1092525 -0.2714565
13 0.1028249 0 0 -0.1176855 -0.09469986 -0.01050035
14 0.05880699 0.02725041 0.0822537 -1.570795 1.371103 -0.03702443
15 -0.1009997 0 0 -1.734648 0.6258887 -0.5194993
16 -0.1219999 0 0 1.018397E-06 -2.77252E-06 -0.7696967
17 -0.1347622 0 0 -0.3006741 0 0
18 -0.1343399 0 0 1.163962 0.4228758 0.4506891
19 -0.1197386 0 -6.123033E-05 -0.001372244 -0.005376858 0.2012115
20 -0.04880161 0 0 0 0 -0.707715
21 -0.1889133 0.06475638 -0.0265498 -3.139415 -0.005103788 -0.4518085
22 -0.04874142 0.04765864 -0.06862451 1.787741 -0.276586 -0.7554917
23 -0.06127064 0 0 -0.06257772 0.2217633 -0.7094637
24 -0.1028246 0 0 -0.1176855 -0.09469986 -0.01050035
25 0.1304068 0.1682832 0 2.978562 -0.4160577 2.538112
26 0.08318153 0 0 0.05083273 -0.09247585 0.01598876
27 0.1212126 0 0 0.0780829 -0.1390998 0.1376347
28 0.1593245 0 0 0.2468982 -0.1961453 0.3835932
29 0.1589251 -0.0436597 -0.1623041 -2.786178 0.429648 1.490995
30 0.1386825 -0.006931146 0.004727043 0.3438253 0.2339205 -0.7670875
31 0.07876897 1.806102E-05 -0.005639316 -0.7925723 -0.1951816 -0.1827479
32 0.130848 0.0002848966 0.00104755 -0.1529613 0.162199 -0.6327173
33 0.1839588 0.0008644731 0.002803161 -0.02501482 -0.01217485 0.02184722
34 0.1270494 -0.04847945 0.1732674 -2.571924 1.199189 -1.385601
35 -0.1410358 -0.01175644 0.006377578 0.06337721 0.4965227 -0.4662753
36 -0.06898984 0 0 -0.2782264 -0.4502182 -0.380946
37 -0.1247 0 0 -0.3358844 0.2940599 -0.2309773
38 -0.1734369 0 0 0.223885 0.07335107 -0.1894139
39 0.1243179 0.1711765 0 -0.103313 0.1753002 1.107841
40 0.1502504 0.1029305 -0.176686 -1.32461 1.170079 0.112874
41 0.0984958 0.02850619 0.1872715 -1.411651 1.089517 -3.061845
42 0.1708579 0.009936064 0 -0.1929008 0.01977761 -0.3062661
43 0.0049 0 0 0 0 0
44 0.5171545 -0.2663316 0.2896972 2.359068 -0.8663369 -0.2029327
45 0.1972673 0 0 0.2613802 0.2300613 -1.572718
46 0.05363192 -0.1692977 0 -0.2650567 -2.235174E-08 -1.228345
47 0.0006023012 -0.03346459 -0.04911327 -0.02998959 0.04752515 -1.857935
48 0.000602576 -0.03346451 0.0491133 0.01859462 -0.1203558 -1.744844
49 0 -0.00544714 0 -2.117348 0.09608614 -1.546179
50 0.1349337 0.007935909 0.1169305 -0.4173314 -0.2348141 -9.346956E-05
51 0.06775701 0 0 0 0 0
52 0.07025615 0 0 0.03316759 0.2647787 -0.01718215
53 0.05538215 -0.1613821 0 -0.01709938 0.00564654 -1.513184
54 0.1349336 0.007935909 -0.116931 0.6711791 0.1985082 -0.01328958
55 0.067757 0 0 0 0 0
56 0.0702562 0 0 0.1116509 -0.2173342 0.03769189
57 0.0553822 -0.161382 0 0.06357618 -0.02569135 -1.567969
time 30
0 0 0 0 0 0 0
1 0.06242069 0.4479218 -0.1408148 0.006333855 0.03608772 -0.08238713
2 0 0.002591992 0 -1.285993 0.08069251 1.641011
3 0.152 0 0 -0.1694804 -0.1427192 0.04543877
4 0.05880687 0.02725044 -0.08225372 2.398059 1.489451 0.7969706
5 0.1144182 0.0005082054 0.0002229364 -2.881505 -0.04151333 -0.9078161
6 0.122 0 0 0 0 -0.9431277
7 0.1347621 0 0 -0.7212724 0 0
8 0.1343401 0 0 0.1340141 -0.1681136 -0.02132251
9 0.1197383 0 6.123017E-05 0.001594528 -0.005315072 -0.2007022
10 0.04880161 0 0 0 0 -0.1948296
11 0.04874135 -0.0476583 0.06862446 1.336407 -0.7022487 -0.5305228
12 0.06127064 0 0 0.005508887 0.1085418 -0.2465849
13 0.1028249 0 0 -0.1176855 -0.09469986 -0.01050035
14 0.05880699 0.02725041 0.0822537 -1.570795 1.371103 -0.03702443
15 -0.1009997 0 0 -1.7344 0.622137 -0.5213225
16 -0.1219999 0 0 1.018395E-06 -2.772517E-06 -0.7597641
17 -0.1347622 0 0 -0.2992404 0 0
18 -0.1343399 0 0 1.166008 0.4230324 0.4490466
19 -0.1197386 0 -6.123033E-05 -0.001372244 -0.005376858 0.2012115
20 -0.04880161 0 0 0 0 -0.707715
21 -0.1889133 0.06475638 -0.0265498 -3.139415 -0.005103788 -0.4518085
22 -0.04874142 0.04765864 -0.06862451 1.787741 -0.276586 -0.7554917
23 -0.06127064 0 0 -0.06257772 0.2217633 -0.7094637
24 -0.1028246 0 0 -0.1176855 -0.09469986 -0.01050035
25 0.1304068 0.1682832 0 2.980534 -0.4107421 2.532706
26 0.08318153 0 0 0.0573004 -0.09140855 0.0120482
27 0.1212126 0 0 0.08141197 -0.1391004 0.1376738
28 0.1593245 0 0 0.2468982 -0.1961453 0.3949874
29 0.1594899 -0.04369779 -0.1616415 -2.788698 0.4328875 1.487026
30 0.1386825 -0.006931146 0.004727043 0.3438253 0.2339205 -0.7670875
31 0.07876897 1.806102E-05 -0.005639316 -0.7917609 -0.1989291 -0.1849377
32 0.130848 0.0002848966 0.00104755 -0.1525934 0.16492 -0.6346054
33 0.1839588 0.0008644731 0.002803161 -0.0250305 -0.00491589 0.01996164
34 0.1270494 -0.04845701 0.1732762 -2.573742 1.197089 -1.391611
35 -0.1409487 -0.01136493 0.006190873 0.06337721 0.4965227 -0.4662753
36 -0.06898984 0 0 -0.279783 -0.4530391 -0.3827916
37 -0.1247 0 0 -0.3411199 0.2894367 -0.2324735
38 -0.1734369 0 0 0.2241475 0.07158826 -0.1922754
39 0.1243179 0.1711765 0 -0.1012916 0.1753001 1.10784
40 0.1502504 0.1029305 -0.176686 -1.323813 1.171858 0.1137133
41 0.0984958 0.02850619 0.1872715 -1.411949 1.088166 -3.062158
42 0.1708579 0.009936064 0 -0.1961925 0.02105005 -0.3115382
43 0.0049 0 0 0 0 0
44 0.5171545 -0.2663316 0.2896972 2.364357 -0.8786749 -0.2119381
45 0.1972673 0 0 0.260716 0.238704 -1.575887
46 0.05363192 -0.1692977 0 -0.2654563 0 -1.228345
47 0.0006023012 -0.03346459 -0.04911327 -0.02998959 0.04429472 -1.857901
48 0.000602576 -0.03346451 0.0491133 0.01859462 -0.123555 -1.744853
49 0 -0.00544714 0 -2.120009 0.09390362 -1.546749
50 0.1349337 0.007935909 0.1169305 -0.4166997 -0.236693 -0.0007551875
51 0.06775701 0 0 0 0 0
52 0.07025615 0 0 0.03543618 0.2636614 -0.01607381
53 0.05538215 -0.1613821 0 -0.01709938 0.00564654 -1.513184
54 0.1349336 0.007935909 -0.116931 0.6727405 0.196952 -0.009861455
55 0.067757 0 0 0 0 0
56 0.0702562 0 0 0.1130412 -0.2193837 0.03671057
57 0.0553822 -0.161382 0 0.06357618 -0.02569135 -1.567969
time 31
0 0 0 0 0 0 0
1 0.06292406 0.447849 -0.1411962 0.006333716 0.03608675 -0.08340476
2 0 0.002591992 0 -1.283062 0.08288459 1.640395
3 0.152 0 0 -0.16948 -0.1414562 0.04685997
4 0.05880687 0.02725044 -0.08225372 2.322417 1.4833 0.7215892
5 0.1144182 0.0005082054 0.0002229364 -2.880992 -0.03951488 -0.9235906
6 0.122 0 0 0 0 -0.9674339
7 0.1347621 0 0 -0.7212724 0 0
8 0.1343401 0 0 0.1312365 -0.1682333 -0.005292255
9 0.1197383 0 6.123017E-05 0.001594526 -0.005315068 -0.1868891
10 0.04880161 0 0 0 0 -0.1770879
11 0.04874135 -0.0476583 0.06862446 1.332403 -0.7145409 -0.5278763
12 0.06127064 0 0 0.01076116 0.1078298 -0.2240576
13 0.1028249 0 0 -0.1176855 -0.09469986 -0.01050035
14 0.05880699 0.02725041 0.0822537 -1.570795 1.371103 -0.03702443
15 -0.1009997 0 0 -1.733849 0.6183473 -0.5230049
16 -0.1219999 0 0 1.018397E-06 -2.772519E-06 -0.7496466
17 -0.1347622 0 0 -0.2977516 0 0
18 -0.1343399 0 0 1.168055 0.4229597 0.4474984
19 -0.1197386 0 -6.123033E-05 -0.001372244 -0.005376858 0.2012115
20 -0.04880161 0 0 0 0 -0.707715
21 -0.1889133 0.06475638 -0.0265498 -3.139415 -0.005103788 -0.4518085
22 -0.04874142 0.04765864 -0.06862451 1.787741 -0.276586 -0.7554917
23 -0.06127064 0 0 -0.06257772 0.2217633 -0.7094637
24 -0.1028246 0 0 -0.1176855 -0.09469986 -0.01050035
25 0.1304068 0.1682832 0 2.982591 -0.4053919 2.526972
26 0.08318153 0 0 0.0637631 -0.0903369 0.008107377
27 0.1212126 0 0 0.08474029 -0.1390992 0.1377114
28 0.1593245 0 0 0.2468982 -0.1961453 0.406403
29 0.1600483 -0.04374068 -0.1609678 -2.791208 0.4362314 1.482729
30 0.1386825 -0.006931146 0.004727043 0.3438253 0.2339205 -0.7670875
31 0.07876897 1.806102E-05 -0.005639316 -0.7909756 -0.2027993 -0.1870402
32 0.130848 0.0002848966 0.00104755 -0.1522137 0.1674185 -0.6365244
33 0.1839588 0.0008644731 0.002803161 -0.02494616 0.002356919 0.01743092
34 0.1270494 -0.04843502 0.1732852 -2.575581 1.194903 -1.397986
35 -0.1408594 -0.01095916 0.005997586 0.06337721 0.4965227 -0.4662753
36 -0.06898984 0 0 -0.2813407 -0.4558605 -0.3846388
37 -0.1247 0 0 -0.346346 0.2846606 -0.2339395
38 -0.1734369 0 0 0.2244113 0.06938556 -0.1951541
39 0.1243179 0.1711765 0 -0.09885115 0.1753002 1.107841
40 0.1502504 0.1029305 -0.176686 -1.322804 1.174031 0.1147799
41 0.0984958 0.02850619 0.1872715 -1.412373 1.086494 -3.062613
42 0.1708579 0.009936064 0 -0.1990843 0.02237693 -0.3151075
43 0.0049 0 0 0 0 0
44 0.5171545 -0.2663316 0.2896972 2.369938 -0.8906849 -0.2213158
45 0.1972673 0 0 0.2603584 0.2471294 -1.578041
46 0.05363192 -0.1692977 0 -0.2655624 7.450581E-09 -1.228345
47 0.0006023012 -0.03346459 -0.04911327 -0.02998959 0.04119633 -1.857872
48 0.000602576 -0.03346451 0.0491133 0.01859463 -0.1266101 -1.744861
49 0 -0.00544714 0 -2.12267 0.09172008 -1.54732
50 0.1349337 0.007935909 0.1169305 -0.4159231 -0.238209 -0.001346674
51 0.06775701 0 0 0 0 0
52 0.07025615 0 0 0.03762839 0.2622845 -0.01499853
53 0.05538215 -0.1613821 0 -0.01709938 0.00564654 -1.513184
54 0.1349336 0.007935909 -0.116931 0.6743303 0.1956291 -0.006401926
55 0.067757 0 0 0 0 0
56 0.0702562 0 0 0.1144059 -0.2215009 0.0358073
57 0.0553822 -0.161382 0 0.06357618 -0.02569135 -1.567969
time 32
0 0 0 0 0 0 0
1 0.06342708 0.4478453 -0.1415946 0.006333681 0.03608635 -0.08425738
2 0 0.002591992 0 -1.280136 0.08517568 1.639779
3 0.152 0 0 -0.1694785 -0.1401936 0.04849291
4 0.05880687 0.02725044 -0.08225372 2.255998 1.47681 0.6554352
5 0.1144182 0.0005082054 0.0002229364 -2.880282 -0.03739357 -0.9393401
6 0.122 0 0 0 0 -0.9915045
7 0.1347621 0 0 -0.7212724 0 0
8 0.1343401 0 0 0.1287913 -0.1683044 0.008650319
9 0.1197383 0 6.123017E-05 0.001594522 -0.005315056 -0.1748805
10 0.04880161 0 0 0 0 -0.161657
11 0.04874135 -0.0476583 0.06862446 1.328861 -0.7252265 -0.5255377
12 0.06127064 0 0 0.01532421 0.1071426 -0.2043838
13 0.1028249 0 0 -0.1176855 -0.09469986 -0.01050035
14 0.05880699 0.02725041 0.0822537 -1.570795 1.371103 -0.03702443
15 -0.1009997 0 0 -1.733029 0.6144782 -0.5245575
16 -0.1219999 0 0 1.018397E-06 -2.77252E-06 -0.7392901
17 -0.1347622 0 0 -0.2962118 0 0
18 -0.1343399 0 0 1.170103 0.4226466 0.4460027
19 -0.1197386 0 -6.123033E-05 -0.001372244 -0.005376858 0.2012115
20 -0.04880161 0 0 0 0 -0.707715
21 -0.1889133 0.06475638 -0.0265498 -3.139415 -0.005103788 -0.4518085
22 -0.04874142 0.04765864 -0.06862451 1.787741 -0.276586 -0.7554917
23 -0.06127064 0 0 -0.06257772 0.2217633 -0.7094637
24 -0.1028246 0 0 -0.1176855 -0.09469986 -0.01050035
25 0.1304068 0.1682832 0 2.984706 -0.4000169 2.520957
26 0.08318153 0 0 0.07021285 -0.08927177 0.004175263
27 0.1212126 0 0 0.08806255 -0.1390997 0.1377509
28 0.1593245 0 0 0.2468982 -0.1961453 0.4177959
29 0.1605946 -0.04378843 -0.1602918 -2.793703 0.4396527 1.478152
30 0.1386825 -0.006931146 0.004727043 0.3438253 0.2339205 -0.7670875
31 0.07876897 1.806102E-05 -0.005639316 -0.7902273 -0.2067757 -0.1890372
32 0.130848 0.0002848966 0.00104755 -0.1518284 0.1696876 -0.6384501
33 0.1839588 0.0008644731 0.002803161 -0.02476987 0.009625223 0.01433442
34 0.1270494 -0.04841347 0.1732942 -2.577351 1.192629 -1.40467
35 -0.1407681 -0.01054072 0.005798351 0.06337721 0.4965227 -0.4662753
36 -0.06898984 0 0 -0.2828957 -0.4586757 -0.3864828
37 -0.1247 0 0 -0.3515547 0.2797461 -0.2353752
38 -0.1734369 0 0 0.2246784 0.0667614 -0.1980461
39 0.1243179 0.1711765 0 -0.09600832 0.1753001 1.10784
40 0.1502504 0.1029305 -0.176686 -1.321581 1.176582 0.1160741
41 0.0984958 0.02850619 0.1872715 -1.412929 1.084514 -3.063215
42 0.1708579 0.009936064 0 -0.2015423 0.02374194 -0.3170652
43 0.0049 0 0 0 0 0
44 0.5171545 -0.2663316 0.2896972 2.375768 -0.9022725 -0.230984
45 0.1972673 0 0 0.260338 0.2552909 -1.579089
46 0.05363192 -0.1692977 0 -0.2653634 -2.235174E-08 -1.228345
47 0.0006023012 -0.03346459 -0.04911327 -0.02998959 0.03823915 -1.857846
48 0.000602576 -0.03346451 0.0491133 0.01859462 -0.1295146 -1.744866
49 0 -0.00544714 0 -2.125327 0.0895398 -1.547892
50 0.1349337 0.007935909 0.1169305 -0.4150005 -0.2393471 -0.00186603
51 0.06775701 0 0 0 0 0
52 0.07025615 0 0 0.03973765 0.26064 -0.01401526
53 0.05538215 -0.1613821 0 -0.01709938 0.00564654 -1.513184
54 0.1349336 0.007935909 -0.116931 0.6759468 0.1945958 -0.002919482
55 0.067757 0 0 0 0 0
56 0.0702562 0 0 0.1157389 -0.2236749 0.03500045
57 0.0553822 -0.161382 0 0.06357618 -0.02569135 -1.567969
time 33
0 0 0 0 0 0 0
1 0.0639287 0.4479151 -0.1420095 0.006333953 0.03608843 -0.08494349
2 0 0.002591992 0 -1.277222 0.08754114 1.639164
3 0.152 0 0 -0.1694808 -0.1389378 0.05031534
4 0.05880687 0.02725044 -0.08225372 2.198667 1.47014 0.5983682
5 0.1144182 0.0005082054 0.0002229364 -2.879402 -0.03518376 -0.9547932
6 0.122 0 0 0 0 -1.01487
7 0.1347621 0 0 -0.7212724 0 0
8 0.1343401 0 0 0.1267428 -0.16833 0.02015814
9 0.1197383 0 6.123017E-05 0.001594525 -0.005315064 -0.1649768
10 0.04880161 0 0 0 0 -0.1489226
11 0.04874135 -0.0476583 0.06862446 1.325871 -0.7340392 -0.5235702
12 0.06127064 0 0 0.01906909 0.1065099 -0.18808
13 0.1028249 0 0 -0.1176855 -0.09469986 -0.01050035
14 0.05880699 0.02725041 0.0822537 -1.570795 1.371103 -0.03702443
15 -0.1009997 0 0 -1.731975 0.6104888 -0.5259928
16 -0.1219999 0 0 1.018397E-06 -2.77252E-06 -0.7286423
17 -0.1347622 0 0 -0.2946283 0 0
18 -0.1343399 0 0 1.172151 0.4220821 0.4445181
19 -0.1197386 0 -6.123033E-05 -0.001372244 -0.005376858 0.2012115
20 -0.04880161 0 0 0 0 -0.707715
21 -0.1889133 0.06475638 -0.0265498 -3.139415 -0.005103788 -0.4518085
22 -0.04874142 0.04765864 -0.06862451 1.787741 -0.276586 -0.7554917
23 -0.06127064 0 0 -0.06257772 0.2217633 -0.7094637
24 -0.1028246 0 0 -0.1176855 -0.09469986 -0.01050035
25 0.1304068 0.1682832 0 2.98681 -0.3946274 2.514715
26 0.08318153 0 0 0.07663209 -0.08820968 0.0002596768
27 0.1212126 0 0 0.09136981 -0.1390986 0.1377891
28 0.1593245 0 0 0.2468978 -0.1961448 0.429118
29 0.1611234 -0.04384108 -0.1596225 -2.796178 0.4430797 1.47334
30 0.1386825 -0.006931146 0.004727043 0.3438253 0.2339205 -0.7670875
31 0.07876897 1.806102E-05 -0.005639316 -0.7895226 -0.2108405 -0.1909094
32 0.130848 0.0002848966 0.00104755 -0.1514434 0.1717197 -0.6403578
33 0.1839588 0.0008644731 0.002803161 -0.02453104 0.01688461 0.01076126
34 0.1270494 -0.04839238 0.1733034 -2.579058 1.190299 -1.411608
35 -0.1406749 -0.01011121 0.005593801 0.06337721 0.4965227 -0.4662753
36 -0.06898984 0 0 -0.284445 -0.4614788 -0.3883202
37 -0.1247 0 0 -0.3567332 0.2747043 -0.2367762
38 -0.1734369 0 0 0.2249456 0.06373209 -0.2009433
39 0.1243179 0.1711765 0 -0.09278 0.1753001 1.10784
40 0.1502504 0.1029305 -0.176686 -1.320144 1.179493 0.1175987
41 0.0984958 0.02850619 0.1872715 -1.413621 1.08224 -3.06397
42 0.1708579 0.009936064 0 -0.2037243 0.02512883 -0.3175013
43 0.0049 0 0 0 0 0
44 0.5171545 -0.2663316 0.2896972 2.381807 -0.9133425 -0.2408612
45 0.1972673 0 0 0.2606859 0.2631421 -1.578939
46 0.05363192 -0.1692977 0 -0.2648473 0 -1.228345
47 0.0006023012 -0.03346459 -0.04911327 -0.02998958 0.03543242 -1.857825
48 0.000602576 -0.03346451 0.0491133 0.01859463 -0.1322616 -1.74487
49 0 -0.00544714 0 -2.127972 0.08736774 -1.548461
50 0.1349337 0.007935909 0.1169305 -0.4139275 -0.2400904 -0.002311741
51 0.06775701 0 0 0 0 0
52 0.07025615 0 0 0.04175643 0.2587132 -0.01314217
53 0.05538215 -0.1613821 0 -0.01709938 0.00564654 -1.513184
54 0.1349336 0.007935909 -0.116931 0.6775844 0.1938463 0.0005771735
55 0.067757 0 0 0 0 0
56 0.0702562 0 0 0.117038 -0.2259021 0.03429041
57 0.0553822 -0.161382 0 0.06357618 -0.02569135 -1.567969
time 34
0 0 0 0 0 0 0
1 0.0644279 0.4480628 -0.1424404 0.006333944 0.03608849 -0.08544677
2 0 0.002591992 0 -1.274326 0.08995716 1.638552
3 0.152 0 0 -0.1694785 -0.1376849 0.05230041
4 0.05880687 0.02725044 -0.08225372 2.150284 1.463444 0.55024
5 0.1144182 0.0005082054 0.0002229364 -2.878374 -0.03291958 -0.9696791
6 0.122 0 0 0 0 -1.037215
7 0.1347621 0 0 -0.7212724 0 0
8 0.1343401 0 0 0.1251534 -0.1683104 0.02888378
9 0.1197383 0 6.123017E-05 0.001594516 -0.00531504 -0.1574755
10 0.04880161 0 0 0 0 -0.1392662
11 0.04874135 -0.0476583 0.06862446 1.323527 -0.7407146 -0.5220394
12 0.06127064 0 0 0.02186674 0.1059592 -0.175659
13 0.1028249 0 0 -0.1176855 -0.09469986 -0.01050035
14 0.05880699 0.02725041 0.0822537 -1.570795 1.371103 -0.03702443
15 -0.1009997 0 0 -1.730721 0.6063376 -0.5273212
16 -0.1219999 0 0 1.018397E-06 -2.77252E-06 -0.7176509
17 -0.1347622 0 0 -0.2930084 0 0
18 -0.1343399 0 0 1.174198 0.4212549 0.4430031
19 -0.1197386 0 -6.123033E-05 -0.001372244 -0.005376858 0.2012115
20 -0.04880161 0 0 0 0 -0.707715
21 -0.1889133 0.06475638 -0.0265498 -3.139415 -0.005103788 -0.4518085
22 -0.04874142 0.04765864 -0.06862451 1.787741 -0.276586 -0.7554917
23 -0.06127064 0 0 -0.06257772 0.2217633 -0.7094637
24 -0.1028246 0 0 -0.1176855 -0.09469986 -0.01050035
25 0.1304068 0.1682832 0 2.988897 -0.3892326 2.508294
26 0.08318153 0 0 0.08300259 -0.0871485 -0.003630544
27 0.1212126 0 0 0.09465676 -0.1390993 0.137829
28 0.1593245 0 0 0.2468981 -0.1961452 0.4403479
29 0.1616292 -0.04389869 -0.1589688 -2.798625 0.4464997 1.468339
30 0.1386825 -0.006931146 0.004727043 0.3438253 0.2339205 -0.7670875
31 0.07876897 1.806102E-05 -0.005639316 -0.7888693 -0.2149759 -0.192638
32 0.130848 0.0002848966 0.00104755 -0.1510651 0.1735078 -0.6422241
33 0.1839588 0.0008644731 0.002803161 -0.02419911 0.02409573 0.006771197
34 0.1270494 -0.04837174 0.1733126 -2.580706 1.187962 -1.418744
35 -0.1405801 -0.009672226 0.00538457 0.06337721 0.4965227 -0.4662753
36 -0.06898984 0 0 -0.2859859 -0.464265 -0.3901477
37 -0.1247 0 0 -0.361871 0.2695479 -0.2381407
38 -0.1734369 0 0 0.2252123 0.06031509 -0.2038395
39 0.1243179 0.1711765 0 -0.08918302 0.1753001 1.10784
40 0.1502504 0.1029305 -0.176686 -1.318491 1.18275 0.1193549
41 0.0984958 0.02850619 0.1872715 -1.414382 1.079685 -3.064844
42 0.1708579 0.009936064 0 -0.2056972 0.02652151 -0.3165013
43 0.0049 0 0 0 0 0
44 0.5171545 -0.2663316 0.2896972 2.388009 -0.9237999 -0.2508649
45 0.1972673 0 0 0.2614326 0.2706366 -1.576875
46 0.05363192 -0.1692977 0 -0.2640025 7.450581E-09 -1.228345
47 0.0006023012 -0.03346459 -0.04911327 -0.02998958 0.03278536 -1.857808
48 0.000602576 -0.03346451 0.0491133 0.01859464 -0.1348447 -1.744872
49 0 -0.00544714 0 -2.1306 0.08520843 -1.549029
50 0.1349337 0.007935909 0.1169305 -0.4127002 -0.2404226 -0.002682289
51 0.06775701 0 0 0 0 0
52 0.07025615 0 0 0.04367853 0.2565905 -0.0123765
53 0.05538215 -0.1613821 0 -0.01709938 0.00564654 -1.513184
54 0.1349336 0.007935909 -0.116931 0.6792429 0.1933769 0.004079773
55 0.067757 0 0 0 0 0
56 0.0702562 0 0 0.1183015 -0.2281799 0.03367759
57 0.0553822 -0.161382 0 0.06357618 -0.02569135 -1.567969
time 35
0 0 0 0 0 0 0
1 0.06492366 0.448293 -0.1428869 0.00633361 0.03608586 -0.08575958
2 0 0.002591992 0 -1.271455 0.09239876 1.637944
3 0.152 0 0 -0.1694805 -0.1364446 0.05442736
4 0.05880687 0.02725044 -0.08225372 2.109882 1.456879 0.5100805
5 0.1144182 0.0005082054 0.0002229364 -2.877224 -0.03063514 -0.9837267
6 0.122 0 0 0 0 -1.058478
7 0.1347621 0 0 -0.7212724 0 0
8 0.1343401 0 0 0.1240892 -0.1682508 0.03404048
9 0.1197383 0 6.123017E-05 0.001594485 -0.005314956 -0.1526753
10 0.04880161 0 0 0 0 -0.1335302
11 0.04874135 -0.0476583 0.06862446 1.321923 -0.744987 -0.5210087
12 0.06127064 0 0 0.02358889 0.1055245 -0.1676439
13 0.1028249 0 0 -0.1176855 -0.09469986 -0.01050035
14 0.05880699 0.02725041 0.0822537 -1.570795 1.371103 -0.03702443
15 -0.1009997 0 0 -1.729303 0.6019838 -0.5285559
16 -0.1219999 0 0 1.018397E-06 -2.77252E-06 -0.7062639
17 -0.1347622 0 0 -0.2913592 0 0
18 -0.1343399 0 0 1.176244 0.420154 0.4414161
19 -0.1197386 0 -6.123033E-05 -0.001372244 -0.005376858 0.2012115
20 -0.04880161 0 0 0 0 -0.707715
21 -0.1889133 0.06475638 -0.0265498 -3.139415 -0.005103788 -0.4518085
22 -0.04874142 0.04765864 -0.06862451 1.787741 -0.276586 -0.7554917
23 -0.06127064 0 0 -0.06257772 0.2217633 -0.7094637
24 -0.1028246 0 0 -0.1176855 -0.09469986 -0.01050035
25 0.1304068 0.1682832 0 2.990959 -0.3838434 2.501746
26 0.08318153 0 0 0.08931572 -0.08609661 -0.007487218
27 0.1212126 0 0 0.09791478 -0.1390989 0.1378681
28 0.1593245 0 0 0.2468981 -0.1961452 0.4514601
29 0.1621062 -0.04396132 -0.1583396 -2.801041 0.4498997 1.463197
30 0.1386825 -0.006931146 0.004727043 0.3438253 0.2339205 -0.7670875
31 0.07876897 1.806102E-05 -0.005639316 -0.7882784 -0.2191655 -0.1942044
32 0.130848 0.0002848966 0.00104755 -0.1507002 0.1750449 -0.6440264
33 0.1839588 0.0008644731 0.002803161 -0.02380545 0.03125205 0.002455859
34 0.1270494 -0.04835154 0.173322 -2.582301 1.18563 -1.426024
35 -0.1404838 -0.009225367 0.005171291 0.06337721 0.4965227 -0.4662753
36 -0.06898984 0 0 -0.2875142 -0.4670266 -0.3919603
37 -0.1247 0 0 -0.3669578 0.2642897 -0.2394663
38 -0.1734369 0 0 0.2254792 0.05652835 -0.20673
39 0.1243179 0.1711765 0 -0.08523419 0.1753002 1.10784
40 0.1502504 0.1029305 -0.176686 -1.316621 1.186335 0.1213441
41 0.0984958 0.02850619 0.1872715 -1.415184 1.076861 -3.065767
42 0.1708579 0.009936064 0 -0.207469 0.02790355 -0.3141592
43 0.0049 0 0 0 0 0
44 0.5171545 -0.2663316 0.2896972 2.394335 -0.9335495 -0.2609136
45 0.1972673 0 0 0.2626092 0.2777278 -1.572273
46 0.05363192 -0.1692977 0 -0.2628173 1.490116E-08 -1.228345
47 0.0006023012 -0.03346459 -0.04911327 -0.02998959 0.03030715 -1.857795
48 0.000602576 -0.03346451 0.0491133 0.01859463 -0.1372572 -1.744873
49 0 -0.00544714 0 -2.133205 0.08306638 -1.549592
50 0.1349337 0.007935909 0.1169305 -0.4113655 -0.2403271 -0.002976082
51 0.06775701 0 0 0 0 0
52 0.07025615 0 0 0.04549767 0.2542832 -0.01171537
53 0.05538215 -0.1613821 0 -0.01709938 0.00564654 -1.513184
54 0.1349336 0.007935909 -0.116931 0.6809163 0.1931825 0.007579439
55 0.067757 0 0 0 0 0
56 0.0702562 0 0 0.1195282 -0.2305064 0.03316234
57 0.0553822 -0.161382 0 0.06357618 -0.02569135 -1.567969
time 36
0 0 0 0 0 0 0
1 0.06541492 0.44861 -0.1433486 0.006333806 0.03608738 -0.08589214
2 0 0.002591992 0 -1.268615 0.0948421 1.637341
3 0.152 0 0 -0.1694805 -0.1352144 0.05666993
4 0.05880687 0.02725044 -0.08225372 2.076285 1.450604 0.4767086
5 0.1144182 0.0005082054 0.0002229364 -2.875976 -0.0283648 -0.9968266
6 0.122 0 0 0 0 -1.078578
7 0.1347621 0 0 -0.7212724 0 0
8 0.1343401 0 0 0.1236146 -0.1681543 0.03527359
9 0.1197383 0 6.123017E-05 0.001594526 -0.005315064 -0.1508828
10 0.04880161 0 0 0 0 -0.132093
11 0.04874135 -0.0476583 0.06862446 1.321151 -0.7465912 -0.5205437
12 0.06127064 0 0 0.02410565 0.1052262 -0.1645362
13 0.1028249 0 0 -0.1176855 -0.09469986 -0.01050035
14 0.05880699 0.02725041 0.0822537 -1.570795 1.371103 -0.03702443
15 -0.1009997 0 0 -1.727755 0.5973859 -0.5297071
16 -0.1219999 0 0 1.018396E-06 -2.772519E-06 -0.6946788
17 -0.1347622 0 0 -0.2896883 0 0
18 -0.1343399 0 0 1.178288 0.4187682 0.4397157
19 -0.1197386 0 -6.123033E-05 -0.001372244 -0.005376858 0.2012115
20 -0.04880161 0 0 0 0 -0.707715
21 -0.1889133 0.06475638 -0.0265498 -3.139415 -0.005103788 -0.4518085
22 -0.04874142 0.04765864 -0.06862451 1.787741 -0.276586 -0.7554917
23 -0.06127064 0 0 -0.06257772 0.2217633 -0.7094637
24 -0.1028246 0 0 -0.1176855 -0.09469986 -0.01050035
25 0.1304068 0.1682832 0 2.99299 -0.3784845 2.495121
26 0.08318153 0 0 0.09556168 -0.08505952 -0.01130273
27 0.1212126 0 0 0.1011382 -0.1391001 0.1379085
28 0.1593245 0 0 0.2468982 -0.1961452 0.4624321
29 0.162549 -0.04402902 -0.1577438 -2.803417 0.4532668 1.457959
30 0.1386825 -0.006931146 0.004727043 0.3438253 0.2339205 -0.7670875
31 0.07876897 1.806102E-05 -0.005639316 -0.7877575 -0.2233918 -0.1955898
32 0.130848 0.0002848966 0.00104755 -0.1503542 0.1763235 -0.6457396
33 0.1839588 0.0008644731 0.002803161 -0.02336513 0.03834841 -0.002106973
34 0.1270494 -0.04833179 0.1733314 -2.583845 1.183315 -1.433388
35 -0.1403863 -0.008772227 0.004954597 0.06337721 0.4965227 -0.4662753
36 -0.06898984 0 0 -0.2890271 -0.4697588 -0.393755
37 -0.1247 0 0 -0.3719804 0.258941 -0.240749
38 -0.1734369 0 0 0.2257441 0.05238867 -0.2096072
39 0.1243179 0.1711765 0 -0.08095037 0.1753001 1.10784
40 0.1502504 0.1029305 -0.176686 -1.314532 1.190233 0.1235679
41 0.0984958 0.02850619 0.1872715 -1.416023 1.07378 -3.066737
42 0.1708579 0.009936064 0 -0.2090419 0.02925887 -0.3105598
43 0.0049 0 0 0 0 0
44 0.5171545 -0.2663316 0.2896972 2.40074 -0.9424969 -0.2709253
45 0.1972673 0 0 0.2642465 0.2841797 -1.565178
46 0.05363192 -0.1692977 0 -0.2612799 0 -1.228345
47 0.0006023012 -0.03346459 -0.04911327 -0.0299896 0.02800701 -1.857786
48 0.000602576 -0.03346451 0.0491133 0.01859463 -0.1394923 -1.744872
49 0 -0.00544714 0 -2.135783 0.08094618 -1.550151
50 0.1349337 0.007935909 0.1169305 -0.4099518 -0.2398189 -0.003191223
51 0.06775701 0 0 0 0 0
52 0.07025615 0 0 0.04720619 0.2517981 -0.01115571
53 0.05538215 -0.1613821 0 -0.01709938 0.00564654 -1.513184
54 0.1349336 0.007935909 -0.116931 0.6826032 0.1932593 0.01105107
55 0.067757 0 0 0 0 0
56 0.0702562 0 0 0.1207113 -0.2328694 0.03274418
57 0.0553822 -0.161382 0 0.06357618 -0.02569135 -1.567969
time 37
0 0 0 0 0 0 0
1 0.06590065 0.4490182 -0.1438251 0.006333565 0.03608554 -0.0858208
2 0 0.002591992 0 -1.265813 0.09726251 1.636744
3 0.152 0 0 -0.1694811 -0.133999 0.05900509
4 0.05880687 0.02725044 -0.08225372 2.049007 1.444773 0.4496342
5 0.1144182 0.0005082054 0.0002229364 -2.874654 -0.02614251 -1.009002
6 0.122 0 0 0 0 -1.097434
7 0.1347621 0 0 -0.7212724 0 0
8 0.1343401 0 0 0.1237927 -0.1680222 0.03288658
9 0.1197383 0 6.123017E-05 0.001594511 -0.005315024 -0.1523874
10 0.04880161 0 0 0 0 -0.1346406
11 0.04874135 -0.0476583 0.06862446 1.321306 -0.7452617 -0.5207082
12 0.06127064 0 0 0.02351406 0.1051013 -0.1668633
13 0.1028249 0 0 -0.1176855 -0.09469986 -0.01050035
14 0.05880699 0.02725041 0.0822537 -1.570795 1.371103 -0.03702443
15 -0.1009997 0 0 -1.726112 0.5926813 -0.5307872
16 -0.1219999 0 0 1.018396E-06 -2.772519E-06 -0.6831909
17 -0.1347622 0 0 -0.2880018 0 0
18 -0.1343399 0 0 1.180328 0.4170864 0.4381064
19 -0.1197386 0 -6.123033E-05 -0.001372244 -0.005376858 0.2012115
20 -0.04880161 0 0 0 0 -0.707715
21 -0.1889133 0.06475638 -0.0265498 -3.139415 -0.005103788 -0.4518085
22 -0.04874142 0.04765864 -0.06862451 1.787741 -0.276586 -0.7554917
23 -0.06127064 0 0 -0.06257772 0.2217633 -0.7094637
24 -0.1028246 0 0 -0.1176855 -0.09469986 -0.01050035
25 0.1304068 0.1682832 0 2.994981 -0.3731875 2.48847
26 0.08318153 0 0 0.1017137 -0.08402795 -0.01506679
27 0.1212126 0 0 0.1043184 -0.1391004 0.1379482
28 0.1593245 0 0 0.2468982 -0.1961453 0.4732406
29 0.1629522 -0.04410184 -0.1571903 -2.805749 0.4565881 1.452673
30 0.1386825 -0.006931146 0.004727043 0.3438253 0.2339205 -0.7670875
31 0.07876897 1.806102E-05 -0.005639316 -0.7873147 -0.2276372 -0.1967751
32 0.130848 0.0002848966 0.00104755 -0.1500333 0.1773364 -0.6473387
33 0.1839588 0.0008644731 0.002803161 -0.02287178 0.04534584 -0.00683816
34 0.1270494 -0.04831249 0.1733408 -2.585345 1.181028 -1.440785
35 -0.1402876 -0.008314406 0.004735122 0.06337721 0.4965227 -0.4662753
36 -0.06898984 0 0 -0.2905211 -0.4724544 -0.3955272
37 -0.1247 0 0 -0.3769321 0.253516 -0.2419892
38 -0.1734369 0 0 0.2260115 0.04791525 -0.2124699
39 0.1243179 0.1711765 0 -0.07634834 0.1753002 1.10784
40 0.1502504 0.1029305 -0.176686 -1.312224 1.194428 0.126028
41 0.0984958 0.02850619 0.1872715 -1.416896 1.070456 -3.06775
42 0.1708579 0.009936064 0 -0.2104216 0.03057115 -0.3057933
43 0.0049 0 0 0 0 0
44 0.5171545 -0.2663316 0.2896972 2.407183 -0.9505462 -0.2807197
45 0.1972673 0 0 0.2663753 0.2898435 -1.555633
46 0.05363192 -0.1692977 0 -0.2594343 2.980232E-08 -1.228345
47 0.0006023012 -0.03346459 -0.04911327 -0.02998959 0.02589416 -1.857781
48 0.000602576 -0.03346451 0.0491133 0.01859464 -0.1415436 -1.744869
49 0 -0.00544714 0 -2.138326 0.07885247 -1.550704
50 0.1349337 0.007935909 0.1169305 -0.4084607 -0.2389112 -0.003326489
51 0.06775701 0 0 0 0 0
52 0.07025615 0 0 0.04879767 0.2491494 -0.01069468
53 0.05538215 -0.1613821 0 -0.01709938 0.00564654 -1.513184
54 0.1349336 0.007935909 -0.116931 0.6842986 0.1936024 0.01458961
55 0.067757 0 0 0 0 0
56 0.0702562 0 0 0.1218476 -0.2352631 0.03242329
57 0.0553822 -0.161382 0 0.06357618 -0.02569135 -1.567969
time 38
0 0 0 0 0 0 0
1 0.06637984 0.449487 -0.144316 0.00633393 0.03608825 -0.08555829
2 0 0.002591992 0 -1.263055 0.09963556 1.636154
3 0.152 0 0 -0.1694789 -0.1327985 0.06140755
4 0.05880687 0.02725044 -0.08225372 2.027568 1.439544 0.4283727
5 0.1144182 0.0005082054 0.0002229364 -2.873283 -0.02400261 -1.020181
6 0.122 0 0 0 0 -1.114963
7 0.1347621 0 0 -0.7212724 0 0
8 0.1343401 0 0 0.1246856 -0.1678546 0.02718286
9 0.1197383 0 6.123017E-05 0.001594515 -0.005315035 -0.1571478
10 0.04880161 0 0 0 0 -0.1408557
11 0.04874135 -0.0476583 0.06862446 1.322479 -0.7410318 -0.5215665
12 0.06127064 0 0 0.02181587 0.1051759 -0.1745252
13 0.1028249 0 0 -0.1176855 -0.09469986 -0.01050035
14 0.05880699 0.02725041 0.0822537 -1.570795 1.371103 -0.03702443
15 -0.1009997 0 0 -1.724408 0.5880488 -0.531807
16 -0.1219999 0 0 1.018397E-06 -2.77252E-06 -0.6718959
17 -0.1347622 0 0 -0.2863055 0 0
18 -0.1343399 0 0 1.182364 0.4151718 0.4366879
19 -0.1197386 0 -6.123033E-05 -0.001372244 -0.005376858 0.2012115
20 -0.04880161 0 0 0 0 -0.707715
21 -0.1889133 0.06475638 -0.0265498 -3.139415 -0.005103788 -0.4518085
22 -0.04874142 0.04765864 -0.06862451 1.787741 -0.276586 -0.7554917
23 -0.06127064 0 0 -0.06257772 0.2217633 -0.7094637
24 -0.1028246 0 0 -0.1176855 -0.09469986 -0.01050035
25 0.1304068 0.1682832 0 2.996925 -0.3679714 2.481843
26 0.08318153 0 0 0.1077631 -0.08300945 -0.01877149
27 0.1212126 0 0 0.1074481 -0.1390996 0.1379867
28 0.1593245 0 0 0.2468981 -0.1961452 0.4838617
29 0.16331 -0.04417983 -0.1566881 -2.80803 0.4598509 1.447384
30 0.1386825 -0.006931146 0.004727043 0.3438253 0.2339205 -0.7670875
31 0.07876897 1.806102E-05 -0.005639316 -0.7869601 -0.2318849 -0.1977418
32 0.130848 0.0002848966 0.00104755 -0.1497441 0.1780765 -0.6488017
33 0.1839588 0.0008644731 0.002803161 -0.02233836 0.05222971 -0.01165615
34 0.1270494 -0.04829364 0.1733503 -2.586805 1.17878 -1.448158
35 -0.1401879 -0.007853499 0.004513501 0.06337721 0.4965227 -0.4662753
36 -0.06898984 0 0 -0.2919932 -0.4751084 -0.3972737
37 -0.1247 0 0 -0.3817988 0.2480261 -0.2431821
38 -0.1734369 0 0 0.2262754 0.0431236 -0.2153069
39 0.1243179 0.1711765 0 -0.071445 0.1753001 1.10784
40 0.1502504 0.1029305 -0.176686 -1.309695 1.198904 0.1287259
41 0.0984958 0.02850619 0.1872715 -1.417802 1.066901 -3.068804
42 0.1708579 0.009936064 0 -0.2116151 0.03182417 -0.2999516
43 0.0049 0 0 0 0 0
44 0.5171545 -0.2663316 0.2896972 2.413475 -0.9576029 -0.2900735
45 0.1972673 0 0 0.2690264 0.2948024 -1.543682
46 0.05363192 -0.1692977 0 -0.2573389 5.960464E-08 -1.228345
47 0.0006023012 -0.03346459 -0.04911327 -0.02998959 0.02397783 -1.85778
48 0.000602576 -0.03346451 0.0491133 0.01859463 -0.1434043 -1.744864
49 0 -0.00544714 0 -2.140831 0.07678993 -1.551249
50 0.1349337 0.007935909 0.1169305 -0.4069003 -0.2376224 -0.00337987
51 0.06775701 0 0 0 0 0
52 0.07025615 0 0 0.05026554 0.2463504 -0.01032936
53 0.05538215 -0.1613821 0 -0.01709938 0.00564654 -1.513184
54 0.1349336 0.007935909 -0.116931 0.6859987 0.1942072 0.01818506
55 0.067757 0 0 0 0 0
56 0.0702562 0 0 0.1229383 -0.2376907 0.03220045
57 0.0553822 -0.161382 0 0.06357618 -0.02569135 -1.567969
time 39
0 0 0 0 0 0 0
1 0.06685143 0.44998 -0.1448206 0.006334024 0.036089 -0.08508335
2 0 0.002591992 0 -1.260348 0.1019372 1.635574
3 0.152 0 0 -0.1694781 -0.1316187 0.06385511
4 0.05880687 0.02725044 -0.08225372 2.011489 1.435347 0.4124391
5 0.1144182 0.0005082054 0.0002229364 -2.871887 -0.02197923 -1.030294
6 0.122 0 0 0 0 -1.131085
7 0.1347621 0 0 -0.7212724 0 0
8 0.1343401 0 0 0.1261181 -0.1676608 0.01846691
9 0.1197383 0 6.123017E-05 0.001594527 -0.005315066 -0.1647017
10 0.04880161 0 0 0 0 -0.1504181
11 0.04874135 -0.0476583 0.06862446 1.324764 -0.734307 -0.5231836
12 0.06127064 0 0 0.01912588 0.1054764 -0.1867196
13 0.1028249 0 0 -0.1176855 -0.09469986 -0.01050035
14 0.05880699 0.02725041 0.0822537 -1.570795 1.371103 -0.03702443
15 -0.1009997 0 0 -1.722679 0.5835099 -0.532779
16 -0.1219999 0 0 1.018396E-06 -2.77252E-06 -0.6608889
17 -0.1347622 0 0 -0.284611 0 0
18 -0.1343399 0 0 1.184395 0.4130968 0.4354767
19 -0.1197386 0 -6.123033E-05 -0.001372244 -0.005376858 0.2012115
20 -0.04880161 0 0 0 0 -0.707715
21 -0.1889133 0.06475638 -0.0265498 -3.139415 -0.005103788 -0.4518085
22 -0.04874142 0.04765864 -0.06862451 1.787741 -0.276586 -0.7554917
23 -0.06127064 0 0 -0.06257772 0.2217633 -0.7094637
24 -0.1028246 0 0 -0.1176855 -0.09469986 -0.01050035
25 0.1304068 0.1682832 0 2.998816 -0.362856 2.47529
26 0.08318153 0 0 0.1137063 -0.08201374 -0.02241084
27 0.1212126 0 0 0.1105207 -0.1390986 0.1380249
28 0.1593245 0 0 0.2468982 -0.1961454 0.4942731
29 0.1636169 -0.04426305 -0.1562461 -2.810255 0.4630424 1.442139
30 0.1386825 -0.006931146 0.004727043 0.3438253 0.2339205 -0.7670875
31 0.07876897 1.806102E-05 -0.005639316 -0.7867007 -0.2361172 -0.198471
32 0.130848 0.0002848966 0.00104755 -0.1494924 0.1785364 -0.6501034
33 0.1839588 0.0008644731 0.002803161 -0.02178212 0.05900203 -0.016486
34 0.1270494 -0.04827525 0.1733598 -2.588229 1.176584 -1.45545
35 -0.1400876 -0.007391103 0.004290365 0.06337721 0.4965227 -0.4662753
36 -0.06898984 0 0 -0.2934395 -0.4777135 -0.3989898
37 -0.1247 0 0 -0.3865702 0.2424835 -0.2443256
38 -0.1734369 0 0 0.2265374 0.03803198 -0.2181146
39 0.1243179 0.1711765 0 -0.06625716 0.1753001 1.10784
40 0.1502504 0.1029305 -0.176686 -1.306944 1.203644 0.1316632
41 0.0984958 0.02850619 0.1872715 -1.418738 1.063129 -3.069896
42 0.1708579 0.009936064 0 -0.2126259 0.03300169 -0.293122
43 0.0049 0 0 0 0 0
44 0.5171545 -0.2663316 0.2896972 2.419402 -0.9635721 -0.2988425
45 0.1972673 0 0 0.2722308 0.2991406 -1.529372
46 0.05363192 -0.1692977 0 -0.2550045 1.490116E-08 -1.228345
47 0.0006023012 -0.03346459 -0.04911327 -0.02998959 0.02226717 -1.857782
48 0.000602576 -0.03346451 0.0491133 0.01859462 -0.1450678 -1.744858
49 0 -0.00544714 0 -2.143289 0.07476325 -1.551787
50 0.1349337 0.007935909 0.1169305 -0.4052722 -0.2359671 -0.003350094
51 0.06775701 0 0 0 0 0
52 0.07025615 0 0 0.05160353 0.2434156 -0.01005688
53 0.05538215 -0.1613821 0 -0.01709938 0.00564654 -1.513184
54 0.1349336 0.007935909 -0.116931 0.6877031 0.1950701 0.02182775
55 0.067757 0 0 0 0 0
56 0.0702562 0 0 0.1239782 -0.2401427 0.0320754
57 0.0553822 -0.161382 0 0.06357618 -0.02569135 -1.567969
time 40
0 0 0 0 0 0 0
1 0.06731439 0.4504935 -0.1453388 0.006333841 0.0360876 -0.08438959
2 0 0.002591992 0 -1.257699 0.1041429 1.635003
3 0.152 0 0 -0.169479 -0.1304623 0.06632387
4 0.05880687 0.02725044 -0.08225372 2.000285 1.432471 0.4013433
5 0.1144182 0.0005082054 0.0002229364 -2.870491 -0.01999384 -1.039268
6 0.122 0 0 0 0 -1.145717
7 0.1347621 0 0 -0.7212724 0 0
8 0.1343401 0 0 0.1279903 -0.1674391 0.007041869
9 0.1197383 0 6.123017E-05 0.001594523 -0.005315058 -0.1747207
10 0.04880161 0 0 0 0 -0.1630082
11 0.04874135 -0.0476583 0.06862446 1.327831 -0.7253789 -0.5253426
12 0.06127064 0 0 0.01555941 0.1060334 -0.2029165
13 0.1028249 0 0 -0.1176855 -0.09469986 -0.01050035
14 0.05880699 0.02725041 0.0822537 -1.570795 1.371103 -0.03702443
15 -0.1009997 0 0 -1.72096 0.5790859 -0.5337144
16 -0.1219999 0 0 1.018396E-06 -2.772519E-06 -0.6502665
17 -0.1347622 0 0 -0.2829216 0 0
18 -0.1343399 0 0 1.186421 0.4108748 0.4344869
19 -0.1197386 0 -6.123033E-05 -0.001372244 -0.005376858 0.2012115
20 -0.04880161 0 0 0 0 -0.707715
21 -0.1889133 0.06475638 -0.0265498 -3.139415 -0.005103788 -0.4518085
22 -0.04874142 0.04765864 -0.06862451 1.787741 -0.276586 -0.7554917
23 -0.06127064 0 0 -0.06257772 0.2217633 -0.7094637
24 -0.1028246 0 0 -0.1176855 -0.09469986 -0.01050035
25 0.1304068 0.1682832 0 3.000647 -0.3578603 2.468863
26 0.08318153 0 0 0.1195089 -0.08102851 -0.02597172
27 0.1212126 0 0 0.1135299 -0.1390986 0.1380639
28 0.1593245 0 0 0.2468981 -0.1961451 0.5044498
29 0.1638675 -0.04435154 -0.1558731 -2.812418 0.4661493 1.436985
30 0.1386825 -0.006931146 0.004727043 0.3438253 0.2339205 -0.7670875
31 0.07876897 1.806102E-05 -0.005639316 -0.7865461 -0.2403171 -0.1989437
32 0.130848 0.0002848966 0.00104755 -0.1492844 0.1786671 -0.6512197
33 0.1839588 0.0008644731 0.002803161 -0.02120304 0.06562494 -0.02124325
34 0.1270494 -0.0482573 0.1733693 -2.589623 1.17445 -1.462607
35 -0.1399866 -0.006928817 0.004066349 0.06337721 0.4965227 -0.4662753
36 -0.06898984 0 0 -0.2948574 -0.4802648 -0.4006723
37 -0.1247 0 0 -0.3912363 0.2369012 -0.2454177
38 -0.1734369 0 0 0.2267948 0.03265718 -0.2208846
39 0.1243179 0.1711765 0 -0.0608016 0.1753002 1.10784
40 0.1502504 0.1029305 -0.176686 -1.30397 1.208633 0.1348411
41 0.0984958 0.02850619 0.1872715 -1.419701 1.059152 -3.071022
42 0.1708579 0.009936064 0 -0.2134586 0.03408749 -0.285393
43 0.0049 0 0 0 0 0
44 0.5171545 -0.2663316 0.2896972 2.424878 -0.9683581 -0.3068816
45 0.1972673 0 0 0.2760192 0.3029413 -1.513107
46 0.05363192 -0.1692977 0 -0.252442 -2.235174E-08 -1.228345
47 0.0006023012 -0.03346459 -0.04911327 -0.02998959 0.02077145 -1.857788
48 0.000602576 -0.03346451 0.0491133 0.01859464 -0.1465275 -1.74485
49 0 -0.00544714 0 -2.145697 0.07277685 -1.552315
50 0.1349337 0.007935909 0.1169305 -0.4035839 -0.2339634 -0.003235268
51 0.06775701 0 0 0 0 0
52 0.07025615 0 0 0.05280426 0.2403542 -0.009874263
53 0.05538215 -0.1613821 0 -0.01709938 0.00564654 -1.513184
54 0.1349336 0.007935909 -0.116931 0.6894059 0.1961859 0.02550743
55 0.067757 0 0 0 0 0
56 0.0702562 0 0 0.1249644 -0.2426143 0.03204839
57 0.0553822 -0.161382 0 0.06357618 -0.02569135 -1.567969
time 41
0 0 0 0 0 0 0
1 0.0677677 0.4510235 -0.14587 0.006333924 0.03608835 -0.08348113
2 0 0.002591992 0 -1.255114 0.1062282 1.634443
3 0.152 0 0 -0.1694797 -0.1293307 0.06878927
4 0.05880687 0.02725044 -0.08225372 1.993479 1.430864 0.3946039
5 0.1144182 0.0005082054 0.0002229364 -2.869118 -0.01798064 -1.047033
6 0.122 0 0 0 0 -1.158779
7 0.1347621 0 0 -0.7212724 0 0
8 0.1343401 0 0 0.1302445 -0.1671918 -0.006788425
9 0.1197383 0 6.123017E-05 0.001594527 -0.005315071 -0.1868801
10 0.04880161 0 0 0 0 -0.1783172
11 0.04874135 -0.0476583 0.06862446 1.331396 -0.7145389 -0.5277769
12 0.06127064 0 0 0.01123155 0.1068747 -0.2225808
13 0.1028249 0 0 -0.1176855 -0.09469986 -0.01050035
14 0.05880699 0.02725041 0.0822537 -1.570795 1.371103 -0.03702443
15 -0.1009997 0 0 -1.719284 0.5747984 -0.5346244
16 -0.1219999 0 0 1.018396E-06 -2.772519E-06 -0.6401241
17 -0.1347622 0 0 -0.2812442 0 0
18 -0.1343399 0 0 1.188439 0.4085194 0.4337337
19 -0.1197386 0 -6.123033E-05 -0.001372244 -0.005376858 0.2012115
20 -0.04880161 0 0 0 0 -0.707715
21 -0.1889133 0.06475638 -0.0265498 -3.139415 -0.005103788 -0.4518085
22 -0.04874142 0.04765864 -0.06862451 1.787741 -0.276586 -0.7554917
23 -0.06127064 0 0 -0.06257772 0.2217633 -0.7094637
24 -0.1028246 0 0 -0.1176855 -0.09469986 -0.01050035
25 0.1304068 0.1682832 0 3.00241 -0.353004 2.462611
26 0.08318153 0 0 0.1251775 -0.08006994 -0.02945069
27 0.1212126 0 0 0.1164688 -0.1390999 0.1381036
28 0.1593245 0 0 0.246898 -0.196145 0.5143698
29 0.1640561 -0.04444537 -0.1555782 -2.814511 0.4691594 1.431968
30 0.1386825 -0.006931146 0.004727043 0.3438253 0.2339205 -0.7670875
31 0.07876897 1.806102E-05 -0.005639316 -0.7865046 -0.244467 -0.1991413
32 0.130848 0.0002848966 0.00104755 -0.1491263 0.178431 -0.6521268
33 0.1839588 0.0008644731 0.002803161 -0.02061288 0.07208751 -0.02597131
34 0.1270494 -0.0482398 0.1733789 -2.590991 1.172391 -1.469573
35 -0.1398852 -0.006468237 0.003842086 0.06337721 0.4965227 -0.4662753
36 -0.06898984 0 0 -0.2962439 -0.4827571 -0.4023178
37 -0.1247 0 0 -0.3957859 0.2312917 -0.2464558
38 -0.1734369 0 0 0.2270524 0.02701808 -0.2236163
39 0.1243179 0.1711765 0 -0.05509521 0.1753001 1.10784
40 0.1502504 0.1029305 -0.176686 -1.300772 1.213854 0.1382614
41 0.0984958 0.02850619 0.1872715 -1.420691 1.054983 -3.072182
42 0.1708579 0.009936064 0 -0.2141194 0.03506534 -0.2768554
43 0.0049 0 0 0 0 0
44 0.5171545 -0.2663316 0.2896972 2.429818 -0.9718668 -0.3140455
45 0.1972673 0 0 0.2801319 0.3062885 -1.495517
46 0.05363192 -0.1692977 0 -0.2496623 4.470348E-08 -1.228345
47 0.0006023012 -0.03346459 -0.04911327 -0.02998959 0.01949985 -1.857798
48 0.000602576 -0.03346451 0.0491133 0.01859461 -0.1477766 -1.744841
49 0 -0.00544714 0 -2.148048 0.07083539 -1.552832
50 0.1349337 0.007935909 0.1169305 -0.4018379 -0.2316263 -0.003034034
51 0.06775701 0 0 0 0 0
52 0.07025615 0 0 0.05386007 0.2371743 -0.00977853
53 0.05538215 -0.1613821 0 -0.01709938 0.00564654 -1.513184
54 0.1349336 0.007935909 -0.116931 0.6911037 0.1975504 0.02921411
55 0.067757 0 0 0 0 0
56 0.0702562 0 0 0.1258935 -0.2450995 0.03211946
57 0.0553822 -0.161382 0 0.06357618 -0.02569135 -1.567969
time 42
0 0 0 0 0 0 0
1 0.06821032 0.4515665 -0.1464137 0.006333847 0.03608766 -0.08234376
2 0 0.002591992 0 -1.252599 0.108169 1.633896
3 0.152 0 0 -0.169479 -0.1282254 0.07122661
4 0.05880687 0.02725044 -0.08225372 1.990931 1.430477 0.3920773
5 0.1144182 0.0005082054 0.0002229364 -2.867794 -0.01599337 -1.053517
6 0.122 0 0 0 0 -1.170188
7 0.1347621 0 0 -0.7212724 0 0
8 0.1343401 0 0 0.1328237 -0.1669222 -0.02272009
9 0.1197383 0 6.123017E-05 0.001594528 -0.00531507 -0.2008521
10 0.04880161 0 0 0 0 -0.1960186
11 0.04874135 -0.0476583 0.06862446 1.335378 -0.7020796 -0.5304377
12 0.06127064 0 0 0.006257427 0.1077834 -0.2451825
13 0.1028249 0 0 -0.1176855 -0.09469986 -0.01050035
14 0.05880699 0.02725041 0.0822537 -1.570795 1.371103 -0.03702443
15 -0.1009997 0 0 -1.717688 0.5706689 -0.5355217
16 -0.1219999 0 0 1.018396E-06 -2.772519E-06 -0.6305578
17 -0.1347622 0 0 -0.2795876 0 0
18 -0.1343399 0 0 1.190451 0.4060437 0.4332324
19 -0.1197386 0 -6.123033E-05 -0.001372244 -0.005376858 0.2012115
20 -0.04880161 0 0 0 0 -0.707715
21 -0.1889133 0.06475638 -0.0265498 -3.139415 -0.005103788 -0.4518085
22 -0.04874142 0.04765864 -0.06862451 1.787741 -0.276586 -0.7554917
23 -0.06127064 0 0 -0.06257772 0.2217633 -0.7094637
24 -0.1028246 0 0 -0.1176855 -0.09469986 -0.01050035
25 0.1304068 0.1682832 0 3.004097 -0.3483063 2.456586
26 0.08318153 0 0 0.1306811 -0.07912939 -0.03283493
27 0.1212126 0 0 0.119328 -0.1390995 0.1381415
28 0.1593245 0 0 0.2468981 -0.1961451 0.5240099
29 0.1641772 -0.04454459 -0.1553702 -2.816531 0.4720596 1.427134
30 0.1386825 -0.006931146 0.004727043 0.3438253 0.2339205 -0.7670875
31 0.07876897 1.806102E-05 -0.005639316 -0.786585 -0.2485501 -0.199045
32 0.130848 0.0002848966 0.00104755 -0.1490241 0.1778389 -0.6528003
33 0.1839588 0.0008644731 0.002803161 -0.02002204 0.07837769 -0.0307141
34 0.1270494 -0.04822275 0.1733883 -2.592338 1.170416 -1.476291
35 -0.1397837 -0.006010961 0.00361821 0.06337721 0.4965227 -0.4662753
36 -0.06898984 0 0 -0.2975949 -0.4851822 -0.4039211
37 -0.1247 0 0 -0.4002073 0.2256667 -0.2474367
38 -0.1734369 0 0 0.2273047 0.02113085 -0.2262989
39 0.1243179 0.1711765 0 -0.04915479 0.1753002 1.10784
40 0.1502504 0.1029305 -0.176686 -1.297348 1.219292 0.1419261
41 0.0984958 0.02850619 0.1872715 -1.421703 1.050635 -3.073371
42 0.1708579 0.009936064 0 -0.2146127 0.03591896 -0.2675976
43 0.0049 0 0 0 0 0
44 0.5171545 -0.2663316 0.2896972 2.43414 -0.9740028 -0.32019
45 0.1972673 0 0 0.2842923 0.3092661 -1.476984
46 0.05363192 -0.1692977 0 -0.2466766 5.215406E-08 -1.228345
47 0.0006023012 -0.03346459 -0.04911327 -0.02998959 0.01846159 -1.857811
48 0.000602576 -0.03346451 0.0491133 0.0185946 -0.1488087 -1.74483
49 0 -0.00544714 0 -2.150337 0.0689436 -1.553338
50 0.1349337 0.007935909 0.1169305 -0.4000404 -0.2289733 -0.002744578
51 0.06775701 0 0 0 0 0
52 0.07025615 0 0 0.05476751 0.2339029 -0.009766969
53 0.05538215 -0.1613821 0 -0.01709938 0.00564654 -1.513184
54 0.1349336 0.007935909 -0.116931 0.6927955 0.1991596 0.03293814
55 0.067757 0 0 0 0 0
56 0.0702562 0 0 0.1267639 -0.2475959 0.03228897
57 0.0553822 -0.161382 0 0.06357618 -0.02569135 -1.567969
time 43
0 0 0 0 0 0 0
1 0.06864122 0.4521186 -0.1469609 0.006333958 0.03608851 -0.0809783
2 0 0.002591992 0 -1.250162 0.1099406 1.633362
3 0.152 0 0 -0.1694786 -0.1271505 0.07361279
4 0.05880687 0.02725044 -0.08225372 1.992939 1.431259 0.3940588
5 0.1144182 0.0005082054 0.0002229364 -2.866542 -0.01408507 -1.058648
6 0.122 0 0 0 0 -1.179862
7 0.1347621 0 0 -0.7212724 0 0
8 0.1343401 0 0 0.1356726 -0.1666356 -0.04045004
9 0.1197383 0 6.123017E-05 0.001594527 -0.00531507 -0.2163105
10 0.04880161 0 0 0 0 -0.2158034
11 0.04874135 -0.0476583 0.06862446 1.339695 -0.6882921 -0.5332753
12 0.06127064 0 0 0.0007519292 0.1085239 -0.2701916
13 0.1028249 0 0 -0.1176855 -0.09469986 -0.01050035
14 0.05880699 0.02725041 0.0822537 -1.570795 1.371103 -0.03702443
15 -0.1009997 0 0 -1.716205 0.5667189 -0.5364168
16 -0.1219999 0 0 1.018397E-06 -2.77252E-06 -0.6216633
17 -0.1347622 0 0 -0.2779574 0 0
18 -0.1343399 0 0 1.192453 0.4034614 0.432998
19 -0.1197386 0 -6.123033E-05 -0.001372244 -0.005376858 0.2012115
20 -0.04880161 0 0 0 0 -0.707715
21 -0.1889133 0.06475638 -0.0265498 -3.139415 -0.005103788 -0.4518085
22 -0.04874142 0.04765864 -0.06862451 1.787741 -0.276586 -0.7554917
23 -0.06127064 0 0 -0.06257772 0.2217633 -0.7094637
24 -0.1028246 0 0 -0.1176855 -0.09469986 -0.01050035
25 0.1304068 0.1682832 0 3.005702 -0.3437865 2.450838
26 0.08318153 0 0 0.1360122 -0.07821351 -0.03611764
27 0.1212126 0 0 0.1221013 -0.1390985 0.1381785
28 0.1593245 0 0 0.2468981 -0.1961452 0.5333459
29 0.1642253 -0.04463382 -0.1552581 -2.81847 0.4748365 1.422531
30 0.1386825 -0.006931146 0.004727043 0.3438253 0.2339205 -0.7670875
31 0.07876897 1.806102E-05 -0.005639316 -0.7867959 -0.2525488 -0.1986358
32 0.130848 0.0002848966 0.00104755 -0.148985 0.1769024 -0.6532195
33 0.1839588 0.0008644731 0.002803161 -0.01943755 0.08447237 -0.03538977
34 0.1270494 -0.04820615 0.1733978 -2.593667 1.168538 -1.482707
35 -0.139682 -0.005558585 0.003395353 0.06337721 0.4965227 -0.4662753
36 -0.06898984 0 0 -0.2989071 -0.4875346 -0.4054787
37 -0.1247 0 0 -0.4044901 0.2200392 -0.2483584
38 -0.1734369 0 0 0.2275516 0.01501313 -0.2289267
39 0.1243179 0.1711765 0 -0.04299719 0.1753002 1.107841
40 0.1502504 0.1029305 -0.176686 -1.293698 1.22493 0.145836
41 0.0984958 0.02850619 0.1872715 -1.422737 1.04612 -3.074588
42 0.1708579 0.009936064 0 -0.2149441 0.03663219 -0.2577094
43 0.0049 0 0 0 0 0
44 0.5171545 -0.2663316 0.2896972 2.437759 -0.9746708 -0.3251696
45 0.1972673 0 0 0.2884474 0.3119573 -1.45789
46 0.05363192 -0.1692977 0 -0.2434958 0 -1.228345
47 0.0006023012 -0.03346459 -0.04911327 -0.02998959 0.01766588 -1.857828
48 0.000602576 -0.03346451 0.0491133 0.01859464 -0.1496169 -1.744818
49 0 -0.00544714 0 -2.152558 0.06710584 -1.553831
50 0.1349337 0.007935909 0.1169305 -0.3981941 -0.2260195 -0.002365579
51 0.06775701 0 0 0 0 0
52 0.07025615 0 0 0.0555162 0.2305362 -0.00983645
53 0.05538215 -0.1613821 0 -0.01709938 0.00564654 -1.513184
54 0.1349336 0.007935909 -0.116931 0.6944751 0.2010085 0.03666916
55 0.067757 0 0 0 0 0
56 0.0702562 0 0 0.1275707 -0.2500944 0.03255682
57 0.0553822 -0.161382 0 0.06357618 -0.02569135 -1.567969
time 44
0 0 0 0 0 0 0
1 0.06905934 0.4526759 -0.147502 0.006333843 0.03608763 -0.07937151
2 0 0.002591992 0 -1.247808 0.1115187 1.632843
3 0.152 0 0 -0.1694788 -0.1261086 0.07592408
4 0.05880687 0.02725044 -0.08225372 1.999668 1.433158 0.4007175
5 0.1144182 0.0005082054 0.0002229364 -2.865388 -0.01230957 -1.062357
6 0.122 0 0 0 0 -1.187722
7 0.1347621 0 0 -0.7212724 0 0
8 0.1343401 0 0 0.1387288 -0.1663286 -0.05967267
9 0.1197383 0 6.123017E-05 0.001594535 -0.005315089 -0.2329297
10 0.04880161 0 0 0 0 -0.2371752
11 0.04874135 -0.0476583 0.06862446 1.344265 -0.6734679 -0.5362398
12 0.06127064 0 0 -0.005169586 0.1091087 -0.2970682
13 0.1028249 0 0 -0.1176855 -0.09469986 -0.01050035
14 0.05880699 0.02725041 0.0822537 -1.570795 1.371103 -0.03702443
15 -0.1009997 0 0 -1.71487 0.5629699 -0.5373217
16 -0.1219999 0 0 1.018396E-06 -2.772519E-06 -0.613536
17 -0.1347622 0 0 -0.2763609 0 0
18 -0.1343399 0 0 1.194448 0.4007859 0.433046
19 -0.1197386 0 -6.123033E-05 -0.001372244 -0.005376858 0.2012115
20 -0.04880161 0 0 0 0 -0.707715
21 -0.1889133 0.06475638 -0.0265498 -3.139415 -0.005103788 -0.4518085
22 -0.04874142 0.04765864 -0.06862451 1.787741 -0.276586 -0.7554917
23 -0.06127064 0 0 -0.06257772 0.2217633 -0.7094637
24 -0.1028246 0 0 -0.1176855 -0.09469986 -0.01050035
25 0.1304068 0.1682832 0 3.007218 -0.339464 2.445417
26 0.08318153 0 0 0.1411673 -0.07732989 -0.03929363
27 0.1212126 0 0 0.124784 -0.1391001 0.1382173
28 0.1593245 0 0 0.2468981 -0.1961452 0.5423548
29 0.1641947 -0.04469875 -0.1552507 -2.820323 0.4774783 1.418203
30 0.1386825 -0.006931146 0.004727043 0.3438253 0.2339205 -0.7670875
31 0.07876897 1.806102E-05 -0.005639316 -0.7871454 -0.2564456 -0.197895
32 0.130848 0.0002848966 0.00104755 -0.1490137 0.1756313 -0.6533555
33 0.1839588 0.0008644731 0.002803161 -0.01887023 0.09036211 -0.03992211
34 0.1270494 -0.04819001 0.1734073 -2.594986 1.166769 -1.488766
35 -0.1395805 -0.005112706 0.003174151 0.06337721 0.4965227 -0.4662753
36 -0.06898984 0 0 -0.3001778 -0.4898095 -0.4069875
37 -0.1247 0 0 -0.4086227 0.2144212 -0.2492177
38 -0.1734369 0 0 0.2277973 0.008683217 -0.2314986
39 0.1243179 0.1711765 0 -0.03663921 0.1753002 1.10784
40 0.1502504 0.1029305 -0.176686 -1.28982 1.230752 0.1499932
41 0.0984958 0.02850619 0.1872715 -1.42379 1.041452 -3.07583
42 0.1708579 0.009936064 0 -0.2151167 0.03718869 -0.2472778
43 0.0049 0 0 0 0 0
44 0.5171545 -0.2663316 0.2896972 2.44059 -0.9737759 -0.3288397
45 0.1972673 0 0 0.2925435 0.3144461 -1.438616
46 0.05363192 -0.1692977 0 -0.2401306 2.235174E-08 -1.228345
47 0.0006023012 -0.03346459 -0.04911327 -0.02998959 0.01712194 -1.857848
48 0.000602576 -0.03346451 0.0491133 0.01859464 -0.1501487 -1.744805
49 0 -0.00544714 0 -2.154705 0.06532707 -1.55431
50 0.1349337 0.007935909 0.1169305 -0.3963054 -0.2227825 -0.001895166
51 0.06775701 0 0 0 0 0
52 0.07025615 0 0 0.05610086 0.2270932 -0.009984121
53 0.05538215 -0.1613821 0 -0.01709938 0.00564654 -1.513184
54 0.1349336 0.007935909 -0.116931 0.6961372 0.2030927 0.04039729
55 0.067757 0 0 0 0 0
56 0.0702562 0 0 0.1283142 -0.2526411 0.03292355
57 0.0553822 -0.161382 0 0.06357618 -0.02569135 -1.567969
time 45
0 0 0 0 0 0 0
1 0.06946369 0.4532347 -0.1480366 0.006333846 0.03608762 -0.07757166
2 0 0.002591992 0 -1.245545 0.1128792 1.63234
3 0.152 0 0 -0.1694798 -0.1251027 0.07813653
4 0.05880687 0.02725044 -0.08225372 2.011286 1.436121 0.4122264
5 0.1144182 0.0005082054 0.0002229364 -2.864355 -0.01071995 -1.06457
6 0.122 0 0 0 0 -1.193685
7 0.1347621 0 0 -0.7212724 0 0
8 0.1343401 0 0 0.1419424 -0.1660122 -0.07992406
9 0.1197383 0 6.123017E-05 0.001594535 -0.005315087 -0.2503812
10 0.04880161 0 0 0 0 -0.2595749
11 0.04874135 -0.0476583 0.06862446 1.349007 -0.6578991 -0.5392818
12 0.06127064 0 0 -0.01139216 0.1095552 -0.3252836
13 0.1028249 0 0 -0.1176855 -0.09469986 -0.01050035
14 0.05880699 0.02725041 0.0822537 -1.570795 1.371103 -0.03702443
15 -0.1009997 0 0 -1.713719 0.5594431 -0.5382483
16 -0.1219999 0 0 1.018397E-06 -2.772519E-06 -0.6062722
17 -0.1347622 0 0 -0.2748056 0 0
18 -0.1343399 0 0 1.196431 0.3980305 0.4333909
19 -0.1197386 0 -6.123033E-05 -0.001372244 -0.005376858 0.2012115
20 -0.04880161 0 0 0 0 -0.707715
21 -0.1889133 0.06475638 -0.0265498 -3.139415 -0.005103788 -0.4518085
22 -0.04874142 0.04765864 -0.06862451 1.787741 -0.276586 -0.7554917
23 -0.06127064 0 0 -0.06257772 0.2217633 -0.7094637
24 -0.1028246 0 0 -0.1176855 -0.09469986 -0.01050035
25 0.1304068 0.1682832 0 3.008638 -0.3353584 2.440374
26 0.08318153 0 0 0.1461135 -0.07647072 -0.04234872
27 0.1212126 0 0 0.1273656 -0.1391 0.1382542
28 0.1593245 0 0 0.2468982 -0.1961454 0.5510137
29 0.1640801 -0.04474104 -0.155357 -2.822083 0.4799713 1.414199
30 0.1386825 -0.006931146 0.004727043 0.3438253 0.2339205 -0.7670875
31 0.07876897 1.806102E-05 -0.005639316 -0.7876437 -0.260224 -0.196356
32 0.130848 0.0002848966 0.00104755 -0.149117 0.1740371 -0.6531864
33 0.1839588 0.0008644731 0.002803161 -0.01832608 0.09601768 -0.04422615
34 0.1270494 -0.04817431 0.1734166 -2.596296 1.16512 -1.494409
35 -0.1394793 -0.004674922 0.002955236 0.06337721 0.4965227 -0.4662753
36 -0.06898984 0 0 -0.3014032 -0.4919993 -0.4084425
37 -0.1247 0 0 -0.4125965 0.2088259 -0.2500138
38 -0.1734369 0 0 0.2280355 0.002157632 -0.2340029
39 0.1243179 0.1711765 0 -0.03009776 0.1753001 1.10784
40 0.1502504 0.1029305 -0.176686 -1.285712 1.236743 0.1543985
41 0.0984958 0.02850619 0.1872715 -1.424859 1.036642 -3.077093
42 0.1708579 0.009936064 0 -0.2151387 0.03757235 -0.2363956
43 0.0049 0 0 0 0 0
44 0.5171545 -0.2663316 0.2896972 2.442551 -0.9712229 -0.3310557
45 0.1972673 0 0 0.2965274 0.3168162 -1.419545
46 0.05363192 -0.1692977 0 -0.2365922 0 -1.228345
47 0.0006023012 -0.03346459 -0.04911327 -0.02998959 0.01683896 -1.857872
48 0.000602576 -0.03346451 0.0491133 0.01859464 -0.1503624 -1.74479
49 0 -0.00544714 0 -2.156773 0.06361175 -1.554774
50 0.1349337 0.007935909 0.1169305 -0.3943795 -0.2192788 -0.001331736
51 0.06775701 0 0 0 0 0
52 0.07025615 0 0 0.05655712 0.2235893 -0.01020714
53 0.05538215 -0.1613821 0 -0.01709938 0.00564654 -1.513184
54 0.1349336 0.007935909 -0.116931 0.6977918 0.2054083 0.04411272
55 0.067757 0 0 0 0 0
56 0.0702562 0 0 0.1289897 -0.2552086 0.03338912
57 0.0553822 -0.161382 0 0.06357618 -0.02569135 -1.567969
time 46
0 0 0 0 0 0 0
1 0.06985319 0.4537913 -0.1485638 0.006333855 0.03608783 -0.07562836
2 0 0.002591992 0 -1.243404 0.1139974 1.631854
3 0.152 0 0 -0.1694792 -0.1241335 0.08022504
4 0.05880687 0.02725044 -0.08225372 2.02796 1.440101 0.4287556
5 0.1144182 0.0005082054 0.0002229364 -2.863468 -0.009369823 -1.065218
6 0.122 0 0 0 0 -1.197668
7 0.1347621 0 0 -0.7212724 0 0
8 0.1343401 0 0 0.1452495 -0.1656823 -0.1006954
9 0.1197383 0 6.123017E-05 0.001594525 -0.005315064 -0.2683381
10 0.04880161 0 0 0 0 -0.2825891
11 0.04874135 -0.0476583 0.06862446 1.353839 -0.6418772 -0.542352
12 0.06127064 0 0 -0.01780058 0.1098784 -0.3543029
13 0.1028249 0 0 -0.1176855 -0.09469986 -0.01050035
14 0.05880699 0.02725041 0.0822537 -1.570795 1.371103 -0.03702443
15 -0.1009997 0 0 -1.712785 0.5561604 -0.5392076
16 -0.1219999 0 0 1.018396E-06 -2.772519E-06 -0.5999676
17 -0.1347622 0 0 -0.2732985 0 0
18 -0.1343399 0 0 1.198405 0.3952089 0.4340486
19 -0.1197386 0 -6.123033E-05 -0.001372244 -0.005376858 0.2012115
20 -0.04880161 0 0 0 0 -0.707715
21 -0.1889133 0.06475638 -0.0265498 -3.139415 -0.005103788 -0.4518085
22 -0.04874142 0.04765864 -0.06862451 1.787741 -0.276586 -0.7554917
23 -0.06127064 0 0 -0.06257772 0.2217633 -0.7094637
24 -0.1028246 0 0 -0.1176855 -0.09469986 -0.01050035
25 0.1304068 0.1682832 0 3.009953 -0.3314888 2.43576
26 0.08318153 0 0 0.1508522 -0.07564618 -0.04527931
27 0.1212126 0 0 0.1298392 -0.1390986 0.1382893
28 0.1593245 0 0 0.2468981 -0.1961451 0.5592976
29 0.1638757 -0.04476237 -0.1555859 -2.823746 0.4823028 1.410564
30 0.1386825 -0.006931146 0.004727043 0.3438253 0.2339205 -0.7670875
31 0.07876897 1.806102E-05 -0.005639316 -0.7882973 -0.2638659 -0.1936355
32 0.130848 0.0002848966 0.00104755 -0.1493013 0.1721308 -0.6524355
33 0.1839588 0.0008644731 0.002803161 -0.01781481 0.1014247 -0.04822332
34 0.1270494 -0.04815907 0.1734259 -2.597604 1.163601 -1.499635
35 -0.1393787 -0.004246829 0.00273924 0.06337721 0.4965227 -0.4662753
36 -0.06898984 0 0 -0.3025806 -0.4940992 -0.4098408
37 -0.1247 0 0 -0.4163977 0.2032649 -0.250742
38 -0.1734369 0 0 0.2282694 -0.004545645 -0.2364373
39 0.1243179 0.1711765 0 -0.02338955 0.1753002 1.107841
40 0.1502504 0.1029305 -0.176686 -1.281375 1.242885 0.1590549
41 0.0984958 0.02850619 0.1872715 -1.425942 1.031705 -3.078375
42 0.1708579 0.009936064 0 -0.2150126 0.03770351 -0.2251494
43 0.0049 0 0 0 0 0
44 0.5171545 -0.2663316 0.2896972 2.443556 -0.9670629 -0.3316719
45 0.1972673 0 0 0.3003457 0.3191511 -1.401058
46 0.05363192 -0.1692977 0 -0.2328915 4.470348E-08 -1.228345
47 0.0006023012 -0.03346459 -0.04911327 -0.02998959 0.01682617 -1.857898
48 0.000602576 -0.03346451 0.0491133 0.01859463 -0.1502686 -1.744774
49 0 -0.00544714 0 -2.158755 0.06196449 -1.55522
50 0.1349337 0.007935909 0.1169305 -0.3924215 -0.2155251 -0.0006735895
51 0.06775701 0 0 0 0 0
52 0.07025615 0 0 0.05685017 0.2200304 -0.01050248
53 0.05538215 -0.1613821 0 -0.01709938 0.00564654 -1.513184
54 0.1349336 0.007935909 -0.116931 0.6994357 0.2079505 0.04780539
55 0.067757 0 0 0 0 0
56 0.0702562 0 0 0.1295923 -0.2577878 0.03395342
57 0.0553822 -0.161382 0 0.06357618 -0.02569135 -1.567969
time 47
0 0 0 0 0 0 0
1 0.07022685 0.4543417 -0.1490831 0.006333787 0.03608728 -0.07354686
2 0 0.002591992 0 -1.241438 0.1148491 1.631387
3 0.152 0 0 -0.1694783 -0.1232047 0.08216631
4 0.05880687 0.02725044 -0.08225372 2.049854 1.445046 0.4504751
5 0.1144182 0.0005082054 0.0002229364 -2.862751 -0.008312731 -1.064228
6 0.122 0 0 0 0 -1.199545
7 0.1347621 0 0 -0.7212724 0 0
8 0.1343401 0 0 0.1485988 -0.1653475 -0.1216262
9 0.1197383 0 6.123017E-05 0.001594524 -0.005315064 -0.2864761
10 0.04880161 0 0 0 0 -0.3058051
11 0.04874135 -0.0476583 0.06862446 1.358679 -0.625694 -0.5454008
12 0.06127064 0 0 -0.02427977 0.1100941 -0.3835943
13 0.1028249 0 0 -0.1176855 -0.09469986 -0.01050035
14 0.05880699 0.02725041 0.0822537 -1.570795 1.371103 -0.03702443
15 -0.1009997 0 0 -1.712104 0.5531429 -0.5402117
16 -0.1219999 0 0 1.018395E-06 -2.772517E-06 -0.5947175
17 -0.1347622 0 0 -0.2718464 0 0
18 -0.1343399 0 0 1.200366 0.3923343 0.4350331
19 -0.1197386 0 -6.123033E-05 -0.001372244 -0.005376858 0.2012115
20 -0.04880161 0 0 0 0 -0.707715
21 -0.1889133 0.06475638 -0.0265498 -3.139415 -0.005103788 -0.4518085
22 -0.04874142 0.04765864 -0.06862451 1.787741 -0.276586 -0.7554917
23 -0.06127064 0 0 -0.06257772 0.2217633 -0.7094637
24 -0.1028246 0 0 -0.1176855 -0.09469986 -0.01050035
25 0.1304068 0.1682832 0 3.011158 -0.3278749 2.431625
26 0.08318153 0 0 0.1553585 -0.0748531 -0.04807338
27 0.1212126 0 0 0.1322009 -0.1390998 0.1383262
28 0.1593245 0 0 0.2468982 -0.1961453 0.5671855
29 0.1635761 -0.04476438 -0.1559463 -2.825304 0.4844603 1.407344
30 0.1386825 -0.006931146 0.004727043 0.3438253 0.2339205 -0.7670875
31 0.07876897 1.806102E-05 -0.005639316 -0.789202 -0.2672564 -0.1898408
32 0.130848 0.0002848966 0.00104755 -0.1495721 0.1699229 -0.650889
33 0.1839588 0.0008644731 0.002803161 -0.01734689 0.1065739 -0.05183788
34 0.1270494 -0.04814428 0.1734352 -2.598913 1.162226 -1.50441
35 -0.1392786 -0.003830024 0.002526799 0.06337721 0.4965227 -0.4662753
36 -0.06898984 0 0 -0.3037061 -0.4961025 -0.4111779
37 -0.1247 0 0 -0.4200165 0.1977508 -0.2514006
38 -0.1734369 0 0 0.2284978 -0.01140927 -0.2387952
39 0.1243179 0.1711765 0 -0.01653152 0.1753002 1.10784
40 0.1502504 0.1029305 -0.176686 -1.276805 1.249163 0.163963
41 0.0984958 0.02850619 0.1872715 -1.427038 1.026653 -3.079674
42 0.1708579 0.009936064 0 -0.2147427 0.03734709 -0.2136274
43 0.0049 0 0 0 0 0
44 0.5171545 -0.2663316 0.2896972 2.443522 -0.9614969 -0.3305443
45 0.1972673 0 0 0.303945 0.3215349 -1.383537
46 0.05363192 -0.1692977 0 -0.2290394 0 -1.228345
47 0.0006023012 -0.03346459 -0.04911327 -0.02998959 0.01709277 -1.857928
48 0.000602576 -0.03346451 0.0491133 0.01859462 -0.1498773 -1.744757
49 0 -0.00544714 0 -2.160647 0.06038959 -1.55565
50 0.1349337 0.007935909 0.1169305 -0.390435 -0.2115372 8.075767E-05
51 0.06775701 0 0 0 0 0
52 0.07025615 0 0 0.05698574 0.2164329 -0.01086727
53 0.05538215 -0.1613821 0 -0.01709938 0.00564654 -1.513184
54 0.1349336 0.007935909 -0.116931 0.701066 0.2107149 0.0514653
55 0.067757 0 0 0 0 0
56 0.0702562 0 0 0.1301227 -0.2603811 0.03461709
57 0.0553822 -0.161382 0 0.06357618 -0.02569135 -1.567969
time 48
0 0 0 0 0 0 0
1 0.07058361 0.4548822 -0.1495938 0.006333833 0.03608758 -0.07133768
2 0 0.002591992 0 -1.239645 0.1154099 1.630939
3 0.152 0 0 -0.1694801 -0.1223209 0.083938
4 0.05880687 0.02725044 -0.08225372 2.077134 1.450902 0.4775524
5 0.1144182 0.0005082054 0.0002229364 -2.862229 -0.007601968 -1.06153
6 0.122 0 0 0 0 -1.199083
7 0.1347621 0 0 -0.7212724 0 0
8 0.1343401 0 0 0.151926 -0.1650036 -0.142346
9 0.1197383 0 6.123017E-05 0.001594528 -0.005315073 -0.3044681
10 0.04880161 0 0 0 0 -0.3288067
11 0.04874135 -0.0476583 0.06862446 1.363446 -0.6096411 -0.5483787
12 0.06127064 0 0 -0.03071495 0.1102187 -0.4126271
13 0.1028249 0 0 -0.1176855 -0.09469986 -0.01050035
14 0.05880699 0.02725041 0.0822537 -1.570795 1.371103 -0.03702443
15 -0.1009997 0 0 -1.711711 0.5504124 -0.541272
16 -0.1219999 0 0 1.018396E-06 -2.772519E-06 -0.5906193
17 -0.1347622 0 0 -0.2704563 0 0
18 -0.1343399 0 0 1.202316 0.3894203 0.4363607
19 -0.1197386 0 -6.123033E-05 -0.001372244 -0.005376858 0.2012115
20 -0.04880161 0 0 0 0 -0.707715
21 -0.1889133 0.06475638 -0.0265498 -3.139415 -0.005103788 -0.4518085
22 -0.04874142 0.04765864 -0.06862451 1.787741 -0.276586 -0.7554917
23 -0.06127064 0 0 -0.06257772 0.2217633 -0.7094637
24 -0.1028246 0 0 -0.1176855 -0.09469986 -0.01050035
25 0.1304068 0.1682832 0 3.012244 -0.3245357 2.428019
26 0.08318153 0 0 0.1596251 -0.07409696 -0.05072485
27 0.1212126 0 0 0.1344409 -0.1391005 0.1383617
28 0.1593245 0 0 0.2468982 -0.1961453 0.5746521
29 0.1631758 -0.04474875 -0.1564471 -2.826752 0.4864306 1.404587
30 0.1386825 -0.006931146 0.004727043 0.3438253 0.2339205 -0.7670875
31 0.07876897 1.806102E-05 -0.005639316 -0.7904215 -0.2702747 -0.1850785
32 0.130848 0.0002848966 0.00104755 -0.1499368 0.1674248 -0.6486268
33 0.1839588 0.0008644731 0.002803161 -0.01692941 0.1114392 -0.05498577
34 0.1270494 -0.04812993 0.1734443 -2.600231 1.161004 -1.508639
35 -0.1391794 -0.003426107 0.002318546 0.06337721 0.4965227 -0.4662753
36 -0.06898984 0 0 -0.3047768 -0.4980032 -0.4124501
37 -0.1247 0 0 -0.4234447 0.1922971 -0.251989
38 -0.1734369 0 0 0.2287182 -0.01841596 -0.2410686
39 0.1243179 0.1711765 0 -0.009540421 0.1753002 1.10784
40 0.1502504 0.1029305 -0.176686 -1.272002 1.255561 0.1691241
41 0.0984958 0.02850619 0.1872715 -1.428143 1.021498 -3.080986
42 0.1708579 0.009936064 0 -0.2143373 0.03650678 -0.2019224
43 0.0049 0 0 0 0 0
44 0.5171545 -0.2663316 0.2896972 2.442365 -0.9546615 -0.3279994
45 0.1972673 0 0 0.307272 0.3240507 -1.367363
46 0.05363192 -0.1692977 0 -0.2250468 3.72529E-08 -1.228345
47 0.0006023012 -0.03346459 -0.04911327 -0.0299896 0.01764797 -1.857961
48 0.000602576 -0.03346451 0.0491133 0.01859464 -0.1491986 -1.744738
49 0 -0.00544714 0 -2.162442 0.05889222 -1.556061
50 0.1349337 0.007935909 0.1169305 -0.3884245 -0.2073315 0.0009328533
51 0.06775701 0 0 0 0 0
52 0.07025615 0 0 0.05696874 0.2128095 -0.01129861
53 0.05538215 -0.1613821 0 -0.01709938 0.00564654 -1.513184
54 0.1349336 0.007935909 -0.116931 0.7026791 0.213697 0.05508238
55 0.067757 0 0 0 0 0
56 0.0702562 0 0 0.1305761 -0.2629802 0.03538002
57 0.0553822 -0.161382 0 0.06357618 -0.02569135 -1.567969
time 49
0 0 0 0 0 0 0
1 0.07092243 0.455409 -0.1500953 0.006333685 0.0360865 -0.06900357
2 0 0.002591992 0 -1.238023 0.1156556 1.630512
3 0.152 0 0 -0.1694785 -0.1214806 0.08551281
4 0.05880687 0.02725044 -0.08225372 2.110452 1.45735 0.5106468
5 0.1144182 0.0005082054 0.0002229364 -2.861926 -0.007290883 -1.057052
6 0.122 0 0 0 0 -1.196052
7 0.1347621 0 0 -0.7212724 0 0
8 0.1343401 0 0 0.1551772 -0.164657 -0.1624929
9 0.1197383 0 6.123017E-05 0.001594525 -0.005315066 -0.321986
10 0.04880161 0 0 0 0 -0.3511858
11 0.04874135 -0.0476583 0.06862446 1.368058 -0.5940105 -0.5512365
12 0.06127064 0 0 -0.03699043 0.1102664 -0.4408638
13 0.1028249 0 0 -0.1176855 -0.09469986 -0.01050035
14 0.05880699 0.02725041 0.0822537 -1.570795 1.371103 -0.03702443
15 -0.1009997 0 0 -1.71164 0.5479901 -0.5424001
16 -0.1219999 0 0 1.018397E-06 -2.772519E-06 -0.5877671
17 -0.1347622 0 0 -0.2691357 0 0
18 -0.1343399 0 0 1.204252 0.3864803 0.4380457
19 -0.1197386 0 -6.123033E-05 -0.001372244 -0.005376858 0.2012115
20 -0.04880161 0 0 0 0 -0.707715
21 -0.1889133 0.06475638 -0.0265498 -3.139415 -0.005103788 -0.4518085
22 -0.04874142 0.04765864 -0.06862451 1.787741 -0.276586 -0.7554917
23 -0.06127064 0 0 -0.06257772 0.2217633 -0.7094637
24 -0.1028246 0 0 -0.1176855 -0.09469986 -0.01050035
25 0.1304068 0.1682832 0 3.013205 -0.3214907 2.424994
26 0.08318153 0 0 0.1636326 -0.07337751 -0.05322335
27 0.1212126 0 0 0.1365509 -0.1390992 0.1383949
28 0.1593245 0 0 0.246898 -0.1961451 0.5816746
29 0.162669 -0.04471712 -0.15703 -2.828084 0.4882013 1.402338
30 0.1386825 -0.006931146 0.004727043 0.3438253 0.2339205 -0.7670875
31 0.07876897 1.806102E-05 -0.005639316 -0.7919152 -0.2729597 -0.1794555
32 0.130848 0.0002848966 0.00104755 -0.1504001 0.1646468 -0.6457211
33 0.1839588 0.0008644731 0.002803161 -0.01657213 0.1160077 -0.05758962
34 0.1270494 -0.04811605 0.1734533 -2.601559 1.159948 -1.512223
35 -0.1390813 -0.003036672 0.002115114 0.06337721 0.4965227 -0.4662753
36 -0.06898984 0 0 -0.3057892 -0.499795 -0.4136534
37 -0.1247 0 0 -0.4266664 0.1869145 -0.2525013
38 -0.1734369 0 0 0.2289326 -0.02554802 -0.2432542
39 0.1243179 0.1711765 0 -0.002433168 0.1753001 1.10784
40 0.1502504 0.1029305 -0.176686 -1.26696 1.262063 0.1745398
41 0.0984958 0.02850619 0.1872715 -1.429255 1.016254 -3.082309
42 0.1708579 0.009936064 0 -0.2138011 0.03518605 -0.190123
43 0.0049 0 0 0 0 0
44 0.5171545 -0.2663316 0.2896972 2.440405 -0.946692 -0.3245878
45 0.1972673 0 0 0.3102733 0.3267826 -1.352918
46 0.05363192 -0.1692977 0 -0.2209249 1.490116E-08 -1.228345
47 0.0006023012 -0.03346459 -0.04911327 -0.02998959 0.01850099 -1.857998
48 0.000602576 -0.03346451 0.0491133 0.01859462 -0.1482428 -1.744718
49 0 -0.00544714 0 -2.164136 0.05747651 -1.556453
50 0.1349337 0.007935909 0.1169305 -0.3863944 -0.2029242 0.001884281
51 0.06775701 0 0 0 0 0
52 0.07025615 0 0 0.05680297 0.2091693 -0.01179352
53 0.05538215 -0.1613821 0 -0.01709938 0.00564654 -1.513184
54 0.1349336 0.007935909 -0.116931 0.7042729 0.2168925 0.05864674
55 0.067757 0 0 0 0 0
56 0.0702562 0 0 0.1309487 -0.265578 0.03624226
57 0.0553822 -0.161382 0 0.06357618 -0.02569135 -1.567969
time 50
0 0 0 0 0 0 0
1 0.0712423 0.4559184 -0.1505868 0.006333808 0.03608737 -0.06655817
2 0 0.002591992 0 -1.236568 0.1155616 1.630107
3 0.152 0 0 -0.1694802 -0.1206908 0.08687054
4 0.05880687 0.02725044 -0.08225372 2.150826 1.464006 0.5507805
5 0.1144182 0.0005082054 0.0002229364 -2.861867 -0.007433192 -1.050723
6 0.122 0 0 0 0 -1.190219
7 0.1347621 0 0 -0.7212724 0 0
8 0.1343401 0 0 0.1582951 -0.1643101 -0.1817019
9 0.1197383 0 6.123017E-05 0.001594531 -0.005315079 -0.3387051
10 0.04880161 0 0 0 0 -0.372524
11 0.04874135 -0.0476583 0.06862446 1.372433 -0.5790934 -0.553924
12 0.06127064 0 0 -0.04299178 0.1102541 -0.4677764
13 0.1028249 0 0 -0.1176855 -0.09469986 -0.01050035
14 0.05880699 0.02725041 0.0822537 -1.570795 1.371103 -0.03702443
15 -0.1009997 0 0 -1.711926 0.5458977 -0.5436077
16 -0.1219999 0 0 1.018397E-06 -2.77252E-06 -0.5862574
17 -0.1347622 0 0 -0.2678906 0 0
18 -0.1343399 0 0 1.206174 0.3835277 0.4401037
19 -0.1197386 0 -6.123033E-05 -0.001372244 -0.005376858 0.2012115
20 -0.04880161 0 0 0 0 -0.707715
21 -0.1889133 0.06475638 -0.0265498 -3.139415 -0.005103788 -0.4518085
22 -0.04874142 0.04765864 -0.06862451 1.787741 -0.276586 -0.7554917
23 -0.06127064 0 0 -0.06257772 0.2217633 -0.7094637
24 -0.1028246 0 0 -0.1176855 -0.09469986 -0.01050035
25 0.1304068 0.1682832 0 3.014033 -0.3187595 2.422599
26 0.08318153 0 0 0.1673685 -0.07269783 -0.05556094
27 0.1212126 0 0 0.1385273 -0.1391001 0.1384292
28 0.1593245 0 0 0.2468981 -0.1961452 0.5882304
29 0.1621091 -0.04467117 -0.1576266 -2.829294 0.489759 1.400645
30 0.1386825 -0.006931146 0.004727043 0.3438253 0.2339205 -0.7670875
31 0.07876897 1.806102E-05 -0.005639316 -0.793644 -0.2753514 -0.1730788
32 0.130848 0.0002848966 0.00104755 -0.1509693 0.1616004 -0.6422516
33 0.1839588 0.0008644731 0.002803161 -0.01628379 0.1202619 -0.05956955
34 0.1270494 -0.04810261 0.1734622 -2.602902 1.159069 -1.515063
35 -0.1389844 -0.002663316 0.001917138 0.06337721 0.4965227 -0.4662753
36 -0.06898984 0 0 -0.3067406 -0.5014736 -0.4147848
37 -0.1247 0 0 -0.429675 0.1816168 -0.2529377
38 -0.1734369 0 0 0.2291387 -0.03278805 -0.2453442
39 0.1243179 0.1711765 0 0.004773501 0.1753002 1.107841
40 0.1502504 0.1029305 -0.176686 -1.261573 1.268653 0.1802126
41 0.0984958 0.02850619 0.1872715 -1.430374 1.010934 -3.083642
42 0.1708579 0.009936064 0 -0.2131332 0.03338799 -0.1779108
43 0.0049 0 0 0 0 0
44 0.5171545 -0.2663316 0.2896972 2.43809 -0.9377235 -0.320497
45 0.1972673 0 0 0.3128956 0.3298142 -1.340585
46 0.05363192 -0.1692977 0 -0.2166843 -7.450581E-09 -1.228345
47 0.0006023012 -0.03346459 -0.04911327 -0.02998959 0.01966104 -1.858036
48 0.000602576 -0.03346451 0.0491133 0.01859461 -0.1470202 -1.744697
49 0 -0.00544714 0 -2.165721 0.05614748 -1.556823
50 0.1349337 0.007935909 0.1169305 -0.38435 -0.1983321 0.002936728
51 0.06775701 0 0 0 0 0
52 0.07025615 0 0 0.0564956 0.2055333 -0.01234931
53 0.05538215 -0.1613821 0 -0.01709938 0.00564654 -1.513184
54 0.1349336 0.007935909 -0.116931 0.7058452 0.220297 0.0621485
55 0.067757 0 0 0 0 0
56 0.0702562 0 0 0.1312403 -0.2681757 0.03720436
57 0.0553822 -0.161382 0 0.06357618 -0.02569135 -1.567969
time 51
0 0 0 0 0 0 0
1 0.07154217 0.4564065 -0.1510678 0.006333922 0.03608818 -0.06400476
2 0 0.002591992 0 -1.23528 0.1146601 1.629725
3 0.152 0 0 -0.1694792 -0.1199504 0.08798393
4 0.05880687 0.02725044 -0.08225372 2.198977 1.470725 0.5986788
5 0.1144182 0.0005082054 0.0002229364 -2.862307 -0.008082075 -1.042472
6 0.122 0 0 0 0 -1.181352
7 0.1347621 0 0 -0.7212724 0 0
8 0.1343401 0 0 0.1612235 -0.1639668 -0.1996097
9 0.1197383 0 6.123017E-05 0.001594523 -0.005315064 -0.354296
10 0.04880161 0 0 0 0 -0.3924097
11 0.04874135 -0.0476583 0.06862446 1.37649 -0.5651819 -0.5563924
12 0.06127064 0 0 -0.04860343 0.1101966 -0.4928289
13 0.1028249 0 0 -0.1176855 -0.09469986 -0.01050035
14 0.05880699 0.02725041 0.0822537 -1.570795 1.371103 -0.03702443
15 -0.1009997 0 0 -1.712912 0.5441565 -0.5449058
16 -0.1219999 0 0 1.018395E-06 -2.772517E-06 -0.5861852
17 -0.1347622 0 0 -0.2667276 0 0
18 -0.1343399 0 0 1.208081 0.3805759 0.4425494
19 -0.1197386 0 -6.123033E-05 -0.001372244 -0.005376858 0.2012115
20 -0.04880161 0 0 0 0 -0.707715
21 -0.1889133 0.06475638 -0.0265498 -3.139415 -0.005103788 -0.4518085
22 -0.04874142 0.04765864 -0.06862451 1.787741 -0.276586 -0.7554917
23 -0.06127064 0 0 -0.06257772 0.2217633 -0.7094637
24 -0.1028246 0 0 -0.1176855 -0.09469986 -0.01050035
25 0.1304068 0.1682832 0 3.014722 -0.3163612 2.421278
26 0.08318153 0 0 0.1708239 -0.07206215 -0.05773112
27 0.1212126 0 0 0.1403593 -0.139099 0.1384609
28 0.1593245 0 0 0.246898 -0.196145 0.5942951
29 0.1615553 -0.04461255 -0.1582308 -2.83031 0.4910911 1.400067
30 0.1386825 -0.006931146 0.004727043 0.3438253 0.2339205 -0.7670875
31 0.07876897 1.806102E-05 -0.005639316 -0.79557 -0.2774898 -0.1660552
32 0.130848 0.0002848966 0.00104755 -0.1516497 0.1582959 -0.6382912
33 0.1839588 0.0008644731 0.002803161 -0.01607181 0.1241753 -0.06084126
34 0.1270494 -0.04808962 0.173471 -2.604268 1.158378 -1.517063
35 -0.1388888 -0.002307637 0.001725248 0.06337721 0.4965227 -0.4662753
36 -0.06898984 0 0 -0.3076267 -0.50303 -0.4158387
37 -0.1247 0 0 -0.432457 0.1764156 -0.253294
38 -0.1734369 0 0 0.2293399 -0.04011868 -0.2473368
39 0.1243179 0.1711765 0 0.01206268 0.1753002 1.10784
40 0.1502504 0.1029305 -0.176686 -1.255839 1.275314 0.1861901
41 0.0984958 0.02850619 0.1872715 -1.431494 1.005549 -3.084979
42 0.1708579 0.009936064 0 -0.2123477 0.03111672 -0.1650251
43 0.0049 0 0 0 0 0
44 0.5171545 -0.2663316 0.2896972 2.435529 -0.9278916 -0.3159138
45 0.1972673 0 0 0.3150856 0.3332292 -1.330744
46 0.05363192 -0.1692977 0 -0.2123362 -1.490116E-08 -1.228345
47 0.0006023012 -0.03346459 -0.04911327 -0.02998959 0.02113732 -1.858078
48 0.000602576 -0.03346451 0.0491133 0.01859462 -0.1455409 -1.744676
49 0 -0.00544714 0 -2.167192 0.05490931 -1.557171
50 0.1349337 0.007935909 0.1169305 -0.3822965 -0.1935717 0.004091872
51 0.06775701 0 0 0 0 0
52 0.07025615 0 0 0.05604839 0.201903 -0.01296276
53 0.05538215 -0.1613821 0 -0.01709938 0.00564654 -1.513184
54 0.1349336 0.007935909 -0.116931 0.7073939 0.2239065 0.06557788
55 0.067757 0 0 0 0 0
56 0.0702562 0 0 0.1314455 -0.2707628 0.03826608
57 0.0553822 -0.161382 0 0.06357618 -0.02569135 -1.567969
time 52
0 0 0 0 0 0 0
1 0.07182102 0.4568695 -0.1515376 0.006333706 0.0360867 -0.0613468
2 0 0.002591992 0 -1.234153 0.1126145 1.629368
3 0.152 0 0 -0.1694788 -0.1192639 0.0888308
4 0.05880687 0.02725044 -0.08225372 2.255623 1.477368 0.6550648
5 0.1144182 0.0005082054 0.0002229364 -2.86348 -0.009291127 -1.032226
6 0.122 0 0 0 0 -1.169221
7 0.1347621 0 0 -0.7212724 0 0
8 0.1343401 0 0 0.1639032 -0.1636283 -0.2158496
9 0.1197383 0 6.123017E-05 0.001594528 -0.005315072 -0.3684354
10 0.04880161 0 0 0 0 -0.4104288
11 0.04874135 -0.0476583 0.06862446 1.380146 -0.5525677 -0.5585916
12 0.06127064 0 0 -0.0537104 0.1101098 -0.5154892
13 0.1028249 0 0 -0.1176855 -0.09469986 -0.01050035
14 0.05880699 0.02725041 0.0822537 -1.570795 1.371103 -0.03702443
15 -0.1009997 0 0 -1.714878 0.5427881 -0.5463071
16 -0.1219999 0 0 1.018397E-06 -2.77252E-06 -0.5876486
17 -0.1347622 0 0 -0.2656578 0 0
18 -0.1343399 0 0 1.209972 0.3776386 0.4451395
19 -0.1197386 0 -6.123033E-05 -0.001372244 -0.005376858 0.2012115
20 -0.04880161 0 0 0 0 -0.707715
21 -0.1889133 0.06475638 -0.0265498 -3.139415 -0.005103788 -0.4518085
22 -0.04874142 0.04765864 -0.06862451 1.787741 -0.276586 -0.7554917
23 -0.06127064 0 0 -0.06257772 0.2217633 -0.7094637
24 -0.1028246 0 0 -0.1176855 -0.09469986 -0.01050035
25 0.1304068 0.1682832 0 3.015264 -0.3143154 2.421409
26 0.08318153 0 0 0.1739807 -0.07147089 -0.05972391
27 0.1212126 0 0 0.1420432 -0.1390998 0.1384933
28 0.1593245 0 0 0.2468981 -0.1961452 0.5998466
29 0.1610114 -0.04454293 -0.1588366 -2.831083 0.4921845 1.401055
30 0.1386825 -0.006931146 0.004727043 0.3438253 0.2339205 -0.7670875
31 0.07876897 1.806102E-05 -0.005639316 -0.7976527 -0.2794142 -0.1584914
32 0.130848 0.0002848966 0.00104755 -0.1524482 0.1547447 -0.6339191
33 0.1839588 0.0008644731 0.002803161 -0.01594746 0.1277456 -0.06133268
34 0.1270494 -0.04807709 0.1734796 -2.605695 1.157887 -1.518126
35 -0.1387948 -0.001971234 0.00154008 0.06337721 0.4965227 -0.4662753
36 -0.06898984 0 0 -0.3084451 -0.5044607 -0.4168127
37 -0.1247 0 0 -0.435004 0.1713241 -0.2535693
38 -0.1734369 0 0 0.2295299 -0.04752231 -0.2491052
39 0.1243179 0.1711765 0 0.01941757 0.1753001 1.10784
40 0.1502504 0.1029305 -0.176686 -1.24976 1.282031 0.1925568
41 0.0984958 0.02850619 0.1872715 -1.432616 1.000113 -3.08632
42 0.1708579 0.009936064 0 -0.2114441 0.02837528 -0.1516186
43 0.0049 0 0 0 0 0
44 0.5171545 -0.2663316 0.2896972 2.432828 -0.9173321 -0.3110258
45 0.1972673 0 0 0.3167897 0.3371114 -1.323778
46 0.05363192 -0.1692977 0 -0.2078915 0 -1.228345
47 0.0006023012 -0.03346459 -0.04911327 -0.02998959 0.02293904 -1.858124
48 0.000602576 -0.03346451 0.0491133 0.01859464 -0.1438151 -1.744653
49 0 -0.00544714 0 -2.168545 0.05376682 -1.557495
50 0.1349337 0.007935909 0.1169305 -0.3802385 -0.1886596 0.005351282
51 0.06775701 0 0 0 0 0
52 0.07025615 0 0 0.05546637 0.1982918 -0.01363092
53 0.05538215 -0.1613821 0 -0.01709938 0.00564654 -1.513184
54 0.1349336 0.007935909 -0.116931 0.7089127 0.2277156 0.0689242
55 0.067757 0 0 0 0 0
56 0.0702562 0 0 0.1315622 -0.2733362 0.03942772
57 0.0553822 -0.161382 0 0.06357618 -0.02569135 -1.567969
time 53
0 0 0 0 0 0 0
1 0.0720778 0.4573037 -0.1519955 0.006333834 0.03608766 -0.05859959
2 0 0.002591992 0 -1.233187 0.1095993 1.629037
3 0.152 0 0 -0.1694793 -0.1186343 0.08938731
4 0.05880687 0.02725044 -0.08225372 2.321481 1.483792 0.7206621
5 0.1144182 0.0005082054 0.0002229364 -2.865371 -0.01111358 -1.020206
6 0.122 0 0 0 0 -1.153592
7 0.1347621 0 0 -0.7212724 0 0
8 0.1343401 0 0 0.1662778 -0.1632978 -0.2300577
9 0.1197383 0 6.123017E-05 0.001594529 -0.005315076 -0.3807948
10 0.04880161 0 0 0 0 -0.4261685
11 0.04874135 -0.0476583 0.06862446 1.383322 -0.5415423 -0.5604733
12 0.06127064 0 0 -0.05819771 0.1100093 -0.535225
13 0.1028249 0 0 -0.1176855 -0.09469986 -0.01050035
14 0.05880699 0.02725041 0.0822537 -1.570795 1.371103 -0.03702443
15 -0.1009997 0 0 -1.717762 0.5418141 -0.5479746
16 -0.1219999 0 0 1.018395E-06 -2.772517E-06 -0.5905406
17 -0.1347622 0 0 -0.2646829 0 0
18 -0.1343399 0 0 1.211847 0.3747289 0.4477045
19 -0.1197386 0 -6.123033E-05 -0.001372244 -0.005376858 0.2012115
20 -0.04880161 0 0 0 0 -0.707715
21 -0.1889133 0.06475638 -0.0265498 -3.139415 -0.005103788 -0.4518085
22 -0.04874142 0.04765864 -0.06862451 1.787741 -0.276586 -0.7554917
23 -0.06127064 0 0 -0.06257772 0.2217633 -0.7094637
24 -0.1028246 0 0 -0.1176855 -0.09469986 -0.01050035
25 0.1304068 0.1682832 0 3.015651 -0.3126411 2.422944
26 0.08318153 0 0 0.1768257 -0.07092668 -0.06153124
27 0.1212126 0 0 0.1435688 -0.139099 0.1385233
28 0.1593245 0 0 0.2468981 -0.1961453 0.6048605
29 0.160481 -0.04446397 -0.1594378 -2.831636 0.493027 1.403492
30 0.1386825 -0.006931146 0.004727043 0.3438253 0.2339205 -0.7670875
31 0.07876897 1.806102E-05 -0.005639316 -0.7998529 -0.2811642 -0.1504945
32 0.130848 0.0002848966 0.00104755 -0.1533705 0.1509575 -0.6292099
33 0.1839588 0.0008644731 0.002803161 -0.01591871 0.13095 -0.06096129
34 0.1270494 -0.04806501 0.1734881 -2.607245 1.157607 -1.518153
35 -0.1387025 -0.0016557 0.001362267 0.06337721 0.4965227 -0.4662753
36 -0.06898984 0 0 -0.3091922 -0.5057585 -0.4177022
37 -0.1247 0 0 -0.437302 0.1663538 -0.2537591
38 -0.1734369 0 0 0.2297121 -0.05498159 -0.2506872
39 0.1243179 0.1711765 0 0.02682133 0.1753001 1.10784
40 0.1502504 0.1029305 -0.176686 -1.243335 1.288787 0.1993078
41 0.0984958 0.02850619 0.1872715 -1.433736 0.9946393 -3.08766
42 0.1708579 0.009936064 0 -0.2104289 0.02516729 -0.1378498
43 0.0049 0 0 0 0 0
44 0.5171545 -0.2663316 0.2896972 2.430096 -0.9061799 -0.30602
45 0.1972673 0 0 0.3179547 0.3415444 -1.320067
46 0.05363192 -0.1692977 0 -0.203361 4.470348E-08 -1.228345
47 0.0006023012 -0.03346459 -0.04911327 -0.02998959 0.02507544 -1.858171
48 0.000602576 -0.03346451 0.0491133 0.01859463 -0.141853 -1.744628
49 0 -0.00544714 0 -2.169773 0.05272489 -1.557796
50 0.1349337 0.007935909 0.1169305 -0.3781796 -0.1836116 0.00671645
51 0.06775701 0 0 0 0 0
52 0.07025615 0 0 0.05475672 0.1947208 -0.01435125
53 0.05538215 -0.1613821 0 -0.01709938 0.00564654 -1.513184
54 0.1349336 0.007935909 -0.116931 0.7104022 0.2317206 0.07217812
55 0.067757 0 0 0 0 0
56 0.0702562 0 0 0.1315884 -0.2758935 0.0406896
57 0.0553822 -0.161382 0 0.06357618 -0.02569135 -1.567969
time 54
0 0 0 0 0 0 0
1 0.07231148 0.4577053 -0.1524409 0.006333845 0.03608782 -0.05576488
2 0 0.002591992 0 -1.23238 0.105789 1.628732
3 0.152 0 0 -0.1694809 -0.1180642 0.08962981
4 0.05880687 0.02725044 -0.08225372 2.397275 1.489848 0.796199
5 0.1144182 0.0005082054 0.0002229364 -2.867968 -0.01360316 -1.006851
6 0.122 0 0 0 0 -1.134576
7 0.1347621 0 0 -0.7212724 0 0
8 0.1343401 0 0 0.1682882 -0.1629767 -0.2418671
9 0.1197383 0 6.123017E-05 0.00159453 -0.005315077 -0.3910477
10 0.04880161 0 0 0 0 -0.4392151
11 0.04874135 -0.0476583 0.06862446 1.385933 -0.5323974 -0.5619866
12 0.06127064 0 0 -0.06195018 0.1099107 -0.5515032
13 0.1028249 0 0 -0.1176855 -0.09469986 -0.01050035
14 0.05880699 0.02725041 0.0822537 -1.570795 1.371103 -0.03702443
15 -0.1009997 0 0 -1.721504 0.5412558 -0.5500656
16 -0.1219999 0 0 1.018397E-06 -2.772519E-06 -0.5947248
17 -0.1347622 0 0 -0.2638115 0 0
18 -0.1343399 0 0 1.213704 0.3718605 0.4503702
19 -0.1197386 0 -6.123033E-05 -0.001372244 -0.005376858 0.2012115
20 -0.04880161 0 0 0 0 -0.707715
21 -0.1889133 0.06475638 -0.0265498 -3.139415 -0.005103788 -0.4518085
22 -0.04874142 0.04765864 -0.06862451 1.787741 -0.276586 -0.7554917
23 -0.06127064 0 0 -0.06257772 0.2217633 -0.7094637
24 -0.1028246 0 0 -0.1176855 -0.09469986 -0.01050035
25 0.1304068 0.1682832 0 3.015878 -0.311358 2.425836
26 0.08318153 0 0 0.1793398 -0.07042988 -0.06314272
27 0.1212126 0 0 0.1449322 -0.1391003 0.1385541
28 0.1593245 0 0 0.2468981 -0.1961451 0.609313
29 0.1599679 -0.04437732 -0.1600284 -2.831995 0.4936047 1.407261
30 0.1386825 -0.006931146 0.004727043 0.3438253 0.2339205 -0.7670875
31 0.07876897 1.806102E-05 -0.005639316 -0.8021329 -0.2827803 -0.1421714
32 0.130848 0.0002848966 0.00104755 -0.1544229 0.1469451 -0.6242405
33 0.1839588 0.0008644731 0.002803161 -0.01599336 0.1337643 -0.05964413
34 0.1270494 -0.04805338 0.1734963 -2.608844 1.15755 -1.517048
35 -0.1386122 -0.001362635 0.001192444 0.06337721 0.4965227 -0.4662753
36 -0.06898984 0 0 -0.3098648 -0.5069177 -0.4185038
37 -0.1247 0 0 -0.4393412 0.1615176 -0.2538617
38 -0.1734369 0 0 0.2298863 -0.06247922 -0.2520863
39 0.1243179 0.1711765 0 0.0342572 0.1753002 1.10784
40 0.1502504 0.1029305 -0.176686 -1.236564 1.295567 0.2064354
41 0.0984958 0.02850619 0.1872715 -1.434852 0.9891399 -3.088999
42 0.1708579 0.009936064 0 -0.209306 0.02149617 -0.1238754
43 0.0049 0 0 0 0 0
44 0.5171545 -0.2663316 0.2896972 2.42744 -0.8945711 -0.301084
45 0.1972673 0 0 0.3185272 0.3466118 -1.319634
46 0.05363192 -0.1692977 0 -0.1987559 2.235174E-08 -1.228345
47 0.0006023012 -0.03346459 -0.04911327 -0.02998959 0.0274883 -1.858222
48 0.000602576 -0.03346451 0.0491133 0.01859464 -0.1396648 -1.744604
49 0 -0.00544714 0 -2.17087 0.05178784 -1.55807
50 0.1349337 0.007935909 0.1169305 -0.3761262 -0.178445 0.008166852
51 0.06775701 0 0 0 0 0
52 0.07025615 0 0 0.05392273 0.1911972 -0.01512063
53 0.05538215 -0.1613821 0 -0.01709938 0.00564654 -1.513184
54 0.1349336 0.007935909 -0.116931 0.7118571 0.2359166 0.07532925
55 0.067757 0 0 0 0 0
56 0.0702562 0 0 0.1315193 -0.2784251 0.04205152
57 0.0553822 -0.161382 0 0.06357618 -0.02569135 -1.567969
time 55
0 0 0 0 0 0 0
1 0.07252102 0.4580703 -0.1528731 0.006333219 0.03608352 -0.05284474
2 0 0.002591992 0 -1.231727 0.1013577 1.628456
3 0.152 0 0 -0.1694787 -0.1175533 0.08953149
4 0.05880687 0.02725044 -0.08225372 2.483764 1.495396 0.8824358
5 0.1144182 0.0005082054 0.0002229364 -2.871259 -0.01681311 -0.9924278
6 0.122 0 0 0 0 -1.112689
7 0.1347621 0 0 -0.7212724 0 0
8 0.1343401 0 0 0.1698799 -0.16267 -0.2509165
9 0.1197383 0 6.123017E-05 0.001594526 -0.005315069 -0.398867
10 0.04880161 0 0 0 0 -0.4491552
11 0.04874135 -0.0476583 0.06862446 1.3879 -0.5254248 -0.5630827
12 0.06127064 0 0 -0.06485261 0.1098296 -0.5637902
13 0.1028249 0 0 -0.1176855 -0.09469986 -0.01050035
14 0.05880699 0.02725041 0.0822537 -1.570795 1.371103 -0.03702443
15 -0.1009997 0 0 -1.726042 0.5407198 -0.5525306
16 -0.1219999 0 0 1.018395E-06 -2.772517E-06 -0.6002406
17 -0.1347622 0 0 -0.2630536 0 0
18 -0.1343399 0 0 1.215543 0.3690467 0.4532624
19 -0.1197386 0 -6.123033E-05 -0.001372244 -0.005376858 0.2012115
20 -0.04880161 0 0 0 0 -0.707715
21 -0.1889133 0.06475638 -0.0265498 -3.139415 -0.005103788 -0.4518085
22 -0.04874142 0.04765864 -0.06862451 1.787741 -0.276586 -0.7554917
23 -0.06127064 0 0 -0.06257772 0.2217633 -0.7094637
24 -0.1028246 0 0 -0.1176855 -0.09469986 -0.01050035
25 0.1304068 0.1682832 0 3.015936 -0.3104856 2.430037
26 0.08318153 0 0 0.1814652 -0.06998702 -0.06455461
27 0.1212126 0 0 0.1461236 -0.1391005 0.1385829
28 0.1593245 0 0 0.2468982 -0.1961453 0.6131826
29 0.1594758 -0.04428466 -0.1606023 -2.832182 0.4939059 1.412243
30 0.1386825 -0.006931146 0.004727043 0.3438253 0.2339205 -0.7670875
31 0.07876897 1.806102E-05 -0.005639316 -0.8044516 -0.2843012 -0.1336288
32 0.130848 0.0002848966 0.00104755 -0.1556117 0.1427185 -0.6190869
33 0.1839588 0.0008644731 0.002803161 -0.0161815 0.1361795 -0.05702487
34 0.1270494 -0.0480422 0.1735044 -2.610411 1.157728 -1.514712
35 -0.1385239 -0.001093637 0.001031242 0.06337721 0.4965227 -0.4662753
36 -0.06898984 0 0 -0.3104595 -0.5079322 -0.4192131
37 -0.1247 0 0 -0.4411118 0.1568281 -0.253875
38 -0.1734369 0 0 0.2300495 -0.0699974 -0.2533028
39 0.1243179 0.1711765 0 0.04170826 0.1753002 1.10784
40 0.1502504 0.1029305 -0.176686 -1.229448 1.302354 0.2139347
41 0.0984958 0.02850619 0.1872715 -1.435963 0.9836279 -3.090332
42 0.1708579 0.009936064 0 -0.2080799 0.01736536 -0.1098527
43 0.0049 0 0 0 0 0
44 0.5171545 -0.2663316 0.2896972 2.424968 -0.8826405 -0.2964046
45 0.1972673 0 0 0.3184539 0.3523974 -1.322029
46 0.05363192 -0.1692977 0 -0.194087 7.450581E-09 -1.228345
47 0.0006023012 -0.03346459 -0.04911327 -0.02998959 0.03012449 -1.858275
48 0.000602576 -0.03346451 0.0491133 0.01859464 -0.1372608 -1.744578
49 0 -0.00544714 0 -2.17183 0.0509603 -1.558318
50 0.1349337 0.007935909 0.1169305 -0.3740818 -0.1731755 0.009660008
51 0.06775701 0 0 0 0 0
52 0.07025615 0 0 0.05296757 0.1877275 -0.0159358
53 0.05538215 -0.1613821 0 -0.01709938 0.00564654 -1.513184
54 0.1349336 0.007935909 -0.116931 0.7132778 0.2402999 0.07836824
55 0.067757 0 0 0 0 0
56 0.0702562 0 0 0.1313538 -0.2809306 0.04351398
57 0.0553822 -0.161382 0 0.06357618 -0.02569135 -1.567969
time 56
0 0 0 0 0 0 0
1 0.07270541 0.4583952 -0.1532915 0.006333301 0.03608406 -0.04986022
2 0 0.002591992 0 -1.231226 0.09647989 1.628209
3 0.152 0 0 -0.1694794 -0.1171082 0.08862671
4 0.05880687 0.02725044 -0.08225372 2.578225 1.500296 0.9766565
5 0.1144182 0.0005082054 0.0002229364 -2.875232 -0.02079696 -0.9772028
6 0.122 0 0 0 0 -1.088311
7 0.1347621 0 0 -0.7212724 0 0
8 0.1343401 0 0 0.1709928 -0.1624069 -0.2568378
9 0.1197383 0 6.123017E-05 0.001594532 -0.005315081 -0.4039284
10 0.04880161 0 0 0 0 -0.4555749
11 0.04874135 -0.0476583 0.06862446 1.389139 -0.5209165 -0.5637115
12 0.06127064 0 0 -0.06679001 0.1097815 -0.5715538
13 0.1028249 0 0 -0.1176855 -0.09469986 -0.01050035
14 0.05880699 0.02725041 0.0822537 -1.570795 1.371103 -0.03702443
15 -0.1009997 0 0 -1.731315 0.5398981 -0.5553205
16 -0.1219999 0 0 1.018397E-06 -2.77252E-06 -0.6071322
17 -0.1347622 0 0 -0.262412 0 0
18 -0.1343399 0 0 1.217363 0.366301 0.4565076
19 -0.1197386 0 -6.123033E-05 -0.001372244 -0.005376858 0.2012115
20 -0.04880161 0 0 0 0 -0.707715
21 -0.1889133 0.06475638 -0.0265498 -3.139415 -0.005103788 -0.4518085
22 -0.04874142 0.04765864 -0.06862451 1.787741 -0.276586 -0.7554917
23 -0.06127064 0 0 -0.06257772 0.2217633 -0.7094637
24 -0.1028246 0 0 -0.1176855 -0.09469986 -0.01050035
25 0.1304068 0.1682832 0 3.015818 -0.3100429 2.435499
26 0.08318153 0 0 0.1831324 -0.06959464 -0.06575218
27 0.1212126 0 0 0.1471362 -0.1391004 0.1386103
28 0.1593245 0 0 0.2468981 -0.1961451 0.6164437
29 0.1590084 -0.04418763 -0.1611535 -2.832225 0.493917 1.418322
30 0.1386825 -0.006931146 0.004727043 0.3438253 0.2339205 -0.7670875
31 0.07876897 1.806102E-05 -0.005639316 -0.8067715 -0.2857673 -0.1249736
32 0.130848 0.0002848966 0.00104755 -0.156864 0.1382884 -0.613824
33 0.1839588 0.0008644731 0.002803161 -0.01649108 0.1381719 -0.05291216
34 0.1270494 -0.04803148 0.1735123 -2.611875 1.158151 -1.511048
35 -0.138438 -0.0008503003 0.0008792956 0.06337721 0.4965227 -0.4662753
36 -0.06898984 0 0 -0.3109729 -0.5087951 -0.4198263
37 -0.1247 0 0 -0.4426038 0.1522979 -0.2537972
38 -0.1734369 0 0 0.2302016 -0.07751865 -0.2543399
39 0.1243179 0.1711765 0 0.04915769 0.1753002 1.10784
40 0.1502504 0.1029305 -0.176686 -1.221985 1.309133 0.2217984
41 0.0984958 0.02850619 0.1872715 -1.437065 0.9781159 -3.091657
42 0.1708579 0.009936064 0 -0.2067557 0.01277845 -0.09593921
43 0.0049 0 0 0 0 0
44 0.5171545 -0.2663316 0.2896972 2.422788 -0.8705242 -0.2921689
45 0.1972673 0 0 0.3177987 0.358717 -1.326915
46 0.05363192 -0.1692977 0 -0.1893652 7.450581E-09 -1.228345
47 0.0006023012 -0.03346459 -0.04911327 -0.02998959 0.03297334 -1.858331
48 0.000602576 -0.03346451 0.0491133 0.01859463 -0.1346511 -1.744551
49 0 -0.00544714 0 -2.172648 0.05024691 -1.558538
50 0.1349337 0.007935909 0.1169305 -0.3720517 -0.16782 0.0111911
51 0.06775701 0 0 0 0 0
52 0.07025615 0 0 0.05189863 0.1843337 -0.01679437
53 0.05538215 -0.1613821 0 -0.01709938 0.00564654 -1.513184
54 0.1349336 0.007935909 -0.116931 0.7146583 0.2448654 0.08128439
55 0.067757 0 0 0 0 0
56 0.0702562 0 0 0.131088 -0.2834028 0.04507696
57 0.0553822 -0.161382 0 0.06357618 -0.02569135 -1.567969
time 57
0 0 0 0 0 0 0
1 0.0728636 0.458676 -0.1536954 0.006333517 0.03608549 -0.04681228
2 0 0.002591992 0 -1.230876 0.09132971 1.627993
3 0.152 0 0 -0.1694796 -0.1167296 0.08657619
4 0.05880687 0.02725044 -0.08225372 2.676163 1.504404 1.074371
5 0.1144182 0.0005082054 0.0002229364 -2.879872 -0.02560809 -0.9614421
6 0.122 0 0 0 0 -1.061819
7 0.1347621 0 0 -0.7212724 0 0
8 0.1343401 0 0 0.1715719 -0.1622171 -0.2592692
9 0.1197383 0 6.123017E-05 0.001594532 -0.00531508 -0.4059026
10 0.04880161 0 0 0 0 -0.4580604
11 0.04874135 -0.0476583 0.06862446 1.389571 -0.5191635 -0.563861
12 0.06127064 0 0 -0.06764749 0.1097824 -0.574262
13 0.1028249 0 0 -0.1176855 -0.09469986 -0.01050035
14 0.05880699 0.02725041 0.0822537 -1.570795 1.371103 -0.03702443
15 -0.1009997 0 0 -1.737262 0.5389404 -0.5583861
16 -0.1219999 0 0 1.018397E-06 -2.772519E-06 -0.6154394
17 -0.1347622 0 0 -0.2618976 0 0
18 -0.1343399 0 0 1.219162 0.3636367 0.4602309
19 -0.1197386 0 -6.123033E-05 -0.001372244 -0.005376858 0.2012115
20 -0.04880161 0 0 0 0 -0.707715
21 -0.1889133 0.06475638 -0.0265498 -3.139415 -0.005103788 -0.4518085
22 -0.04874142 0.04765864 -0.06862451 1.787741 -0.276586 -0.7554917
23 -0.06127064 0 0 -0.06257772 0.2217633 -0.7094637
24 -0.1028246 0 0 -0.1176855 -0.09469986 -0.01050035
25 0.1304068 0.1682832 0 3.015517 -0.3100495 2.442176
26 0.08318153 0 0 0.1843643 -0.06925885 -0.06673133
27 0.1212126 0 0 0.1479637 -0.1391006 0.1386367
28 0.1593245 0 0 0.2468982 -0.1961454 0.6190751
29 0.1585695 -0.04408791 -0.1616758 -2.832146 0.4936256 1.425379
30 0.1386825 -0.006931146 0.004727043 0.3438253 0.2339205 -0.7670875
31 0.07876897 1.806102E-05 -0.005639316 -0.8090532 -0.2872185 -0.1163988
32 0.130848 0.0002848966 0.00104755 -0.1580383 0.1336661 -0.6085313
33 0.1839588 0.0008644731 0.002803161 -0.01693232 0.1397337 -0.04748775
34 0.1270494 -0.0480212 0.17352 -2.613154 1.158831 -1.505958
35 -0.1383545 -0.0006342242 0.0007372391 0.06337721 0.4965227 -0.4662753
36 -0.06898984 0 0 -0.3114017 -0.5095012 -0.4203394
37 -0.1247 0 0 -0.4438038 0.1479389 -0.2536242
38 -0.1734369 0 0 0.2303451 -0.08502607 -0.2552041
39 0.1243179 0.1711765 0 0.05658865 0.1753002 1.10784
40 0.1502504 0.1029305 -0.176686 -1.214178 1.315886 0.2300215
41 0.0984958 0.02850619 0.1872715 -1.438156 0.9726171 -3.092972
42 0.1708579 0.009936064 0 -0.2053416 0.007738942 -0.08229394
43 0.0049 0 0 0 0 0
44 0.5171545 -0.2663316 0.2896972 2.421007 -0.8583575 -0.2885647
45 0.1972673 0 0 0.3166569 0.3652592 -1.33396
46 0.05363192 -0.1692977 0 -0.1846016 1.490116E-08 -1.228345
47 0.0006023012 -0.03346459 -0.04911327 -0.02998959 0.03602424 -1.858389
48 0.000602576 -0.03346451 0.0491133 0.01859463 -0.1318459 -1.744523
49 0 -0.00544714 0 -2.173319 0.04965208 -1.558729
50 0.1349337 0.007935909 0.1169305 -0.3700412 -0.1623951 0.01275518
51 0.06775701 0 0 0 0 0
52 0.07025615 0 0 0.05072043 0.1810271 -0.01769342
53 0.05538215 -0.1613821 0 -0.01709938 0.00564654 -1.513184
54 0.1349336 0.007935909 -0.116931 0.7159976 0.2496092 0.08406823
55 0.067757 0 0 0 0 0
56 0.0702562 0 0 0.1307197 -0.2858384 0.04674073
57 0.0553822 -0.161382 0 0.06357618 -0.02569135 -1.567969
time 58
0 0 0 0 0 0 0
1 0.07299455 0.458909 -0.1540841 0.006333583 0.03608596 -0.04370565
2 0 0.002591992 0 -1.230673 0.08608189 1.627808
3 0.152 0 0 -0.169479 -0.1164199 0.08355442
4 0.05880687 0.02725044 -0.08225372 2.773072 1.507571 1.171079
5 0.1144182 0.0005082054 0.0002229364 -2.885169 -0.03101296 -0.9454113
6 0.122 0 0 0 0 -1.033592
7 0.1347621 0 0 -0.7212724 0 0
8 0.1343401 0 0 0.1715582 -0.1620951 -0.2589493
9 0.1197383 0 6.123017E-05 0.001594532 -0.005315081 -0.4044641
10 0.04880161 0 0 0 0 -0.4561995
11 0.04874135 -0.0476583 0.06862446 1.38914 -0.5204583 -0.5635171
12 0.06127064 0 0 -0.06730948 0.1098099 -0.5715555
13 0.1028249 0 0 -0.1176855 -0.09469986 -0.01050035
14 0.05880699 0.02725041 0.0822537 -1.570795 1.371103 -0.03702443
15 -0.1009997 0 0 -1.743822 0.5379959 -0.5616775
16 -0.1219999 0 0 1.018396E-06 -2.772519E-06 -0.6252051
17 -0.1347622 0 0 -0.2615148 0 0
18 -0.1343399 0 0 1.220941 0.3610674 0.464559
19 -0.1197386 0 -6.123033E-05 -0.001372244 -0.005376858 0.2012115
20 -0.04880161 0 0 0 0 -0.707715
21 -0.1889133 0.06475638 -0.0265498 -3.139415 -0.005103788 -0.4518085
22 -0.04874142 0.04765864 -0.06862451 1.787741 -0.276586 -0.7554917
23 -0.06127064 0 0 -0.06257772 0.2217633 -0.7094637
24 -0.1028246 0 0 -0.1176855 -0.09469986 -0.01050035
25 0.1304068 0.1682832 0 3.015027 -0.3103473 2.450019
26 0.08318153 0 0 0.1851686 -0.06898046 -0.06748205
27 0.1212126 0 0 0.1485981 -0.1391003 0.1386614
28 0.1593245 0 0 0.2468981 -0.1961451 0.6210513
29 0.1581627 -0.04398715 -0.1621631 -2.83197 0.4930185 1.433298
30 0.1386825 -0.006931146 0.004727043 0.3438253 0.2339205 -0.7670875
31 0.07876897 1.806102E-05 -0.005639316 -0.8112574 -0.288694 -0.1081337
32 0.130848 0.0002848966 0.00104755 -0.1591298 0.1288621 -0.6032814
33 0.1839588 0.0008644731 0.002803161 -0.01751217 0.1408345 -0.04092492
34 0.1270494 -0.04801139 0.1735274 -2.614175 1.159779 -1.499346
35 -0.1382736 -0.0004470041 0.0006057047 0.06337721 0.4965227 -0.4662753
36 -0.06898984 0 0 -0.3117431 -0.5100451 -0.4207492
37 -0.1247 0 0 -0.444701 0.1437635 -0.2533535
38 -0.1734369 0 0 0.2304752 -0.09250136 -0.2558937
39 0.1243179 0.1711765 0 0.06398439 0.1753002 1.10784
40 0.1502504 0.1029305 -0.176686 -1.206024 1.322598 0.2385979
41 0.0984958 0.02850619 0.1872715 -1.439234 0.9671443 -3.094273
42 0.1708579 0.009936064 0 -0.2038423 0.002250248 -0.06907373
43 0.0049 0 0 0 0 0
44 0.5171545 -0.2663316 0.2896972 2.419732 -0.8462756 -0.2857789
45 0.1972673 0 0 0.3150995 0.3719133 -1.342828
46 0.05363192 -0.1692977 0 -0.1798071 0 -1.228345
47 0.0006023012 -0.03346459 -0.04911327 -0.02998959 0.03926655 -1.85845
48 0.000602576 -0.03346451 0.0491133 0.01859462 -0.1288554 -1.744494
49 0 -0.00544714 0 -2.173837 0.04918072 -1.55889
50 0.1349337 0.007935909 0.1169305 -0.3680551 -0.1569172 0.01434738
51 0.06775701 0 0 0 0 0
52 0.07025615 0 0 0.0494369 0.1778175 -0.01862991
53 0.05538215 -0.1613821 0 -0.01709938 0.00564654 -1.513184
54 0.1349336 0.007935909 -0.116931 0.7172912 0.2545261 0.08670931
55 0.067757 0 0 0 0 0
56 0.0702562 0 0 0.1302455 -0.2882315 0.04850539
57 0.0553822 -0.161382 0 0.06357618 -0.02569135 -1.567969
time 59
0 0 0 0 0 0 0
1 0.07309724 0.4590904 -0.1544571 0.006333239 0.03608379 -0.04054595
2 0 0.002591992 0 -1.230615 0.08091063 1.627656
3 0.152 0 0 -0.1694809 -0.1161836 0.07973765
4 0.05880687 0.02725044 -0.08225372 2.864024 1.50966 1.261855
5 0.1144182 0.0005082054 0.0002229364 -2.891108 -0.03665507 -0.9293766
6 0.122 0 0 0 0 -1.004007
7 0.1347621 0 0 -0.7212724 0 0
8 0.1343401 0 0 0.1711976 -0.1620366 -0.2569403
9 0.1197383 0 6.123017E-05 0.001594525 -0.005315069 -0.3996828
10 0.04880161 0 0 0 0 -0.4500723
11 0.04874135 -0.0476583 0.06862446 1.3879 -0.5247346 -0.5627224
12 0.06127064 0 0 -0.06566131 0.1098826 -0.5637936
13 0.1028249 0 0 -0.1176855 -0.09469986 -0.01050035
14 0.05880699 0.02725041 0.0822537 -1.570795 1.371103 -0.03702443
15 -0.1009997 0 0 -1.750933 0.5372143 -0.5651461
16 -0.1219999 0 0 1.018397E-06 -2.772519E-06 -0.6364714
17 -0.1347622 0 0 -0.2612715 0 0
18 -0.1343399 0 0 1.222699 0.3586066 0.4696176
19 -0.1197386 0 -6.123033E-05 -0.001372244 -0.005376858 0.2012115
20 -0.04880161 0 0 0 0 -0.707715
21 -0.1889133 0.06475638 -0.0265498 -3.139415 -0.005103788 -0.4518085
22 -0.04874142 0.04765864 -0.06862451 1.787741 -0.276586 -0.7554917
23 -0.06127064 0 0 -0.06257772 0.2217633 -0.7094637
24 -0.1028246 0 0 -0.1176855 -0.09469986 -0.01050035
25 0.1304068 0.1682832 0 3.014339 -0.3107672 2.458982
26 0.08318153 0 0 0.1855635 -0.0687638 -0.06799844
27 0.1212126 0 0 0.1490331 -0.1391002 0.1386849
28 0.1593245 0 0 0.2468981 -0.1961452 0.6223506
29 0.1577918 -0.04388701 -0.1626095 -2.831722 0.4920828 1.44196
30 0.1386825 -0.006931146 0.004727043 0.3438253 0.2339205 -0.7670875
31 0.07876897 1.806102E-05 -0.005639316 -0.8133445 -0.2902337 -0.1003399
32 0.130848 0.0002848966 0.00104755 -0.1601357 0.1238876 -0.5981533
33 0.1839588 0.0008644731 0.002803161 -0.01824136 0.1414697 -0.03340589
34 0.1270494 -0.04800202 0.1735346 -2.61486 1.161008 -1.491113
35 -0.1381955 -0.0002902383 0.0004853257 0.06337721 0.4965227 -0.4662753
36 -0.06898984 0 0 -0.3119933 -0.5104191 -0.4210509
37 -0.1247 0 0 -0.4452859 0.1397845 -0.2529835
38 -0.1734369 0 0 0.2305937 -0.09992746 -0.2564143
39 0.1243179 0.1711765 0 0.07132793 0.1753001 1.10784
40 0.1502504 0.1029305 -0.176686 -1.197525 1.329254 0.2475203
41 0.0984958 0.02850619 0.1872715 -1.440298 0.96171 -3.095559
42 0.1708579 0.009936064 0 -0.2022605 -0.003684188 -0.0564351
43 0.0049 0 0 0 0 0
44 0.5171545 -0.2663316 0.2896972 2.419073 -0.8344141 -0.2839988
45 0.1972673 0 0 0.313198 0.3785703 -1.353186
46 0.05363192 -0.1692977 0 -0.1749925 7.450581E-09 -1.228345
47 0.0006023012 -0.03346459 -0.04911327 -0.02998959 0.04268962 -1.858513
48 0.000602576 -0.03346451 0.0491133 0.0185946 -0.1256898 -1.744465
49 0 -0.00544714 0 -2.174195 0.04883749 -1.559018
50 0.1349337 0.007935909 0.1169305 -0.3660963 -0.1514021 0.01596254
51 0.06775701 0 0 0 0 0
52 0.07025615 0 0 0.04805115 0.174711 -0.01960034
53 0.05538215 -0.1613821 0 -0.01709938 0.00564654 -1.513184
54 0.1349336 0.007935909 -0.116931 0.7185376 0.2596123 0.08919797
55 0.067757 0 0 0 0 0
56 0.0702562 0 0 0.1296634 -0.2905793 0.05037129
57 0.0553822 -0.161382 0 0.06357618 -0.02569135 -1.567969
time 60
0 0 0 0 0 0 0
1 0.07317063 0.4592164 -0.1548136 0.00633427 0.03609047 -0.03735289
2 0 0.002591992 0 -1.230699 0.07599015 1.627539
3 0.152 0 0 -0.1694783 -0.1160191 0.07529701
4 0.05880687 0.02725044 -0.08225372 2.943413 1.510988 1.341097
5 0.1144182 0.0005082054 0.0002229364 -2.897677 -0.04240478 -0.9136039
6 0.122 0 0 0 0 -0.9734449
7 0.1347621 0 0 -0.7212724 0 0
8 0.1343401 0 0 0.1706193 -0.1620372 -0.2533582
9 0.1197383 0 6.123017E-05 0.00159453 -0.005315076 -0.3920741
10 0.04880161 0 0 0 0 -0.4403174
11 0.04874135 -0.0476583 0.06862446 1.385933 -0.5315328 -0.5615183
12 0.06127064 0 0 -0.06288844 0.1099844 -0.5515064
13 0.1028249 0 0 -0.1176855 -0.09469986 -0.01050035
14 0.05880699 0.02725041 0.0822537 -1.570795 1.371103 -0.03702443
15 -0.1009997 0 0 -1.758535 0.536745 -0.5687419
16 -0.1219999 0 0 1.018396E-06 -2.772519E-06 -0.6492798
17 -0.1347622 0 0 -0.2611736 0 0
18 -0.1343399 0 0 1.224434 0.3562677 0.4755326
19 -0.1197386 0 -6.123033E-05 -0.001372244 -0.005376858 0.2012115
20 -0.04880161 0 0 0 0 -0.707715
21 -0.1889133 0.06475638 -0.0265498 -3.139415 -0.005103788 -0.4518085
22 -0.04874142 0.04765864 -0.06862451 1.787741 -0.276586 -0.7554917
23 -0.06127064 0 0 -0.06257772 0.2217633 -0.7094637
24 -0.1028246 0 0 -0.1176855 -0.09469986 -0.01050035
25 0.1304068 0.1682832 0 3.013447 -0.3113115 2.468601
26 0.08318153 0 0 0.1855496 -0.06860739 -0.06826773
27 0.1212126 0 0 0.1492606 -0.1390997 0.1387068
28 0.1593245 0 0 0.2468982 -0.1961454 0.6229497
29 0.1574606 -0.04378916 -0.1630087 -2.831428 0.4908061 1.451249
30 0.1386825 -0.006931146 0.004727043 0.3438253 0.2339205 -0.7670875
31 0.07876897 1.806102E-05 -0.005639316 -0.8152754 -0.2918772 -0.09317873
32 0.130848 0.0002848966 0.00104755 -0.1610524 0.1187534 -0.5932229
33 0.1839588 0.0008644731 0.002803161 -0.01912773 0.1416153 -0.02510645
34 0.1270494 -0.04799311 0.1735416 -2.615131 1.162351 -1.481737
35 -0.1381204 -0.000165523 0.0003767372 0.06337721 0.4965227 -0.4662753
36 -0.06898984 0 0 -0.3121493 -0.5106187 -0.4212414
37 -0.1247 0 0 -0.4455474 0.1360142 -0.2525114
38 -0.1734369 0 0 0.2307017 -0.1072874 -0.2567707
39 0.1243179 0.1711765 0 0.07860267 0.1753002 1.107841
40 0.1502504 0.1029305 -0.176686 -1.188681 1.335836 0.2567839
41 0.0984958 0.02850619 0.1872715 -1.441344 0.9563273 -3.096826
42 0.1708579 0.009936064 0 -0.200945 -0.01006082 -0.0456042
43 0.0049 0 0 0 0 0
44 0.5171545 -0.2663316 0.2896972 2.419135 -0.8229087 -0.2834113
45 0.1972673 0 0 0.3110237 0.3851205 -1.364698
46 0.05363192 -0.1692977 0 -0.170169 -7.450581E-09 -1.228345
47 0.0006023012 -0.03346459 -0.04911327 -0.02998959 0.04628285 -1.858578
48 0.000602576 -0.03346451 0.0491133 0.01859462 -0.1223594 -1.744435
49 0 -0.00544714 0 -2.174388 0.04862672 -1.559115
50 0.1349337 0.007935909 0.1169305 -0.364172 -0.1458671 0.01759601
51 0.06775701 0 0 0 0 0
52 0.07025615 0 0 0.04657079 0.1717304 -0.02060268
53 0.05538215 -0.1613821 0 -0.01709938 0.00564654 -1.513184
54 0.1349336 0.007935909 -0.116931 0.7197351 0.2648636 0.0915245
55 0.067757 0 0 0 0 0
56 0.0702562 0 0 0.1289695 -0.2928747 0.05233835
57 0.0553822 -0.161382 0 0.06357618 -0.02569135 -1.567969
time 61
0 0 0 0 0 0 0
1 0.07321369 0.4592832 -0.1551529 0.006332901 0.03608185 -0.03410862
2 0 0.002591992 0 -1.230924 0.07149485 1.627457
3 0.152 0 0 -0.1694804 -0.1159347 0.07041165
4 0.05880687 0.02725044 -0.08225372 3.005749 1.511991 1.403319
5 0.1144182 0.0005082054 0.0002229364 -2.904501 -0.04813223 -0.8983593
6 0.122 0 0 0 0 -0.9422821
7 0.1347621 0 0 -0.7212724 0 0
8 0.1343401 0 0 0.1698378 -0.1620928 -0.2483194
9 0.1197383 0 6.123017E-05 0.001594523 -0.005315064 -0.3819678
10 0.04880161 0 0 0 0 -0.4273631
11 0.04874135 -0.0476583 0.06862446 1.383321 -0.5405557 -0.5599464
12 0.06127064 0 0 -0.0592378 0.1101001 -0.5352299
13 0.1028249 0 0 -0.1176855 -0.09469986 -0.01050035
14 0.05880699 0.02725041 0.0822537 -1.570795 1.371103 -0.03702443
15 -0.1009997 0 0 -1.766181 0.5367376 -0.5724159
16 -0.1219999 0 0 1.018396E-06 -2.772519E-06 -0.6636726
17 -0.1347622 0 0 -0.2612285 0 0
18 -0.1343399 0 0 1.226145 0.354064 0.4824297
19 -0.1197386 0 -6.123033E-05 -0.001372244 -0.005376858 0.2012115
20 -0.04880161 0 0 0 0 -0.707715
21 -0.1889133 0.06475638 -0.0265498 -3.139415 -0.005103788 -0.4518085
22 -0.04874142 0.04765864 -0.06862451 1.787741 -0.276586 -0.7554917
23 -0.06127064 0 0 -0.06257772 0.2217633 -0.7094637
24 -0.1028246 0 0 -0.1176855 -0.09469986 -0.01050035
25 0.1304068 0.1682832 0 3.012344 -0.3119828 2.478239
26 0.08318153 0 0 0.1851475 -0.06851643 -0.06828496
27 0.1212126 0 0 0.1492751 -0.1391001 0.1387279
28 0.1593245 0 0 0.2468982 -0.1961453 0.6228236
29 0.1571726 -0.04369526 -0.1633548 -2.83111 0.4893655 1.460567
30 0.1386825 -0.006931146 0.004727043 0.3438253 0.2339205 -0.7670875
31 0.07876897 1.806102E-05 -0.005639316 -0.8170109 -0.2936643 -0.08681174
32 0.130848 0.0002848966 0.00104755 -0.1618756 0.1134702 -0.5885646
33 0.1839588 0.0008644731 0.002803161 -0.020179 0.1412461 -0.01620374
34 0.1270494 -0.04798466 0.1735483 -2.614913 1.163611 -1.471967
35 -0.1380485 -7.445645E-05 0.0002805721 0.06337721 0.4965227 -0.4662753
36 -0.06898984 0 0 -0.312208 -0.5106374 -0.4213167
37 -0.1247 0 0 -0.4454755 0.1324652 -0.2519353
38 -0.1734369 0 0 0.2307966 -0.1145632 -0.2569635
39 0.1243179 0.1711765 0 0.08579155 0.1753002 1.10784
40 0.1502504 0.1029305 -0.176686 -1.179489 1.342329 0.2663829
41 0.0984958 0.02850619 0.1872715 -1.44237 0.9510089 -3.098072
42 0.1708579 0.009936064 0 -0.2002327 -0.0168762 -0.03784738
43 0.0049 0 0 0 0 0
44 0.5171545 -0.2663316 0.2896972 2.420027 -0.8118945 -0.284204
45 0.1972673 0 0 0.3086478 0.3914545 -1.37703
46 0.05363192 -0.1692977 0 -0.1653474 0 -1.228345
47 0.0006023012 -0.03346459 -0.04911327 -0.02998959 0.05003557 -1.858646
48 0.000602576 -0.03346451 0.0491133 0.01859462 -0.1188743 -1.744404
49 0 -0.00544714 0 -2.174411 0.04855317 -1.559178
50 0.1349337 0.007935909 0.1169305 -0.3622838 -0.1403275 0.01924246
51 0.06775701 0 0 0 0 0
52 0.07025615 0 0 0.04499895 0.1688821 -0.02163352
53 0.05538215 -0.1613821 0 -0.01709938 0.00564654 -1.513184
54 0.1349336 0.007935909 -0.116931 0.7208787 0.270275 0.09367844
55 0.067757 0 0 0 0 0
56 0.0702562 0 0 0.1281606 -0.2951122 0.05440666
57 0.0553822 -0.161382 0 0.06357618 -0.02569135 -1.567969
time 62
0 0 0 0 0 0 0
1 0.07322538 0.459287 -0.1554746 0.006334136 0.03608955 -0.03085138
2 0 0.002591992 0 -1.231285 0.06759909 1.627412
3 0.152 0 0 -0.1694797 -0.1159285 0.06525254
4 0.05880687 0.02725044 -0.08225372 3.045539 1.512689 1.443034
5 0.1144182 0.0005082054 0.0002229364 -2.91108 -0.05370757 -0.8839089
6 0.122 0 0 0 0 -0.910897
7 0.1347621 0 0 -0.7212724 0 0
8 0.1343401 0 0 0.1688657 -0.1621976 -0.2419373
9 0.1197383 0 6.123017E-05 0.001594528 -0.005315071 -0.3696998
10 0.04880161 0 0 0 0 -0.4116357
11 0.04874135 -0.0476583 0.06862446 1.380146 -0.5515068 -0.5580482
12 0.06127064 0 0 -0.05482608 0.1102141 -0.515497
13 0.1028249 0 0 -0.1176855 -0.09469986 -0.01050035
14 0.05880699 0.02725041 0.0822537 -1.570795 1.371103 -0.03702443
15 -0.1009997 0 0 -1.77335 0.5373415 -0.5761186
16 -0.1219999 0 0 1.018397E-06 -2.77252E-06 -0.6798555
17 -0.1347622 0 0 -0.2616108 0 0
18 -0.1343399 0 0 1.227833 0.3520091 0.4904353
19 -0.1197386 0 -6.123033E-05 -0.001372244 -0.005376858 0.2012115
20 -0.04880161 0 0 0 0 -0.707715
21 -0.1889133 0.06475638 -0.0265498 -3.139415 -0.005103788 -0.4518085
22 -0.04874142 0.04765864 -0.06862451 1.787741 -0.276586 -0.7554917
23 -0.06127064 0 0 -0.06257772 0.2217633 -0.7094637
24 -0.1028246 0 0 -0.1176855 -0.09469986 -0.01050035
25 0.1304068 0.1682832 0 3.011022 -0.3127828 2.487591
26 0.08318153 0 0 0.1843637 -0.06849139 -0.06803962
27 0.1212126 0 0 0.1490675 -0.1390997 0.1387469
28 0.1593245 0 0 0.246898 -0.196145 0.6219496
29 0.1569317 -0.04360697 -0.1636416 -2.830793 0.4879583 1.469252
30 0.1386825 -0.006931146 0.004727043 0.3438253 0.2339205 -0.7670875
31 0.07876897 1.806102E-05 -0.005639316 -0.8185123 -0.2956347 -0.08140035
32 0.130848 0.0002848966 0.00104755 -0.1626025 0.1080491 -0.5842564
33 0.1839588 0.0008644731 0.002803161 -0.02127635 0.140362 -0.006878518
34 0.1270494 -0.04797665 0.1735547 -2.61413 1.164783 -1.462111
35 -0.1379799 -1.86339E-05 0.0001974632 0.06337721 0.4965227 -0.4662753
36 -0.06898984 0 0 -0.3121656 -0.5104686 -0.4212724
37 -0.1247 0 0 -0.4450552 0.1291494 -0.2512504
38 -0.1734369 0 0 0.230876 -0.1217366 -0.2569936
39 0.1243179 0.1711765 0 0.09287785 0.1753002 1.10784
40 0.1502504 0.1029305 -0.176686 -1.169953 1.348716 0.2763098
41 0.0984958 0.02850619 0.1872715 -1.443374 0.9457673 -3.099293
42 0.1708579 0.009936064 0 -0.2000489 -0.02412623 -0.03338129
43 0.0049 0 0 0 0 0
44 0.5171545 -0.2663316 0.2896972 2.421856 -0.8015073 -0.286564
45 0.1972673 0 0 0.3061413 0.3974629 -1.389849
46 0.05363192 -0.1692977 0 -0.1605386 7.450581E-09 -1.228345
47 0.0006023012 -0.03346459 -0.04911327 -0.02998959 0.05393719 -1.858716
48 0.000602576 -0.03346451 0.0491133 0.01859462 -0.1152447 -1.744373
49 0 -0.00544714 0 -2.174258 0.04862138 -1.559206
50 0.1349337 0.007935909 0.1169305 -0.3604397 -0.134801 0.02089738
51 0.06775701 0 0 0 0 0
52 0.07025615 0 0 0.04334015 0.1661776 -0.02268974
53 0.05538215 -0.1613821 0 -0.01709938 0.00564654 -1.513184
54 0.1349336 0.007935909 -0.116931 0.7219658 0.2758422 0.09564986
55 0.067757 0 0 0 0 0
56 0.0702562 0 0 0.1272347 -0.297289 0.05657658
57 0.0553822 -0.161382 0 0.06357618 -0.02569135 -1.567969
time 63
0 0 0 0 0 0 0
1 0.07320467 0.4592241 -0.1557778 0.006333479 0.03608556 -0.02756265
2 0 0.002591992 0 -1.231781 0.06447723 1.627405
3 0.152 0 0 -0.1694794 -0.116005 0.0599958
4 0.05880687 0.02725044 -0.08225372 3.059021 1.51311 1.456496
5 0.1144182 0.0005082054 0.0002229364 -2.91721 -0.05900097 -0.8705186
6 0.122 0 0 0 0 -0.8796678
7 0.1347621 0 0 -0.7212724 0 0
8 0.1343401 0 0 0.1677207 -0.1623496 -0.2343323
9 0.1197383 0 6.123017E-05 0.001594532 -0.00531508 -0.3556013
10 0.04880161 0 0 0 0 -0.3935619
11 0.04874135 -0.0476583 0.06862446 1.37649 -0.5640892 -0.5558665
12 0.06127064 0 0 -0.0497692 0.1103101 -0.4928359
13 0.1028249 0 0 -0.1176855 -0.09469986 -0.01050035
14 0.05880699 0.02725041 0.0822537 -1.570795 1.371103 -0.03702443
15 -0.1009997 0 0 -1.779871 0.5387062 -0.5796005
16 -0.1219999 0 0 1.018397E-06 -2.77252E-06 -0.6978947
17 -0.1347622 0 0 -0.262453 0 0
18 -0.1343399 0 0 1.229496 0.3501163 0.4996748
19 -0.1197386 0 -6.123033E-05 -0.001372244 -0.005376858 0.2012115
20 -0.04880161 0 0 0 0 -0.707715
21 -0.1889133 0.06475638 -0.0265498 -3.139415 -0.005103788 -0.4518085
22 -0.04874142 0.04765864 -0.06862451 1.787741 -0.276586 -0.7554917
23 -0.06127064 0 0 -0.06257772 0.2217633 -0.7094637
24 -0.1028246 0 0 -0.1176855 -0.09469986 -0.01050035
25 0.1304068 0.1682832 0 3.009632 -0.3137141 2.496349
26 0.08318153 0 0 0.183209 -0.06853417 -0.06752296
27 0.1212126 0 0 0.1486326 -0.1391001 0.138765
28 0.1593245 0 0 0.2468981 -0.1961452 0.620306
29 0.1567416 -0.04352595 -0.163863 -2.830503 0.4865899 1.47709
30 0.1386825 -0.006931146 0.004727043 0.3438253 0.2339205 -0.7670875
31 0.07876897 1.806102E-05 -0.005639316 -0.8197398 -0.2978281 -0.0771061
32 0.130848 0.0002848966 0.00104755 -0.1632292 0.1025011 -0.5803748
33 0.1839588 0.0008644731 0.002803161 -0.02237155 0.1389339 0.002692838
34 0.1270494 -0.0479691 0.1735608 -2.612703 1.165863 -1.452476
35 -0.1379149 3.473833E-07 0.0001280447 0.06337721 0.4965227 -0.4662753
36 -0.06898984 0 0 -0.3120191 -0.5101068 -0.4211049
37 -0.1247 0 0 -0.4442805 0.1260799 -0.2504568
38 -0.1734369 0 0 0.2309445 -0.128792 -0.2568697
39 0.1243179 0.1711765 0 0.09984469 0.1753002 1.10784
40 0.1502504 0.1029305 -0.176686 -1.160071 1.354983 0.286559
41 0.0984958 0.02850619 0.1872715 -1.444355 0.940616 -3.100488
42 0.1708579 0.009936064 0 -0.2003335 -0.03180885 -0.03242496
43 0.0049 0 0 0 0 0
44 0.5171545 -0.2663316 0.2896972 2.424731 -0.7918825 -0.290799
45 0.1972673 0 0 0.3035758 0.4030356 -1.402818
46 0.05363192 -0.1692977 0 -0.1557537 2.235174E-08 -1.228345
47 0.0006023012 -0.03346459 -0.04911327 -0.02998959 0.05797703 -1.858788
48 0.000602576 -0.03346451 0.0491133 0.01859461 -0.1114808 -1.744341
49 0 -0.00544714 0 -2.173923 0.04883606 -1.559198
50 0.1349337 0.007935909 0.1169305 -0.3586437 -0.1293038 0.02255572
51 0.06775701 0 0 0 0 0
52 0.07025615 0 0 0.04160114 0.163637 -0.02376939
53 0.05538215 -0.1613821 0 -0.01709938 0.00564654 -1.513184
54 0.1349336 0.007935909 -0.116931 0.7229962 0.2815614 0.09742939
55 0.067757 0 0 0 0 0
56 0.0702562 0 0 0.1261878 -0.2993977 0.05884796
57 0.0553822 -0.161382 0 0.06357618 -0.02569135 -1.567969
time 64
0 0 0 0 0 0 0
1 0.07315052 0.4590905 -0.1560619 0.006332831 0.03608155 -0.02426067
2 0 0.002591992 0 -1.232409 0.06230352 1.627436
3 0.152 0 0 -0.1694796 -0.1161667 0.05481602
4 0.05880687 0.02725044 -0.08225372 3.051147 1.513279 1.448632
5 0.1144182 0.0005082054 0.0002229364 -2.92269 -0.06388248 -0.8584548
6 0.122 0 0 0 0 -0.8489735
7 0.1347621 0 0 -0.7212724 0 0
8 0.1343401 0 0 0.1664139 -0.1625421 -0.2256162
9 0.1197383 0 6.123017E-05 0.00159453 -0.005315076 -0.3400042
10 0.04880161 0 0 0 0 -0.3735686
11 0.04874135 -0.0476583 0.06862446 1.372433 -0.5780057 -0.5534421
12 0.06127064 0 0 -0.04418455 0.1103732 -0.4677839
13 0.1028249 0 0 -0.1176855 -0.09469986 -0.01050035
14 0.05880699 0.02725041 0.0822537 -1.570795 1.371103 -0.03702443
15 -0.1009997 0 0 -1.785569 0.5409813 -0.582495
16 -0.1219999 0 0 1.018397E-06 -2.77252E-06 -0.7176313
17 -0.1347622 0 0 -0.2637417 0 0
18 -0.1343399 0 0 1.231133 0.3483992 0.5102747
19 -0.1197386 0 -6.123033E-05 -0.001372244 -0.005376858 0.2012115
20 -0.04880161 0 0 0 0 -0.707715
21 -0.1889133 0.06475638 -0.0265498 -3.139415 -0.005103788 -0.4518085
22 -0.04874142 0.04765864 -0.06862451 1.787741 -0.276586 -0.7554917
23 -0.06127064 0 0 -0.06257772 0.2217633 -0.7094637
24 -0.1028246 0 0 -0.1176855 -0.09469986 -0.01050035
25 0.1304068 0.1682832 0 3.008359 -0.314779 2.504208
26 0.08318153 0 0 0.1817015 -0.06864901 -0.06672901
27 0.1212126 0 0 0.1479616 -0.1391001 0.1387811
28 0.1593245 0 0 0.2468981 -0.1961451 0.6178675
29 0.156606 -0.04345385 -0.164013 -2.830264 0.4852658 1.483865
30 0.1386825 -0.006931146 0.004727043 0.3438253 0.2339205 -0.7670875
31 0.07876897 1.806102E-05 -0.005639316 -0.8206554 -0.3002845 -0.07409038
32 0.130848 0.0002848966 0.00104755 -0.1637518 0.09683678 -0.5769939
33 0.1839588 0.0008644731 0.002803161 -0.02345003 0.1370996 0.01233206
34 0.1270494 -0.04796201 0.1735666 -2.610709 1.166846 -1.443371
35 -0.1378536 3.473833E-07 7.29491E-05 0.06337721 0.4965227 -0.4662753
36 -0.06898984 0 0 -0.3117654 -0.5095463 -0.4208109
37 -0.1247 0 0 -0.4431385 0.1232688 -0.2495509
38 -0.1734369 0 0 0.2309984 -0.1357107 -0.2565914
39 0.1243179 0.1711765 0 0.1066753 0.1753002 1.10784
40 0.1502504 0.1029305 -0.176686 -1.149844 1.361112 0.297125
41 0.0984958 0.02850619 0.1872715 -1.445308 0.9355673 -3.101653
42 0.1708579 0.009936064 0 -0.201007 -0.03967252 -0.03519429
43 0.0049 0 0 0 0 0
44 0.5171545 -0.2663316 0.2896972 2.428759 -0.7831555 -0.2970524
45 0.1972673 0 0 0.3010224 0.4080637 -1.415605
46 0.05363192 -0.1692977 0 -0.1510036 2.980232E-08 -1.228345
47 0.0006023012 -0.03346459 -0.04911327 -0.02998959 0.06214448 -1.858862
48 0.000602576 -0.03346451 0.0491133 0.01859464 -0.1075929 -1.744308
49 0 -0.00544714 0 -2.1734 0.04920179 -1.559153
50 0.1349337 0.007935909 0.1169305 -0.356898 -0.1238512 0.02421224
51 0.06775701 0 0 0 0 0
52 0.07025615 0 0 0.03978435 0.1612636 -0.02486842
53 0.05538215 -0.1613821 0 -0.01709938 0.00564654 -1.513184
54 0.1349336 0.007935909 -0.116931 0.7239628 0.2874269 0.099006
55 0.067757 0 0 0 0 0
56 0.0702562 0 0 0.1250187 -0.3014378 0.06122158
57 0.0553822 -0.161382 0 0.06357618 -0.02569135 -1.567969
time 65
0 0 0 0 0 0 0
1 0.0730619 0.4588826 -0.1563263 0.006333612 0.03608631 -0.02095772
2 0 0.002591992 0 -1.233166 0.06125221 1.627508
3 0.152 0 0 -0.1694783 -0.1164152 0.04988715
4 0.05880687 0.02725044 -0.08225372 3.029468 1.513225 1.426989
5 0.1144182 0.0005082054 0.0002229364 -2.927318 -0.06822239 -0.8479827
6 0.122 0 0 0 0 -0.8195154
7 0.1347621 0 0 -0.7212724 0 0
8 0.1343401 0 0 0.16496 -0.1627708 -0.2159052
9 0.1197383 0 6.123017E-05 0.001594524 -0.005315066 -0.3232419
10 0.04880161 0 0 0 0 -0.3520807
11 0.04874135 -0.0476583 0.06862446 1.368058 -0.5929597 -0.5508163
12 0.06127064 0 0 -0.03818865 0.1103877 -0.4408728
13 0.1028249 0 0 -0.1176855 -0.09469986 -0.01050035
14 0.05880699 0.02725041 0.0822537 -1.570795 1.371103 -0.03702443
15 -0.1009997 0 0 -1.790273 0.5443161 -0.5846918
16 -0.1219999 0 0 1.018396E-06 -2.772518E-06 -0.7389048
17 -0.1347622 0 0 -0.2654542 0 0
18 -0.1343399 0 0 1.232743 0.3468711 0.5223606
19 -0.1197386 0 -6.123033E-05 -0.001372244 -0.005376858 0.2012115
20 -0.04880161 0 0 0 0 -0.707715
21 -0.1889133 0.06475638 -0.0265498 -3.139415 -0.005103788 -0.4518085
22 -0.04874142 0.04765864 -0.06862451 1.787741 -0.276586 -0.7554917
23 -0.06127064 0 0 -0.06257772 0.2217633 -0.7094637
24 -0.1028246 0 0 -0.1176855 -0.09469986 -0.01050035
25 0.1304068 0.1682832 0 3.007205 -0.3159793 2.510862
26 0.08318153 0 0 0.179851 -0.06883761 -0.06564866
27 0.1212126 0 0 0.147048 -0.1390999 0.1387954
28 0.1593245 0 0 0.2468982 -0.1961452 0.6146994
29 0.1565286 -0.04339236 -0.1640855 -2.8301 0.4839916 1.489364
30 0.1386825 -0.006931146 0.004727043 0.3438253 0.2339205 -0.7670875
31 0.07876897 1.806102E-05 -0.005639316 -0.8212193 -0.3030434 -0.07251474
32 0.130848 0.0002848966 0.00104755 -0.1641667 0.09106719 -0.5741909
33 0.1839588 0.0008644731 0.002803161 -0.0244957 0.1348837 0.02186092
34 0.1270494 -0.04795536 0.1735721 -2.608406 1.167728 -1.435106
35 -0.1377961 3.473833E-07 3.281049E-05 0.06337721 0.4965227 -0.4662753
36 -0.06898984 0 0 -0.3114006 -0.5087795 -0.420385
37 -0.1247 0 0 -0.4416182 0.1207284 -0.2485301
38 -0.1734369 0 0 0.2310383 -0.1423829 -0.2561626
39 0.1243179 0.1711765 0 0.1133527 0.1753002 1.10784
40 0.1502504 0.1029305 -0.176686 -1.13927 1.367087 0.3080015
41 0.0984958 0.02850619 0.1872715 -1.446233 0.9306343 -3.102786
42 0.1708579 0.009936064 0 -0.2020014 -0.04726887 -0.041907
43 0.0049 0 0 0 0 0
44 0.5171545 -0.2663316 0.2896972 2.434047 -0.7754615 -0.305263
45 0.1972673 0 0 0.2985525 0.4124371 -1.427873
46 0.05363192 -0.1692977 0 -0.1462992 7.450581E-09 -1.228345
47 0.0006023012 -0.03346459 -0.04911327 -0.02998959 0.06642891 -1.858938
48 0.000602576 -0.03346451 0.0491133 0.01859464 -0.1035911 -1.744275
49 0 -0.00544714 0 -2.172684 0.04972313 -1.559069
50 0.1349337 0.007935909 0.1169305 -0.3552089 -0.1184606 0.0258622
51 0.06775701 0 0 0 0 0
52 0.07025615 0 0 0.037896 0.1590755 -0.0259847
53 0.05538215 -0.1613821 0 -0.01709938 0.00564654 -1.513184
54 0.1349336 0.007935909 -0.116931 0.7248673 0.2934359 0.1003709
55 0.067757 0 0 0 0 0
56 0.0702562 0 0 0.1237222 -0.3033983 0.06369665
57 0.0553822 -0.161382 0 0.06357618 -0.02569135 -1.567969
time 66
0 0 0 0 0 0 0
1 0.07293778 0.4585965 -0.1565703 0.006332029 0.03607694 -0.01764748
2 0 0.002591992 0 -1.234051 0.06149806 1.627621
3 0.152 0 0 -0.1694792 -0.1167554 0.04538504
4 0.05880687 0.02725044 -0.08225372 3.00156 1.512967 1.399127
5 0.1144182 0.0005082054 0.0002229364 -2.930892 -0.07189073 -0.8391454
6 0.122 0 0 0 0 -0.7922917
7 0.1347621 0 0 -0.7212724 0 0
8 0.1343401 0 0 0.1633756 -0.1630331 -0.2053179
9 0.1197383 0 6.123017E-05 0.00159453 -0.005315077 -0.305649
10 0.04880161 0 0 0 0 -0.3295285
11 0.04874135 -0.0476583 0.06862446 1.363446 -0.6086543 -0.5480316
12 0.06127064 0 0 -0.03189795 0.1103376 -0.4126345
13 0.1028249 0 0 -0.1176855 -0.09469986 -0.01050035
14 0.05880699 0.02725041 0.0822537 -1.570795 1.371103 -0.03702443
15 -0.1009997 0 0 -1.793808 0.5488603 -0.5860789
16 -0.1219999 0 0 1.018397E-06 -2.772519E-06 -0.7615576
17 -0.1347622 0 0 -0.2675735 0 0
18 -0.1343399 0 0 1.234327 0.3455455 0.5360585
19 -0.1197386 0 -6.123033E-05 -0.001372244 -0.005376858 0.2012115
20 -0.04880161 0 0 0 0 -0.707715
21 -0.1889133 0.06475638 -0.0265498 -3.139415 -0.005103788 -0.4518085
22 -0.04874142 0.04765864 -0.06862451 1.787741 -0.276586 -0.7554917
23 -0.06127064 0 0 -0.06257772 0.2217633 -0.7094637
24 -0.1028246 0 0 -0.1176855 -0.09469986 -0.01050035
25 0.1304068 0.1682832 0 3.006171 -0.3173175 2.516004
26 0.08318153 0 0 0.177664 -0.06910038 -0.06431214
27 0.1212126 0 0 0.1459183 -0.1390989 0.1388072
28 0.1593245 0 0 0.2468982 -0.1961453 0.6108952
29 0.1565131 -0.04334311 -0.1640745 -2.830036 0.4827728 1.493371
30 0.1386825 -0.006931146 0.004727043 0.3438253 0.2339205 -0.7670875
31 0.07876897 1.806102E-05 -0.005639316 -0.8213924 -0.3061445 -0.07254054
32 0.130848 0.0002848966 0.00104755 -0.164471 0.08520333 -0.5720439
33 0.1839588 0.0008644731 0.002803161 -0.02549357 0.1323029 0.03110131
34 0.1270494 -0.04794918 0.1735772 -2.605881 1.168505 -1.427986
35 -0.1377427 3.473833E-07 8.264091E-06 0.06337721 0.4965227 -0.4662753
36 -0.06898984 0 0 -0.3109221 -0.5078021 -0.4198249
37 -0.1247 0 0 -0.4397366 0.1184716 -0.2473924
38 -0.1734369 0 0 0.2310627 -0.1488759 -0.2555857
39 0.1243179 0.1711765 0 0.1198603 0.1753001 1.10784
40 0.1502504 0.1029305 -0.176686 -1.128351 1.372893 0.3191817
41 0.0984958 0.02850619 0.1872715 -1.447127 0.9258295 -3.103885
42 0.1708579 0.009936064 0 -0.2032481 -0.05446646 -0.05250934
43 0.0049 0 0 0 0 0
44 0.5171545 -0.2663316 0.2896972 2.440703 -0.7689368 -0.3153698
45 0.1972673 0 0 0.2962371 0.4160468 -1.43929
46 0.05363192 -0.1692977 0 -0.1416514 1.490116E-08 -1.228345
47 0.0006023012 -0.03346459 -0.04911327 -0.0299896 0.07081968 -1.859016
48 0.000602576 -0.03346451 0.0491133 0.01859465 -0.09948561 -1.744241
49 0 -0.00544714 0 -2.171796 0.05040479 -1.558946
50 0.1349337 0.007935909 0.1169305 -0.3535831 -0.1131487 0.02750092
51 0.06775701 0 0 0 0 0
52 0.07025615 0 0 0.03593885 0.1570763 -0.02711399
53 0.05538215 -0.1613821 0 -0.01709938 0.00564654 -1.513184
54 0.1349336 0.007935909 -0.116931 0.7257028 0.2995825 0.101513
55 0.067757 0 0 0 0 0
56 0.0702562 0 0 0.1222983 -0.305282 0.06627449
57 0.0553822 -0.161382 0 0.06357618 -0.02569135 -1.567969
time 67
0 0 0 0 0 0 0
1 0.07277712 0.4582285 -0.1567933 0.006333692 0.0360869 -0.01435425
2 0 0.002591992 0 -1.23506 0.06321512 1.627777
3 0.152 0 0 -0.1694787 -0.1171876 0.04148305
4 0.05880687 0.02725044 -0.08225372 2.971839 1.512531 1.36946
5 0.1144182 0.0005082054 0.0002229364 -2.933209 -0.07475775 -0.8319954
6 0.122 0 0 0 0 -0.7681268
7 0.1347621 0 0 -0.7212724 0 0
8 0.1343401 0 0 0.1616704 -0.1633209 -0.1939649
9 0.1197383 0 6.123017E-05 0.001594527 -0.005315069 -0.2875555
10 0.04880161 0 0 0 0 -0.3063353
11 0.04874135 -0.0476583 0.06862446 1.358678 -0.6247923 -0.5451291
12 0.06127064 0 0 -0.02542948 0.110208 -0.383604
13 0.1028249 0 0 -0.1176855 -0.09469986 -0.01050035
14 0.05880699 0.02725041 0.0822537 -1.570795 1.371103 -0.03702443
15 -0.1009997 0 0 -1.796001 0.5547633 -0.5865455
16 -0.1219999 0 0 1.018397E-06 -2.772519E-06 -0.7854285
17 -0.1347622 0 0 -0.270083 0 0
18 -0.1343399 0 0 1.235782 0.3444359 0.5513531
19 -0.1197386 0 -6.123033E-05 -0.001372244 -0.005376858 0.2012115
20 -0.04880161 0 0 0 0 -0.707715
21 -0.1889133 0.06475638 -0.0265498 -3.139415 -0.005103788 -0.4518085
22 -0.04874142 0.04765864 -0.06862451 1.787741 -0.276586 -0.7554917
23 -0.06127064 0 0 -0.06257772 0.2217633 -0.7094637
24 -0.1028246 0 0 -0.1176855 -0.09469986 -0.01050035
25 0.1304068 0.1682832 0 3.005259 -0.3187959 2.51933
26 0.08318153 0 0 0.1751554 -0.06944056 -0.06276532
27 0.1212126 0 0 0.1446133 -0.1391002 0.1388192
28 0.1593245 0 0 0.2468981 -0.1961452 0.6064806
29 0.1565633 -0.04330778 -0.1639737 -2.830097 0.481615 1.495672
30 0.1386825 -0.006931146 0.004727043 0.3438253 0.2339205 -0.7670875
31 0.07876897 1.806102E-05 -0.005639316 -0.8211346 -0.3096271 -0.07432944
32 0.130848 0.0002848966 0.00104755 -0.1646602 0.07925592 -0.5706262
33 0.1839588 0.0008644731 0.002803161 -0.02642743 0.1293679 0.0398739
34 0.1270494 -0.04794345 0.173582 -2.603227 1.169171 -1.422322
35 -0.1376936 3.473833E-07 -5.7742E-08 0.06337721 0.4965227 -0.4662753
36 -0.06898984 0 0 -0.3103262 -0.5066891 -0.4191258
37 -0.1247 0 0 -0.43757 0.1165105 -0.2461354
38 -0.1734369 0 0 0.2310709 -0.155176 -0.2548632
39 0.1243179 0.1711765 0 0.1261812 0.1753002 1.10784
40 0.1502504 0.1029305 -0.176686 -1.117087 1.378513 0.3306607
41 0.0984958 0.02850619 0.1872715 -1.447988 0.9211662 -3.104945
42 0.1708579 0.009936064 0 -0.2046713 -0.06113187 -0.06629802
43 0.0049 0 0 0 0 0
44 0.5171545 -0.2663316 0.2896972 2.448835 -0.7637158 -0.3273122
45 0.1972673 0 0 0.2941477 0.4187827 -1.44952
46 0.05363192 -0.1692977 0 -0.1370713 1.490116E-08 -1.228345
47 0.0006023012 -0.03346459 -0.04911327 -0.02998958 0.07530613 -1.859096
48 0.000602576 -0.03346451 0.0491133 0.01859463 -0.09528667 -1.744208
49 0 -0.00544714 0 -2.170765 0.05125128 -1.558782
50 0.1349337 0.007935909 0.1169305 -0.3520208 -0.1078793 0.02912285
51 0.06775701 0 0 0 0 0
52 0.07025615 0 0 0.03392118 0.155241 -0.02825582
53 0.05538215 -0.1613821 0 -0.01709938 0.00564654 -1.513184
54 0.1349336 0.007935909 -0.116931 0.7264696 0.3058631 0.1024232
55 0.067757 0 0 0 0 0
56 0.0702562 0 0 0.120742 -0.3070788 0.06895448
57 0.0553822 -0.161382 0 0.06357618 -0.02569135 -1.567969
time 68
0 0 0 0 0 0 0
1 0.0725789 0.4577747 -0.1569946 0.006333299 0.03608459 -0.01107036
2 0 0.002591992 0 -1.23619 0.06620074 1.627978
3 0.152 0 0 -0.1694786 -0.1177156 0.03835641
4 0.05880687 0.02725044 -0.08225372 2.94 1.511946 1.337678
5 0.1144182 0.0005082054 0.0002229364 -2.934068 -0.07669351 -0.8268136
6 0.122 0 0 0 0 -0.7478448
7 0.1347621 0 0 -0.7212724 0 0
8 0.1343401 0 0 0.159863 -0.1636332 -0.1819669
9 0.1197383 0 6.123017E-05 0.001594527 -0.005315068 -0.2692962
10 0.04880161 0 0 0 0 -0.2829292
11 0.04874135 -0.0476583 0.06862446 1.353839 -0.6410772 -0.5421511
12 0.06127064 0 0 -0.0188995 0.1099825 -0.3543113
13 0.1028249 0 0 -0.1176855 -0.09469986 -0.01050035
14 0.05880699 0.02725041 0.0822537 -1.570795 1.371103 -0.03702443
15 -0.1009997 0 0 -1.796681 0.5621746 -0.5859801
16 -0.1219999 0 0 1.018396E-06 -2.772519E-06 -0.8103583
17 -0.1347622 0 0 -0.2729622 0 0
18 -0.1343399 0 0 1.237048 0.3435557 0.5679139
19 -0.1197386 0 -6.123033E-05 -0.001372244 -0.005376858 0.2012115
20 -0.04880161 0 0 0 0 -0.707715
21 -0.1889133 0.06475638 -0.0265498 -3.139415 -0.005103788 -0.4518085
22 -0.04874142 0.04765864 -0.06862451 1.787741 -0.276586 -0.7554917
23 -0.06127064 0 0 -0.06257772 0.2217633 -0.7094637
24 -0.1028246 0 0 -0.1176855 -0.09469986 -0.01050035
25 0.1304068 0.1682832 0 3.004472 -0.3204168 2.520532
26 0.08318153 0 0 0.1723398 -0.06986145 -0.0610181
27 0.1212126 0 0 0.1431366 -0.1391001 0.1388282
28 0.1593245 0 0 0.246898 -0.1961451 0.6014807
29 0.1566829 -0.04328803 -0.1638241 -2.830081 0.4805237 1.496053
30 0.1386825 -0.006931146 0.004727043 0.3438253 0.2339205 -0.7670875
31 0.07876897 1.806102E-05 -0.005639316 -0.8204085 -0.3135319 -0.07804266
32 0.130848 0.0002848966 0.00104755 -0.1647314 0.07323594 -0.5700161
33 0.1839588 0.0008644731 0.002803161 -0.02728334 0.1261013 0.04800256
34 0.1270494 -0.04793924 0.1735864 -2.600533 1.169724 -1.418422
35 -0.1376488 3.473833E-07 -5.7742E-08 0.06337721 0.4965227 -0.4662753
36 -0.06898984 0 0 -0.3096309 -0.5054311 -0.4182842
37 -0.1247 0 0 -0.4351273 0.1148572 -0.2447547
38 -0.1734369 0 0 0.2310631 -0.1612698 -0.2539989
39 0.1243179 0.1711765 0 0.1322984 0.1753001 1.10784
40 0.1502504 0.1029305 -0.176686 -1.105475 1.383932 0.3424319
41 0.0984958 0.02850619 0.1872715 -1.448813 0.9166566 -3.105966
42 0.1708579 0.009936064 0 -0.2062033 -0.06713381 -0.0825165
43 0.0049 0 0 0 0 0
44 0.5171545 -0.2663316 0.2896972 2.458551 -0.7596845 -0.341029
45 0.1972673 0 0 0.2923554 0.4205358 -1.458229
46 0.05363192 -0.1692977 0 -0.1325698 0 -1.228345
47 0.0006023012 -0.03346459 -0.04911327 -0.0299896 0.07987767 -1.859178
48 0.000602576 -0.03346451 0.0491133 0.01859464 -0.09100448 -1.744173
49 0 -0.00544714 0 -2.169596 0.05223724 -1.558576
50 0.1349337 0.007935909 0.1169305 -0.350532 -0.1026989 0.03072377
51 0.06775701 0 0 0 0 0
52 0.07025615 0 0 0.03184463 0.1535704 -0.02940504
53 0.05538215 -0.1613821 0 -0.01709938 0.00564654 -1.513184
54 0.1349336 0.007935909 -0.116931 0.7271636 0.3122733 0.1030911
55 0.067757 0 0 0 0 0
56 0.0702562 0 0 0.1190514 -0.3087865 0.07173721
57 0.0553822 -0.161382 0 0.06357618 -0.02569135 -1.567969
time 69
0 0 0 0 0 0 0
1 0.07234207 0.4572663 -0.1571736 0.006333978 0.03608857 -0.007810352
2 0 0.002591992 0 -1.23744 0.07001708 1.628223
3 0.152 0 0 -0.1694785 -0.1183418 0.03617959
4 0.05880687 0.02725044 -0.08225372 2.906488 1.511235 1.304227
5 0.1144182 0.0005082054 0.0002229364 -2.933267 -0.07756828 -0.8238816
6 0.122 0 0 0 0 -0.7322701
7 0.1347621 0 0 -0.7212724 0 0
8 0.1343401 0 0 0.1579663 -0.1639643 -0.1694382
9 0.1197383 0 6.123017E-05 0.001594522 -0.005315057 -0.2512028
10 0.04880161 0 0 0 0 -0.2597369
11 0.04874135 -0.0476583 0.06862446 1.349007 -0.6572122 -0.539139
12 0.06127064 0 0 -0.01242496 0.109646 -0.3252914
13 0.1028249 0 0 -0.1176855 -0.09469986 -0.01050035
14 0.05880699 0.02725041 0.0822537 -1.570795 1.371103 -0.03702443
15 -0.1009997 0 0 -1.795673 0.5712436 -0.5842716
16 -0.1219999 0 0 1.018397E-06 -2.77252E-06 -0.8361879
17 -0.1347622 0 0 -0.2761947 0 0
18 -0.1343399 0 0 1.238127 0.3429183 0.5854738
19 -0.1197386 0 -6.123033E-05 -0.001372244 -0.005376858 0.2012115
20 -0.04880161 0 0 0 0 -0.707715
21 -0.1889133 0.06475638 -0.0265498 -3.139415 -0.005103788 -0.4518085
22 -0.04874142 0.04765864 -0.06862451 1.787741 -0.276586 -0.7554917
23 -0.06127064 0 0 -0.06257772 0.2217633 -0.7094637
24 -0.1028246 0 0 -0.1176855 -0.09469986 -0.01050035
25 0.1304068 0.1682832 0 3.00381 -0.3221823 2.519447
26 0.08318153 0 0 0.1692254 -0.07036397 -0.0590777
27 0.1212126 0 0 0.141497 -0.1390999 0.1388353
28 0.1593245 0 0 0.2468982 -0.1961454 0.5959222
29 0.1568404 -0.04328551 -0.1636706 -2.829781 0.4795046 1.494299
30 0.1386825 -0.006931146 0.004727043 0.3438253 0.2339205 -0.7670875
31 0.07876897 1.806102E-05 -0.005639316 -0.8191735 -0.3178978 -0.08346354
32 0.130848 0.0002848966 0.00104755 -0.1646806 0.06715433 -0.570289
33 0.1839588 0.0008644731 0.002803161 -0.02804571 0.1225164 0.05530928
34 0.1270494 -0.04793757 0.1735905 -2.597893 1.170158 -1.416594
35 -0.1376087 3.473833E-07 -5.7742E-08 0.06337721 0.4965227 -0.4662753
36 -0.06898984 0 0 -0.3088577 -0.5040335 -0.4173333
37 -0.1247 0 0 -0.4324247 0.1135248 -0.2432697
38 -0.1734369 0 0 0.2310388 -0.1671436 -0.2529958
39 0.1243179 0.1711765 0 0.1381954 0.1753002 1.107841
40 0.1502504 0.1029305 -0.176686 -1.09352 1.389133 0.3544883
41 0.0984958 0.02850619 0.1872715 -1.449601 0.9123136 -3.106943
42 0.1708579 0.009936064 0 -0.2077747 -0.07234083 -0.1004083
43 0.0049 0 0 0 0 0
44 0.5171545 -0.2663316 0.2896972 2.469759 -0.7565252 -0.3564591
45 0.1972673 0 0 0.2909316 0.4211961 -1.465083
46 0.05363192 -0.1692977 0 -0.1281579 0 -1.228345
47 0.0006023012 -0.03346459 -0.04911327 -0.02998959 0.08452363 -1.859261
48 0.000602576 -0.03346451 0.0491133 0.01859463 -0.08664919 -1.744138
49 0 -0.00544714 0 -2.168296 0.05333102 -1.558328
50 0.1349337 0.007935909 0.1169305 -0.3491177 -0.09761296 0.03229821
51 0.06775701 0 0 0 0 0
52 0.07025615 0 0 0.02971429 0.1520623 -0.03055873
53 0.05538215 -0.1613821 0 -0.01709938 0.00564654 -1.513184
54 0.1349336 0.007935909 -0.116931 0.7277814 0.3187881 0.1035067
55 0.067757 0 0 0 0 0
56 0.0702562 0 0 0.1172634 -0.3103968 0.07462218
57 0.0553822 -0.161382 0 0.06357618 -0.02569135 -1.567969
time 70
0 0 0 0 0 0 0
1 0.07206561 0.4567395 -0.1573295 0.006333439 0.03608545 -0.004578054
2 0 0.002591992 0 -1.238807 0.07448358 1.628514
3 0.152 0 0 -0.1694777 -0.1190472 0.03512701
4 0.05880687 0.02725044 -0.08225372 2.871772 1.510425 1.269574
5 0.1144182 0.0005082054 0.0002229364 -2.930603 -0.07725222 -0.8234801
6 0.122 0 0 0 0 -0.7222261
7 0.1347621 0 0 -0.7212724 0 0
8 0.1343401 0 0 0.1559931 -0.1643087 -0.1564932
9 0.1197383 0 6.123017E-05 0.001594528 -0.005315071 -0.2336099
10 0.04880161 0 0 0 0 -0.2371843
11 0.04874135 -0.0476583 0.06862446 1.344265 -0.6729 -0.5361345
12 0.06127064 0 0 -0.006122251 0.1091819 -0.2970742
13 0.1028249 0 0 -0.1176855 -0.09469986 -0.01050035
14 0.05880699 0.02725041 0.0822537 -1.570795 1.371103 -0.03702443
15 -0.1009997 0 0 -1.792806 0.5819356 -0.5813086
16 -0.1219999 0 0 1.018396E-06 -2.772518E-06 -0.8627567
17 -0.1347622 0 0 -0.2797613 0 0
18 -0.1343399 0 0 1.239022 0.3425372 0.6037675
19 -0.1197386 0 -6.123033E-05 -0.001372244 -0.005376858 0.2012115
20 -0.04880161 0 0 0 0 -0.707715
21 -0.1889133 0.06475638 -0.0265498 -3.139415 -0.005103788 -0.4518085
22 -0.04874142 0.04765864 -0.06862451 1.787741 -0.276586 -0.7554917
23 -0.06127064 0 0 -0.06257772 0.2217633 -0.7094637
24 -0.1028246 0 0 -0.1176855 -0.09469986 -0.01050035
25 0.1304068 0.1682832 0 3.003276 -0.3240943 2.516344
26 0.08318153 0 0 0.1658249 -0.07095367 -0.05695331
27 0.1212126 0 0 0.1397014 -0.1390992 0.1388399
28 0.1593245 0 0 0.246898 -0.196145 0.5898283
29 0.1570019 -0.0433019 -0.1635134 -2.829209 0.478563 1.490447
30 0.1386825 -0.006931146 0.004727043 0.3438253 0.2339205 -0.7670875
31 0.07876897 1.806102E-05 -0.005639316 -0.8175267 -0.3224836 -0.09008355
32 0.130848 0.0002848966 0.00104755 -0.1645046 0.06102196 -0.5712573
33 0.1839588 0.0008644731 0.002803161 -0.0287001 0.1186324 0.06161855
34 0.1270494 -0.04793834 0.1735941 -2.595392 1.170469 -1.417145
35 -0.1375733 3.473833E-07 -5.7742E-08 0.06337721 0.4965227 -0.4662753
36 -0.06898984 0 0 -0.3080106 -0.5025042 -0.4162982
37 -0.1247 0 0 -0.429471 0.1125253 -0.2417137
38 -0.1734369 0 0 0.2309987 -0.1727846 -0.2518584
39 0.1243179 0.1711765 0 0.1438549 0.1753002 1.10784
40 0.1502504 0.1029305 -0.176686 -1.081147 1.394099 0.3668248
41 0.0984958 0.02850619 0.1872715 -1.450348 0.9081218 -3.107875
42 0.1708579 0.009936064 0 -0.2093144 -0.07662091 -0.1192164
43 0.0049 0 0 0 0 0
44 0.5171545 -0.2663316 0.2896972 2.482116 -0.7540674 -0.3735419
45 0.1972673 0 0 0.2899473 0.4206546 -1.469747
46 0.05363192 -0.1692977 0 -0.1238464 -3.72529E-09 -1.228345
47 0.0006023012 -0.03346459 -0.04911327 -0.02998961 0.08923343 -1.859346
48 0.000602576 -0.03346451 0.0491133 0.01859463 -0.08223104 -1.744102
49 0 -0.00544714 0 -2.16687 0.05452757 -1.558035
50 0.1349337 0.007935909 0.1169305 -0.3477853 -0.09262905 0.03384167
51 0.06775701 0 0 0 0 0
52 0.07025615 0 0 0.02753689 0.1507244 -0.03171598
53 0.05538215 -0.1613821 0 -0.01709938 0.00564654 -1.513184
54 0.1349336 0.007935909 -0.116931 0.728321 0.3253205 0.1036667
55 0.067757 0 0 0 0 0
56 0.0702562 0 0 0.1154185 -0.3119059 0.07756155
57 0.0553822 -0.161382 0 0.06357618 -0.02569135 -1.567969
time 71
0 0 0 0 0 0 0
1 0.07175767 0.4561978 -0.1574618 0.006333956 0.03608844 -0.001383069
2 0 0.002591992 0 -1.240287 0.07942053 1.628854
3 0.152 0 0 -0.1694796 -0.1198118 0.03537415
4 0.05880687 0.02725044 -0.08225372 2.8363 1.509538 1.234168
5 0.1144182 0.0005082054 0.0002229364 -2.925875 -0.07561534 -0.8258898
6 0.122 0 0 0 0 -0.7185371
7 0.1347621 0 0 -0.7212724 0 0
8 0.1343401 0 0 0.1539594 -0.1646632 -0.1432494
9 0.1197383 0 6.123017E-05 0.001594535 -0.005315085 -0.2168488
10 0.04880161 0 0 0 0 -0.2156971
11 0.04874135 -0.0476583 0.06862446 1.339695 -0.6878439 -0.5331792
12 0.06127064 0 0 -0.0001085066 0.1085769 -0.2701987
13 0.1028249 0 0 -0.1176855 -0.09469986 -0.01050035
14 0.05880699 0.02725041 0.0822537 -1.570795 1.371103 -0.03702443
15 -0.1009997 0 0 -1.788061 0.5939522 -0.5769807
16 -0.1219999 0 0 1.018396E-06 -2.772519E-06 -0.8899069
17 -0.1347622 0 0 -0.2836436 0 0
18 -0.1343399 0 0 1.239736 0.3424813 0.6225279
19 -0.1197386 0 -6.123033E-05 -0.001372244 -0.005376858 0.2012115
20 -0.04880161 0 0 0 0 -0.707715
21 -0.1889133 0.06475638 -0.0265498 -3.139415 -0.005103788 -0.4518085
22 -0.04874142 0.04765864 -0.06862451 1.787741 -0.276586 -0.7554917
23 -0.06127064 0 0 -0.06257772 0.2217633 -0.7094637
24 -0.1028246 0 0 -0.1176855 -0.09469986 -0.01050035
25 0.1304068 0.1682832 0 3.002871 -0.3261557 2.511556
26 0.08318153 0 0 0.1621449 -0.07159005 -0.05465164
27 0.1212126 0 0 0.1377576 -0.1390985 0.1388424
28 0.1593245 0 0 0.2468981 -0.1961451 0.5832266
29 0.1571672 -0.04333884 -0.1633528 -2.828377 0.4777045 1.484913
30 0.1386825 -0.006931146 0.004727043 0.3438253 0.2339205 -0.7670875
31 0.07876897 1.806102E-05 -0.005639316 -0.8156672 -0.3270821 -0.09762721
32 0.130848 0.0002848966 0.00104755 -0.1641991 0.05484966 -0.5727907
33 0.1839588 0.0008644731 0.002803161 -0.02922801 0.1144489 0.06674489
34 0.1270494 -0.04794147 0.1735974 -2.593126 1.170653 -1.420041
35 -0.1375429 3.473833E-07 -5.7742E-08 0.06337721 0.4965227 -0.4662753
36 -0.06898984 0 0 -0.3070923 -0.5008467 -0.4151816
37 -0.1247 0 0 -0.4262795 0.1118712 -0.2400925
38 -0.1734369 0 0 0.2309398 -0.1781776 -0.2505869
39 0.1243179 0.1711765 0 0.1492603 0.1753002 1.10784
40 0.1502504 0.1029305 -0.176686 -1.068582 1.398815 0.3794159
41 0.0984958 0.02850619 0.1872715 -1.451054 0.9041519 -3.108759
42 0.1708579 0.009936064 0 -0.2107493 -0.07984088 -0.1381824
43 0.0049 0 0 0 0 0
44 0.5171545 -0.2663316 0.2896972 2.495347 -0.7521416 -0.3920103
45 0.1972673 0 0 0.2894741 0.4188012 -1.471185
46 0.05363192 -0.1692977 0 -0.1196463 1.490116E-08 -1.228345
47 0.0006023012 -0.03346459 -0.04911327 -0.02998958 0.09399635 -1.859433
48 0.000602576 -0.03346451 0.0491133 0.01859463 -0.07776024 -1.744067
49 0 -0.00544714 0 -2.165325 0.05582215 -1.557697
50 0.1349337 0.007935909 0.1169305 -0.3465393 -0.0877537 0.03534911
51 0.06775701 0 0 0 0 0
52 0.07025615 0 0 0.0253161 0.1495482 -0.03287298
53 0.05538215 -0.1613821 0 -0.01709938 0.00564654 -1.513184
54 0.1349336 0.007935909 -0.116931 0.72878 0.3318486 0.103631
55 0.067757 0 0 0 0 0
56 0.0702562 0 0 0.1135251 -0.3133141 0.08047719
57 0.0553822 -0.161382 0 0.06357618 -0.02569135 -1.567969
time 72
0 0 0 0 0 0 0
1 0.07142782 0.4556451 -0.1575698 0.006331657 0.03607541 0.001767856
2 0 0.002591992 0 -1.241879 0.08464744 1.629242
3 0.152 0 0 -0.169478 -0.1206286 0.037094
4 0.05880687 0.02725044 -0.08225372 2.800535 1.508602 1.198471
5 0.1144182 0.0005082054 0.0002229364 -2.919382 -0.07280077 -0.8313924
6 0.122 0 0 0 0 -0.7206917
7 0.1347621 0 0 -0.7212724 0 0
8 0.1343401 0 0 0.15188 -0.1650239 -0.1298229
9 0.1197383 0 6.123017E-05 0.001594501 -0.005315005 -0.2012489
10 0.04880161 0 0 0 0 -0.1957065
11 0.04874135 -0.0476583 0.06862446 1.335378 -0.7017475 -0.5303149
12 0.06127064 0 0 0.005500126 0.1078122 -0.2451897
13 0.1028249 0 0 -0.1176855 -0.09469986 -0.01050035
14 0.05880699 0.02725041 0.0822537 -1.570795 1.371103 -0.03702443
15 -0.1009997 0 0 -1.781732 0.6070482 -0.5711759
16 -0.1219999 0 0 1.018397E-06 -2.772519E-06 -0.9174779
17 -0.1347622 0 0 -0.287824 0 0
18 -0.1343399 0 0 1.240272 0.3428055 0.6414882
19 -0.1197386 0 -6.123033E-05 -0.001372244 -0.005376858 0.2012115
20 -0.04880161 0 0 0 0 -0.707715
21 -0.1889133 0.06475638 -0.0265498 -3.139415 -0.005103788 -0.4518085
22 -0.04874142 0.04765864 -0.06862451 1.787741 -0.276586 -0.7554917
23 -0.06127064 0 0 -0.06257772 0.2217633 -0.7094637
24 -0.1028246 0 0 -0.1176855 -0.09469986 -0.01050035
25 0.1304068 0.1682832 0 3.002598 -0.3283681 2.505419
26 0.08318153 0 0 0.1582057 -0.07227422 -0.05218463
27 0.1212126 0 0 0.1356743 -0.1390996 0.1388444
28 0.1593245 0 0 0.2468982 -0.1961453 0.576142
29 0.1573359 -0.04339801 -0.163189 -2.827296 0.4769346 1.478048
30 0.1386825 -0.006931146 0.004727043 0.3438253 0.2339205 -0.7670875
31 0.07876897 1.806102E-05 -0.005639316 -0.813657 -0.3316157 -0.105819
32 0.130848 0.0002848966 0.00104755 -0.1637612 0.04864837 -0.5748125
33 0.1839588 0.0008644731 0.002803161 -0.02961588 0.1099898 0.07051425
34 0.1270494 -0.04794686 0.1736003 -2.591182 1.170705 -1.424788
35 -0.1375176 3.473833E-07 -5.7742E-08 0.06337721 0.4965227 -0.4662753
36 -0.06898984 0 0 -0.3061075 -0.4990707 -0.4139891
37 -0.1247 0 0 -0.4228647 0.1115753 -0.238412
38 -0.1734369 0 0 0.2308643 -0.1833106 -0.2491872
39 0.1243179 0.1711765 0 0.154395 0.1753002 1.10784
40 0.1502504 0.1029305 -0.176686 -1.055963 1.403266 0.3920786
41 0.0984958 0.02850619 0.1872715 -1.451714 0.9004085 -3.109591
42 0.1708579 0.009936064 0 -0.2120118 -0.0818701 -0.156551
43 0.0049 0 0 0 0 0
44 0.5171545 -0.2663316 0.2896972 2.509178 -0.7505775 -0.4113673
45 0.1972673 0 0 0.2897424 0.4155266 -1.468675
46 0.05363192 -0.1692977 0 -0.1155686 0 -1.228345
47 0.0006023012 -0.03346459 -0.04911327 -0.02998961 0.09880187 -1.859521
48 0.000602576 -0.03346451 0.0491133 0.01859463 -0.07324697 -1.744031
49 0 -0.00544714 0 -2.163665 0.05720997 -1.557312
50 0.1349337 0.007935909 0.1169305 -0.3453815 -0.08299299 0.03681522
51 0.06775701 0 0 0 0 0
52 0.07025615 0 0 0.02305602 0.1485263 -0.0340259
53 0.05538215 -0.1613821 0 -0.01709938 0.00564654 -1.513184
54 0.1349336 0.007935909 -0.116931 0.7291547 0.3383499 0.1033981
55 0.067757 0 0 0 0 0
56 0.0702562 0 0 0.1115873 -0.3146095 0.08336218
57 0.0553822 -0.161382 0 0.06357618 -0.02569135 -1.567969
time 73
0 0 0 0 0 0 0
1 0.07107722 0.4550849 -0.1576529 0.006332044 0.0360777 0.004867679
2 0 0.002591992 0 -1.243581 0.08998373 1.62968
3 0.152 0 0 -0.1694791 -0.121499 0.04008559
4 0.05880687 0.02725044 -0.08225372 2.764932 1.507643 1.162938
5 0.1144182 0.0005082054 0.0002229364 -2.911748 -0.069125 -0.8392847
6 0.122 0 0 0 0 -0.727325
7 0.1347621 0 0 -0.7212724 0 0
8 0.1343401 0 0 0.1497673 -0.1653847 -0.116328
9 0.1197383 0 6.123017E-05 0.001594512 -0.00531503 -0.1871508
10 0.04880161 0 0 0 0 -0.1776344
11 0.04874135 -0.0476583 0.06862446 1.331396 -0.7143129 -0.5275828
12 0.06127064 0 0 0.01058662 0.1068753 -0.2225873
13 0.1028249 0 0 -0.1176855 -0.09469986 -0.01050035
14 0.05880699 0.02725041 0.0822537 -1.570795 1.371103 -0.03702443
15 -0.1009997 0 0 -1.77411 0.6209774 -0.5637829
16 -0.1219999 0 0 1.018397E-06 -2.772519E-06 -0.9449705
17 -0.1347622 0 0 -0.2922824 0 0
18 -0.1343399 0 0 1.240633 0.3434654 0.6603826
19 -0.1197386 0 -6.123033E-05 -0.001372244 -0.005376858 0.2012115
20 -0.04880161 0 0 0 0 -0.707715
21 -0.1889133 0.06475638 -0.0265498 -3.139415 -0.005103788 -0.4518085
22 -0.04874142 0.04765864 -0.06862451 1.787741 -0.276586 -0.7554917
23 -0.06127064 0 0 -0.06257772 0.2217633 -0.7094637
24 -0.1028246 0 0 -0.1176855 -0.09469986 -0.01050035
25 0.1304068 0.1682832 0 3.002458 -0.3307342 2.498268
26 0.08318153 0 0 0.1540149 -0.07300214 -0.04955944
27 0.1212126 0 0 0.1334561 -0.1390989 0.1388428
28 0.1593245 0 0 0.2468982 -0.1961453 0.568599
29 0.1575079 -0.04348106 -0.1630223 -2.82598 0.4762593 1.470202
30 0.1386825 -0.006931146 0.004727043 0.3438253 0.2339205 -0.7670875
31 0.07876897 1.806102E-05 -0.005639316 -0.8115559 -0.3360059 -0.1143835
32 0.130848 0.0002848966 0.00104755 -0.1631869 0.04242902 -0.5772418
33 0.1839588 0.0008644731 0.002803161 -0.0298488 0.105272 0.07274989
34 0.1270494 -0.04795441 0.1736027 -2.589654 1.170621 -1.431012
35 -0.1374976 3.473833E-07 -5.7742E-08 0.06337721 0.4965227 -0.4662753
36 -0.06898984 0 0 -0.3050585 -0.49718 -0.4127234
37 -0.1247 0 0 -0.4192342 0.1116495 -0.2366746
38 -0.1734369 0 0 0.23077 -0.188169 -0.2476605
39 0.1243179 0.1711765 0 0.1592418 0.1753002 1.10784
40 0.1502504 0.1029305 -0.176686 -1.043432 1.407434 0.4046692
41 0.0984958 0.02850619 0.1872715 -1.452328 0.8968967 -3.11037
42 0.1708579 0.009936064 0 -0.2130285 -0.08257539 -0.1735633
43 0.0049 0 0 0 0 0
44 0.5171545 -0.2663316 0.2896972 2.523334 -0.7492052 -0.4312105
45 0.1972673 0 0 0.2908755 0.4107214 -1.462352
46 0.05363192 -0.1692977 0 -0.1116242 0 -1.228345
47 0.0006023012 -0.03346459 -0.04911327 -0.02998957 0.1036392 -1.85961
48 0.000602576 -0.03346451 0.0491133 0.01859463 -0.06870143 -1.743995
49 0 -0.00544714 0 -2.161898 0.05868614 -1.556903
50 0.1349337 0.007935909 0.1169305 -0.3443176 -0.07835386 0.03823521
51 0.06775701 0 0 0 0 0
52 0.07025615 0 0 0.02076206 0.1476599 -0.03517273
53 0.05538215 -0.1613821 0 -0.01709938 0.00564654 -1.513184
54 0.1349336 0.007935909 -0.116931 0.7294416 0.3448021 0.1029666
55 0.067757 0 0 0 0 0
56 0.0702562 0 0 0.1096129 -0.3157912 0.08621196
57 0.0553822 -0.161382 0 0.06357618 -0.02569135 -1.567969
time 74
0 0 0 0 0 0 0
1 0.070707 0.4545212 -0.1577103 0.0063331 0.03608366 0.007910545
2 0 0.002591992 0 -1.245388 0.09525017 1.630169
3 0.152 0 0 -0.1694795 -0.1224177 0.04390948
4 0.05880687 0.02725044 -0.08225372 2.729949 1.506682 1.128026
5 0.1144182 0.0005082054 0.0002229364 -2.903262 -0.06471793 -0.8485441
6 0.122 0 0 0 0 -0.7379849
7 0.1347621 0 0 -0.7212724 0 0
8 0.1343401 0 0 0.1476362 -0.1657416 -0.102881
9 0.1197383 0 6.123017E-05 0.001594523 -0.00531506 -0.1748833
10 0.04880161 0 0 0 0 -0.1619093
11 0.04874135 -0.0476583 0.06862446 1.327831 -0.7252441 -0.5250258
12 0.06127064 0 0 0.01503446 0.105941 -0.2029194
13 0.1028249 0 0 -0.1176855 -0.09469986 -0.01050035
14 0.05880699 0.02725041 0.0822537 -1.570795 1.371103 -0.03702443
15 -0.1009997 0 0 -1.765487 0.635495 -0.5549533
16 -0.1219999 0 0 1.018397E-06 -2.772519E-06 -0.9719047
17 -0.1347622 0 0 -0.2970048 0 0
18 -0.1343399 0 0 1.240823 0.3444159 0.6789449
19 -0.1197386 0 -6.123033E-05 -0.001372244 -0.005376858 0.2012115
20 -0.04880161 0 0 0 0 -0.707715
21 -0.1889133 0.06475638 -0.0265498 -3.139415 -0.005103788 -0.4518085
22 -0.04874142 0.04765864 -0.06862451 1.787741 -0.276586 -0.7554917
23 -0.06127064 0 0 -0.06257772 0.2217633 -0.7094637
24 -0.1028246 0 0 -0.1176855 -0.09469986 -0.01050035
25 0.1304068 0.1682832 0 3.002454 -0.3334001 2.490437
26 0.08318153 0 0 0.1495847 -0.07377171 -0.04678497
27 0.1212126 0 0 0.1311116 -0.1390982 0.1388389
28 0.1593245 0 0 0.2468981 -0.1961451 0.5606233
29 0.1576829 -0.04358965 -0.162853 -2.824442 0.4756837 1.461725
30 0.1386825 -0.006931146 0.004727043 0.3438253 0.2339205 -0.7670875
31 0.07876897 1.806102E-05 -0.005639316 -0.8094255 -0.3401748 -0.1230453
32 0.130848 0.0002848966 0.00104755 -0.1624729 0.03620242 -0.5800009
33 0.1839588 0.0008644731 0.002803161 -0.02991219 0.1003128 0.07327595
34 0.1270494 -0.04796405 0.1736047 -2.58863 1.170396 -1.438333
35 -0.1374832 3.473833E-07 -5.7742E-08 0.06337721 0.4965227 -0.4662753
36 -0.06898984 0 0 -0.3039491 -0.4951807 -0.4113884
37 -0.1247 0 0 -0.415402 0.1121063 -0.234886
38 -0.1734369 0 0 0.2306563 -0.1927391 -0.2460098
39 0.1243179 0.1711765 0 0.1637841 0.1753002 1.107841
40 0.1502504 0.1029305 -0.176686 -1.031122 1.411305 0.417048
41 0.0984958 0.02850619 0.1872715 -1.452893 0.8936206 -3.111093
42 0.1708579 0.009936064 0 -0.21347 -0.08145865 -0.1884657
43 0.0049 0 0 0 0 0
44 0.5171545 -0.2663316 0.2896972 2.537539 -0.7478544 -0.451137
45 0.1972673 0 0 0.2927447 0.4042756 -1.45235
46 0.05363192 -0.1692977 0 -0.1078241 1.117587E-08 -1.228345
47 0.0006023012 -0.03346459 -0.04911327 -0.0299896 0.1084979 -1.859701
48 0.000602576 -0.03346451 0.0491133 0.01859463 -0.06413383 -1.743959
49 0 -0.00544714 0 -2.160028 0.06024547 -1.55647
50 0.1349337 0.007935909 0.1169305 -0.3433563 -0.0738438 0.03960466
51 0.06775701 0 0 0 0 0
52 0.07025615 0 0 0.01843821 0.1469396 -0.0363091
53 0.05538215 -0.1613821 0 -0.01709938 0.00564654 -1.513184
54 0.1349336 0.007935909 -0.116931 0.7296405 0.351184 0.102336
55 0.067757 0 0 0 0 0
56 0.0702562 0 0 0.107608 -0.3168525 0.08902065
57 0.0553822 -0.161382 0 0.06357618 -0.02569135 -1.567969
time 75
0 0 0 0 0 0 0
1 0.07031831 0.4539574 -0.1577414 0.006332135 0.03607836 0.01088557
2 0 0.002591992 0 -1.2473 0.1002655 1.630695
3 0.152 0 0 -0.169479 -0.1233819 0.04838495
4 0.05880687 0.02725044 -0.08225372 2.695844 1.505683 1.093992
5 0.1144182 0.0005082054 0.0002229364 -2.89421 -0.0597095 -0.8589696
6 0.122 0 0 0 0 -0.7522163
7 0.1347621 0 0 -0.7212724 0 0
8 0.1343401 0 0 0.145501 -0.16609 -0.08959768
9 0.1197383 0 6.123017E-05 0.001594494 -0.005314985 -0.1647756
10 0.04880161 0 0 0 0 -0.1489578
11 0.04874135 -0.0476583 0.06862446 1.324764 -0.7342438 -0.5228062
12 0.06127064 0 0 0.01872706 0.1051386 -0.1867233
13 0.1028249 0 0 -0.1176855 -0.09469986 -0.01050035
14 0.05880699 0.02725041 0.0822537 -1.570795 1.371103 -0.03702443
15 -0.1009997 0 0 -1.756154 0.6503552 -0.5450912
16 -0.1219999 0 0 1.018397E-06 -2.772519E-06 -0.9981503
17 -0.1347622 0 0 -0.3019679 0 0
18 -0.1343399 0 0 1.240844 0.3456124 0.6969081
19 -0.1197386 0 -6.123033E-05 -0.001372244 -0.005376858 0.2012115
20 -0.04880161 0 0 0 0 -0.707715
21 -0.1889133 0.06475638 -0.0265498 -3.139415 -0.005103788 -0.4518085
22 -0.04874142 0.04765864 -0.06862451 1.787741 -0.276586 -0.7554917
23 -0.06127064 0 0 -0.06257772 0.2217633 -0.7094637
24 -0.1028246 0 0 -0.1176855 -0.09469986 -0.01050035
25 0.1304068 0.1682832 0 3.002586 -0.3364892 2.48226
26 0.08318153 0 0 0.1449267 -0.07458048 -0.04386981
27 0.1212126 0 0 0.1286498 -0.1390994 0.1388345
28 0.1593245 0 0 0.2468981 -0.1961452 0.5522413
29 0.1578606 -0.04372545 -0.1626811 -2.822692 0.4752133 1.452968
30 0.1386825 -0.006931146 0.004727043 0.3438253 0.2339205 -0.7670875
31 0.07876897 1.806102E-05 -0.005639316 -0.8073284 -0.3440449 -0.1315288
32 0.130848 0.0002848966 0.00104755 -0.1616151 0.02997955 -0.5830089
33 0.1839588 0.0008644731 0.002803161 -0.02978769 0.09511554 0.07146318
34 0.1270494 -0.04797567 0.1736062 -2.588202 1.170141 -1.446377
35 -0.1374743 3.473833E-07 -5.7742E-08 0.06337721 0.4965227 -0.4662753
36 -0.06898984 0 0 -0.3027836 -0.4930819 -0.40999
37 -0.1247 0 0 -0.4113811 0.1128751 -0.2330516
38 -0.1734369 0 0 0.2305239 -0.1970078 -0.2442393
39 0.1243179 0.1711765 0 0.168005 0.1753002 1.107841
40 0.1502504 0.1029305 -0.176686 -1.019174 1.414849 0.429072
41 0.0984958 0.02850619 0.1872715 -1.453406 0.8905854 -3.111756
42 0.1708579 0.009936064 0 -0.2131364 -0.07899811 -0.1999353
43 0.0049 0 0 0 0 0
44 0.5171545 -0.2663316 0.2896972 2.551521 -0.7463557 -0.4707444
45 0.1972673 0 0 0.295221 0.3963115 -1.438803
46 0.05363192 -0.1692977 0 -0.1041793 3.72529E-09 -1.228345
47 0.0006023012 -0.03346459 -0.04911327 -0.02998957 0.1133671 -1.859793
48 0.000602576 -0.03346451 0.0491133 0.01859463 -0.05955439 -1.743922
49 0 -0.00544714 0 -2.158063 0.0618836 -1.556016
50 0.1349337 0.007935909 0.1169305 -0.3424969 -0.06946848 0.04091788
51 0.06775701 0 0 0 0 0
52 0.07025615 0 0 0.01609069 0.1463751 -0.03743517
53 0.05538215 -0.1613821 0 -0.01709938 0.00564654 -1.513184
54 0.1349336 0.007935909 -0.116931 0.7297464 0.3574729 0.1015044
55 0.067757 0 0 0 0 0
56 0.0702562 0 0 0.1055803 -0.3177925 0.09178376
57 0.0553822 -0.161382 0 0.06357618 -0.02569135 -1.567969
time 76
0 0 0 0 0 0 0
1 0.0699123 0.4533974 -0.1577456 0.00633332 0.03608492 0.0137917
2 0 0.002591992 0 -1.249313 0.1048502 1.63124
3 0.152 0 0 -0.1694781 -0.1243888 0.05333162
4 0.05880687 0.02725044 -0.08225372 2.662574 1.504589 1.060795
5 0.1144182 0.0005082054 0.0002229364 -2.884883 -0.05422951 -0.8703597
6 0.122 0 0 0 0 -0.7695655
7 0.1347621 0 0 -0.7212724 0 0
8 0.1343401 0 0 0.1433755 -0.1664252 -0.07659373
9 0.1197383 0 6.123017E-05 0.001594528 -0.005315069 -0.157169
10 0.04880161 0 0 0 0 -0.1392062
11 0.04874135 -0.0476583 0.06862446 1.322309 -0.7410153 -0.521073
12 0.06127064 0 0 0.02154743 0.1044576 -0.1745248
13 0.1028249 0 0 -0.1176855 -0.09469986 -0.01050035
14 0.05880699 0.02725041 0.0822537 -1.570795 1.371103 -0.03702443
15 -0.1009997 0 0 -1.746404 0.6653121 -0.5344664
16 -0.1219999 0 0 1.018396E-06 -2.772519E-06 -1.023577
17 -0.1347622 0 0 -0.3071569 0 0
18 -0.1343399 0 0 1.2407 0.3470102 0.7140058
19 -0.1197386 0 -6.123033E-05 -0.001372244 -0.005376858 0.2012115
20 -0.04880161 0 0 0 0 -0.707715
21 -0.1889133 0.06475638 -0.0265498 -3.139415 -0.005103788 -0.4518085
22 -0.04874142 0.04765864 -0.06862451 1.787741 -0.276586 -0.7554917
23 -0.06127064 0 0 -0.06257772 0.2217633 -0.7094637
24 -0.1028246 0 0 -0.1176855 -0.09469986 -0.01050035
25 0.1304068 0.1682832 0 3.002857 -0.3399695 2.474074
26 0.08318153 0 0 0.1400527 -0.07542623 -0.04082272
27 0.1212126 0 0 0.1260746 -0.1390985 0.1388258
28 0.1593245 0 0 0.246898 -0.1961451 0.5434774
29 0.1580408 -0.04389011 -0.1625071 -2.820743 0.4746043 1.444282
30 0.1386825 -0.006931146 0.004727043 0.3438253 0.2339205 -0.7670875
31 0.07876897 1.806102E-05 -0.005639316 -0.8053253 -0.3475379 -0.1395585
32 0.130848 0.0002848966 0.00104755 -0.1606698 0.02377127 -0.5861883
33 0.1839588 0.0008644731 0.002803161 -0.02946225 0.08970422 0.06699988
34 0.1270494 -0.04798919 0.1736073 -2.588348 1.170102 -1.454766
35 -0.1374714 3.473833E-07 -5.7742E-08 0.06337721 0.4965227 -0.4662753
36 -0.06898984 0 0 -0.3015648 -0.4908873 -0.4085305
37 -0.1247 0 0 -0.4071815 0.1138712 -0.2311749
38 -0.1734369 0 0 0.2303704 -0.2009604 -0.2423501
39 0.1243179 0.1711765 0 0.1718876 0.1753002 1.10784
40 0.1502504 0.1029305 -0.176686 -1.007727 1.418049 0.4405991
41 0.0984958 0.02850619 0.1872715 -1.453866 0.8877957 -3.112358
42 0.1708579 0.009936064 0 -0.2120648 -0.07533958 -0.2073175
43 0.0049 0 0 0 0 0
44 0.5171545 -0.2663316 0.2896972 2.565003 -0.7445385 -0.4896299
45 0.1972673 0 0 0.2981757 0.3871638 -1.422412
46 0.05363192 -0.1692977 0 -0.1007006 0 -1.228345
47 0.0006023012 -0.03346459 -0.04911327 -0.0299896 0.1182365 -1.859887
48 0.000602576 -0.03346451 0.0491133 0.01859463 -0.05497326 -1.743886
49 0 -0.00544714 0 -2.156007 0.06359524 -1.555542
50 0.1349337 0.007935909 0.1169305 -0.3417473 -0.0652352 0.04217041
51 0.06775701 0 0 0 0 0
52 0.07025615 0 0 0.01372302 0.1459528 -0.03852613
53 0.05538215 -0.1613821 0 -0.01709938 0.00564654 -1.513184
54 0.1349336 0.007935909 -0.116931 0.7297567 0.3636464 0.1004703
55 0.067757 0 0 0 0 0
56 0.0702562 0 0 0.1035348 -0.3186015 0.09449471
57 0.0553822 -0.161382 0 0.06357618 -0.02569135 -1.567969
time 77
0 0 0 0 0 0 0
1 0.0694901 0.4528448 -0.1577222 0.006333596 0.03608641 0.0166167
2 0 0.002591992 0 -1.251424 0.1088237 1.631804
3 0.152 0 0 -0.1694808 -0.1254387 0.05857052
4 0.05880687 0.02725044 -0.08225372 2.630156 1.503406 1.02845
5 0.1144182 0.0005082054 0.0002229364 -2.875567 -0.04840797 -0.8825127
6 0.122 0 0 0 0 -0.7895797
7 0.1347621 0 0 -0.7212724 0 0
8 0.1343401 0 0 0.1412737 -0.1667423 -0.06398493
9 0.1197383 0 6.123017E-05 0.001594511 -0.005315024 -0.1523874
10 0.04880161 0 0 0 0 -0.133081
11 0.04874135 -0.0476583 0.06862446 1.320563 -0.7452617 -0.5197868
12 0.06127064 0 0 0.02337943 0.103897 -0.1668657
13 0.1028249 0 0 -0.1176855 -0.09469986 -0.01050035
14 0.05880699 0.02725041 0.0822537 -1.570795 1.371103 -0.03702443
15 -0.1009997 0 0 -1.736528 0.6801206 -0.5233485
16 -0.1219999 0 0 1.018397E-06 -2.77252E-06 -1.048056
17 -0.1347622 0 0 -0.312308 0 0
18 -0.1343399 0 0 1.240393 0.3485645 0.7299716
19 -0.1197386 0 -6.123033E-05 -0.001372244 -0.005376858 0.2012115
20 -0.04880161 0 0 0 0 -0.707715
21 -0.1889133 0.06475638 -0.0265498 -3.139415 -0.005103788 -0.4518085
22 -0.04874142 0.04765864 -0.06862451 1.787741 -0.276586 -0.7554917
23 -0.06127064 0 0 -0.06257772 0.2217633 -0.7094637
24 -0.1028246 0 0 -0.1176855 -0.09469986 -0.01050035
25 0.1304068 0.1682832 0 3.003268 -0.3438094 2.466212
26 0.08318153 0 0 0.134973 -0.07630578 -0.0376519
27 0.1212126 0 0 0.123396 -0.1390985 0.1388156
28 0.1593245 0 0 0.2468982 -0.1961453 0.5343581
29 0.1582232 -0.04408531 -0.1623311 -2.818609 0.473717 1.436016
30 0.1386825 -0.006931146 0.004727043 0.3438253 0.2339205 -0.7670875
31 0.07876897 1.806102E-05 -0.005639316 -0.8034779 -0.3505761 -0.1468589
32 0.130848 0.0002848966 0.00104755 -0.1597395 0.01758849 -0.589458
33 0.1839588 0.0008644731 0.002803161 -0.02892044 0.08409308 0.06016284
34 0.1270494 -0.04800452 0.1736078 -2.588846 1.170277 -1.463123
35 -0.1374714 3.473833E-07 -5.7742E-08 0.06337721 0.4965227 -0.4662753
36 -0.06898984 0 0 -0.300296 -0.488604 -0.4070145
37 -0.1247 0 0 -0.4028177 0.1150876 -0.2292622
38 -0.1734369 0 0 0.2301977 -0.2045848 -0.2403478
39 0.1243179 0.1711765 0 0.1754152 0.1753002 1.10784
40 0.1502504 0.1029305 -0.176686 -0.9969159 1.420905 0.4514873
41 0.0984958 0.02850619 0.1872715 -1.45427 0.8852564 -3.112895
42 0.1708579 0.009936064 0 -0.2102914 -0.07062832 -0.2108419
43 0.0049 0 0 0 0 0
44 0.5171545 -0.2663316 0.2896972 2.577711 -0.7422334 -0.5073907
45 0.1972673 0 0 0.30148 0.377046 -1.404223
46 0.05363192 -0.1692977 0 -0.09739912 -3.72529E-09 -1.228345
47 0.0006023012 -0.03346459 -0.04911327 -0.02998958 0.1230951 -1.859982
48 0.000602576 -0.03346451 0.0491133 0.01859463 -0.05040068 -1.74385
49 0 -0.00544714 0 -2.153867 0.06537599 -1.555048
50 0.1349337 0.007935909 0.1169305 -0.3411106 -0.0611504 0.04335706
51 0.06775701 0 0 0 0 0
52 0.07025615 0 0 0.01133986 0.145665 -0.03959325
53 0.05538215 -0.1613821 0 -0.01709938 0.00564654 -1.513184
54 0.1349336 0.007935909 -0.116931 0.7296681 0.3696825 0.09923284
55 0.067757 0 0 0 0 0
56 0.0702562 0 0 0.1014788 -0.3192762 0.0971484
57 0.0553822 -0.161382 0 0.06357618 -0.02569135 -1.567969
time 78
0 0 0 0 0 0 0
1 0.06905288 0.4523034 -0.1576706 0.006332504 0.03608066 0.01935095
2 0 0.002591992 0 -1.253632 0.112006 1.632385
3 0.152 0 0 -0.1694797 -0.1265233 0.06391818
4 0.05880687 0.02725044 -0.08225372 2.598606 1.502136 0.9969755
5 0.1144182 0.0005082054 0.0002229364 -2.866551 -0.04237457 -0.8952281
6 0.122 0 0 0 0 -0.8118041
7 0.1347621 0 0 -0.7212724 0 0
8 0.1343401 0 0 0.1392148 -0.1670422 -0.05188935
9 0.1197383 0 6.123017E-05 0.001594511 -0.005315029 -0.1501169
10 0.04880161 0 0 0 0 -0.1303109
11 0.04874135 -0.0476583 0.06862446 1.319448 -0.7473516 -0.518909
12 0.06127064 0 0 0.02410575 0.103445 -0.1634008
13 0.1028249 0 0 -0.1176855 -0.09469986 -0.01050035
14 0.05880699 0.02725041 0.0822537 -1.570795 1.371103 -0.03702443
15 -0.1009997 0 0 -1.726818 0.6945353 -0.5120071
16 -0.1219999 0 0 1.018397E-06 -2.77252E-06 -1.071457
17 -0.1347622 0 0 -0.3171821 0 0
18 -0.1343399 0 0 1.239926 0.3502307 0.7445387
19 -0.1197386 0 -6.123033E-05 -0.001372244 -0.005376858 0.2012115
20 -0.04880161 0 0 0 0 -0.707715
21 -0.1889133 0.06475638 -0.0265498 -3.139415 -0.005103788 -0.4518085
22 -0.04874142 0.04765864 -0.06862451 1.787741 -0.276586 -0.7554917
23 -0.06127064 0 0 -0.06257772 0.2217633 -0.7094637
24 -0.1028246 0 0 -0.1176855 -0.09469986 -0.01050035
25 0.1304068 0.1682832 0 3.00359 -0.347977 2.45901
26 0.08318153 0 0 0.1296944 -0.07721403 -0.03436466
27 0.1212126 0 0 0.1206202 -0.1390981 0.1388026
28 0.1593245 0 0 0.2468981 -0.1961451 0.5249073
29 0.1584075 -0.04427809 -0.1621534 -2.816301 0.4725562 1.428522
30 0.1386825 -0.006931146 0.004727043 0.3438253 0.2339205 -0.7670875
31 0.07876897 1.806102E-05 -0.005639316 -0.801847 -0.3530813 -0.1531547
32 0.130848 0.0002848966 0.00104755 -0.1588398 0.01149826 -0.5927408
33 0.1839588 0.0008644731 0.002803161 -0.02814549 0.07829236 0.05122614
34 0.1270494 -0.04802156 0.1736079 -2.589613 1.170668 -1.471073
35 -0.1374714 3.473833E-07 -5.7742E-08 0.06337721 0.4965227 -0.4662753
36 -0.06898984 0 0 -0.298981 -0.4862382 -0.4054458
37 -0.1247 0 0 -0.3983002 0.1165165 -0.2273172
38 -0.1734369 0 0 0.2300036 -0.2078663 -0.2382335
39 0.1243179 0.1711765 0 0.1785708 0.1753002 1.10784
40 0.1502504 0.1029305 -0.176686 -0.9868831 1.423412 0.4615953
41 0.0984958 0.02850619 0.1872715 -1.454616 0.8829717 -3.113364
42 0.1708579 0.009936064 0 -0.2078492 -0.06500804 -0.2107353
43 0.0049 0 0 0 0 0
44 0.5171545 -0.2663316 0.2896972 2.58937 -0.7392695 -0.5236246
45 0.1972673 0 0 0.3050051 0.3661721 -1.384883
46 0.05363192 -0.1692977 0 -0.09428567 -7.450581E-09 -1.228345
47 0.0006023012 -0.03346459 -0.04911327 -0.02998959 0.1279325 -1.860077
48 0.000602576 -0.03346451 0.0491133 0.01859462 -0.04584685 -1.743813
49 0 -0.00544714 0 -2.151648 0.06722064 -1.554538
50 0.1349337 0.007935909 0.1169305 -0.3405923 -0.05722089 0.04447297
51 0.06775701 0 0 0 0 0
52 0.07025615 0 0 0.008946853 0.1455228 -0.04063875
53 0.05538215 -0.1613821 0 -0.01709938 0.00564654 -1.513184
54 0.1349336 0.007935909 -0.116931 0.7294807 0.3755601 0.09779117
55 0.067757 0 0 0 0 0
56 0.0702562 0 0 0.0994193 -0.3198141 0.09974005
57 0.0553822 -0.161382 0 0.06357618 -0.02569135 -1.567969
time 79
0 0 0 0 0 0 0
1 0.06860176 0.4517768 -0.1575901 0.006333533 0.03608619 0.02199702
2 0 0.002591992 0 -1.255933 0.114217 1.632982
3 0.152 0 0 -0.169479 -0.1276429 0.06919575
4 0.05880687 0.02725044 -0.08225372 2.567945 1.500785 0.9663885
5 0.1144182 0.0005082054 0.0002229364 -2.858123 -0.03625934 -0.9083035
6 0.122 0 0 0 0 -0.8357853
7 0.1347621 0 0 -0.7212724 0 0
8 0.1343401 0 0 0.137204 -0.1673102 -0.04040175
9 0.1197383 0 6.123017E-05 0.001594508 -0.005315022 -0.149537
10 0.04880161 0 0 0 0 -0.1298597
11 0.04874135 -0.0476583 0.06862446 1.318883 -0.7480389 -0.5183994
12 0.06127064 0 0 0.02427206 0.1030987 -0.1628404
13 0.1028249 0 0 -0.1176855 -0.09469986 -0.01050035
14 0.05880699 0.02725041 0.0822537 -1.570795 1.371103 -0.03702443
15 -0.1009997 0 0 -1.717566 0.7083104 -0.5007114
16 -0.1219999 0 0 1.018396E-06 -2.772519E-06 -1.093649
17 -0.1347622 0 0 -0.3217591 0 0
18 -0.1343399 0 0 1.239305 0.3519639 0.7574421
19 -0.1197386 0 -6.123033E-05 -0.001372244 -0.005376858 0.2012115
20 -0.04880161 0 0 0 0 -0.707715
21 -0.1889133 0.06475638 -0.0265498 -3.139415 -0.005103788 -0.4518085
22 -0.04874142 0.04765864 -0.06862451 1.787741 -0.276586 -0.7554917
23 -0.06127064 0 0 -0.06257772 0.2217633 -0.7094637
24 -0.1028246 0 0 -0.1176855 -0.09469986 -0.01050035
25 0.1304068 0.1682832 0 3.00367 -0.3524407 2.452802
26 0.08318153 0 0 0.1242426 -0.07815637 -0.03097391
27 0.1212126 0 0 0.1177554 -0.1390984 0.1387877
28 0.1593245 0 0 0.2468981 -0.1961453 0.5151519
29 0.1585936 -0.04443597 -0.1619742 -2.81383 0.4711281 1.422149
30 0.1386825 -0.006931146 0.004727043 0.3438253 0.2339205 -0.7670875
31 0.07876897 1.806102E-05 -0.005639316 -0.8004955 -0.3549762 -0.1581703
32 0.130848 0.0002848966 0.00104755 -0.1579857 0.005569226 -0.5959561
33 0.1839588 0.0008644731 0.002803161 -0.02712497 0.07232583 0.0404725
34 0.1270494 -0.04804023 0.1736075 -2.590567 1.171274 -1.478239
35 -0.1374714 3.473833E-07 -5.7742E-08 0.06337721 0.4965227 -0.4662753
36 -0.06898984 0 0 -0.2976232 -0.4837959 -0.4038284
37 -0.1247 0 0 -0.3936413 0.1181507 -0.225345
38 -0.1734369 0 0 0.2297881 -0.2107914 -0.2360108
39 0.1243179 0.1711765 0 0.1813378 0.1753002 1.10784
40 0.1502504 0.1029305 -0.176686 -0.9777638 1.425573 0.4707804
41 0.0984958 0.02850619 0.1872715 -1.454912 0.8809468 -3.113764
42 0.1708579 0.009936064 0 -0.2047725 -0.05862331 -0.2072256
43 0.0049 0 0 0 0 0
44 0.5171545 -0.2663316 0.2896972 2.599706 -0.735478 -0.5379281
45 0.1972673 0 0 0.3086222 0.3547553 -1.365041
46 0.05363192 -0.1692977 0 -0.09137123 7.450581E-09 -1.228345
47 0.0006023012 -0.03346459 -0.04911327 -0.0299896 0.132738 -1.860175
48 0.000602576 -0.03346451 0.0491133 0.01859463 -0.04132199 -1.743776
49 0 -0.00544714 0 -2.149357 0.06912454 -1.554011
50 0.1349337 0.007935909 0.1169305 -0.3401799 -0.05345352 0.04551339
51 0.06775701 0 0 0 0 0
52 0.07025615 0 0 0.006548217 0.1455144 -0.04165884
53 0.05538215 -0.1613821 0 -0.01709938 0.00564654 -1.513184
54 0.1349336 0.007935909 -0.116931 0.729189 0.3812561 0.09614334
55 0.067757 0 0 0 0 0
56 0.0702562 0 0 0.09736207 -0.3202072 0.1022634
57 0.0553822 -0.161382 0 0.06357618 -0.02569135 -1.567969
time 80
0 0 0 0 0 0 0
1 0.0681379 0.4512688 -0.15748 0.006333725 0.03608719 0.02453931
2 0 0.002591992 0 -1.258326 0.1152762 1.633593
3 0.152 0 0 -0.1694784 -0.1287942 0.07422251
4 0.05880687 0.02725044 -0.08225372 2.538189 1.499353 0.9367081
5 0.1144182 0.0005082054 0.0002229364 -2.850571 -0.03019221 -0.921538
6 0.122 0 0 0 0 -0.8610691
7 0.1347621 0 0 -0.7212724 0 0
8 0.1343401 0 0 0.1352637 -0.1675515 -0.02955294
9 0.1197383 0 6.123017E-05 0.001594514 -0.005315035 -0.150236
10 0.04880161 0 0 0 0 -0.1310121
11 0.04874135 -0.0476583 0.06862446 1.318792 -0.7476059 -0.51822
12 0.06127064 0 0 0.02427905 0.1028541 -0.1642925
13 0.1028249 0 0 -0.1176855 -0.09469986 -0.01050035
14 0.05880699 0.02725041 0.0822537 -1.570795 1.371103 -0.03702443
15 -0.1009997 0 0 -1.709063 0.7212003 -0.4897307
16 -0.1219999 0 0 1.018397E-06 -2.77252E-06 -1.114504
17 -0.1347622 0 0 -0.3260096 0 0
18 -0.1343399 0 0 1.23853 0.3537196 0.7684142
19 -0.1197386 0 -6.123033E-05 -0.001372244 -0.005376858 0.2012115
20 -0.04880161 0 0 0 0 -0.707715
21 -0.1889133 0.06475638 -0.0265498 -3.139415 -0.005103788 -0.4518085
22 -0.04874142 0.04765864 -0.06862451 1.787741 -0.276586 -0.7554917
23 -0.06127064 0 0 -0.06257772 0.2217633 -0.7094637
24 -0.1028246 0 0 -0.1176855 -0.09469986 -0.01050035
25 0.1304068 0.1682832 0 3.00351 -0.3571685 2.447923
26 0.08318153 0 0 0.1186192 -0.07912487 -0.02748524
27 0.1212126 0 0 0.1148093 -0.1391 0.1387715
28 0.1593245 0 0 0.2468981 -0.1961451 0.5051163
29 0.1587812 -0.04456132 -0.1617938 -2.811211 0.4694383 1.417249
30 0.1386825 -0.006931146 0.004727043 0.3438253 0.2339205 -0.7670875
31 0.07876897 1.806102E-05 -0.005639316 -0.7994832 -0.3561822 -0.1616302
32 0.130848 0.0002848966 0.00104755 -0.1571928 -0.0001854524 -0.599026
33 0.1839588 0.0008644731 0.002803161 -0.02583775 0.06619199 0.02817034
34 0.1270494 -0.04806042 0.1736065 -2.591626 1.172095 -1.484244
35 -0.1374714 3.473833E-07 -5.7742E-08 0.06337721 0.4965227 -0.4662753
36 -0.06898984 0 0 -0.2962263 -0.4812839 -0.4021665
37 -0.1247 0 0 -0.3888539 0.1199827 -0.2233507
38 -0.1734369 0 0 0.2295524 -0.2133478 -0.2336844
39 0.1243179 0.1711765 0 0.1836992 0.1753002 1.10784
40 0.1502504 0.1029305 -0.176686 -0.9696979 1.427383 0.4789022
41 0.0984958 0.02850619 0.1872715 -1.455173 0.8791865 -3.114096
42 0.1708579 0.009936064 0 -0.2010999 -0.05162025 -0.2005451
43 0.0049 0 0 0 0 0
44 0.5171545 -0.2663316 0.2896972 2.608443 -0.7306878 -0.5498993
45 0.1972673 0 0 0.3122026 0.343009 -1.345345
46 0.05363192 -0.1692977 0 -0.0886668 1.117587E-08 -1.228345
47 0.0006023012 -0.03346459 -0.04911327 -0.02998961 0.1375009 -1.860272
48 0.000602576 -0.03346451 0.0491133 0.01859462 -0.03683624 -1.74374
49 0 -0.00544714 0 -2.147 0.0710825 -1.55347
50 0.1349337 0.007935909 0.1169305 -0.3398668 -0.04985504 0.0464734
51 0.06775701 0 0 0 0 0
52 0.07025615 0 0 0.004148795 0.1456383 -0.04265254
53 0.05538215 -0.1613821 0 -0.01709938 0.00564654 -1.513184
54 0.1349336 0.007935909 -0.116931 0.7287909 0.3867487 0.09428828
55 0.067757 0 0 0 0 0
56 0.0702562 0 0 0.0953143 -0.320453 0.1047137
57 0.0553822 -0.161382 0 0.06357618 -0.02569135 -1.567969
time 81
0 0 0 0 0 0 0
1 0.06766244 0.450783 -0.1573398 0.00633246 0.03608048 0.02696724
2 0 0.002591992 0 -1.260806 0.1150035 1.634217
3 0.152 0 0 -0.16948 -0.129976 0.07881904
4 0.05880687 0.02725044 -0.08225372 2.509349 1.497854 0.9079431
5 0.1144182 0.0005082054 0.0002229364 -2.844183 -0.02430293 -0.9347303
6 0.122 0 0 0 0 -0.8872022
7 0.1347621 0 0 -0.7212724 0 0
8 0.1343401 0 0 0.1334037 -0.167756 -0.01935069
9 0.1197383 0 6.123017E-05 0.001594522 -0.005315055 -0.1518005
10 0.04880161 0 0 0 0 -0.1330541
11 0.04874135 -0.0476583 0.06862446 1.319094 -0.7463345 -0.5183309
12 0.06127064 0 0 0.02413158 0.1026995 -0.1668528
13 0.1028249 0 0 -0.1176855 -0.09469986 -0.01050035
14 0.05880699 0.02725041 0.0822537 -1.570795 1.371103 -0.03702443
15 -0.1009997 0 0 -1.701602 0.7329599 -0.4793356
16 -0.1219999 0 0 1.018397E-06 -2.77252E-06 -1.13389
17 -0.1347622 0 0 -0.3299113 0 0
18 -0.1343399 0 0 1.237604 0.3554529 0.777432
19 -0.1197386 0 -6.123033E-05 -0.001372244 -0.005376858 0.2012115
20 -0.04880161 0 0 0 0 -0.707715
21 -0.1889133 0.06475638 -0.0265498 -3.139415 -0.005103788 -0.4518085
22 -0.04874142 0.04765864 -0.06862451 1.787741 -0.276586 -0.7554917
23 -0.06127064 0 0 -0.06257772 0.2217633 -0.7094637
24 -0.1028246 0 0 -0.1176855 -0.09469986 -0.01050035
25 0.1304068 0.1682832 0 3.003111 -0.3621291 2.444708
26 0.08318153 0 0 0.1128381 -0.08011837 -0.023908
27 0.1212126 0 0 0.1117862 -0.1390985 0.1387499
28 0.1593245 0 0 0.2468981 -0.1961451 0.4948265
29 0.15897 -0.04465646 -0.1616124 -2.808454 0.4674917 1.414172
30 0.1386825 -0.006931146 0.004727043 0.3438253 0.2339205 -0.7670875
31 0.07876897 1.806102E-05 -0.005639316 -0.7988716 -0.3566211 -0.163259
32 0.130848 0.0002848966 0.00104755 -0.1564758 -0.005752368 -0.6018697
33 0.1839588 0.0008644731 0.002803161 -0.02427633 0.05992715 0.01460694
34 0.1270494 -0.04808206 0.1736051 -2.592705 1.173132 -1.488711
35 -0.1374714 3.473833E-07 -5.7742E-08 0.06337721 0.4965227 -0.4662753
36 -0.06898984 0 0 -0.2947938 -0.4787092 -0.4004648
37 -0.1247 0 0 -0.3839486 0.1220049 -0.2213381
38 -0.1734369 0 0 0.2292933 -0.21552 -0.2312547
39 0.1243179 0.1711765 0 0.1856382 0.1753002 1.10784
40 0.1502504 0.1029305 -0.176686 -0.9628221 1.428844 0.4858171
41 0.0984958 0.02850619 0.1872715 -1.455398 0.8776949 -3.114382
42 0.1708579 0.009936064 0 -0.1968618 -0.04414174 -0.1909177
43 0.0049 0 0 0 0 0
44 0.5171545 -0.2663316 0.2896972 2.615308 -0.7247292 -0.5591355
45 0.1972673 0 0 0.3156173 0.3311472 -1.326443
46 0.05363192 -0.1692977 0 -0.08618331 7.450581E-09 -1.228345
47 0.0006023012 -0.03346459 -0.04911327 -0.02998959 0.1422107 -1.860371
48 0.000602576 -0.03346451 0.0491133 0.01859463 -0.03239985 -1.743703
49 0 -0.00544714 0 -2.144581 0.07308999 -1.552915
50 0.1349337 0.007935909 0.1169305 -0.3396485 -0.0464318 0.04734766
51 0.06775701 0 0 0 0 0
52 0.07025615 0 0 0.001753319 0.1458905 -0.04361805
53 0.05538215 -0.1613821 0 -0.01709938 0.00564654 -1.513184
54 0.1349336 0.007935909 -0.116931 0.7282825 0.3920153 0.09222445
55 0.067757 0 0 0 0 0
56 0.0702562 0 0 0.09328178 -0.3205436 0.1070845
57 0.0553822 -0.161382 0 0.06357618 -0.02569135 -1.567969
time 82
0 0 0 0 0 0 0
1 0.06717653 0.4503232 -0.1571687 0.006333834 0.03608785 0.02928986
2 0 0.002591992 0 -1.263373 0.113593 1.634852
3 0.152 0 0 -0.1694802 -0.1311829 0.08280297
4 0.05880687 0.02725044 -0.08225372 2.48145 1.496282 0.8801205
5 0.1144182 0.0005082054 0.0002229364 -2.839248 -0.0187215 -0.9476789
6 0.122 0 0 0 0 -0.9137304
7 0.1347621 0 0 -0.7212724 0 0
8 0.1343401 0 0 0.1316396 -0.1679212 -0.009804919
9 0.1197383 0 6.123017E-05 0.001594521 -0.005315051 -0.1538168
10 0.04880161 0 0 0 0 -0.13527
11 0.04874135 -0.0476583 0.06862446 1.319711 -0.7445068 -0.5186934
12 0.06127064 0 0 0.02383557 0.1026301 -0.1696282
13 0.1028249 0 0 -0.1176855 -0.09469986 -0.01050035
14 0.05880699 0.02725041 0.0822537 -1.570795 1.371103 -0.03702443
15 -0.1009997 0 0 -1.695474 0.7433431 -0.4697946
16 -0.1219999 0 0 1.018397E-06 -2.77252E-06 -1.151678
17 -0.1347622 0 0 -0.3334368 0 0
18 -0.1343399 0 0 1.236532 0.357119 0.7845896
19 -0.1197386 0 -6.123033E-05 -0.001372244 -0.005376858 0.2012115
20 -0.04880161 0 0 0 0 -0.707715
21 -0.1889133 0.06475638 -0.0265498 -3.139415 -0.005103788 -0.4518085
22 -0.04874142 0.04765864 -0.06862451 1.787741 -0.276586 -0.7554917
23 -0.06127064 0 0 -0.06257772 0.2217633 -0.7094637
24 -0.1028246 0 0 -0.1176855 -0.09469986 -0.01050035
25 0.1304068 0.1682832 0 3.002474 -0.3672902 2.443491
26 0.08318153 0 0 0.1069092 -0.08113339 -0.02025046
27 0.1212126 0 0 0.1086973 -0.1390997 0.1387279
28 0.1593245 0 0 0.2468981 -0.1961453 0.484308
29 0.1591597 -0.04472375 -0.1614303 -2.805573 0.4652944 1.413172
30 0.1386825 -0.006931146 0.004727043 0.3438253 0.2339205 -0.7670875
31 0.07876897 1.806102E-05 -0.005639316 -0.798723 -0.3562156 -0.1627811
32 0.130848 0.0002848966 0.00104755 -0.1558503 -0.01111835 -0.6044092
33 0.1839588 0.0008644731 0.002803161 -0.02260608 0.05352817 5.292178E-05
34 0.1270494 -0.04810505 0.173603 -2.593725 1.174384 -1.491264
35 -0.1374714 3.473833E-07 -5.7742E-08 0.06337721 0.4965227 -0.4662753
36 -0.06898984 0 0 -0.2933286 -0.4760759 -0.3987258
37 -0.1247 0 0 -0.3789358 0.1242096 -0.2193112
38 -0.1734369 0 0 0.2290285 -0.2172953 -0.2287262
39 0.1243179 0.1711765 0 0.187138 0.1753002 1.10784
40 0.1502504 0.1029305 -0.176686 -0.9572764 1.429954 0.4913839
41 0.0984958 0.02850619 0.1872715 -1.455587 0.8764775 -3.114619
42 0.1708579 0.009936064 0 -0.1920955 -0.03633344 -0.1785744
43 0.0049 0 0 0 0 0
44 0.5171545 -0.2663316 0.2896972 2.619147 -0.7174326 -0.5652336
45 0.1972673 0 0 0.3187377 0.3193831 -1.308985
46 0.05363192 -0.1692977 0 -0.08393171 3.72529E-09 -1.228345
47 0.0006023012 -0.03346459 -0.04911327 -0.02998959 0.1468567 -1.860471
48 0.000602576 -0.03346451 0.0491133 0.01859463 -0.02802301 -1.743667
49 0 -0.00544714 0 -2.142108 0.07514217 -1.552348
50 0.1349337 0.007935909 0.1169305 -0.3395244 -0.04319066 0.04813137
51 0.06775701 0 0 0 0 0
52 0.07025615 0 0 -0.0006334578 0.1462695 -0.0445544
53 0.05538215 -0.1613821 0 -0.01709938 0.00564654 -1.513184
54 0.1349336 0.007935909 -0.116931 0.727662 0.3970342 0.08995086
55 0.067757 0 0 0 0 0
56 0.0702562 0 0 0.0912717 -0.3204764 0.1093711
57 0.0553822 -0.161382 0 0.06357618 -0.02569135 -1.567969
time 83
0 0 0 0 0 0 0
1 0.06668131 0.449893 -0.1569661 0.006332771 0.03608226 0.03147891
2 0 0.002591992 0 -1.266023 0.1114439 1.635497
3 0.152 0 0 -0.1694806 -0.1324132 0.08599461
4 0.05880687 0.02725044 -0.08225372 2.454503 1.494645 0.8532503
5 0.1144182 0.0005082054 0.0002229364 -2.83583 -0.01357774 -0.9601824
6 0.122 0 0 0 0 -0.9403384
7 0.1347621 0 0 -0.7212724 0 0
8 0.1343401 0 0 0.1299871 -0.1680439 -0.0009252178
9 0.1197383 0 6.123017E-05 0.001594521 -0.005315054 -0.1558729
10 0.04880161 0 0 0 0 -0.1375162
11 0.04874135 -0.0476583 0.06862446 1.320563 -0.7424049 -0.5192674
12 0.06127064 0 0 0.02339707 0.1026417 -0.1724402
13 0.1028249 0 0 -0.1176855 -0.09469986 -0.01050035
14 0.05880699 0.02725041 0.0822537 -1.570795 1.371103 -0.03702443
15 -0.1009997 0 0 -1.69097 0.7521052 -0.4613774
16 -0.1219999 0 0 1.018397E-06 -2.772519E-06 -1.167739
17 -0.1347622 0 0 -0.3365644 0 0
18 -0.1343399 0 0 1.235316 0.3586732 0.7900214
19 -0.1197386 0 -6.123033E-05 -0.001372244 -0.005376858 0.2012115
20 -0.04880161 0 0 0 0 -0.707715
21 -0.1889133 0.06475638 -0.0265498 -3.139415 -0.005103788 -0.4518085
22 -0.04874142 0.04765864 -0.06862451 1.787741 -0.276586 -0.7554917
23 -0.06127064 0 0 -0.06257772 0.2217633 -0.7094637
24 -0.1028246 0 0 -0.1176855 -0.09469986 -0.01050035
25 0.1304068 0.1682832 0 3.0016 -0.3726201 2.444458
26 0.08318153 0 0 0.1008474 -0.08216976 -0.01652205
27 0.1212126 0 0 0.1055476 -0.1391001 0.1387025
28 0.1593245 0 0 0.246898 -0.1961451 0.4735855
29 0.1593502 -0.04476554 -0.1612476 -2.802579 0.4628518 1.414101
30 0.1386825 -0.006931146 0.004727043 0.3438253 0.2339205 -0.7670875
31 0.07876897 1.806102E-05 -0.005639316 -0.7990984 -0.3548877 -0.1603605
32 0.130848 0.0002848966 0.00104755 -0.1553311 -0.01627003 -0.6065642
33 0.1839588 0.0008644731 0.002803161 -0.020921 0.04702586 -0.015214
34 0.1270494 -0.0481293 0.1736005 -2.5946 1.175851 -1.491461
35 -0.1374714 3.473833E-07 -5.7742E-08 0.06337721 0.4965227 -0.4662753
36 -0.06898984 0 0 -0.2918345 -0.4733915 -0.3969542
37 -0.1247 0 0 -0.3738331 0.1265904 -0.2172779
38 -0.1734369 0 0 0.2287523 -0.2186597 -0.2261014
39 0.1243179 0.1711765 0 0.1881817 0.1753002 1.10784
40 0.1502504 0.1029305 -0.176686 -0.9531983 1.43071 0.4954604
41 0.0984958 0.02850619 0.1872715 -1.455741 0.8755386 -3.11481
42 0.1708579 0.009936064 0 -0.1868358 -0.02834001 -0.1638595
43 0.0049 0 0 0 0 0
44 0.5171545 -0.2663316 0.2896972 2.619092 -0.7086277 -0.5665296
45 0.1972673 0 0 0.3214347 0.3079306 -1.293617
46 0.05363192 -0.1692977 0 -0.08192293 -3.72529E-09 -1.228345
47 0.0006023012 -0.03346459 -0.04911327 -0.02998958 0.1514282 -1.860571
48 0.000602576 -0.03346451 0.0491133 0.01859462 -0.02371592 -1.743631
49 0 -0.00544714 0 -2.139586 0.07723399 -1.55177
50 0.1349337 0.007935909 0.1169305 -0.3394961 -0.04013867 0.04882016
51 0.06775701 0 0 0 0 0
52 0.07025615 0 0 -0.003006613 0.1467681 -0.04545882
53 0.05538215 -0.1613821 0 -0.01709938 0.00564654 -1.513184
54 0.1349336 0.007935909 -0.116931 0.726927 0.4017836 0.08746637
55 0.067757 0 0 0 0 0
56 0.0702562 0 0 0.08929124 -0.3202497 0.111569
57 0.0553822 -0.161382 0 0.06357618 -0.02569135 -1.567969
time 84
0 0 0 0 0 0 0
1 0.06617793 0.4494963 -0.1567313 0.00633392 0.03608819 0.03354776
2 0 0.002591992 0 -1.268754 0.1086862 1.636151
3 0.152 0 0 -0.1694811 -0.1336638 0.08821338
4 0.05880687 0.02725044 -0.08225372 2.428529 1.49295 0.8273538
5 0.1144182 0.0005082054 0.0002229364 -2.833703 -0.00900169 -0.9721937
6 0.122 0 0 0 0 -0.966944
7 0.1347621 0 0 -0.7212724 0 0
8 0.1343401 0 0 0.1284564 -0.1681151 0.007279376
9 0.1197383 0 6.123017E-05 0.001594489 -0.00531497 -0.1579477
10 0.04880161 0 0 0 0 -0.1401169
11 0.04874135 -0.0476583 0.06862446 1.321574 -0.7403111 -0.5200154
12 0.06127064 0 0 0.02282128 0.1027251 -0.1757037
13 0.1028249 0 0 -0.1176855 -0.09469986 -0.01050035
14 0.05880699 0.02725041 0.0822537 -1.570795 1.371103 -0.03702443
15 -0.1009997 0 0 -1.688384 0.7589879 -0.4543537
16 -0.1219999 0 0 1.018396E-06 -2.772519E-06 -1.181941
17 -0.1347622 0 0 -0.3392661 0 0
18 -0.1343399 0 0 1.233959 0.3600711 0.793861
19 -0.1197386 0 -6.123033E-05 -0.001372244 -0.005376858 0.2012115
20 -0.04880161 0 0 0 0 -0.707715
21 -0.1889133 0.06475638 -0.0265498 -3.139415 -0.005103788 -0.4518085
22 -0.04874142 0.04765864 -0.06862451 1.787741 -0.276586 -0.7554917
23 -0.06127064 0 0 -0.06257772 0.2217633 -0.7094637
24 -0.1028246 0 0 -0.1176855 -0.09469986 -0.01050035
25 0.1304068 0.1682832 0 3.000489 -0.3780876 2.447394
26 0.08318153 0 0 0.09466247 -0.08322383 -0.01273097
27 0.1212126 0 0 0.1023451 -0.1391004 0.1386744
28 0.1593245 0 0 0.246898 -0.196145 0.4626852
29 0.1595411 -0.04478418 -0.1610647 -2.799484 0.4601693 1.416713
30 0.1386825 -0.006931146 0.004727043 0.3438253 0.2339205 -0.7670875
31 0.07876897 1.806102E-05 -0.005639316 -0.8000599 -0.3525597 -0.1564796
32 0.130848 0.0002848966 0.00104755 -0.1549341 -0.02119433 -0.6082572
33 0.1839588 0.0008644731 0.002803161 -0.01923164 0.04041574 -0.03091252
34 0.1270494 -0.04815471 0.1735973 -2.595249 1.177533 -1.489307
35 -0.1374714 3.473833E-07 -5.7742E-08 0.06337721 0.4965227 -0.4662753
36 -0.06898984 0 0 -0.2903156 -0.4706633 -0.395155
37 -0.1247 0 0 -0.3686488 0.1291392 -0.2152408
38 -0.1734369 0 0 0.2284647 -0.219599 -0.2233825
39 0.1243179 0.1711765 0 0.1887526 0.1753002 1.10784
40 0.1502504 0.1029305 -0.176686 -0.9507253 1.431112 0.4979069
41 0.0984958 0.02850619 0.1872715 -1.455858 0.8748829 -3.114955
42 0.1708579 0.009936064 0 -0.1811194 -0.02030634 -0.1475352
43 0.0049 0 0 0 0 0
44 0.5171545 -0.2663316 0.2896972 2.615294 -0.6977275 -0.5622136
45 0.1972673 0 0 0.3235798 0.2970027 -1.280988
46 0.05363192 -0.1692977 0 -0.08016793 1.117587E-08 -1.228345
47 0.0006023012 -0.03346459 -0.04911327 -0.02998959 0.1559147 -1.860672
48 0.000602576 -0.03346451 0.0491133 0.01859463 -0.01948875 -1.743595
49 0 -0.00544714 0 -2.137021 0.0793607 -1.551184
50 0.1349337 0.007935909 0.1169305 -0.3395559 -0.03728193 0.04940806
51 0.06775701 0 0 0 0 0
52 0.07025615 0 0 -0.005361683 0.1473895 -0.04633183
53 0.05538215 -0.1613821 0 -0.01709938 0.00564654 -1.513184
54 0.1349336 0.007935909 -0.116931 0.7260757 0.4062416 0.08476996
55 0.067757 0 0 0 0 0
56 0.0702562 0 0 0.08734566 -0.3198152 0.113671
57 0.0553822 -0.161382 0 0.06357618 -0.02569135 -1.567969
time 85
0 0 0 0 0 0 0
1 0.06566754 0.4491366 -0.1564637 0.006334023 0.03608883 0.03547442
2 0 0.002591992 0 -1.271563 0.1054489 1.636812
3 0.152 0 0 -0.1694804 -0.1349313 0.08927792
4 0.05880687 0.02725044 -0.08225372 2.403541 1.491196 0.802444
5 0.1144182 0.0005082054 0.0002229364 -2.832716 -0.005123071 -0.983782
6 0.122 0 0 0 0 -0.9934411
7 0.1347621 0 0 -0.7212724 0 0
8 0.1343401 0 0 0.1270645 -0.1681332 0.01479896
9 0.1197383 0 6.123017E-05 0.001594519 -0.005315049 -0.1602906
10 0.04880161 0 0 0 0 -0.1430694
11 0.04874135 -0.0476583 0.06862446 1.322664 -0.7381991 -0.5208973
12 0.06127064 0 0 0.02211415 0.1028754 -0.179406
13 0.1028249 0 0 -0.1176855 -0.09469986 -0.01050035
14 0.05880699 0.02725041 0.0822537 -1.570795 1.371103 -0.03702443
15 -0.1009997 0 0 -1.687724 0.764011 -0.4489927
16 -0.1219999 0 0 1.018397E-06 -2.77252E-06 -1.194157
17 -0.1347622 0 0 -0.3415176 0 0
18 -0.1343399 0 0 1.232465 0.3612676 0.7962421
19 -0.1197386 0 -6.123033E-05 -0.001372244 -0.005376858 0.2012115
20 -0.04880161 0 0 0 0 -0.707715
21 -0.1889133 0.06475638 -0.0265498 -3.139415 -0.005103788 -0.4518085
22 -0.04874142 0.04765864 -0.06862451 1.787741 -0.276586 -0.7554917
23 -0.06127064 0 0 -0.06257772 0.2217633 -0.7094637
24 -0.1028246 0 0 -0.1176855 -0.09469986 -0.01050035
25 0.1304068 0.1682832 0 2.999145 -0.3836602 2.452032
26 0.08318153 0 0 0.08836339 -0.08429071 -0.008885521
27 0.1212126 0 0 0.09909638 -0.1390998 0.1386425
28 0.1593245 0 0 0.2468981 -0.1961452 0.4516327
29 0.1597322 -0.04478201 -0.1608817 -2.796423 0.4572528 1.420756
30 0.1386825 -0.006931146 0.004727043 0.3438253 0.2339205 -0.7670875
31 0.07876897 1.806102E-05 -0.005639316 -0.8014433 -0.3494422 -0.1513396
32 0.130848 0.0002848966 0.00104755 -0.1546739 -0.02587773 -0.6094069
33 0.1839588 0.0008644731 0.002803161 -0.01756066 0.03372165 -0.04676177
34 0.1270494 -0.0481812 0.1735935 -2.595591 1.17943 -1.485091
35 -0.1374714 3.473833E-07 -5.7742E-08 0.06337721 0.4965227 -0.4662753
36 -0.06898984 0 0 -0.2887746 -0.4678961 -0.393331
37 -0.1247 0 0 -0.3633938 0.1318482 -0.2132038
38 -0.1734369 0 0 0.2281687 -0.2201011 -0.2205744
39 0.1243179 0.1711765 0 0.1888336 0.1753002 1.10784
40 0.1502504 0.1029305 -0.176686 -0.9499965 1.43116 0.4985774
41 0.0984958 0.02850619 0.1872715 -1.45594 0.8745153 -3.115053
42 0.1708579 0.009936064 0 -0.174978 -0.01237638 -0.1304475
43 0.0049 0 0 0 0 0
44 0.5171545 -0.2663316 0.2896972 2.607903 -0.6845722 -0.5531639
45 0.1972673 0 0 0.3250442 0.2868134 -1.271748
46 0.05363192 -0.1692977 0 -0.07867768 -3.72529E-09 -1.228345
47 0.0006023012 -0.03346459 -0.04911327 -0.02998958 0.1603054 -1.860774
48 0.000602576 -0.03346451 0.0491133 0.01859463 -0.01535176 -1.74356
49 0 -0.00544714 0 -2.134419 0.08151732 -1.550589
50 0.1349337 0.007935909 0.1169305 -0.3397054 -0.03462753 0.04989072
51 0.06775701 0 0 0 0 0
52 0.07025615 0 0 -0.00769382 0.148128 -0.04717112
53 0.05538215 -0.1613821 0 -0.01709938 0.00564654 -1.513184
54 0.1349336 0.007935909 -0.116931 0.7251021 0.4103849 0.08185947
55 0.067757 0 0 0 0 0
56 0.0702562 0 0 0.08544231 -0.3190653 0.1156727
57 0.0553822 -0.161382 0 0.06357618 -0.02569135 -1.567969
time 86
0 0 0 0 0 0 0
1 0.06515127 0.4488176 -0.1561626 0.006334168 0.03608952 0.03725644
2 0 0.002591992 0 -1.274448 0.1018623 1.637479
3 0.152 0 0 -0.1694798 -0.1362133 0.08900844
4 0.05880687 0.02725044 -0.08225372 2.379559 1.489389 0.7785399
5 0.1144182 0.0005082054 0.0002229364 -2.832717 -0.002071769 -0.9949204
6 0.122 0 0 0 0 -1.019722
7 0.1347621 0 0 -0.7212724 0 0
8 0.1343401 0 0 0.1258267 -0.1681296 0.0216243
9 0.1197383 0 6.123017E-05 0.001594522 -0.005315051 -0.1628859
10 0.04880161 0 0 0 0 -0.1463525
11 0.04874135 -0.0476583 0.06862446 1.323754 -0.7358646 -0.5218739
12 0.06127064 0 0 0.02128156 0.1030883 -0.1835353
13 0.1028249 0 0 -0.1176855 -0.09469986 -0.01050035
14 0.05880699 0.02725041 0.0822537 -1.570795 1.371103 -0.03702443
15 -0.1009997 0 0 -1.688619 0.7673433 -0.4455644
16 -0.1219999 0 0 1.018396E-06 -2.772519E-06 -1.204254
17 -0.1347622 0 0 -0.3432942 0 0
18 -0.1343399 0 0 1.230835 0.3622183 0.7972987
19 -0.1197386 0 -6.123033E-05 -0.001372244 -0.005376858 0.2012115
20 -0.04880161 0 0 0 0 -0.707715
21 -0.1889133 0.06475638 -0.0265498 -3.139415 -0.005103788 -0.4518085
22 -0.04874142 0.04765864 -0.06862451 1.787741 -0.276586 -0.7554917
23 -0.06127064 0 0 -0.06257772 0.2217633 -0.7094637
24 -0.1028246 0 0 -0.1176855 -0.09469986 -0.01050035
25 0.1304068 0.1682832 0 2.997566 -0.3893065 2.458107
26 0.08318153 0 0 0.08199025 -0.08537607 -0.004995623
27 0.1212126 0 0 0.09580972 -0.1390996 0.1386081
28 0.1593245 0 0 0.2468981 -0.1961452 0.4404527
29 0.1599233 -0.04476138 -0.160699 -2.793513 0.4541073 1.425982
30 0.1386825 -0.006931146 0.004727043 0.3438253 0.2339205 -0.7670875
31 0.07876897 1.806102E-05 -0.005639316 -0.8030365 -0.3457753 -0.1451412
32 0.130848 0.0002848966 0.00104755 -0.1545661 -0.0303071 -0.6099355
33 0.1839588 0.0008644731 0.002803161 -0.01593305 0.02696874 -0.06250147
34 0.1270494 -0.04820868 0.1735892 -2.595541 1.181542 -1.479103
35 -0.1374714 3.473833E-07 -5.7742E-08 0.06337721 0.4965227 -0.4662753
36 -0.06898984 0 0 -0.2872154 -0.465097 -0.3914866
37 -0.1247 0 0 -0.3580825 0.1347106 -0.2111734
38 -0.1734369 0 0 0.2278635 -0.2201509 -0.2176788
39 0.1243179 0.1711765 0 0.1884084 0.1753002 1.107841
40 0.1502504 0.1029305 -0.176686 -0.9511501 1.43085 0.4973324
41 0.0984958 0.02850619 0.1872715 -1.455985 0.8744401 -3.115105
42 0.1708579 0.009936064 0 -0.1687522 -0.004695057 -0.1134458
43 0.0049 0 0 0 0 0
44 0.5171545 -0.2663316 0.2896972 2.59707 -0.6696272 -0.5402587
45 0.1972673 0 0 0.3256989 0.2775763 -1.266544
46 0.05363192 -0.1692977 0 -0.07746313 7.450581E-09 -1.228345
47 0.0006023012 -0.03346459 -0.04911327 -0.0299896 0.1645899 -1.860876
48 0.000602576 -0.03346451 0.0491133 0.01859463 -0.01131512 -1.743524
49 0 -0.00544714 0 -2.131786 0.08369917 -1.549987
50 0.1349337 0.007935909 0.1169305 -0.339946 -0.03218236 0.0502637
51 0.06775701 0 0 0 0 0
52 0.07025615 0 0 -0.009997551 0.1489723 -0.04797252
53 0.05538215 -0.1613821 0 -0.01709938 0.00564654 -1.513184
54 0.1349336 0.007935909 -0.116931 0.724005 0.414192 0.07873403
55 0.067757 0 0 0 0 0
56 0.0702562 0 0 0.08358758 -0.3180128 0.1175685
57 0.0553822 -0.161382 0 0.06357618 -0.02569135 -1.567969
time 87
0 0 0 0 0 0 0
1 0.06463028 0.4485432 -0.1558273 0.006333396 0.03608551 0.0388814
2 0 0.002591992 0 -1.277406 0.0980553 1.63815
3 0.152 0 0 -0.1694791 -0.1375072 0.08759119
4 0.05880687 0.02725044 -0.08225372 2.3566 1.487539 0.7556577
5 0.1144182 0.0005082054 0.0002229364 -2.833557 0.0002413839 -1.005582
6 0.122 0 0 0 0 -1.04568
7 0.1347621 0 0 -0.7212724 0 0
8 0.1343401 0 0 0.124755 -0.1681308 0.02774574
9 0.1197383 0 6.123017E-05 0.001594528 -0.00531507 -0.1657275
10 0.04880161 0 0 0 0 -0.1499605
11 0.04874135 -0.0476583 0.06862446 1.324764 -0.7333151 -0.5229062
12 0.06127064 0 0 0.02032845 0.1033506 -0.1880644
13 0.1028249 0 0 -0.1176855 -0.09469986 -0.01050035
14 0.05880699 0.02725041 0.0822537 -1.570795 1.371103 -0.03702443
15 -0.1009997 0 0 -1.690779 0.7691533 -0.4439108
16 -0.1219999 0 0 1.018397E-06 -2.77252E-06 -1.212187
17 -0.1347622 0 0 -0.3445704 0 0
18 -0.1343399 0 0 1.229075 0.3628779 0.7971652
19 -0.1197386 0 -6.123033E-05 -0.001372244 -0.005376858 0.2012115
20 -0.04880161 0 0 0 0 -0.707715
21 -0.1889133 0.06475638 -0.0265498 -3.139415 -0.005103788 -0.4518085
22 -0.04874142 0.04765864 -0.06862451 1.787741 -0.276586 -0.7554917
23 -0.06127064 0 0 -0.06257772 0.2217633 -0.7094637
24 -0.1028246 0 0 -0.1176855 -0.09469986 -0.01050035
25 0.1304068 0.1682832 0 2.995755 -0.3949948 2.465353
26 0.08318153 0 0 0.07556493 -0.08646698 -0.001068576
27 0.1212126 0 0 0.09249301 -0.1391007 0.1385719
28 0.1593245 0 0 0.2468981 -0.1961451 0.4291708
29 0.1601141 -0.04472465 -0.1605168 -2.790745 0.4507388 1.432139
30 0.1386825 -0.006931146 0.004727043 0.3438253 0.2339205 -0.7670875
31 0.07876897 1.806102E-05 -0.005639316 -0.8047967 -0.3416292 -0.1380853
32 0.130848 0.0002848966 0.00104755 -0.154626 -0.0344693 -0.6097643
33 0.1839588 0.0008644731 0.002803161 -0.01436229 0.02016107 -0.07784327
34 0.1270494 -0.04823704 0.1735842 -2.595017 1.18387 -1.471634
35 -0.1374714 3.473833E-07 -5.7742E-08 0.06337721 0.4965227 -0.4662753
36 -0.06898984 0 0 -0.2856411 -0.4622715 -0.3896257
37 -0.1247 0 0 -0.3527273 0.137719 -0.2091542
38 -0.1734369 0 0 0.2275528 -0.219737 -0.2148128
39 0.1243179 0.1711765 0 0.187484 0.1753002 1.10784
40 0.1502504 0.1029305 -0.176686 -0.9543248 1.430183 0.4940309
41 0.0984958 0.02850619 0.1872715 -1.455995 0.8746628 -3.115111
42 0.1708579 0.009936064 0 -0.162774 0.002592897 -0.09737901
43 0.0049 0 0 0 0 0
44 0.5171545 -0.2663316 0.2896972 2.583729 -0.6533588 -0.5243769
45 0.1972673 0 0 0.3254412 0.2695047 -1.266024
46 0.05363192 -0.1692977 0 -0.0765352 1.117587E-08 -1.228345
47 0.0006023012 -0.03346459 -0.04911327 -0.02998959 0.1687573 -1.860979
48 0.000602576 -0.03346451 0.0491133 0.01859463 -0.007389024 -1.743489
49 0 -0.00544714 0 -2.129128 0.08590116 -1.54938
50 0.1349337 0.007935909 0.1169305 -0.3402705 -0.02995275 0.05052117
51 0.06775701 0 0 0 0 0
52 0.07025615 0 0 -0.01226957 0.1499357 -0.04873997
53 0.05538215 -0.1613821 0 -0.01709938 0.00564654 -1.513184
54 0.1349336 0.007935909 -0.116931 0.7227823 0.4176412 0.07539261
55 0.067757 0 0 0 0 0
56 0.0702562 0 0 0.08178771 -0.3166701 0.1193523
57 0.0553822 -0.161382 0 0.06357618 -0.02569135 -1.567969
time 88
0 0 0 0 0 0 0
1 0.0641057 0.448317 -0.1554654 0.006333668 0.03608699 0.040353
2 0 0.002591992 0 -1.280434 0.09415797 1.638825
3 0.152 0 0 -0.1694783 -0.1388099 0.08542013
4 0.05880687 0.02725044 -0.08225372 2.334677 1.48564 0.7338132
5 0.1144182 0.0005082054 0.0002229364 -2.835083 0.002043413 -1.01574
6 0.122 0 0 0 0 -1.071208
7 0.1347621 0 0 -0.7212724 0 0
8 0.1343401 0 0 0.1238639 -0.168136 0.03315376
9 0.1197383 0 6.123017E-05 0.00159453 -0.005315077 -0.1688057
10 0.04880161 0 0 0 0 -0.153883
11 0.04874135 -0.0476583 0.06862446 1.325776 -0.730558 -0.5239553
12 0.06127064 0 0 0.01926155 0.1036659 -0.1929956
13 0.1028249 0 0 -0.1176855 -0.09469986 -0.01050035
14 0.05880699 0.02725041 0.0822537 -1.570795 1.371103 -0.03702443
15 -0.1009997 0 0 -1.693919 0.7696094 -0.4433944
16 -0.1219999 0 0 1.018397E-06 -2.77252E-06 -1.218102
17 -0.1347622 0 0 -0.3453213 0 0
18 -0.1343399 0 0 1.227186 0.3632022 0.7959743
19 -0.1197386 0 -6.123033E-05 -0.001372244 -0.005376858 0.2012115
20 -0.04880161 0 0 0 0 -0.707715
21 -0.1889133 0.06475638 -0.0265498 -3.139415 -0.005103788 -0.4518085
22 -0.04874142 0.04765864 -0.06862451 1.787741 -0.276586 -0.7554917
23 -0.06127064 0 0 -0.06257772 0.2217633 -0.7094637
24 -0.1028246 0 0 -0.1176855 -0.09469986 -0.01050035
25 0.1304068 0.1682832 0 2.993713 -0.4006932 2.473502
26 0.08318153 0 0 0.06910523 -0.08756476 0.002886177
27 0.1212126 0 0 0.08915132 -0.1390993 0.1385305
28 0.1593245 0 0 0.246898 -0.1961451 0.4178126
29 0.1603043 -0.04467415 -0.1603352 -2.788111 0.4471527 1.43898
30 0.1386825 -0.006931146 0.004727043 0.3438253 0.2339205 -0.7670875
31 0.07876897 1.806102E-05 -0.005639316 -0.806685 -0.3370757 -0.1303728
32 0.130848 0.0002848966 0.00104755 -0.1548685 -0.03835082 -0.608353
33 0.1839588 0.0008644731 0.002803161 -0.01286927 0.01331575 -0.0925188
34 0.1270494 -0.04826621 0.1735786 -2.593937 1.186413 -1.462973
35 -0.1374714 3.473833E-07 -5.7742E-08 0.06337721 0.4965227 -0.4662753
36 -0.06898984 0 0 -0.2840558 -0.4594271 -0.3877529
37 -0.1247 0 0 -0.3473386 0.1408656 -0.2071502
38 -0.1734369 0 0 0.2272328 -0.2188422 -0.211913
39 0.1243179 0.1711765 0 0.1860923 0.1753002 1.10784
40 0.1502504 0.1029305 -0.176686 -0.9596577 1.429157 0.4885287
41 0.0984958 0.02850619 0.1872715 -1.455969 0.8751872 -3.115072
42 0.1708579 0.009936064 0 -0.1571867 0.009342693 -0.08309675
43 0.0049 0 0 0 0 0
44 0.5171545 -0.2663316 0.2896972 2.569092 -0.6362324 -0.5063965
45 0.1972673 0 0 0.3244808 0.2628122 -1.269912
46 0.05363192 -0.1692977 0 -0.07590486 7.450581E-09 -1.228345
47 0.0006023012 -0.03346459 -0.04911327 -0.02998957 0.1727971 -1.861082
48 0.000602576 -0.03346451 0.0491133 0.01859463 -0.003583669 -1.743455
49 0 -0.00544714 0 -2.12645 0.08811876 -1.54877
50 0.1349337 0.007935909 0.1169305 -0.3406812 -0.02794565 0.0506588
51 0.06775701 0 0 0 0 0
52 0.07025615 0 0 -0.01450469 0.1510084 -0.04946984
53 0.05538215 -0.1613821 0 -0.01709938 0.00564654 -1.513184
54 0.1349336 0.007935909 -0.116931 0.721431 0.4207102 0.07183399
55 0.067757 0 0 0 0 0
56 0.0702562 0 0 0.08005026 -0.315056 0.1210204
57 0.0553822 -0.161382 0 0.06357618 -0.02569135 -1.567969
time 89
0 0 0 0 0 0 0
1 0.0635787 0.4481426 -0.1550853 0.006333393 0.03608556 0.04165488
2 0 0.002591992 0 -1.283531 0.09029973 1.639501
3 0.152 0 0 -0.1694804 -0.1401208 0.0826302
4 0.05880687 0.02725044 -0.08225372 2.313812 1.483706 0.7130254
5 0.1144182 0.0005082054 0.0002229364 -2.837145 0.003410778 -1.025367
6 0.122 0 0 0 0 -1.0962
7 0.1347621 0 0 -0.7212724 0 0
8 0.1343401 0 0 0.1230948 -0.1681484 0.03783937
9 0.1197383 0 6.123017E-05 0.001594533 -0.00531508 -0.1721121
10 0.04880161 0 0 0 0 -0.1581011
11 0.04874135 -0.0476583 0.06862446 1.326844 -0.7276013 -0.5249819
12 0.06127064 0 0 0.01808589 0.1040219 -0.1983039
13 0.1028249 0 0 -0.1176855 -0.09469986 -0.01050035
14 0.05880699 0.02725041 0.0822537 -1.570795 1.371103 -0.03702443
15 -0.1009997 0 0 -1.697747 0.7688804 -0.4438013
16 -0.1219999 0 0 1.018397E-06 -2.77252E-06 -1.222159
17 -0.1347622 0 0 -0.3455218 0 0
18 -0.1343399 0 0 1.225171 0.3631464 0.7938607
19 -0.1197386 0 -6.123033E-05 -0.001372244 -0.005376858 0.2012115
20 -0.04880161 0 0 0 0 -0.707715
21 -0.1889133 0.06475638 -0.0265498 -3.139415 -0.005103788 -0.4518085
22 -0.04874142 0.04765864 -0.06862451 1.787741 -0.276586 -0.7554917
23 -0.06127064 0 0 -0.06257772 0.2217633 -0.7094637
24 -0.1028246 0 0 -0.1176855 -0.09469986 -0.01050035
25 0.1304068 0.1682832 0 2.99144 -0.40637 2.48229
26 0.08318153 0 0 0.06262469 -0.08866668 0.006859803
27 0.1212126 0 0 0.08579378 -0.1390984 0.1384864
28 0.1593245 0 0 0.2468981 -0.1961452 0.4064037
29 0.1604937 -0.04461224 -0.1601546 -2.785602 0.4433545 1.446254
30 0.1386825 -0.006931146 0.004727043 0.3438253 0.2339205 -0.7670875
31 0.07876897 1.806102E-05 -0.005639316 -0.808659 -0.3321847 -0.1222045
32 0.130848 0.0002848966 0.00104755 -0.1553089 -0.04193851 -0.6054289
33 0.1839588 0.0008644731 0.002803161 -0.01147096 0.006445356 -0.1062379
34 0.1270494 -0.0482961 0.1735724 -2.592218 1.189171 -1.45341
35 -0.1374714 3.473833E-07 -5.7742E-08 0.06337721 0.4965227 -0.4662753
36 -0.06898984 0 0 -0.2824624 -0.456569 -0.3858714
37 -0.1247 0 0 -0.341929 0.144143 -0.2051663
38 -0.1734369 0 0 0.2269095 -0.2174567 -0.2089904
39 0.1243179 0.1711765 0 0.1842526 0.1753002 1.10784
40 0.1502504 0.1029305 -0.176686 -0.9667178 1.427771 0.4813519
41 0.0984958 0.02850619 0.1872715 -1.455908 0.8760185 -3.114987
42 0.1708579 0.009936064 0 -0.1521344 0.01540999 -0.0714487
43 0.0049 0 0 0 0 0
44 0.5171545 -0.2663316 0.2896972 2.553721 -0.618714 -0.4871959
45 0.1972673 0 0 0.3228814 0.2572865 -1.277259
46 0.05363192 -0.1692977 0 -0.07558307 3.72529E-09 -1.228345
47 0.0006023012 -0.03346459 -0.04911327 -0.02998958 0.1766987 -1.861185
48 0.000602576 -0.03346451 0.0491133 0.01859463 9.070337E-05 -1.74342
49 0 -0.00544714 0 -2.123759 0.09034674 -1.548157
50 0.1349337 0.007935909 0.1169305 -0.3411758 -0.02616773 0.0506716
51 0.06775701 0 0 0 0 0
52 0.07025615 0 0 -0.01669679 0.1521767 -0.050157
53 0.05538215 -0.1613821 0 -0.01709938 0.00564654 -1.513184
54 0.1349336 0.007935909 -0.116931 0.7199474 0.4233766 0.06805647
55 0.067757 0 0 0 0 0
56 0.0702562 0 0 0.07838089 -0.3131796 0.1225659
57 0.0553822 -0.161382 0 0.06357618 -0.02569135 -1.567969
time 90
0 0 0 0 0 0 0
1 0.0630504 0.4480239 -0.154688 0.006333142 0.03608424 0.04278314
2 0 0.002591992 0 -1.286671 0.0866099 1.640177
3 0.152 0 0 -0.1694784 -0.141432 0.07935107
4 0.05880687 0.02725044 -0.08225372 2.293892 1.481737 0.6931821
5 0.1144182 0.0005082054 0.0002229364 -2.839593 0.004419848 -1.034436
6 0.122 0 0 0 0 -1.120547
7 0.1347621 0 0 -0.7212724 0 0
8 0.1343401 0 0 0.1224776 -0.1681634 0.04179263
9 0.1197383 0 6.123017E-05 0.001594501 -0.005315002 -0.1756352
10 0.04880161 0 0 0 0 -0.162608
11 0.04874135 -0.0476583 0.06862446 1.327966 -0.7244521 -0.5259468
12 0.06127064 0 0 0.01680708 0.1044108 -0.2039704
13 0.1028249 0 0 -0.1176855 -0.09469986 -0.01050035
14 0.05880699 0.02725041 0.0822537 -1.570795 1.371103 -0.03702443
15 -0.1009997 0 0 -1.701979 0.7671347 -0.4449188
16 -0.1219999 0 0 1.018397E-06 -2.77252E-06 -1.224519
17 -0.1347622 0 0 -0.3453511 0 0
18 -0.1343399 0 0 1.223034 0.3626654 0.790958
19 -0.1197386 0 -6.123033E-05 -0.001372244 -0.005376858 0.2012115
20 -0.04880161 0 0 0 0 -0.707715
21 -0.1889133 0.06475638 -0.0265498 -3.139415 -0.005103788 -0.4518085
22 -0.04874142 0.04765864 -0.06862451 1.787741 -0.276586 -0.7554917
23 -0.06127064 0 0 -0.06257772 0.2217633 -0.7094637
24 -0.1028246 0 0 -0.1176855 -0.09469986 -0.01050035
25 0.1304068 0.1682832 0 2.988939 -0.4119934 2.491449
26 0.08318153 0 0 0.05614519 -0.08978334 0.01084453
27 0.1212126 0 0 0.08242821 -0.1390992 0.1384407
28 0.1593245 0 0 0.2468978 -0.1961448 0.3949688
29 0.1606821 -0.04454126 -0.1599752 -2.783207 0.4393498 1.453712
30 0.1386825 -0.006931146 0.004727043 0.3438253 0.2339205 -0.7670875
31 0.07876897 1.806102E-05 -0.005639316 -0.8106784 -0.3270279 -0.1137813
32 0.130848 0.0002848966 0.00104755 -0.1559629 -0.04521926 -0.6012148
33 0.1839588 0.0008644731 0.002803161 -0.01018667 -0.0004337871 -0.1187175
34 0.1270494 -0.0483266 0.1735655 -2.589942 1.191989 -1.443236
35 -0.1374714 3.473833E-07 -5.7742E-08 0.06337721 0.4965227 -0.4662753
36 -0.06898984 0 0 -0.2808647 -0.4537037 -0.3839856
37 -0.1247 0 0 -0.3365086 0.1475434 -0.2032062
38 -0.1734369 0 0 0.226582 -0.2155653 -0.2060496
39 0.1243179 0.1711765 0 0.1819847 0.1753002 1.10784
40 0.1502504 0.1029305 -0.176686 -0.9749358 1.426024 0.4730215
41 0.0984958 0.02850619 0.1872715 -1.455811 0.8771619 -3.114856
42 0.1708579 0.009936064 0 -0.1477527 0.02064992 -0.0632804
43 0.0049 0 0 0 0 0
44 0.5171545 -0.2663316 0.2896972 2.53818 -0.6012692 -0.4676537
45 0.1972673 0 0 0.3207071 0.2525146 -1.287696
46 0.05363192 -0.1692977 0 -0.07558075 7.450581E-09 -1.228345
47 0.0006023012 -0.03346459 -0.04911327 -0.02998958 0.1804515 -1.861289
48 0.000602576 -0.03346451 0.0491133 0.01859463 0.003623929 -1.743387
49 0 -0.00544714 0 -2.12106 0.09258073 -1.547543
50 0.1349337 0.007935909 0.1169305 -0.3417492 -0.02462554 0.05050328
51 0.06775701 0 0 0 0 0
52 0.07025615 0 0 -0.01884261 0.1534496 -0.05080408
53 0.05538215 -0.1613821 0 -0.01709938 0.00564654 -1.513184
54 0.1349336 0.007935909 -0.116931 0.7183291 0.4256185 0.06405904
55 0.067757 0 0 0 0 0
56 0.0702562 0 0 0.07678632 -0.3110555 0.1239834
57 0.0553822 -0.161382 0 0.06357618 -0.02569135 -1.567969
time 91
0 0 0 0 0 0 0
1 0.06252196 0.4479645 -0.1542743 0.006332763 0.03608245 0.04372992
2 0 0.002591992 0 -1.289759 0.08321848 1.640852
3 0.152 0 0 -0.1694802 -0.1427465 0.07572006
4 0.05880687 0.02725044 -0.08225372 2.274783 1.479736 0.6741485
5 0.1144182 0.0005082054 0.0002229364 -2.842274 0.005146951 -1.042921
6 0.122 0 0 0 0 -1.144145
7 0.1347621 0 0 -0.7212724 0 0
8 0.1343401 0 0 0.1220066 -0.168179 0.04500372
9 0.1197383 0 6.123017E-05 0.001594531 -0.005315077 -0.1793742
10 0.04880161 0 0 0 0 -0.1673905
11 0.04874135 -0.0476583 0.06862446 1.329138 -0.7211183 -0.5267885
12 0.06127064 0 0 0.01543109 0.1048298 -0.2099873
13 0.1028249 0 0 -0.1176855 -0.09469986 -0.01050035
14 0.05880699 0.02725041 0.0822537 -1.570795 1.371103 -0.03702443
15 -0.1009997 0 0 -1.706325 0.764541 -0.4465331
16 -0.1219999 0 0 1.018397E-06 -2.77252E-06 -1.225343
17 -0.1347622 0 0 -0.3450179 0 0
18 -0.1343399 0 0 1.220779 0.3618863 0.7874005
19 -0.1197386 0 -6.123033E-05 -0.001372244 -0.005376858 0.2012115
20 -0.04880161 0 0 0 0 -0.707715
21 -0.1889133 0.06475638 -0.0265498 -3.139415 -0.005103788 -0.4518085
22 -0.04874142 0.04765864 -0.06862451 1.787741 -0.276586 -0.7554917
23 -0.06127064 0 0 -0.06257772 0.2217633 -0.7094637
24 -0.1028246 0 0 -0.1176855 -0.09469986 -0.01050035
25 0.1304068 0.1682832 0 2.986209 -0.4175317 2.500715
26 0.08318153 0 0 0.04966878 -0.0908962 0.01483102
27 0.1212126 0 0 0.07906115 -0.1391 0.1383919
28 0.1593245 0 0 0.2468981 -0.1961452 0.3835349
29 0.1608692 -0.04446357 -0.1597972 -2.780919 0.4353869 1.461104
30 0.1386825 -0.006931146 0.004727043 0.3438253 0.2339205 -0.7670875
31 0.07876897 1.806102E-05 -0.005639316 -0.8127016 -0.3216757 -0.1053041
32 0.130848 0.0002848966 0.00104755 -0.1568451 -0.04817949 -0.5959301
33 0.1839588 0.0008644731 0.002803161 -0.009037863 -0.007306501 -0.129706
34 0.1270494 -0.04835763 0.1735579 -2.587287 1.194634 -1.432741
35 -0.1374714 3.473833E-07 -5.7742E-08 0.06337721 0.4965227 -0.4662753
36 -0.06898984 0 0 -0.2792665 -0.4508386 -0.3821002
37 -0.1247 0 0 -0.3310942 0.1510606 -0.2012775
38 -0.1734369 0 0 0.226249 -0.213211 -0.2030949
39 0.1243179 0.1711765 0 0.1793086 0.1753002 1.10784
40 0.1502504 0.1029305 -0.176686 -0.984166 1.423914 0.463684
41 0.0984958 0.02850619 0.1872715 -1.455678 0.8786209 -3.114681
42 0.1708579 0.009936064 0 -0.1441836 0.02492587 -0.05944093
43 0.0049 0 0 0 0 0
44 0.5171545 -0.2663316 0.2896972 2.523031 -0.5843639 -0.4486482
45 0.1972673 0 0 0.3180216 0.2484092 -1.300861
46 0.05363192 -0.1692977 0 -0.07590895 -3.72529E-09 -1.228345
47 0.0006023012 -0.03346459 -0.04911327 -0.02998959 0.1840447 -1.861393
48 0.000602576 -0.03346451 0.0491133 0.01859463 0.00700581 -1.743353
49 0 -0.00544714 0 -2.11836 0.09481525 -1.546928
50 0.1349337 0.007935909 0.1169305 -0.3424031 -0.02332595 0.05017084
51 0.06775701 0 0 0 0 0
52 0.07025615 0 0 -0.02093743 0.1548232 -0.05140943
53 0.05538215 -0.1613821 0 -0.01709938 0.00564654 -1.513184
54 0.1349336 0.007935909 -0.116931 0.7165735 0.4274138 0.0598404
55 0.067757 0 0 0 0 0
56 0.0702562 0 0 0.07527357 -0.3086999 0.1252685
57 0.0553822 -0.161382 0 0.06357618 -0.02569135 -1.567969
time 92
0 0 0 0 0 0 0
1 0.06199451 0.4479681 -0.1538453 0.006333605 0.03608667 0.04449601
2 0 0.002591992 0 -1.292792 0.08025482 1.641524
3 0.152 0 0 -0.1694809 -0.1440577 0.07186807
4 0.05880687 0.02725044 -0.08225372 2.256459 1.477711 0.6559015
5 0.1144182 0.0005082054 0.0002229364 -2.845039 0.00566841 -1.050794
6 0.122 0 0 0 0 -1.166886
7 0.1347621 0 0 -0.7212724 0 0
8 0.1343401 0 0 0.1216802 -0.1681991 0.04746409
9 0.1197383 0 6.123017E-05 0.001594526 -0.005315065 -0.1833121
10 0.04880161 0 0 0 0 -0.1724367
11 0.04874135 -0.0476583 0.06862446 1.330361 -0.7176076 -0.5276555
12 0.06127064 0 0 0.01396347 0.1052704 -0.2163348
13 0.1028249 0 0 -0.1176855 -0.09469986 -0.01050035
14 0.05880699 0.02725041 0.0822537 -1.570795 1.371103 -0.03702443
15 -0.1009997 0 0 -1.710498 0.761268 -0.448431
16 -0.1219999 0 0 1.018397E-06 -2.772519E-06 -1.224791
17 -0.1347622 0 0 -0.3445607 0 0
18 -0.1343399 0 0 1.218408 0.3609719 0.7833215
19 -0.1197386 0 -6.123033E-05 -0.001372244 -0.005376858 0.2012115
20 -0.04880161 0 0 0 0 -0.707715
21 -0.1889133 0.06475638 -0.0265498 -3.139415 -0.005103788 -0.4518085
22 -0.04874142 0.04765864 -0.06862451 1.787741 -0.276586 -0.7554917
23 -0.06127064 0 0 -0.06257772 0.2217633 -0.7094637
24 -0.1028246 0 0 -0.1176855 -0.09469986 -0.01050035
25 0.1304068 0.1682832 0 2.983463 -0.4229529 2.50982
26 0.08318153 0 0 0.04320974 -0.0920021 0.01880977
27 0.1212126 0 0 0.075699 -0.139099 0.1383381
28 0.1593245 0 0 0.2468981 -0.1961451 0.3721258
29 0.1610547 -0.0443815 -0.1596209 -2.778727 0.4316113 1.46818
30 0.1386825 -0.006931146 0.004727043 0.3438253 0.2339205 -0.7670875
31 0.07876897 1.806102E-05 -0.005639316 -0.8146897 -0.3161999 -0.09697377
32 0.130848 0.0002848966 0.00104755 -0.1579711 -0.0508062 -0.5897984
33 0.1839588 0.0008644731 0.002803161 -0.008041656 -0.01421717 -0.1389018
34 0.1270494 -0.0483891 0.1735497 -2.584336 1.197105 -1.422214
35 -0.1374714 3.473833E-07 -5.7742E-08 0.06337721 0.4965227 -0.4662753
36 -0.06898984 0 0 -0.2776706 -0.4479784 -0.3802181
37 -0.1247 0 0 -0.3256945 0.1546863 -0.1993829
38 -0.1734369 0 0 0.2259129 -0.2105886 -0.2001341
39 0.1243179 0.1711765 0 0.1762435 0.1753002 1.10784
40 0.1502504 0.1029305 -0.176686 -0.9942684 1.42144 0.4534824
41 0.0984958 0.02850619 0.1872715 -1.45551 0.8804012 -3.11446
42 0.1708579 0.009936064 0 -0.141578 0.02849956 -0.0607829
43 0.0049 0 0 0 0 0
44 0.5171545 -0.2663316 0.2896972 2.508838 -0.5684639 -0.4310576
45 0.1972673 0 0 0.314889 0.2448821 -1.316387
46 0.05363192 -0.1692977 0 -0.07659969 1.117587E-08 -1.228345
47 0.0006023012 -0.03346459 -0.04911327 -0.02998956 0.1874678 -1.861497
48 0.000602576 -0.03346451 0.0491133 0.01859463 0.01022615 -1.743321
49 0 -0.00544714 0 -2.115664 0.09704602 -1.546316
50 0.1349337 0.007935909 0.1169305 -0.3431355 -0.02227566 0.04968467
51 0.06775701 0 0 0 0 0
52 0.07025615 0 0 -0.02297578 0.1562899 -0.05196995
53 0.05538215 -0.1613821 0 -0.01709938 0.00564654 -1.513184
54 0.1349336 0.007935909 -0.116931 0.7146775 0.4287403 0.05539925
55 0.067757 0 0 0 0 0
56 0.0702562 0 0 0.07384869 -0.3061241 0.1264148
57 0.0553822 -0.161382 0 0.06357618 -0.02569135 -1.567969
time 93
0 0 0 0 0 0 0
1 0.06146922 0.4480383 -0.1534018 0.006332628 0.03608173 0.04505545
2 0 0.002591992 0 -1.295767 0.07784867 1.642192
3 0.152 0 0 -0.1694781 -0.1453609 0.06792731
4 0.05880687 0.02725044 -0.08225372 2.238909 1.475662 0.6384273
5 0.1144182 0.0005082054 0.0002229364 -2.847736 0.006060556 -1.058029
6 0.122 0 0 0 0 -1.188662
7 0.1347621 0 0 -0.7212724 0 0
8 0.1343401 0 0 0.121492 -0.1682207 0.04916384
9 0.1197383 0 6.123017E-05 0.001594531 -0.005315077 -0.187444
10 0.04880161 0 0 0 0 -0.1777365
11 0.04874135 -0.0476583 0.06862446 1.33163 -0.7139276 -0.5285464
12 0.06127064 0 0 0.01240995 0.1057276 -0.2230005
13 0.1028249 0 0 -0.1176855 -0.09469986 -0.01050035
14 0.05880699 0.02725041 0.0822537 -1.570795 1.371103 -0.03702443
15 -0.1009997 0 0 -1.71421 0.7574839 -0.4503988
16 -0.1219999 0 0 1.018397E-06 -2.77252E-06 -1.223025
17 -0.1347622 0 0 -0.3440158 0 0
18 -0.1343399 0 0 1.215922 0.3599528 0.7788545
19 -0.1197386 0 -6.123033E-05 -0.001372244 -0.005376858 0.2012115
20 -0.04880161 0 0 0 0 -0.707715
21 -0.1889133 0.06475638 -0.0265498 -3.139415 -0.005103788 -0.4518085
22 -0.04874142 0.04765864 -0.06862451 1.787741 -0.276586 -0.7554917
23 -0.06127064 0 0 -0.06257772 0.2217633 -0.7094637
24 -0.1028246 0 0 -0.1176855 -0.09469986 -0.01050035
25 0.1304068 0.1682832 0 2.98088 -0.4282255 2.518499
26 0.08318153 0 0 0.03678666 -0.09310859 0.0227736
27 0.1212126 0 0 0.07235014 -0.1390981 0.1382811
28 0.1593245 0 0 0.2468982 -0.1961453 0.3607677
29 0.1612384 -0.04429742 -0.1594466 -2.776624 0.4280295 1.47469
30 0.1386825 -0.006931146 0.004727043 0.3438253 0.2339205 -0.7670875
31 0.07876897 1.806102E-05 -0.005639316 -0.8165994 -0.3106704 -0.08899115
32 0.130848 0.0002848966 0.00104755 -0.1593557 -0.0530857 -0.5830391
33 0.1839588 0.0008644731 0.002803161 -0.007218084 -0.02120475 -0.1460404
34 0.1270494 -0.04842092 0.1735408 -2.581167 1.1994 -1.411946
35 -0.1374714 3.473833E-07 -5.7742E-08 0.06337721 0.4965227 -0.4662753
36 -0.06898984 0 0 -0.2760805 -0.4451292 -0.3783431
37 -0.1247 0 0 -0.3203218 0.1584131 -0.1975274
38 -0.1734369 0 0 0.2255765 -0.2077056 -0.197175
39 0.1243179 0.1711765 0 0.1728094 0.1753002 1.10784
40 0.1502504 0.1029305 -0.176686 -1.0051 1.418602 0.4425602
41 0.0984958 0.02850619 0.1872715 -1.455306 0.8824356 -3.114196
42 0.1708579 0.009936064 0 -0.1400639 0.03144566 -0.06760497
43 0.0049 0 0 0 0 0
44 0.5171545 -0.2663316 0.2896972 2.496164 -0.5540349 -0.4157606
45 0.1972673 0 0 0.3113729 0.2418454 -1.33391
46 0.05363192 -0.1692977 0 -0.07766519 -7.450581E-09 -1.228345
47 0.0006023012 -0.03346459 -0.04911327 -0.02998958 0.1907101 -1.8616
48 0.000602576 -0.03346451 0.0491133 0.01859463 0.0132747 -1.743289
49 0 -0.00544714 0 -2.112978 0.0992678 -1.545706
50 0.1349337 0.007935909 0.1169305 -0.3439428 -0.02148131 0.04905495
51 0.06775701 0 0 0 0 0
52 0.07025615 0 0 -0.02495234 0.1578435 -0.0524831
53 0.05538215 -0.1613821 0 -0.01709938 0.00564654 -1.513184
54 0.1349336 0.007935909 -0.116931 0.7126387 0.4295762 0.05073443
55 0.067757 0 0 0 0 0
56 0.0702562 0 0 0.07251789 -0.3033394 0.1274159
57 0.0553822 -0.161382 0 0.06357618 -0.02569135 -1.567969
time 94
0 0 0 0 0 0 0
1 0.06094721 0.4481791 -0.1529448 0.006333285 0.03608502 0.04542268
2 0 0.002591992 0 -1.298681 0.07612934 1.642855
3 0.152 0 0 -0.1694788 -0.1466587 0.06403437
4 0.05880687 0.02725044 -0.08225372 2.222104 1.473595 0.6216975
5 0.1144182 0.0005082054 0.0002229364 -2.850214 0.006399847 -1.064598
6 0.122 0 0 0 0 -1.209367
7 0.1347621 0 0 -0.7212724 0 0
8 0.1343401 0 0 0.1214363 -0.1682417 0.05009319
9 0.1197383 0 6.123017E-05 0.001594532 -0.005315081 -0.1917599
10 0.04880161 0 0 0 0 -0.1832744
11 0.04874135 -0.0476583 0.06862446 1.332941 -0.7100853 -0.5294582
12 0.06127064 0 0 0.01077618 0.1061929 -0.2299648
13 0.1028249 0 0 -0.1176855 -0.09469986 -0.01050035
14 0.05880699 0.02725041 0.0822537 -1.570795 1.371103 -0.03702443
15 -0.1009997 0 0 -1.717174 0.7533576 -0.4522237
16 -0.1219999 0 0 1.018396E-06 -2.772519E-06 -1.220205
17 -0.1347622 0 0 -0.3434177 0 0
18 -0.1343399 0 0 1.213328 0.3588586 0.7741342
19 -0.1197386 0 -6.123033E-05 -0.001372244 -0.005376858 0.2012115
20 -0.04880161 0 0 0 0 -0.707715
21 -0.1889133 0.06475638 -0.0265498 -3.139415 -0.005103788 -0.4518085
22 -0.04874142 0.04765864 -0.06862451 1.787741 -0.276586 -0.7554917
23 -0.06127064 0 0 -0.06257772 0.2217633 -0.7094637
24 -0.1028246 0 0 -0.1176855 -0.09469986 -0.01050035
25 0.1304068 0.1682832 0 2.978468 -0.4333229 2.526485
26 0.08318153 0 0 0.03040885 -0.09420289 0.02671159
27 0.1212126 0 0 0.06902256 -0.1390991 0.1382225
28 0.1593245 0 0 0.2468977 -0.1961447 0.3494849
29 0.16142 -0.04421366 -0.1592743 -2.7746 0.4246489 1.480386
30 0.1386825 -0.006931146 0.004727043 0.3438253 0.2339205 -0.7670875
31 0.07876897 1.806102E-05 -0.005639316 -0.8183926 -0.3051594 -0.08155709
32 0.130848 0.0002848966 0.00104755 -0.1610147 -0.05500529 -0.5758773
33 0.1839588 0.0008644731 0.002803161 -0.006586155 -0.02824503 -0.1508447
34 0.1270494 -0.04845299 0.1735311 -2.577863 1.201516 -1.402228
35 -0.1374714 3.473833E-07 -5.7742E-08 0.06337721 0.4965227 -0.4662753
36 -0.06898984 0 0 -0.2745006 -0.4422997 -0.3764812
37 -0.1247 0 0 -0.3149863 0.1622328 -0.1957144
38 -0.1734369 0 0 0.2252382 -0.2045664 -0.1942218
39 0.1243179 0.1711765 0 0.1690259 0.1753002 1.10784
40 0.1502504 0.1029305 -0.176686 -1.01652 1.415397 0.4310616
41 0.0984958 0.02850619 0.1872715 -1.455066 0.8846109 -3.113886
42 0.1708579 0.009936064 0 -0.1398 0.03384407 -0.07913043
43 0.0049 0 0 0 0 0
44 0.5171545 -0.2663316 0.2896972 2.485572 -0.541543 -0.4036478
45 0.1972673 0 0 0.3075375 0.2392112 -1.353064
46 0.05363192 -0.1692977 0 -0.07908636 3.72529E-09 -1.228345
47 0.0006023012 -0.03346459 -0.04911327 -0.02998959 0.193761 -1.861697
48 0.000602576 -0.03346451 0.0491133 0.01859463 0.0161413 -1.743257
49 0 -0.00544714 0 -2.110308 0.1014757 -1.5451
50 0.1349337 0.007935909 0.1169305 -0.3448257 -0.02094969 0.04829249
51 0.06775701 0 0 0 0 0
52 0.07025615 0 0 -0.02686374 0.1594888 -0.05295014
53 0.05538215 -0.1613821 0 -0.01709938 0.00564654 -1.513184
54 0.1349336 0.007935909 -0.116931 0.710454 0.429899 0.04584453
55 0.067757 0 0 0 0 0
56 0.0702562 0 0 0.07128907 -0.3003675 0.1282694
57 0.0553822 -0.161382 0 0.06357618 -0.02569135 -1.567969
time 95
0 0 0 0 0 0 0
1 0.06042964 0.4483939 -0.1524753 0.006332688 0.03608202 0.04557227
2 0 0.002591992 0 -1.301531 0.07522652 1.643511
3 0.152 0 0 -0.1694794 -0.1479456 0.06032095
4 0.05880687 0.02725044 -0.08225372 2.206035 1.471513 0.605705
5 0.1144182 0.0005082054 0.0002229364 -2.852323 0.00676269 -1.070475
6 0.122 0 0 0 0 -1.228894
7 0.1347621 0 0 -0.7212724 0 0
8 0.1343401 0 0 0.1215098 -0.1682635 0.05024319
9 0.1197383 0 6.123017E-05 0.001594532 -0.005315083 -0.1962514
10 0.04880161 0 0 0 0 -0.1890459
11 0.04874135 -0.0476583 0.06862446 1.334293 -0.7060891 -0.5303903
12 0.06127064 0 0 0.00906783 0.106664 -0.2372213
13 0.1028249 0 0 -0.1176855 -0.09469986 -0.01050035
14 0.05880699 0.02725041 0.0822537 -1.570795 1.371103 -0.03702443
15 -0.1009997 0 0 -1.7191 0.7490578 -0.453692
16 -0.1219999 0 0 1.018397E-06 -2.77252E-06 -1.216492
17 -0.1347622 0 0 -0.3428032 0 0
18 -0.1343399 0 0 1.210626 0.3577195 0.7692941
19 -0.1197386 0 -6.123033E-05 -0.001372244 -0.005376858 0.2012115
20 -0.04880161 0 0 0 0 -0.707715
21 -0.1889133 0.06475638 -0.0265498 -3.139415 -0.005103788 -0.4518085
22 -0.04874142 0.04765864 -0.06862451 1.787741 -0.276586 -0.7554917
23 -0.06127064 0 0 -0.06257772 0.2217633 -0.7094637
24 -0.1028246 0 0 -0.1176855 -0.09469986 -0.01050035
25 0.1304068 0.1682832 0 2.976234 -0.4382423 2.533513
26 0.08318153 0 0 0.02409455 -0.09529728 0.03061883
27 0.1212126 0 0 0.06572214 -0.1390985 0.138159
28 0.1593245 0 0 0.2468978 -0.1961448 0.3383048
29 0.1615993 -0.04413258 -0.1591045 -2.772645 0.4214758 1.484815
30 0.1386825 -0.006931146 0.004727043 0.3438253 0.2339205 -0.7670875
31 0.07876897 1.806102E-05 -0.005639316 -0.8200262 -0.2997369 -0.07487256
32 0.130848 0.0002848966 0.00104755 -0.1628066 -0.0565513 -0.5685322
33 0.1839588 0.0008644731 0.002803161 -0.006164758 -0.03531209 -0.1530299
34 0.1270494 -0.04848523 0.1735208 -2.5745 1.203452 -1.39363
35 -0.1374714 3.473833E-07 -5.7742E-08 0.06337721 0.4965227 -0.4662753
36 -0.06898984 0 0 -0.2729335 -0.4394938 -0.3746344
37 -0.1247 0 0 -0.3097038 0.1661395 -0.1939512
38 -0.1734369 0 0 0.2248981 -0.2011764 -0.1912802
39 0.1243179 0.1711765 0 0.1649128 0.1753002 1.10784
40 0.1502504 0.1029305 -0.176686 -1.028384 1.411874 0.4191313
41 0.0984958 0.02850619 0.1872715 -1.454791 0.8869252 -3.113533
42 0.1708579 0.009936064 0 -0.1405327 0.03576851 -0.09456912
43 0.0049 0 0 0 0 0
44 0.5171545 -0.2663316 0.2896972 2.477624 -0.5314535 -0.3950567
45 0.1972673 0 0 0.3034465 0.2368917 -1.373483
46 0.05363192 -0.1692977 0 -0.08084416 1.490116E-08 -1.228345
47 0.0006023012 -0.03346459 -0.04911327 -0.02998961 0.1966099 -1.86179
48 0.000602576 -0.03346451 0.0491133 0.01859463 0.01881571 -1.743226
49 0 -0.00544714 0 -2.107661 0.1036653 -1.5445
50 0.1349337 0.007935909 0.1169305 -0.3457809 -0.02068746 0.04740751
51 0.06775701 0 0 0 0 0
52 0.07025615 0 0 -0.02870551 0.1612236 -0.05336994
53 0.05538215 -0.1613821 0 -0.01709938 0.00564654 -1.513184
54 0.1349336 0.007935909 -0.116931 0.70812 0.4296865 0.04072821
55 0.067757 0 0 0 0 0
56 0.0702562 0 0 0.07016798 -0.2972174 0.1289679
57 0.0553822 -0.161382 0 0.06357618 -0.02569135 -1.567969
time 96
0 0 0 0 0 0 0
1 0.05991766 0.4486866 -0.1519941 0.006332741 0.03608229 0.04550906
2 0 0.002591992 0 -1.304314 0.07526997 1.644158
3 0.152 0 0 -0.1694801 -0.1492187 0.05692038
4 0.05880687 0.02725044 -0.08225372 2.19067 1.469424 0.5904154
5 0.1144182 0.0005082054 0.0002229364 -2.853911 0.007225219 -1.075633
6 0.122 0 0 0 0 -1.247137
7 0.1347621 0 0 -0.7212724 0 0
8 0.1343401 0 0 0.1217064 -0.1682834 0.04960386
9 0.1197383 0 6.123017E-05 0.001594504 -0.005315012 -0.2009068
10 0.04880161 0 0 0 0 -0.195033
11 0.04874135 -0.0476583 0.06862446 1.335683 -0.7019457 -0.5313405
12 0.06127064 0 0 0.007290683 0.1071301 -0.2447449
13 0.1028249 0 0 -0.1176855 -0.09469986 -0.01050035
14 0.05880699 0.02725041 0.0822537 -1.570795 1.371103 -0.03702443
15 -0.1009997 0 0 -1.719703 0.7447526 -0.4545903
16 -0.1219999 0 0 1.018397E-06 -2.77252E-06 -1.212047
17 -0.1347622 0 0 -0.3422121 0 0
18 -0.1343399 0 0 1.207821 0.3565655 0.764468
19 -0.1197386 0 -6.123033E-05 -0.001372244 -0.005376858 0.2012115
20 -0.04880161 0 0 0 0 -0.707715
21 -0.1889133 0.06475638 -0.0265498 -3.139415 -0.005103788 -0.4518085
22 -0.04874142 0.04765864 -0.06862451 1.787741 -0.276586 -0.7554917
23 -0.06127064 0 0 -0.06257772 0.2217633 -0.7094637
24 -0.1028246 0 0 -0.1176855 -0.09469986 -0.01050035
25 0.1304068 0.1682832 0 2.974186 -0.4429872 2.539316
26 0.08318153 0 0 0.01785357 -0.09637827 0.03448379
27 0.1212126 0 0 0.06245745 -0.1390995 0.1380934
28 0.1593245 0 0 0.246898 -0.196145 0.3272521
29 0.1617761 -0.04405652 -0.1589373 -2.770752 0.4185179 1.487751
30 0.1386825 -0.006931146 0.004727043 0.3438253 0.2339205 -0.7670875
31 0.07876897 1.806102E-05 -0.005639316 -0.8214602 -0.2944742 -0.06913831
32 0.130848 0.0002848966 0.00104755 -0.1644821 -0.05771071 -0.5612273
33 0.1839588 0.0008644731 0.002803161 -0.005973208 -0.04238255 -0.1523252
34 0.1270494 -0.04851754 0.1735097 -2.57116 1.205205 -1.386545
35 -0.1374714 3.473833E-07 -5.7742E-08 0.06337721 0.4965227 -0.4662753
36 -0.06898984 0 0 -0.2713835 -0.43672 -0.3728085
37 -0.1247 0 0 -0.3044859 0.1701254 -0.1922421
38 -0.1734369 0 0 0.224563 -0.197546 -0.1883616
39 0.1243179 0.1711765 0 0.1604897 0.1753002 1.10784
40 0.1502504 0.1029305 -0.176686 -1.04055 1.40809 0.4069139
41 0.0984958 0.02850619 0.1872715 -1.45448 0.889378 -3.113136
42 0.1708579 0.009936064 0 -0.1419701 0.03729744 -0.1131438
43 0.0049 0 0 0 0 0
44 0.5171545 -0.2663316 0.2896972 2.472885 -0.5246876 -0.39003
45 0.1972673 0 0 0.2991638 0.2347988 -1.394804
46 0.05363192 -0.1692977 0 -0.08291958 1.117587E-08 -1.228345
47 0.0006023012 -0.03346459 -0.04911327 -0.02998958 0.199246 -1.861876
48 0.000602576 -0.03346451 0.0491133 0.01859463 0.02128778 -1.743196
49 0 -0.00544714 0 -2.105041 0.1058313 -1.543907
50 0.1349337 0.007935909 0.1169305 -0.3468086 -0.02070138 0.04641071
51 0.06775701 0 0 0 0 0
52 0.07025615 0 0 -0.03047047 0.1630329 -0.05373682
53 0.05538215 -0.1613821 0 -0.01709938 0.00564654 -1.513184
54 0.1349336 0.007935909 -0.116931 0.7056343 0.4289169 0.03538425
55 0.067757 0 0 0 0 0
56 0.0702562 0 0 0.06916104 -0.2939023 0.1295059
57 0.0553822 -0.161382 0 0.06357618 -0.02569135 -1.567969
time 97
0 0 0 0 0 0 0
1 0.0594124 0.4490608 -0.1515023 0.006333541 0.03608631 0.04522647
2 0 0.002591992 0 -1.307028 0.0763889 1.644796
3 0.152 0 0 -0.1694801 -0.1504744 0.05396563
4 0.05880687 0.02725044 -0.08225372 2.175997 1.46733 0.5758172
5 0.1144182 0.0005082054 0.0002229364 -2.854827 0.007863796 -1.080044
6 0.122 0 0 0 0 -1.263988
7 0.1347621 0 0 -0.7212724 0 0
8 0.1343401 0 0 0.1220229 -0.1683034 0.04816636
9 0.1197383 0 6.123017E-05 0.001594529 -0.005315075 -0.2057254
10 0.04880161 0 0 0 0 -0.2012247
11 0.04874135 -0.0476583 0.06862446 1.337108 -0.6976637 -0.532308
12 0.06127064 0 0 0.005450265 0.1075882 -0.2525282
13 0.1028249 0 0 -0.1176855 -0.09469986 -0.01050035
14 0.05880699 0.02725041 0.0822537 -1.570795 1.371103 -0.03702443
15 -0.1009997 0 0 -1.718693 0.740611 -0.4547056
16 -0.1219999 0 0 1.018397E-06 -2.77252E-06 -1.207031
17 -0.1347622 0 0 -0.3416768 0 0
18 -0.1343399 0 0 1.204916 0.3554268 0.7597901
19 -0.1197386 0 -6.123033E-05 -0.001372244 -0.005376858 0.2012115
20 -0.04880161 0 0 0 0 -0.707715
21 -0.1889133 0.06475638 -0.0265498 -3.139415 -0.005103788 -0.4518085
22 -0.04874142 0.04765864 -0.06862451 1.787741 -0.276586 -0.7554917
23 -0.06127064 0 0 -0.06257772 0.2217633 -0.7094637
24 -0.1028246 0 0 -0.1176855 -0.09469986 -0.01050035
25 0.1304068 0.1682832 0 2.972331 -0.4475613 2.543628
26 0.08318153 0 0 0.0117007 -0.09745111 0.03830044
27 0.1212126 0 0 0.05923449 -0.1390983 0.1380223
28 0.1593245 0 0 0.2468979 -0.196145 0.3163513
29 0.16195 -0.04398783 -0.158773 -2.76891 0.4157816 1.489286
30 0.1386825 -0.006931146 0.004727043 0.3438253 0.2339205 -0.7670875
31 0.07876897 1.806102E-05 -0.005639316 -0.8226541 -0.2894424 -0.06455522
32 0.130848 0.0002848966 0.00104755 -0.1660233 -0.05847037 -0.5541844
33 0.1839588 0.0008644731 0.002803161 -0.00603056 -0.04943131 -0.1488539
34 0.1270494 -0.04854983 0.1734978 -2.567924 1.206773 -1.380993
35 -0.1374714 3.473833E-07 -5.7742E-08 0.06337721 0.4965227 -0.4662753
36 -0.06898984 0 0 -0.269853 -0.4339818 -0.3710054
37 -0.1247 0 0 -0.299342 0.1741823 -0.1905904
38 -0.1734369 0 0 0.2242276 -0.1936766 -0.1854667
39 0.1243179 0.1711765 0 0.1557763 0.1753002 1.10784
40 0.1502504 0.1029305 -0.176686 -1.05288 1.404059 0.3945496
41 0.0984958 0.02850619 0.1872715 -1.454134 0.8919683 -3.112695
42 0.1708579 0.009936064 0 -0.1439577 0.03850785 -0.1340737
43 0.0049 0 0 0 0 0
44 0.5171545 -0.2663316 0.2896972 2.471632 -0.5216324 -0.3886108
45 0.1972673 0 0 0.2947534 0.2328447 -1.41666
46 0.05363192 -0.1692977 0 -0.08529352 1.117587E-08 -1.228345
47 0.0006023012 -0.03346459 -0.04911327 -0.02998957 0.2016589 -1.861956
48 0.000602576 -0.03346451 0.0491133 0.01859463 0.02354729 -1.743167
49 0 -0.00544714 0 -2.102455 0.1079692 -1.543322
50 0.1349337 0.007935909 0.1169305 -0.3479023 -0.02099803 0.0453119
51 0.06775701 0 0 0 0 0
52 0.07025615 0 0 -0.03215628 0.1649252 -0.05405342
53 0.05538215 -0.1613821 0 -0.01709938 0.00564654 -1.513184
54 0.1349336 0.007935909 -0.116931 0.7029958 0.4275326 0.02993678
55 0.067757 0 0 0 0 0
56 0.0702562 0 0 0.06827513 -0.2904373 0.1298784
57 0.0553822 -0.161382 0 0.06357618 -0.02569135 -1.567969
time 98
0 0 0 0 0 0 0
1 0.05891502 0.4495203 -0.1510007 0.006333856 0.03608793 0.04470939
2 0 0.002591992 0 -1.30967 0.07838038 1.645423
3 0.152 0 0 -0.169479 -0.1517098 0.05158998
4 0.05880687 0.02725044 -0.08225372 2.161993 1.465235 0.5618873
5 0.1144182 0.0005082054 0.0002229364 -2.854921 0.008754954 -1.083682
6 0.122 0 0 0 0 -1.27934
7 0.1347621 0 0 -0.7212724 0 0
8 0.1343401 0 0 0.1224504 -0.1683164 0.04591984
9 0.1197383 0 6.123017E-05 0.001594526 -0.005315067 -0.2106905
10 0.04880161 0 0 0 0 -0.2076099
11 0.04874135 -0.0476583 0.06862446 1.338566 -0.69325 -0.5332903
12 0.06127064 0 0 0.003552301 0.1080307 -0.2605531
13 0.1028249 0 0 -0.1176855 -0.09469986 -0.01050035
14 0.05880699 0.02725041 0.0822537 -1.570795 1.371103 -0.03702443
15 -0.1009997 0 0 -1.715912 0.7370898 -0.4538239
16 -0.1219999 0 0 1.018396E-06 -2.772519E-06 -1.201603
17 -0.1347622 0 0 -0.3412383 0 0
18 -0.1343399 0 0 1.201912 0.3543332 0.7553933
19 -0.1197386 0 -6.123033E-05 -0.001372244 -0.005376858 0.2012115
20 -0.04880161 0 0 0 0 -0.707715
21 -0.1889133 0.06475638 -0.0265498 -3.139415 -0.005103788 -0.4518085
22 -0.04874142 0.04765864 -0.06862451 1.787741 -0.276586 -0.7554917
23 -0.06127064 0 0 -0.06257772 0.2217633 -0.7094637
24 -0.1028246 0 0 -0.1176855 -0.09469986 -0.01050035
25 0.1304068 0.1682832 0 2.970676 -0.4519683 2.546183
26 0.08318153 0 0 0.005648103 -0.09850357 0.04205647
27 0.1212126 0 0 0.05606215 -0.1390994 0.1379498
28 0.1593245 0 0 0.2468981 -0.1961452 0.3056291
29 0.1621209 -0.04392885 -0.1586118 -2.767111 0.4132742 1.489513
30 0.1386825 -0.006931146 0.004727043 0.3438253 0.2339205 -0.7670875
31 0.07876897 1.806102E-05 -0.005639316 -0.8235657 -0.284712 -0.06132426
32 0.130848 0.0002848966 0.00104755 -0.1674108 -0.05881645 -0.5476227
33 0.1839588 0.0008644731 0.002803161 -0.006355966 -0.05643459 -0.143115
34 0.1270494 -0.04858201 0.1734852 -2.564871 1.208153 -1.376992
35 -0.1374714 3.473833E-07 -5.7742E-08 0.06337721 0.4965227 -0.4662753
36 -0.06898984 0 0 -0.2683464 -0.4312874 -0.3692307
37 -0.1247 0 0 -0.2942857 0.1783032 -0.1890016
38 -0.1734369 0 0 0.2238941 -0.1895753 -0.1826032
39 0.1243179 0.1711765 0 0.1507922 0.1753002 1.10784
40 0.1502504 0.1029305 -0.176686 -1.065227 1.399791 0.3821874
41 0.0984958 0.02850619 0.1872715 -1.453752 0.8946943 -3.112211
42 0.1708579 0.009936064 0 -0.1463367 0.03947574 -0.1565737
43 0.0049 0 0 0 0 0
44 0.5171545 -0.2663316 0.2896972 2.473516 -0.5219536 -0.390842
45 0.1972673 0 0 0.2902791 0.2309416 -1.438686
46 0.05363192 -0.1692977 0 -0.08794697 7.450581E-09 -1.228345
47 0.0006023012 -0.03346459 -0.04911327 -0.02998958 0.2038378 -1.86203
48 0.000602576 -0.03346451 0.0491133 0.01859463 0.02558404 -1.743138
49 0 -0.00544714 0 -2.099909 0.1100736 -1.542747
50 0.1349337 0.007935909 0.1169305 -0.3490675 -0.02158433 0.04412255
51 0.06775701 0 0 0 0 0
52 0.07025615 0 0 -0.03375564 0.1668859 -0.05431423
53 0.05538215 -0.1613821 0 -0.01709938 0.00564654 -1.513184
54 0.1349336 0.007935909 -0.116931 0.7002371 0.4257247 0.02448584
55 0.067757 0 0 0 0 0
56 0.0702562 0 0 0.0675161 -0.2868326 0.1300783
57 0.0553822 -0.161382 0 0.06357618 -0.02569135 -1.567969
time 99
0 0 0 0 0 0 0
1 0.05842665 0.4500409 -0.1504903 0.006333582 0.03608658 0.04395004
2 0 0.002591992 0 -1.312237 0.08088309 1.646037
3 0.152 0 0 -0.1694804 -0.152925 0.04992812
4 0.05880687 0.02725044 -0.08225372 2.148635 1.463143 0.5486048
5 0.1144182 0.0005082054 0.0002229364 -2.854204 0.009974981 -1.086521
6 0.122 0 0 0 0 -1.293087
7 0.1347621 0 0 -0.7212724 0 0
8 0.1343401 0 0 0.1229892 -0.1683292 0.04285647
9 0.1197383 0 6.123017E-05 0.001594528 -0.005315069 -0.2157964
10 0.04880161 0 0 0 0 -0.2141801
11 0.04874135 -0.0476583 0.06862446 1.340053 -0.6887123 -0.5342864
12 0.06127064 0 0 0.001602677 0.1084498 -0.2688006
13 0.1028249 0 0 -0.1176855 -0.09469986 -0.01050035
14 0.05880699 0.02725041 0.0822537 -1.570795 1.371103 -0.03702443
15 -0.1009997 0 0 -1.711545 0.7344882 -0.4517325
16 -0.1219999 0 0 1.018396E-06 -2.772519E-06 -1.195925
17 -0.1347622 0 0 -0.3409285 0 0
18 -0.1343399 0 0 1.198815 0.3533148 0.7514126
19 -0.1197386 0 -6.123033E-05 -0.001372244 -0.005376858 0.2012115
20 -0.04880161 0 0 0 0 -0.707715
21 -0.1889133 0.06475638 -0.0265498 -3.139415 -0.005103788 -0.4518085
22 -0.04874142 0.04765864 -0.06862451 1.787741 -0.276586 -0.7554917
23 -0.06127064 0 0 -0.06257772 0.2217633 -0.7094637
24 -0.1028246 0 0 -0.1176855 -0.09469986 -0.01050035
25 0.1304068 0.1682832 0 2.969229 -0.4562113 2.546901
26 0.08318153 0 0 -0.0002899365 -0.0995357 0.04574377
27 0.1212126 0 0 0.05294698 -0.1391007 0.1378738
28 0.1593245 0 0 0.2468976 -0.1961447 0.2951093
29 0.1622884 -0.04388195 -0.158454 -2.765346 0.4110022 1.488525
30 0.1386825 -0.006931146 0.004727043 0.3438253 0.2339205 -0.7670875
31 0.07876897 1.806102E-05 -0.005639316 -0.8241556 -0.2803544 -0.05964623
32 0.130848 0.0002848966 0.00104755 -0.1686268 -0.05872558 -0.541766
33 0.1839588 0.0008644731 0.002803161 -0.006968456 -0.0633663 -0.1353873
34 0.1270494 -0.048614 0.1734719 -2.562079 1.209345 -1.37456
35 -0.1374714 3.473833E-07 -5.7742E-08 0.06337721 0.4965227 -0.4662753
36 -0.06898984 0 0 -0.2668667 -0.4286424 -0.3674878
37 -0.1247 0 0 -0.2893305 0.1824813 -0.1874815
38 -0.1734369 0 0 0.2235641 -0.1852487 -0.1797779
39 0.1243179 0.1711765 0 0.1455574 0.1753002 1.107841
40 0.1502504 0.1029305 -0.176686 -1.077449 1.395301 0.3699693
41 0.0984958 0.02850619 0.1872715 -1.453335 0.8975556 -3.111683
42 0.1708579 0.009936064 0 -0.1489554 0.04027859 -0.1798651
43 0.0049 0 0 0 0 0
44 0.5171545 -0.2663316 0.2896972 2.478158 -0.5253165 -0.3967664
45 0.1972673 0 0 0.2858047 0.2290016 -1.460518
46 0.05363192 -0.1692977 0 -0.09086085 3.72529E-09 -1.228345
47 0.0006023012 -0.03346459 -0.04911327 -0.02998957 0.2057722 -1.862098
48 0.000602576 -0.03346451 0.0491133 0.01859463 0.02738782 -1.74311
49 0 -0.00544714 0 -2.097408 0.1121403 -1.542183
50 0.1349337 0.007935909 0.1169305 -0.3502994 -0.02246691 0.04285261
51 0.06775701 0 0 0 0 0
52 0.07025615 0 0 -0.03526783 0.1689295 -0.0545239
53 0.05538215 -0.1613821 0 -0.01709938 0.00564654 -1.513184
54 0.1349336 0.007935909 -0.116931 0.6974831 0.4235134 0.01904979
55 0.067757 0 0 0 0 0
56 0.0702562 0 0 0.0668921 -0.2831109 0.1301042
57 0.0553822 -0.161382 0 0.06357618 -0.02569135 -1.567969
time 100
0 0 0 0 0 0 0
1 0.05794845 0.4505927 -0.149972 0.006332463 0.03608081 0.04297572
2 0 0.002591992 0 -1.314725 0.08379003 1.646638
3 0.152 0 0 -0.169479 -0.1541124 0.04911135
4 0.05880687 0.02725044 -0.08225372 2.135909 1.46106 0.5359518
5 0.1144182 0.0005082054 0.0002229364 -2.852845 0.01160018 -1.088532
6 0.122 0 0 0 0 -1.305087
7 0.1347621 0 0 -0.7212724 0 0
8 0.1343401 0 0 0.1236331 -0.168339 0.03896632
9 0.1197383 0 6.123017E-05 0.001594512 -0.005315033 -0.2210324
10 0.04880161 0 0 0 0 -0.2209191
11 0.04874135 -0.0476583 0.06862446 1.341568 -0.6840583 -0.5352943
12 0.06127064 0 0 -0.0003932937 0.108842 -0.2772628
13 0.1028249 0 0 -0.1176855 -0.09469986 -0.01050035
14 0.05880699 0.02725041 0.0822537 -1.570795 1.371103 -0.03702443
15 -0.1009997 0 0 -1.705818 0.7327411 -0.4484372
16 -0.1219999 0 0 1.018397E-06 -2.77252E-06 -1.190288
17 -0.1347622 0 0 -0.3407886 0 0
18 -0.1343399 0 0 1.195625 0.3524019 0.7477004
19 -0.1197386 0 -6.123033E-05 -0.001372244 -0.005376858 0.2012115
20 -0.04880161 0 0 0 0 -0.707715
21 -0.1889133 0.06475638 -0.0265498 -3.139415 -0.005103788 -0.4518085
22 -0.04874142 0.04765864 -0.06862451 1.787741 -0.276586 -0.7554917
23 -0.06127064 0 0 -0.06257772 0.2217633 -0.7094637
24 -0.1028246 0 0 -0.1176855 -0.09469986 -0.01050035
25 0.1304068 0.1682832 0 2.967997 -0.4602945 2.546033
26 0.08318153 0 0 -0.006099886 -0.1005505 0.04935604
27 0.1212126 0 0 0.04989562 -0.1390998 0.1377942
28 0.1593245 0 0 0.2468978 -0.1961449 0.2848193
29 0.1624524 -0.04384946 -0.1582999 -2.763605 0.4089727 1.486415
30 0.1386825 -0.006931146 0.004727043 0.3438253 0.2339205 -0.7670875
31 0.07876897 1.806102E-05 -0.005639316 -0.8243829 -0.2764405 -0.059722
32 0.130848 0.0002848966 0.00104755 -0.1696527 -0.05819398 -0.536835
33 0.1839588 0.0008644731 0.002803161 -0.00788722 -0.07020324 -0.1259567
34 0.1270494 -0.04864906 0.1734577 -2.559631 1.210344 -1.373716
35 -0.1374714 3.473833E-07 -5.7742E-08 0.06337721 0.4965227 -0.4662753
36 -0.06898984 0 0 -0.2654176 -0.4260536 -0.3657811
37 -0.1247 0 0 -0.2844846 0.1867076 -0.1860324
38 -0.1734369 0 0 0.2232406 -0.1807043 -0.1769989
39 0.1243179 0.1711765 0 0.1400912 0.1753002 1.107841
40 0.1502504 0.1029305 -0.176686 -1.089407 1.390601 0.3580389
41 0.0984958 0.02850619 0.1872715 -1.452882 0.9005511 -3.111113
42 0.1708579 0.009936064 0 -0.1516584 0.04099313 -0.2031659
43 0.0049 0 0 0 0 0
44 0.5171545 -0.2663316 0.2896972 2.485176 -0.5313861 -0.40586
45 0.1972673 0 0 0.2813942 0.2269367 -1.481789
46 0.05363192 -0.1692977 0 -0.09401613 0 -1.228345
47 0.0006023012 -0.03346459 -0.04911327 -0.02998959 0.2074513 -1.862157
48 0.000602576 -0.03346451 0.0491133 0.01859463 0.02894845 -1.743083
49 0 -0.00544714 0 -2.094959 0.114164 -1.541631
50 0.1349337 0.007935909 0.1169305 -0.3515952 -0.02365245 0.04151245
51 0.06775701 0 0 0 0 0
52 0.07025615 0 0 -0.03668494 0.1710391 -0.05467614
53 0.05538215 -0.1613821 0 -0.01709938 0.00564654 -1.513184
54 0.1349336 0.007935909 -0.116931 0.6947394 0.4209176 0.01364588
55 0.067757 0 0 0 0 0
56 0.0702562 0 0 0.06640783 -0.2792754 0.1299459
57 0.0553822 -0.161382 0 0.06357618 -0.02569135 -1.567969
time 101
0 0 0 0 0 0 0
1 0.05748156 0.4511705 -0.1494468 0.006333543 0.0360863 0.04184323
2 0 0.002591992 0 -1.317132 0.08699365 1.647223
3 0.152 0 0 -0.1694807 -0.1552746 0.04927519
4 0.05880687 0.02725044 -0.08225372 2.123794 1.458987 0.5239088
5 0.1144182 0.0005082054 0.0002229364 -2.85093 0.01370692 -1.089689
6 0.122 0 0 0 0 -1.315221
7 0.1347621 0 0 -0.7212724 0 0
8 0.1343401 0 0 0.1243747 -0.1683413 0.0342393
9 0.1197383 0 6.123017E-05 0.001594531 -0.005315077 -0.2263947
10 0.04880161 0 0 0 0 -0.2278172
11 0.04874135 -0.0476583 0.06862446 1.343106 -0.6792955 -0.5363121
12 0.06127064 0 0 -0.002429678 0.1091988 -0.2859194
13 0.1028249 0 0 -0.1176855 -0.09469986 -0.01050035
14 0.05880699 0.02725041 0.0822537 -1.570795 1.371103 -0.03702443
15 -0.1009997 0 0 -1.698961 0.7317819 -0.4441565
16 -0.1219999 0 0 1.018397E-06 -2.77252E-06 -1.18486
17 -0.1347622 0 0 -0.3408512 0 0
18 -0.1343399 0 0 1.192429 0.3516242 0.7440848
19 -0.1197386 0 -6.123033E-05 -0.001372244 -0.005376858 0.2012115
20 -0.04880161 0 0 0 0 -0.707715
21 -0.1889133 0.06475638 -0.0265498 -3.139415 -0.005103788 -0.4518085
22 -0.04874142 0.04765864 -0.06862451 1.787741 -0.276586 -0.7554917
23 -0.06127064 0 0 -0.06257772 0.2217633 -0.7094637
24 -0.1028246 0 0 -0.1176855 -0.09469986 -0.01050035
25 0.1304068 0.1682832 0 2.966988 -0.4642211 2.543813
26 0.08318153 0 0 -0.01176806 -0.1015398 0.05288194
27 0.1212126 0 0 0.0469165 -0.1391002 0.1377181
28 0.1593245 0 0 0.2468979 -0.1961449 0.2747834
29 0.1626125 -0.04383373 -0.1581495 -2.76188 0.4071929 1.483274
30 0.1386825 -0.006931146 0.004727043 0.3438253 0.2339205 -0.7670875
31 0.07876897 1.806102E-05 -0.005639316 -0.8242061 -0.2730412 -0.06128261
32 0.130848 0.0002848966 0.00104755 -0.1704707 -0.05723887 -0.5330535
33 0.1839588 0.0008644731 0.002803161 -0.009100899 -0.07692029 -0.1151046
34 0.1270494 -0.04868995 0.1734427 -2.557605 1.21115 -1.37448
35 -0.1374714 3.473833E-07 -5.7742E-08 0.06337721 0.4965227 -0.4662753
36 -0.06898984 0 0 -0.2640023 -0.4235261 -0.3641139
37 -0.1247 0 0 -0.2797627 0.1909757 -0.1846606
38 -0.1734369 0 0 0.2229229 -0.175947 -0.1742712
39 0.1243179 0.1711765 0 0.1344135 0.1753002 1.10784
40 0.1502504 0.1029305 -0.176686 -1.100957 1.385702 0.3465408
41 0.0984958 0.02850619 0.1872715 -1.452394 0.9036793 -3.110499
42 0.1708579 0.009936064 0 -0.1542897 0.04169599 -0.2256931
43 0.0049 0 0 0 0 0
44 0.5171545 -0.2663316 0.2896972 2.49419 -0.5398282 -0.4172598
45 0.1972673 0 0 0.2771116 0.2246588 -1.502134
46 0.05363192 -0.1692977 0 -0.0973938 0 -1.228345
47 0.0006023012 -0.03346459 -0.04911327 -0.02998959 0.2088646 -1.862209
48 0.000602576 -0.03346451 0.0491133 0.01859463 0.03025569 -1.743061
49 0 -0.00544714 0 -2.092567 0.11614 -1.541093
50 0.1349337 0.007935909 0.1169305 -0.3529505 -0.02512314 0.04011218
51 0.06775701 0 0 0 0 0
52 0.07025615 0 0 -0.03800274 0.1732141 -0.05477035
53 0.05538215 -0.1613821 0 -0.01709938 0.00564654 -1.513184
54 0.1349336 0.007935909 -0.116931 0.6920156 0.4179578 0.008292519
55 0.067757 0 0 0 0 0
56 0.0702562 0 0 0.06608754 -0.275348 0.1296015
57 0.0553822 -0.161382 0 0.06357618 -0.02569135 -1.567969
time 102
0 0 0 0 0 0 0
1 0.05702712 0.4517692 -0.1489155 0.00633391 0.03608823 0.04054108
2 0 0.002591992 0 -1.319456 0.09038648 1.647792
3 0.152 0 0 -0.169481 -0.1564045 0.05055129
4 0.05880687 0.02725044 -0.08225372 2.112265 1.456931 0.5124519
5 0.1144182 0.0005082054 0.0002229364 -2.848545 0.01611888 -1.089979
6 0.122 0 0 0 0 -1.323411
7 0.1347621 0 0 -0.7212724 0 0
8 0.1343401 0 0 0.1252118 -0.1683393 0.02880713
9 0.1197383 0 6.123017E-05 0.001594534 -0.005315087 -0.2318696
10 0.04880161 0 0 0 0 -0.2348626
11 0.04874135 -0.0476583 0.06862446 1.344666 -0.6744317 -0.537339
12 0.06127064 0 0 -0.004500747 0.1095141 -0.2947553
13 0.1028249 0 0 -0.1176855 -0.09469986 -0.01050035
14 0.05880699 0.02725041 0.0822537 -1.570795 1.371103 -0.03702443
15 -0.1009997 0 0 -1.691201 0.7315449 -0.4390758
16 -0.1219999 0 0 1.018397E-06 -2.77252E-06 -1.179623
17 -0.1347622 0 0 -0.3411568 0 0
18 -0.1343399 0 0 1.189181 0.3510119 0.7405089
19 -0.1197386 0 -6.123033E-05 -0.001372244 -0.005376858 0.2012115
20 -0.04880161 0 0 0 0 -0.707715
21 -0.1889133 0.06475638 -0.0265498 -3.139415 -0.005103788 -0.4518085
22 -0.04874142 0.04765864 -0.06862451 1.787741 -0.276586 -0.7554917
23 -0.06127064 0 0 -0.06257772 0.2217633 -0.7094637
24 -0.1028246 0 0 -0.1176855 -0.09469986 -0.01050035
25 0.1304068 0.1682832 0 2.966208 -0.4679947 2.540473
26 0.08318153 0 0 -0.01728075 -0.1025028 0.05631329
27 0.1212126 0 0 0.04401623 -0.1390995 0.1376435
28 0.1593245 0 0 0.2468981 -0.1961451 0.2650274
29 0.1627685 -0.04383712 -0.1580033 -2.760161 0.4056694 1.479197
30 0.1386825 -0.006931146 0.004727043 0.3438253 0.2339205 -0.7670875
31 0.07876897 1.806102E-05 -0.005639316 -0.8235838 -0.2700473 -0.06385279
32 0.130848 0.0002848966 0.00104755 -0.171062 -0.05587675 -0.5306419
33 0.1839588 0.0008644731 0.002803161 -0.0104234 -0.08349484 -0.1031164
34 0.1270494 -0.04873571 0.1734269 -2.556082 1.21176 -1.376869
35 -0.1374714 3.473833E-07 -5.7742E-08 0.06337721 0.4965227 -0.4662753
36 -0.06898984 0 0 -0.2626247 -0.4210676 -0.3624909
37 -0.1247 0 0 -0.2751774 0.1952787 -0.1833714
38 -0.1734369 0 0 0.2226108 -0.170982 -0.1716001
39 0.1243179 0.1711765 0 0.128544 0.1753002 1.10784
40 0.1502504 0.1029305 -0.176686 -1.11225 1.380619 0.3350509
41 0.0984958 0.02850619 0.1872715 -1.451871 0.9069392 -3.109843
42 0.1708579 0.009936064 0 -0.1566932 0.0424639 -0.2466631
43 0.0049 0 0 0 0 0
44 0.5171545 -0.2663316 0.2896972 2.504818 -0.5503082 -0.430503
45 0.1972673 0 0 0.2730206 0.2220804 -1.521189
46 0.05363192 -0.1692977 0 -0.1009747 7.450581E-09 -1.228345
47 0.0006023012 -0.03346459 -0.04911327 -0.02998956 0.2100013 -1.862252
48 0.000602576 -0.03346451 0.0491133 0.01859463 0.03129937 -1.743043
49 0 -0.00544714 0 -2.090239 0.1180635 -1.54057
50 0.1349337 0.007935909 0.1169305 -0.3543711 -0.02686173 0.03866317
51 0.06775701 0 0 0 0 0
52 0.07025615 0 0 -0.03921716 0.1754538 -0.05480591
53 0.05538215 -0.1613821 0 -0.01709938 0.00564654 -1.513184
54 0.1349336 0.007935909 -0.116931 0.6893172 0.4146526 0.003007015
55 0.067757 0 0 0 0 0
56 0.0702562 0 0 0.06584364 -0.271342 0.1290655
57 0.0553822 -0.161382 0 0.06357618 -0.02569135 -1.567969
time 103
0 0 0 0 0 0 0
1 0.05658628 0.4523834 -0.1483792 0.006333086 0.03608391 0.03907314
2 0 0.002591992 0 -1.321693 0.09386133 1.648342
3 0.152 0 0 -0.1694797 -0.1574993 0.05275615
4 0.05880687 0.02725044 -0.08225372 2.101305 1.454897 0.5015622
5 0.1144182 0.0005082054 0.0002229364 -2.845775 0.01856907 -1.089458
6 0.122 0 0 0 0 -1.329581
7 0.1347621 0 0 -0.7212724 0 0
8 0.1343401 0 0 0.1261419 -0.1683349 0.0228286
9 0.1197383 0 6.123017E-05 0.001594534 -0.005315084 -0.2374493
10 0.04880161 0 0 0 0 -0.2420426
11 0.04874135 -0.0476583 0.06862446 1.346245 -0.6694742 -0.5383723
12 0.06127064 0 0 -0.006600979 0.1097822 -0.3037574
13 0.1028249 0 0 -0.1176855 -0.09469986 -0.01050035
14 0.05880699 0.02725041 0.0822537 -1.570795 1.371103 -0.03702443
15 -0.1009997 0 0 -1.682766 0.7319645 -0.4333791
16 -0.1219999 0 0 1.018397E-06 -2.77252E-06 -1.174559
17 -0.1347622 0 0 -0.3417392 0 0
18 -0.1343399 0 0 1.185898 0.3505951 0.7369179
19 -0.1197386 0 -6.123033E-05 -0.001372244 -0.005376858 0.2012115
20 -0.04880161 0 0 0 0 -0.707715
21 -0.1889133 0.06475638 -0.0265498 -3.139415 -0.005103788 -0.4518085
22 -0.04874142 0.04765864 -0.06862451 1.787741 -0.276586 -0.7554917
23 -0.06127064 0 0 -0.06257772 0.2217633 -0.7094637
24 -0.1028246 0 0 -0.1176855 -0.09469986 -0.01050035
25 0.1304068 0.1682832 0 2.965665 -0.4716193 2.536246
26 0.08318153 0 0 -0.02262512 -0.1034402 0.05964314
27 0.1212126 0 0 0.04120269 -0.1390995 0.1375722
28 0.1593245 0 0 0.246898 -0.1961451 0.2555763
29 0.1629202 -0.04386196 -0.1578614 -2.75844 0.4044094 1.474274
30 0.1386825 -0.006931146 0.004727043 0.3438253 0.2339205 -0.7670875
31 0.07876897 1.806102E-05 -0.005639316 -0.8226653 -0.2672666 -0.0673235
32 0.130848 0.0002848966 0.00104755 -0.1714081 -0.05412443 -0.5298215
33 0.1839588 0.0008644731 0.002803161 -0.01182697 -0.08989805 -0.09026908
34 0.1270494 -0.04878541 0.1734103 -2.555141 1.212172 -1.380902
35 -0.1374714 3.473833E-07 -5.7742E-08 0.06337721 0.4965227 -0.4662753
36 -0.06898984 0 0 -0.2612883 -0.4186843 -0.3609164
37 -0.1247 0 0 -0.2707393 0.1996082 -0.1821685
38 -0.1734369 0 0 0.2223062 -0.1658164 -0.1689928
39 0.1243179 0.1711765 0 0.1225025 0.1753002 1.10784
40 0.1502504 0.1029305 -0.176686 -1.123234 1.375363 0.323854
41 0.0984958 0.02850619 0.1872715 -1.451312 0.9103302 -3.109145
42 0.1708579 0.009936064 0 -0.158717 0.0433741 -0.264562
43 0.0049 0 0 0 0 0
44 0.5171545 -0.2663316 0.2896972 2.51668 -0.5624913 -0.4451269
45 0.1972673 0 0 0.2691852 0.2191135 -1.538589
46 0.05363192 -0.1692977 0 -0.1047399 -3.72529E-09 -1.228345
47 0.0006023012 -0.03346459 -0.04911327 -0.02998961 0.2108511 -1.862287
48 0.000602576 -0.03346451 0.0491133 0.01859463 0.03206927 -1.74303
49 0 -0.00544714 0 -2.08798 0.1199293 -1.540063
50 0.1349337 0.007935909 0.1169305 -0.3558488 -0.02886085 0.03717506
51 0.06775701 0 0 0 0 0
52 0.07025615 0 0 -0.04032312 0.1777539 -0.05478089
53 0.05538215 -0.1613821 0 -0.01709938 0.00564654 -1.513184
54 0.1349336 0.007935909 -0.116931 0.6866531 0.4110223 -0.002192394
55 0.067757 0 0 0 0 0
56 0.0702562 0 0 0.06567334 -0.2672657 0.1283299
57 0.0553822 -0.161382 0 0.06357618 -0.02569135 -1.567969
time 104
0 0 0 0 0 0 0
1 0.05616018 0.453008 -0.1478388 0.006333959 0.03608844 0.03746241
2 0 0.002591992 0 -1.32384 0.09731086 1.648873
3 0.152 0 0 -0.1694805 -0.1585595 0.05553776
4 0.05880687 0.02725044 -0.08225372 2.090896 1.452886 0.4912226
5 0.1144182 0.0005082054 0.0002229364 -2.842707 0.02099814 -1.088202
6 0.122 0 0 0 0 -1.333654
7 0.1347621 0 0 -0.7212724 0 0
8 0.1343401 0 0 0.127152 -0.1683167 0.01633337
9 0.1197383 0 6.123017E-05 0.001594534 -0.005315084 -0.2431256
10 0.04880161 0 0 0 0 -0.2493457
11 0.04874135 -0.0476583 0.06862446 1.347841 -0.6644307 -0.5394117
12 0.06127064 0 0 -0.008724557 0.11003 -0.3129089
13 0.1028249 0 0 -0.1176855 -0.09469986 -0.01050035
14 0.05880699 0.02725041 0.0822537 -1.570795 1.371103 -0.03702443
15 -0.1009997 0 0 -1.673883 0.7329748 -0.4272512
16 -0.1219999 0 0 1.018397E-06 -2.772519E-06 -1.169651
17 -0.1347622 0 0 -0.3424787 0 0
18 -0.1343399 0 0 1.182595 0.3504037 0.7332565
19 -0.1197386 0 -6.123033E-05 -0.001372244 -0.005376858 0.2012115
20 -0.04880161 0 0 0 0 -0.707715
21 -0.1889133 0.06475638 -0.0265498 -3.139415 -0.005103788 -0.4518085
22 -0.04874142 0.04765864 -0.06862451 1.787741 -0.276586 -0.7554917
23 -0.06127064 0 0 -0.06257772 0.2217633 -0.7094637
24 -0.1028246 0 0 -0.1176855 -0.09469986 -0.01050035
25 0.1304068 0.1682832 0 2.965367 -0.4750978 2.531364
26 0.08318153 0 0 -0.02778882 -0.1043526 0.06286483
27 0.1212126 0 0 0.03848306 -0.1390999 0.137504
28 0.1593245 0 0 0.2468982 -0.1961454 0.246456
29 0.1630674 -0.04391061 -0.1577241 -2.756706 0.4034193 1.4686
30 0.1386825 -0.006931146 0.004727043 0.3438253 0.2339205 -0.7670875
31 0.07876897 1.806102E-05 -0.005639316 -0.8215577 -0.2646626 -0.07158602
32 0.130848 0.0002848966 0.00104755 -0.1714908 -0.05199872 -0.5308142
33 0.1839588 0.0008644731 0.002803161 -0.01328448 -0.09611004 -0.07685064
34 0.1270494 -0.04883811 0.1733929 -2.554864 1.212383 -1.386148
35 -0.1374714 3.473833E-07 -5.7742E-08 0.06337721 0.4965227 -0.4662753
36 -0.06898984 0 0 -0.259996 -0.4163809 -0.3593931
37 -0.1247 0 0 -0.2664616 0.2039575 -0.1810576
38 -0.1734369 0 0 0.2220114 -0.1604568 -0.1664567
39 0.1243179 0.1711765 0 0.1163084 0.1753002 1.10784
40 0.1502504 0.1029305 -0.176686 -1.133904 1.369948 0.3129545
41 0.0984958 0.02850619 0.1872715 -1.450718 0.9138506 -3.108404
42 0.1708579 0.009936064 0 -0.1602036 0.04450312 -0.2784227
43 0.0049 0 0 0 0 0
44 0.5171545 -0.2663316 0.2896972 2.529395 -0.576043 -0.4606685
45 0.1972673 0 0 0.2656691 0.2156699 -1.553968
46 0.05363192 -0.1692977 0 -0.1086703 3.72529E-09 -1.228345
47 0.0006023012 -0.03346459 -0.04911327 -0.02998958 0.2114031 -1.862312
48 0.000602576 -0.03346451 0.0491133 0.01859463 0.03255523 -1.743021
49 0 -0.00544714 0 -2.085796 0.1217331 -1.539575
50 0.1349337 0.007935909 0.1169305 -0.3573841 -0.03111353 0.03565864
51 0.06775701 0 0 0 0 0
52 0.07025615 0 0 -0.04131646 0.1801135 -0.05469456
53 0.05538215 -0.1613821 0 -0.01709938 0.00564654 -1.513184
54 0.1349336 0.007935909 -0.116931 0.6840304 0.4070862 -0.007288061
55 0.067757 0 0 0 0 0
56 0.0702562 0 0 0.0655754 -0.2631358 0.1273994
57 0.0553822 -0.161382 0 0.06357618 -0.02569135 -1.567969
time 105
0 0 0 0 0 0 0
1 0.05574998 0.4536377 -0.1472952 0.006332921 0.03608315 0.0356955
2 0 0.002591992 0 -1.325895 0.1006278 1.649382
3 0.152 0 0 -0.1694781 -0.1595772 0.05877222
4 0.05880687 0.02725044 -0.08225372 2.081014 1.450905 0.4814089
5 0.1144182 0.0005082054 0.0002229364 -2.839426 0.02334656 -1.08629
6 0.122 0 0 0 0 -1.335554
7 0.1347621 0 0 -0.7212724 0 0
8 0.1343401 0 0 0.1282464 -0.168296 0.009352769
9 0.1197383 0 6.123017E-05 0.001594521 -0.005315054 -0.2488883
10 0.04880161 0 0 0 0 -0.2567615
11 0.04874135 -0.0476583 0.06862446 1.34945 -0.6593089 -0.540454
12 0.06127064 0 0 -0.0108659 0.1102612 -0.3221956
13 0.1028249 0 0 -0.1176855 -0.09469986 -0.01050035
14 0.05880699 0.02725041 0.0822537 -1.570795 1.371103 -0.03702443
15 -0.1009997 0 0 -1.66478 0.7345095 -0.4208765
16 -0.1219999 0 0 1.018397E-06 -2.772519E-06 -1.164878
17 -0.1347622 0 0 -0.3431818 0 0
18 -0.1343399 0 0 1.179286 0.3504678 0.7294693
19 -0.1197386 0 -6.123033E-05 -0.001372244 -0.005376858 0.2012115
20 -0.04880161 0 0 0 0 -0.707715
21 -0.1889133 0.06475638 -0.0265498 -3.139415 -0.005103788 -0.4518085
22 -0.04874142 0.04765864 -0.06862451 1.787741 -0.276586 -0.7554917
23 -0.06127064 0 0 -0.06257772 0.2217633 -0.7094637
24 -0.1028246 0 0 -0.1176855 -0.09469986 -0.01050035
25 0.1304068 0.1682832 0 2.96532 -0.4784341 2.526062
26 0.08318153 0 0 -0.03275622 -0.1052291 0.06596462
27 0.1212126 0 0 0.03586411 -0.1390978 0.1374364
28 0.1593245 0 0 0.246898 -0.1961451 0.2376913
29 0.1632096 -0.04398542 -0.1575916 -2.754952 0.4027067 1.462621
30 0.1386825 -0.006931146 0.004727043 0.3438253 0.2339205 -0.7670875
31 0.07876897 1.806102E-05 -0.005639316 -0.8202896 -0.2622005 -0.07653133
32 0.130848 0.0002848966 0.00104755 -0.1712917 -0.04951651 -0.5333638
33 0.1839588 0.0008644731 0.002803161 -0.01476815 -0.1021023 -0.06314012
34 0.1270494 -0.04889288 0.1733746 -2.555117 1.212393 -1.391981
35 -0.1374714 3.473833E-07 -5.7742E-08 0.06337721 0.4965227 -0.4662753
36 -0.06898984 0 0 -0.2587518 -0.4141654 -0.3579263
37 -0.1247 0 0 -0.2623543 0.2083179 -0.1800416
38 -0.1734369 0 0 0.2217231 -0.1549069 -0.1639949
39 0.1243179 0.1711765 0 0.1099815 0.1753002 1.10784
40 0.1502504 0.1029305 -0.176686 -1.144262 1.364384 0.3023508
41 0.0984958 0.02850619 0.1872715 -1.450089 0.9174997 -3.107622
42 0.1708579 0.009936064 0 -0.1610007 0.0459281 -0.2883014
43 0.0049 0 0 0 0 0
44 0.5171545 -0.2663316 0.2896972 2.542582 -0.5906284 -0.4766649
45 0.1972673 0 0 0.2627022 0.211662 -1.56696
46 0.05363192 -0.1692977 0 -0.1127468 1.490116E-08 -1.228345
47 0.0006023012 -0.03346459 -0.04911327 -0.02998959 0.2116466 -1.862327
48 0.000602576 -0.03346451 0.0491133 0.01859464 0.032747 -1.743017
49 0 -0.00544714 0 -2.083693 0.1234696 -1.539105
50 0.1349337 0.007935909 0.1169305 -0.3589773 -0.03361284 0.0341245
51 0.06775701 0 0 0 0 0
52 0.07025615 0 0 -0.04219067 0.1825228 -0.05453208
53 0.05538215 -0.1613821 0 -0.01709938 0.00564654 -1.513184
54 0.1349336 0.007935909 -0.116931 0.6814557 0.4028637 -0.01226226
55 0.067757 0 0 0 0 0
56 0.0702562 0 0 0.06554834 -0.258968 0.1262888
57 0.0553822 -0.161382 0 0.06357618 -0.02569135 -1.567969
time 106
0 0 0 0 0 0 0
1 0.05535681 0.4542673 -0.1467493 0.00633298 0.03608332 0.03379475
2 0 0.002591992 0 -1.327855 0.1037046 1.64987
3 0.152 0 0 -0.1694807 -0.160557 0.0623413
4 0.05880687 0.02725044 -0.08225372 2.071642 1.448957 0.4721054
5 0.1144182 0.0005082054 0.0002229364 -2.836019 0.02555491 -1.083797
6 0.122 0 0 0 0 -1.335204
7 0.1347621 0 0 -0.7212724 0 0
8 0.1343401 0 0 0.1294122 -0.1682613 0.001917193
9 0.1197383 0 6.123017E-05 0.001594529 -0.005315077 -0.2547325
10 0.04880161 0 0 0 0 -0.2642779
11 0.04874135 -0.0476583 0.06862446 1.351069 -0.6541162 -0.5414984
12 0.06127064 0 0 -0.01301946 0.1104762 -0.3316042
13 0.1028249 0 0 -0.1176855 -0.09469986 -0.01050035
14 0.05880699 0.02725041 0.0822537 -1.570795 1.371103 -0.03702443
15 -0.1009997 0 0 -1.655685 0.7365031 -0.4144396
16 -0.1219999 0 0 1.018397E-06 -2.77252E-06 -1.160224
17 -0.1347622 0 0 -0.343836 0 0
18 -0.1343399 0 0 1.175986 0.3508177 0.7255002
19 -0.1197386 0 -6.123033E-05 -0.001372244 -0.005376858 0.2012115
20 -0.04880161 0 0 0 0 -0.707715
21 -0.1889133 0.06475638 -0.0265498 -3.139415 -0.005103788 -0.4518085
22 -0.04874142 0.04765864 -0.06862451 1.787741 -0.276586 -0.7554917
23 -0.06127064 0 0 -0.06257772 0.2217633 -0.7094637
24 -0.1028246 0 0 -0.1176855 -0.09469986 -0.01050035
25 0.1304068 0.1682832 0 2.965532 -0.4816318 2.520571
26 0.08318153 0 0 -0.03751452 -0.1060707 0.06893567
27 0.1212126 0 0 0.03335419 -0.1390983 0.1373743
28 0.1593245 0 0 0.2468981 -0.1961451 0.2293083
29 0.1633468 -0.04408873 -0.1574642 -2.753169 0.402043 1.456812
30 0.1386825 -0.006931146 0.004727043 0.3438253 0.2339205 -0.7670875
31 0.07876897 1.806102E-05 -0.005639316 -0.8188845 -0.259844 -0.0820506
32 0.130848 0.0002848966 0.00104755 -0.1707924 -0.0466946 -0.5369937
33 0.1839588 0.0008644731 0.002803161 -0.01625093 -0.1078551 -0.04942323
34 0.1270494 -0.04894877 0.1733554 -2.555595 1.21236 -1.398138
35 -0.1374714 3.473833E-07 -5.7742E-08 0.06337721 0.4965227 -0.4662753
36 -0.06898984 0 0 -0.2575594 -0.4120438 -0.3565198
37 -0.1247 0 0 -0.2584326 0.21268 -0.179128
38 -0.1734369 0 0 0.2214486 -0.1491764 -0.1616185
39 0.1243179 0.1711765 0 0.1035417 0.1753002 1.10784
40 0.1502504 0.1029305 -0.176686 -1.154303 1.358686 0.2920476
41 0.0984958 0.02850619 0.1872715 -1.449424 0.921276 -3.106798
42 0.1708579 0.009936064 0 -0.1609514 0.04772562 -0.2942457
43 0.0049 0 0 0 0 0
44 0.5171545 -0.2663316 0.2896972 2.55586 -0.6059135 -0.4926534
45 0.1972673 0 0 0.2604981 0.2070019 -1.577201
46 0.05363192 -0.1692977 0 -0.1169505 3.72529E-09 -1.228345
47 0.0006023012 -0.03346459 -0.04911327 -0.02998958 0.2115712 -1.862332
48 0.000602576 -0.03346451 0.0491133 0.01859463 0.03268544 -1.743018
49 0 -0.00544714 0 -2.081676 0.1251342 -1.538656
50 0.1349337 0.007935909 0.1169305 -0.3606233 -0.03635148 0.03258277
51 0.06775701 0 0 0 0 0
52 0.07025615 0 0 -0.04294231 0.1849837 -0.05436736
53 0.05538215 -0.1613821 0 -0.01709938 0.00564654 -1.513184
54 0.1349336 0.007935909 -0.116931 0.678938 0.3983749 -0.0170969
55 0.067757 0 0 0 0 0
56 0.0702562 0 0 0.06558967 -0.2547727 0.1250074
57 0.0553822 -0.161382 0 0.06357618 -0.02569135 -1.567969
time 107
0 0 0 0 0 0 0
1 0.05498182 0.4548916 -0.1462021 0.006334106 0.03608921 0.03176591
2 0 0.002591992 0 -1.329716 0.106434 1.650334
3 0.152 0 0 -0.1694803 -0.1614891 0.06611989
4 0.05880687 0.02725044 -0.08225372 2.062758 1.447048 0.4632876
5 0.1144182 0.0005082054 0.0002229364 -2.83257 0.02756381 -1.080801
6 0.122 0 0 0 0 -1.332527
7 0.1347621 0 0 -0.7212724 0 0
8 0.1343401 0 0 0.1306551 -0.1682255 -0.005943415
9 0.1197383 0 6.123017E-05 0.001594518 -0.005315051 -0.2606444
10 0.04880161 0 0 0 0 -0.2718842
11 0.04874135 -0.0476583 0.06862446 1.352698 -0.6488604 -0.5425439
12 0.06127064 0 0 -0.01517915 0.1106737 -0.3411145
13 0.1028249 0 0 -0.1176855 -0.09469986 -0.01050035
14 0.05880699 0.02725041 0.0822537 -1.570795 1.371103 -0.03702443
15 -0.1009997 0 0 -1.646825 0.7388897 -0.4081252
16 -0.1219999 0 0 1.018397E-06 -2.772519E-06 -1.15567
17 -0.1347622 0 0 -0.344432 0 0
18 -0.1343399 0 0 1.172712 0.3514831 0.7212946
19 -0.1197386 0 -6.123033E-05 -0.001372244 -0.005376858 0.2012115
20 -0.04880161 0 0 0 0 -0.707715
21 -0.1889133 0.06475638 -0.0265498 -3.139415 -0.005103788 -0.4518085
22 -0.04874142 0.04765864 -0.06862451 1.787741 -0.276586 -0.7554917
23 -0.06127064 0 0 -0.06257772 0.2217633 -0.7094637
24 -0.1028246 0 0 -0.1176855 -0.09469986 -0.01050035
25 0.1304068 0.1682832 0 2.965795 -0.4846947 2.515124
26 0.08318153 0 0 -0.04205054 -0.1068756 0.07176981
27 0.1212126 0 0 0.03095986 -0.1390971 0.1373141
28 0.1593245 0 0 0.2468979 -0.196145 0.221332
29 0.1634787 -0.04422289 -0.1573421 -2.751346 0.401306 1.451305
30 0.1386825 -0.006931146 0.004727043 0.3438253 0.2339205 -0.7670875
31 0.07876897 1.806102E-05 -0.005639316 -0.8173687 -0.2575575 -0.0880349
32 0.130848 0.0002848966 0.00104755 -0.1699746 -0.04354981 -0.5415973
33 0.1839588 0.0008644731 0.002803161 -0.01770404 -0.113333 -0.03597802
34 0.1270494 -0.04900486 0.1733354 -2.556248 1.212453 -1.404355
35 -0.1374714 3.473833E-07 -5.7742E-08 0.06337721 0.4965227 -0.4662753
36 -0.06898984 0 0 -0.2564223 -0.410023 -0.3551783
37 -0.1247 0 0 -0.2547067 0.2170452 -0.17832
38 -0.1734369 0 0 0.2211829 -0.143268 -0.1593294
39 0.1243179 0.1711765 0 0.09700848 0.1753001 1.10784
40 0.1502504 0.1029305 -0.176686 -1.164028 1.352867 0.2820447
41 0.0984958 0.02850619 0.1872715 -1.448724 0.925179 -3.105933
42 0.1708579 0.009936064 0 -0.1599027 0.04967021 -0.2963102
43 0.0049 0 0 0 0 0
44 0.5171545 -0.2663316 0.2896972 2.568848 -0.6215634 -0.508171
45 0.1972673 0 0 0.2590119 0.2016014 -1.584325
46 0.05363192 -0.1692977 0 -0.1212622 0 -1.228345
47 0.0006023012 -0.03346459 -0.04911327 -0.02998959 0.2111661 -1.862327
48 0.000602576 -0.03346451 0.0491133 0.01859463 0.03241225 -1.743023
49 0 -0.00544714 0 -2.079754 0.1267215 -1.538228
50 0.1349337 0.007935909 0.1169305 -0.3623227 -0.03932258 0.03104416
51 0.06775701 0 0 0 0 0
52 0.07025615 0 0 -0.04356551 0.1874887 -0.05419647
53 0.05538215 -0.1613821 0 -0.01709938 0.00564654 -1.513184
54 0.1349336 0.007935909 -0.116931 0.6764833 0.3936387 -0.02177445
55 0.067757 0 0 0 0 0
56 0.0702562 0 0 0.06569856 -0.2506877 0.1235677
57 0.0553822 -0.161382 0 0.06357618 -0.02569135 -1.567969
time 108
0 0 0 0 0 0 0
1 0.05462616 0.4555054 -0.1456545 0.00633413 0.0360894 0.02960497
2 0 0.002591992 0 -1.331476 0.1087089 1.650773
3 0.152 0 0 -0.1694792 -0.1623725 0.06998722
4 0.05880687 0.02725044 -0.08225372 2.054343 1.445179 0.4549376
5 0.1144182 0.0005082054 0.0002229364 -2.829166 0.02931349 -1.077378
6 0.122 0 0 0 0 -1.327448
7 0.1347621 0 0 -0.7212724 0 0
8 0.1343401 0 0 0.1319583 -0.1681725 -0.01419741
9 0.1197383 0 6.123017E-05 0.001594523 -0.005315063 -0.2666198
10 0.04880161 0 0 0 0 -0.2795654
11 0.04874135 -0.0476583 0.06862446 1.354331 -0.6435489 -0.5435876
12 0.06127064 0 0 -0.0173396 0.1108546 -0.3507155
13 0.1028249 0 0 -0.1176855 -0.09469986 -0.01050035
14 0.05880699 0.02725041 0.0822537 -1.570795 1.371103 -0.03702443
15 -0.1009997 0 0 -1.638429 0.7416032 -0.4021177
16 -0.1219999 0 0 1.018397E-06 -2.77252E-06 -1.151198
17 -0.1347622 0 0 -0.3449603 0 0
18 -0.1343399 0 0 1.169478 0.3523704 0.7167971
19 -0.1197386 0 -6.123033E-05 -0.001372244 -0.005376858 0.2012115
20 -0.04880161 0 0 0 0 -0.707715
21 -0.1889133 0.06475638 -0.0265498 -3.139415 -0.005103788 -0.4518085
22 -0.04874142 0.04765864 -0.06862451 1.787741 -0.276586 -0.7554917
23 -0.06127064 0 0 -0.06257772 0.2217633 -0.7094637
24 -0.1028246 0 0 -0.1176855 -0.09469986 -0.01050035
25 0.1304068 0.1682832 0 2.965924 -0.487626 2.509955
26 0.08318153 0 0 -0.04634899 -0.1076375 0.07445547
27 0.1212126 0 0 0.02868912 -0.1390989 0.1372599
28 0.1593245 0 0 0.2468981 -0.1961452 0.2137884
29 0.1636049 -0.04435933 -0.1572255 -2.749476 0.400505 1.446234
30 0.1386825 -0.006931146 0.004727043 0.3438253 0.2339205 -0.7670875
31 0.07876897 1.806102E-05 -0.005639316 -0.8157697 -0.255306 -0.09437533
32 0.130848 0.0002848966 0.00104755 -0.1688198 -0.04009886 -0.547067
33 0.1839588 0.0008644731 0.002803161 -0.01910191 -0.1185264 -0.02309288
34 0.1270494 -0.04906019 0.1733144 -2.557026 1.212661 -1.410368
35 -0.1374714 3.473833E-07 -5.7742E-08 0.06337721 0.4965227 -0.4662753
36 -0.06898984 0 0 -0.255343 -0.4081066 -0.3539034
37 -0.1247 0 0 -0.2511879 0.2214253 -0.1776218
38 -0.1734369 0 0 0.2209298 -0.1371896 -0.1571361
39 0.1243179 0.1711765 0 0.09040171 0.1753002 1.10784
40 0.1502504 0.1029305 -0.176686 -1.173433 1.346937 0.2723449
41 0.0984958 0.02850619 0.1872715 -1.447989 0.9292067 -3.105026
42 0.1708579 0.009936064 0 -0.1577813 0.05160841 -0.2945419
43 0.0049 0 0 0 0 0
44 0.5171545 -0.2663316 0.2896972 2.581167 -0.6370828 -0.5227548
45 0.1972673 0 0 0.2581978 0.1955503 -1.587968
46 0.05363192 -0.1692977 0 -0.1256629 1.862645E-08 -1.228345
47 0.0006023012 -0.03346459 -0.04911327 -0.02998959 0.2104207 -1.862311
48 0.000602576 -0.03346451 0.0491133 0.01859463 0.03191778 -1.743033
49 0 -0.00544714 0 -2.077929 0.1282277 -1.537824
50 0.1349337 0.007935909 0.1169305 -0.3640715 -0.04251882 0.02951886
51 0.06775701 0 0 0 0 0
52 0.07025615 0 0 -0.04405676 0.1900396 -0.05401846
53 0.05538215 -0.1613821 0 -0.01709938 0.00564654 -1.513184
54 0.1349336 0.007935909 -0.116931 0.6740995 0.388675 -0.02627699
55 0.067757 0 0 0 0 0
56 0.0702562 0 0 0.06587232 -0.2466748 0.1219783
57 0.0553822 -0.161382 0 0.06357618 -0.02569135 -1.567969
time 109
0 0 0 0 0 0 0
1 0.05429098 0.4561034 -0.1451075 0.006332758 0.03608206 0.02731799
2 0 0.002591992 0 -1.333133 0.1104218 1.651185
3 0.152 0 0 -0.1694806 -0.1632072 0.07382309
4 0.05880687 0.02725044 -0.08225372 2.046378 1.443357 0.447035
5 0.1144182 0.0005082054 0.0002229364 -2.825891 0.03074478 -1.073606
6 0.122 0 0 0 0 -1.319888
7 0.1347621 0 0 -0.7212724 0 0
8 0.1343401 0 0 0.1333239 -0.1681104 -0.02281494
9 0.1197383 0 6.123017E-05 0.001594526 -0.005315066 -0.2726474
10 0.04880161 0 0 0 0 -0.2873107
11 0.04874135 -0.0476583 0.06862446 1.355967 -0.6381893 -0.5446283
12 0.06127064 0 0 -0.01949524 0.1110193 -0.3603922
13 0.1028249 0 0 -0.1176855 -0.09469986 -0.01050035
14 0.05880699 0.02725041 0.0822537 -1.570795 1.371103 -0.03702443
15 -0.1009997 0 0 -1.630725 0.7445778 -0.3966019
16 -0.1219999 0 0 1.018397E-06 -2.77252E-06 -1.146789
17 -0.1347622 0 0 -0.3454136 0 0
18 -0.1343399 0 0 1.1663 0.3533147 0.7119519
19 -0.1197386 0 -6.123033E-05 -0.001372244 -0.005376858 0.2012115
20 -0.04880161 0 0 0 0 -0.707715
21 -0.1889133 0.06475638 -0.0265498 -3.139415 -0.005103788 -0.4518085
22 -0.04874142 0.04765864 -0.06862451 1.787741 -0.276586 -0.7554917
23 -0.06127064 0 0 -0.06257772 0.2217633 -0.7094637
24 -0.1028246 0 0 -0.1176855 -0.09469986 -0.01050035
25 0.1304068 0.1682832 0 2.965929 -0.4904295 2.505296
26 0.08318153 0 0 -0.05040175 -0.1083655 0.07699225
27 0.1212126 0 0 0.02654863 -0.1390986 0.1372074
28 0.1593245 0 0 0.2468981 -0.1961451 0.2067022
29 0.1637253 -0.04446907 -0.1571148 -2.747549 0.3996501 1.441728
30 0.1386825 -0.006931146 0.004727043 0.3438253 0.2339205 -0.7670875
31 0.07876897 1.806102E-05 -0.005639316 -0.8141103 -0.2530529 -0.100963
32 0.130848 0.0002848966 0.00104755 -0.1673313 -0.0363586 -0.553296
33 0.1839588 0.0008644731 0.002803161 -0.02041635 -0.1234046 -0.01104747
34 0.1270494 -0.04911384 0.1732926 -2.557877 1.212975 -1.415913
35 -0.1374714 3.473833E-07 -5.7742E-08 0.06337721 0.4965227 -0.4662753
36 -0.06898984 0 0 -0.2543261 -0.4063039 -0.3527018
37 -0.1247 0 0 -0.2478891 0.2258333 -0.1770387
38 -0.1734369 0 0 0.2206909 -0.1309473 -0.1550453
39 0.1243179 0.1711765 0 0.08369206 0.1753002 1.107841
40 0.1502504 0.1029305 -0.176686 -1.182519 1.340911 0.2629495
41 0.0984958 0.02850619 0.1872715 -1.447219 0.9333588 -3.104079
42 0.1708579 0.009936064 0 -0.1548132 0.05349979 -0.2889952
43 0.0049 0 0 0 0 0
44 0.5171545 -0.2663316 0.2896972 2.592434 -0.6520767 -0.535942
45 0.1972673 0 0 0.2580103 0.1890346 -1.588354
46 0.05363192 -0.1692977 0 -0.1301336 1.490116E-08 -1.228345
47 0.0006023012 -0.03346459 -0.04911327 -0.02998958 0.2094553 -1.862282
48 0.000602576 -0.03346451 0.0491133 0.01859463 0.03119246 -1.743048
49 0 -0.00544714 0 -2.07621 0.1296469 -1.537444
50 0.1349337 0.007935909 0.1169305 -0.3658702 -0.04593337 0.02801756
51 0.06775701 0 0 0 0 0
52 0.07025615 0 0 -0.04441252 0.1926377 -0.05383215
53 0.05538215 -0.1613821 0 -0.01709938 0.00564654 -1.513184
54 0.1349336 0.007935909 -0.116931 0.671795 0.3835037 -0.03058651
55 0.067757 0 0 0 0 0
56 0.0702562 0 0 0.06610923 -0.2427451 0.1202502
57 0.0553822 -0.161382 0 0.06357618 -0.02569135 -1.567969
time 110
0 0 0 0 0 0 0
1 0.0539774 0.4566805 -0.144562 0.006333721 0.03608717 0.02492678
2 0 0.002591992 0 -1.334682 0.111465 1.651569
3 0.152 0 0 -0.1694794 -0.163986 0.07750335
4 0.05880687 0.02725044 -0.08225372 2.03884 1.441585 0.4395588
5 0.1144182 0.0005082054 0.0002229364 -2.822834 0.03179798 -1.069562
6 0.122 0 0 0 0 -1.309946
7 0.1347621 0 0 -0.7212724 0 0
8 0.1343401 0 0 0.1347475 -0.1680387 -0.03176583
9 0.1197383 0 6.123017E-05 0.001594527 -0.005315069 -0.2787188
10 0.04880161 0 0 0 0 -0.2951119
11 0.04874135 -0.0476583 0.06862446 1.357603 -0.6327894 -0.5456651
12 0.06127064 0 0 -0.02161494 0.1111669 -0.3701271
13 0.1028249 0 0 -0.1176855 -0.09469986 -0.01050035
14 0.05880699 0.02725041 0.0822537 -1.570795 1.371103 -0.03702443
15 -0.1009997 0 0 -1.623938 0.7473879 -0.391762
16 -0.1219999 0 0 1.018396E-06 -2.772519E-06 -1.142424
17 -0.1347622 0 0 -0.3457796 0 0
18 -0.1343399 0 0 1.163192 0.3543202 0.7067035
19 -0.1197386 0 -6.123033E-05 -0.001372244 -0.005376858 0.2012115
20 -0.04880161 0 0 0 0 -0.707715
21 -0.1889133 0.06475638 -0.0265498 -3.139415 -0.005103788 -0.4518085
22 -0.04874142 0.04765864 -0.06862451 1.787741 -0.276586 -0.7554917
23 -0.06127064 0 0 -0.06257772 0.2217633 -0.7094637
24 -0.1028246 0 0 -0.1176855 -0.09469986 -0.01050035
25 0.1304068 0.1682832 0 2.965819 -0.4931088 2.50138
26 0.08318153 0 0 -0.05418935 -0.1090445 0.07936227
27 0.1212126 0 0 0.02454607 -0.1390992 0.1371595
28 0.1593245 0 0 0.2468973 -0.1961445 0.2000988
29 0.1638397 -0.04455382 -0.15701 -2.745669 0.3987507 1.43792
30 0.1386825 -0.006931146 0.004727043 0.3438253 0.2339205 -0.7670875
31 0.07876897 1.806102E-05 -0.005639316 -0.8124186 -0.2507632 -0.1076891
32 0.130848 0.0002848966 0.00104755 -0.1656844 -0.03234592 -0.5601779
33 0.1839588 0.0008644731 0.002803161 -0.02161883 -0.1279368 -0.000124359
34 0.1270494 -0.04916487 0.1732698 -2.558751 1.213381 -1.420727
35 -0.1374714 3.473833E-07 -5.7742E-08 0.06337721 0.4965227 -0.4662753
36 -0.06898984 0 0 -0.2533748 -0.4046204 -0.3515766
37 -0.1247 0 0 -0.2448231 0.2302824 -0.1765761
38 -0.1734369 0 0 0.2204645 -0.124546 -0.1530616
39 0.1243179 0.1711765 0 0.07684401 0.1753002 1.10784
40 0.1502504 0.1029305 -0.176686 -1.191283 1.3348 0.2538607
41 0.0984958 0.02850619 0.1872715 -1.446414 0.9376347 -3.10309
42 0.1708579 0.009936064 0 -0.1511192 0.05530347 -0.2797864
43 0.0049 0 0 0 0 0
44 0.5171545 -0.2663316 0.2896972 2.602269 -0.6663589 -0.54727
45 0.1972673 0 0 0.258404 0.1821151 -1.586165
46 0.05363192 -0.1692977 0 -0.1346552 -7.450581E-09 -1.228345
47 0.0006023012 -0.03346459 -0.04911327 -0.02998959 0.2083924 -1.862242
48 0.000602576 -0.03346451 0.0491133 0.01859463 0.03022665 -1.743068
49 0 -0.00544714 0 -2.074601 0.130975 -1.537091
50 0.1349337 0.007935909 0.1169305 -0.3677176 -0.04955922 0.02655076
51 0.06775701 0 0 0 0 0
52 0.07025615 0 0 -0.04462595 0.1952719 -0.05363255
53 0.05538215 -0.1613821 0 -0.01709938 0.00564654 -1.513184
54 0.1349336 0.007935909 -0.116931 0.6695763 0.3781438 -0.03468538
55 0.067757 0 0 0 0 0
56 0.0702562 0 0 0.06640805 -0.2389109 0.1183951
57 0.0553822 -0.161382 0 0.06357618 -0.02569135 -1.567969
time 111
0 0 0 0 0 0 0
1 0.0536866 0.4572314 -0.1440189 0.006332197 0.03607905 0.02241916
2 0 0.002591992 0 -1.336122 0.1117316 1.651924
3 0.152 0 0 -0.1694792 -0.1647091 0.08090805
4 0.05880687 0.02725044 -0.08225372 2.031709 1.439867 0.4324884
5 0.1144182 0.0005082054 0.0002229364 -2.820078 0.03241395 -1.065323
6 0.122 0 0 0 0 -1.297947
7 0.1347621 0 0 -0.7212724 0 0
8 0.1343401 0 0 0.1362212 -0.1679531 -0.04101872
9 0.1197383 0 6.123017E-05 0.001594515 -0.005315044 -0.2848237
10 0.04880161 0 0 0 0 -0.302953
11 0.04874135 -0.0476583 0.06862446 1.359237 -0.6273565 -0.5466954
12 0.06127064 0 0 -0.02377686 0.1112973 -0.3799044
13 0.1028249 0 0 -0.1176855 -0.09469986 -0.01050035
14 0.05880699 0.02725041 0.0822537 -1.570795 1.371103 -0.03702443
15 -0.1009997 0 0 -1.6183 0.749675 -0.3877837
16 -0.1219999 0 0 1.018397E-06 -2.772519E-06 -1.138087
17 -0.1347622 0 0 -0.3460491 0 0
18 -0.1343399 0 0 1.16017 0.3553908 0.7009969
19 -0.1197386 0 -6.123033E-05 -0.001372244 -0.005376858 0.2012115
20 -0.04880161 0 0 0 0 -0.707715
21 -0.1889133 0.06475638 -0.0265498 -3.139415 -0.005103788 -0.4518085
22 -0.04874142 0.04765864 -0.06862451 1.787741 -0.276586 -0.7554917
23 -0.06127064 0 0 -0.06257772 0.2217633 -0.7094637
24 -0.1028246 0 0 -0.1176855 -0.09469986 -0.01050035
25 0.1304068 0.1682832 0 2.965602 -0.4956673 2.49844
26 0.08318153 0 0 -0.05770132 -0.1096783 0.08156139
27 0.1212126 0 0 0.02268859 -0.1390985 0.1371142
28 0.1593245 0 0 0.2468981 -0.1961451 0.1940051
29 0.1639476 -0.04461531 -0.1569116 -2.743947 0.3978168 1.434944
30 0.1386825 -0.006931146 0.004727043 0.3438253 0.2339205 -0.7670875
31 0.07876897 1.806102E-05 -0.005639316 -0.810719 -0.2484008 -0.1144447
32 0.130848 0.0002848966 0.00104755 -0.1639041 -0.02807754 -0.5676048
33 0.1839588 0.0008644731 0.002803161 -0.02268386 -0.1321104 0.009393512
34 0.1270494 -0.04921234 0.1732473 -2.559599 1.213871 -1.424544
35 -0.1374714 3.473833E-07 -5.7742E-08 0.06337721 0.4965227 -0.4662753
36 -0.06898984 0 0 -0.2524919 -0.4030605 -0.3505306
37 -0.1247 0 0 -0.2420003 0.2347838 -0.1762376
38 -0.1734369 0 0 0.2202544 -0.1179932 -0.1511934
39 0.1243179 0.1711765 0 0.06986699 0.1753002 1.10784
40 0.1502504 0.1029305 -0.176686 -1.199722 1.328617 0.2450799
41 0.0984958 0.02850619 0.1872715 -1.445573 0.9420319 -3.102062
42 0.1708579 0.009936064 0 -0.1468233 0.05697931 -0.2673932
43 0.0049 0 0 0 0 0
44 0.5171545 -0.2663316 0.2896972 2.609863 -0.6797436 -0.5557566
45 0.1972673 0 0 0.2593333 0.1748525 -1.581717
46 0.05363192 -0.1692977 0 -0.1392087 1.490116E-08 -1.228345
47 0.0006023012 -0.03346459 -0.04911327 -0.02998959 0.2071736 -1.86219
48 0.000602576 -0.03346451 0.0491133 0.01859463 0.02901075 -1.743093
49 0 -0.00544714 0 -2.073108 0.1322064 -1.536764
50 0.1349337 0.007935909 0.1169305 -0.3696108 -0.05338918 0.0251288
51 0.06775701 0 0 0 0 0
52 0.07025615 0 0 -0.0446914 0.1979359 -0.05341617
53 0.05538215 -0.1613821 0 -0.01709938 0.00564654 -1.513184
54 0.1349336 0.007935909 -0.116931 0.6674505 0.3726151 -0.03855582
55 0.067757 0 0 0 0 0
56 0.0702562 0 0 0.06676669 -0.2351812 0.1164229
57 0.0553822 -0.161382 0 0.06357618 -0.02569135 -1.567969
time 112
0 0 0 0 0 0 0
1 0.05341969 0.4577509 -0.1434791 0.006333371 0.03608533 0.01981969
2 0 0.002591992 0 -1.337449 0.1111141 1.652247
3 0.152 0 0 -0.1694808 -0.1653743 0.08391603
4 0.05880687 0.02725044 -0.08225372 2.024969 1.438211 0.4258071
5 0.1144182 0.0005082054 0.0002229364 -2.81771 0.03253288 -1.060965
6 0.122 0 0 0 0 -1.284157
7 0.1347621 0 0 -0.7212724 0 0
8 0.1343401 0 0 0.1377411 -0.1678537 -0.05054319
9 0.1197383 0 6.123017E-05 0.001594525 -0.005315067 -0.2909576
10 0.04880161 0 0 0 0 -0.3108243
11 0.04874135 -0.0476583 0.06862446 1.360865 -0.6218984 -0.5477179
12 0.06127064 0 0 -0.02598125 0.1114113 -0.3897113
13 0.1028249 0 0 -0.1176855 -0.09469986 -0.01050035
14 0.05880699 0.02725041 0.0822537 -1.570795 1.371103 -0.03702443
15 -0.1009997 0 0 -1.614035 0.75147 -0.38485
16 -0.1219999 0 0 1.018397E-06 -2.772519E-06 -1.133473
17 -0.1347622 0 0 -0.3462132 0 0
18 -0.1343399 0 0 1.157249 0.3565304 0.6947765
19 -0.1197386 0 -6.123033E-05 -0.001372244 -0.005376858 0.2012115
20 -0.04880161 0 0 0 0 -0.707715
21 -0.1889133 0.06475638 -0.0265498 -3.139415 -0.005103788 -0.4518085
22 -0.04874142 0.04765864 -0.06862451 1.787741 -0.276586 -0.7554917
23 -0.06127064 0 0 -0.06257772 0.2217633 -0.7094637
24 -0.1028246 0 0 -0.1176855 -0.09469986 -0.01050035
25 0.1304068 0.1682832 0 2.965288 -0.4981086 2.496708
26 0.08318153 0 0 -0.06092386 -0.1102637 0.08358035
27 0.1212126 0 0 0.02098369 -0.1390985 0.1370737
28 0.1593245 0 0 0.2468979 -0.196145 0.1884447
29 0.164049 -0.04465526 -0.1568197 -2.742387 0.3968578 1.43293
30 0.1386825 -0.006931146 0.004727043 0.3438253 0.2339205 -0.7670875
31 0.07876897 1.806102E-05 -0.005639316 -0.8090376 -0.2459304 -0.1211208
32 0.130848 0.0002848966 0.00104755 -0.1620153 -0.02357022 -0.5754699
33 0.1839588 0.0008644731 0.002803161 -0.02358121 -0.1358853 0.01722262
34 0.1270494 -0.0492553 0.1732265 -2.560369 1.214434 -1.427103
35 -0.1374714 3.473833E-07 -5.7742E-08 0.06337721 0.4965227 -0.4662753
36 -0.06898984 0 0 -0.2516818 -0.4016326 -0.3495695
37 -0.1247 0 0 -0.2394349 0.2393515 -0.1760295
38 -0.1734369 0 0 0.2200592 -0.1112939 -0.1494452
39 0.1243179 0.1711765 0 0.06277025 0.1753002 1.107841
40 0.1502504 0.1029305 -0.176686 -1.207837 1.322376 0.2366094
41 0.0984958 0.02850619 0.1872715 -1.444697 0.94655 -3.100992
42 0.1708579 0.009936064 0 -0.1420438 0.05848588 -0.2523913
43 0.0049 0 0 0 0 0
44 0.5171545 -0.2663316 0.2896972 2.614577 -0.6920458 -0.5606223
45 0.1972673 0 0 0.2607529 0.1673075 -1.575325
46 0.05363192 -0.1692977 0 -0.1437749 7.450581E-09 -1.228345
47 0.0006023012 -0.03346459 -0.04911327 -0.0299896 0.2057402 -1.862124
48 0.000602576 -0.03346451 0.0491133 0.01859463 0.02753512 -1.743123
49 0 -0.00544714 0 -2.071738 0.1333368 -1.536466
50 0.1349337 0.007935909 0.1169305 -0.3715478 -0.05741613 0.02376209
51 0.06775701 0 0 0 0 0
52 0.07025615 0 0 -0.0446061 0.2006337 -0.05318269
53 0.05538215 -0.1613821 0 -0.01709938 0.00564654 -1.513184
54 0.1349336 0.007935909 -0.116931 0.6654264 0.3669373 -0.04217981
55 0.067757 0 0 0 0 0
56 0.0702562 0 0 0.06718318 -0.2315655 0.1143439
57 0.0553822 -0.161382 0 0.06357618 -0.02569135 -1.567969
time 113
0 0 0 0 0 0 0
1 0.05317784 0.4582337 -0.1429437 0.00633406 0.03608894 0.01712345
2 0 0.002591992 0 -1.338662 0.1098633 1.652539
3 0.152 0 0 -0.1694804 -0.1659756 0.08640342
4 0.05880687 0.02725044 -0.08225372 2.018595 1.436616 0.4194893
5 0.1144182 0.0005082054 0.0002229364 -2.815816 0.03209552 -1.056566
6 0.122 0 0 0 0 -1.268845
7 0.1347621 0 0 -0.7212724 0 0
8 0.1343401 0 0 0.1393036 -0.1677414 -0.06030929
9 0.1197383 0 6.123017E-05 0.00159453 -0.005315077 -0.2971083
10 0.04880161 0 0 0 0 -0.3187137
11 0.04874135 -0.0476583 0.06862446 1.362485 -0.6164225 -0.548731
12 0.06127064 0 0 -0.02822818 0.1115087 -0.3995327
13 0.1028249 0 0 -0.1176855 -0.09469986 -0.01050035
14 0.05880699 0.02725041 0.0822537 -1.570795 1.371103 -0.03702443
15 -0.1009997 0 0 -1.611372 0.7528049 -0.3831465
16 -0.1219999 0 0 1.018397E-06 -2.772519E-06 -1.128334
17 -0.1347622 0 0 -0.3462623 0 0
18 -0.1343399 0 0 1.154444 0.3577437 0.6879866
19 -0.1197386 0 -6.123033E-05 -0.001372244 -0.005376858 0.2012115
20 -0.04880161 0 0 0 0 -0.707715
21 -0.1889133 0.06475638 -0.0265498 -3.139415 -0.005103788 -0.4518085
22 -0.04874142 0.04765864 -0.06862451 1.787741 -0.276586 -0.7554917
23 -0.06127064 0 0 -0.06257772 0.2217633 -0.7094637
24 -0.1028246 0 0 -0.1176855 -0.09469986 -0.01050035
25 0.1304068 0.1682832 0 2.964886 -0.5004364 2.496417
26 0.08318153 0 0 -0.06384274 -0.1107973 0.08540949
27 0.1212126 0 0 0.01943861 -0.1390977 0.1370365
28 0.1593245 0 0 0.2468978 -0.1961449 0.1834439
29 0.1641434 -0.04467537 -0.1567345 -2.74099 0.3958836 1.43201
30 0.1386825 -0.006931146 0.004727043 0.3438253 0.2339205 -0.7670875
31 0.07876897 1.806102E-05 -0.005639316 -0.8074002 -0.243316 -0.1276086
32 0.130848 0.0002848966 0.00104755 -0.1600434 -0.01884097 -0.5836675
33 0.1839588 0.0008644731 0.002803161 -0.02428628 -0.1392528 0.02308181
34 0.1270494 -0.04929284 0.1732074 -2.561011 1.215059 -1.428138
35 -0.1374714 3.473833E-07 -5.7742E-08 0.06337721 0.4965227 -0.4662753
36 -0.06898984 0 0 -0.2509474 -0.400342 -0.3486963
37 -0.1247 0 0 -0.2371362 0.2439961 -0.1759544
38 -0.1734369 0 0 0.2198818 -0.104455 -0.1478248
39 0.1243179 0.1711765 0 0.05556311 0.1753002 1.10784
40 0.1502504 0.1029305 -0.176686 -1.215624 1.316088 0.2284501
41 0.0984958 0.02850619 0.1872715 -1.443787 0.9511882 -3.099883
42 0.1708579 0.009936064 0 -0.1369033 0.05978272 -0.2353643
43 0.0049 0 0 0 0 0
44 0.5171545 -0.2663316 0.2896972 2.616293 -0.7030793 -0.5617076
45 0.1972673 0 0 0.2626172 0.1595407 -1.567305
46 0.05363192 -0.1692977 0 -0.148335 1.490116E-08 -1.228345
47 0.0006023012 -0.03346459 -0.04911327 -0.02998959 0.2040338 -1.862045
48 0.000602576 -0.03346451 0.0491133 0.01859463 0.02579018 -1.743159
49 0 -0.00544714 0 -2.070497 0.1343613 -1.536198
50 0.1349337 0.007935909 0.1169305 -0.3735267 -0.06163296 0.02246109
51 0.06775701 0 0 0 0 0
52 0.07025615 0 0 -0.04436617 0.2034027 -0.05293066
53 0.05538215 -0.1613821 0 -0.01709938 0.00564654 -1.513184
54 0.1349336 0.007935909 -0.116931 0.6635107 0.3611299 -0.04553962
55 0.067757 0 0 0 0 0
56 0.0702562 0 0 0.06765588 -0.2280747 0.1121691
57 0.0553822 -0.161382 0 0.06357618 -0.02569135 -1.567969
time 114
0 0 0 0 0 0 0
1 0.0529622 0.4586748 -0.1424135 0.006333517 0.03608599 0.01433586
2 0 0.002591992 0 -1.339755 0.1083358 1.652797
3 0.152 0 0 -0.1694797 -0.1665114 0.08824948
4 0.05880687 0.02725044 -0.08225372 2.012642 1.435088 0.41359
5 0.1144182 0.0005082054 0.0002229364 -2.814481 0.03104246 -1.052203
6 0.122 0 0 0 0 -1.252277
7 0.1347621 0 0 -0.7212724 0 0
8 0.1343401 0 0 0.1409012 -0.1676124 -0.07028511
9 0.1197383 0 6.123017E-05 0.001594529 -0.005315073 -0.303267
10 0.04880161 0 0 0 0 -0.32661
11 0.04874135 -0.0476583 0.06862446 1.364094 -0.6109366 -0.5497332
12 0.06127064 0 0 -0.03051743 0.1115892 -0.409352
13 0.1028249 0 0 -0.1176855 -0.09469986 -0.01050035
14 0.05880699 0.02725041 0.0822537 -1.570795 1.371103 -0.03702443
15 -0.1009997 0 0 -1.610262 0.7537112 -0.3828574
16 -0.1219999 0 0 1.018396E-06 -2.772519E-06 -1.122737
17 -0.1347622 0 0 -0.3461862 0 0
18 -0.1343399 0 0 1.15177 0.3590341 0.6805723
19 -0.1197386 0 -6.123033E-05 -0.001372244 -0.005376858 0.2012115
20 -0.04880161 0 0 0 0 -0.707715
21 -0.1889133 0.06475638 -0.0265498 -3.139415 -0.005103788 -0.4518085
22 -0.04874142 0.04765864 -0.06862451 1.787741 -0.276586 -0.7554917
23 -0.06127064 0 0 -0.06257772 0.2217633 -0.7094637
24 -0.1028246 0 0 -0.1176855 -0.09469986 -0.01050035
25 0.1304068 0.1682832 0 2.964405 -0.5026543 2.497418
26 0.08318153 0 0 -0.06644332 -0.1112748 0.08703869
27 0.1212126 0 0 0.01806083 -0.1390989 0.1370056
28 0.1593245 0 0 0.246898 -0.1961451 0.1790282
29 0.1642308 -0.04467738 -0.1566563 -2.739761 0.3949042 1.432317
30 0.1386825 -0.006931146 0.004727043 0.3438253 0.2339205 -0.7670875
31 0.07876897 1.806102E-05 -0.005639316 -0.8058309 -0.2405216 -0.1337991
32 0.130848 0.0002848966 0.00104755 -0.1580127 -0.01390634 -0.5920883
33 0.1839588 0.0008644731 0.002803161 -0.0247693 -0.1421758 0.0266867
34 0.1270494 -0.04932399 0.1731901 -2.561475 1.215737 -1.427687
35 -0.1374714 3.473833E-07 -5.7742E-08 0.06337721 0.4965227 -0.4662753
36 -0.06898984 0 0 -0.2502928 -0.3991963 -0.3479162
37 -0.1247 0 0 -0.2351177 0.2487309 -0.1760182
38 -0.1734369 0 0 0.2197203 -0.0974815 -0.1463366
39 0.1243179 0.1711765 0 0.04825498 0.1753002 1.10784
40 0.1502504 0.1029305 -0.176686 -1.223084 1.309766 0.2206041
41 0.0984958 0.02850619 0.1872715 -1.442841 0.9559448 -3.098734
42 0.1708579 0.009936064 0 -0.1315229 0.06082893 -0.216893
43 0.0049 0 0 0 0 0
44 0.5171545 -0.2663316 0.2896972 2.614889 -0.7126586 -0.5588518
45 0.1972673 0 0 0.2648807 0.1516128 -1.557972
46 0.05363192 -0.1692977 0 -0.1528698 7.450581E-09 -1.228345
47 0.0006023012 -0.03346459 -0.04911327 -0.02998957 0.2019959 -1.861953
48 0.000602576 -0.03346451 0.0491133 0.01859463 0.02376629 -1.7432
49 0 -0.00544714 0 -2.069389 0.1352747 -1.535962
50 0.1349337 0.007935909 0.1169305 -0.3755454 -0.06603251 0.02123621
51 0.06775701 0 0 0 0 0
52 0.07025615 0 0 -0.043964 0.2062396 -0.05265419
53 0.05538215 -0.1613821 0 -0.01709938 0.00564654 -1.513184
54 0.1349336 0.007935909 -0.116931 0.6617109 0.3552126 -0.04861744
55 0.067757 0 0 0 0 0
56 0.0702562 0 0 0.06818381 -0.2247224 0.1099106
57 0.0553822 -0.161382 0 0.06357618 -0.02569135 -1.567969
time 115
0 0 0 0 0 0 0
1 0.05277389 0.4590687 -0.1418895 0.006334358 0.03609063 0.01146945
2 0 0.002591992 0 -1.340728 0.1065836 1.653021
3 0.152 0 0 -0.1694807 -0.1669808 0.08933359
4 0.05880687 0.02725044 -0.08225372 2.007225 1.433632 0.4082218
5 0.1144182 0.0005082054 0.0002229364 -2.813791 0.02931392 -1.047953
6 0.122 0 0 0 0 -1.234721
7 0.1347621 0 0 -0.7212724 0 0
8 0.1343401 0 0 0.1425324 -0.1674695 -0.08044177
9 0.1197383 0 6.123017E-05 0.001594531 -0.005315078 -0.3094262
10 0.04880161 0 0 0 0 -0.3345004
11 0.04874135 -0.0476583 0.06862446 1.365689 -0.6054482 -0.5507227
12 0.06127064 0 0 -0.03284894 0.1116527 -0.4191641
13 0.1028249 0 0 -0.1176855 -0.09469986 -0.01050035
14 0.05880699 0.02725041 0.0822537 -1.570795 1.371103 -0.03702443
15 -0.1009997 0 0 -1.610372 0.7542207 -0.3838807
16 -0.1219999 0 0 1.018397E-06 -2.77252E-06 -1.11675
17 -0.1347622 0 0 -0.3459743 0 0
18 -0.1343399 0 0 1.149243 0.3604059 0.6728717
19 -0.1197386 0 -6.123033E-05 -0.001372244 -0.005376858 0.2012115
20 -0.04880161 0 0 0 0 -0.707715
21 -0.1889133 0.06475638 -0.0265498 -3.139415 -0.005103788 -0.4518085
22 -0.04874142 0.04765864 -0.06862451 1.787741 -0.276586 -0.7554917
23 -0.06127064 0 0 -0.06257772 0.2217633 -0.7094637
24 -0.1028246 0 0 -0.1176855 -0.09469986 -0.01050035
25 0.1304068 0.1682832 0 2.963854 -0.5046605 2.499287
26 0.08318153 0 0 -0.06871466 -0.1116978 0.08846252
27 0.1212126 0 0 0.01685749 -0.1390985 0.1369777
28 0.1593245 0 0 0.246898 -0.1961451 0.1752226
29 0.1643108 -0.044663 -0.1565854 -2.7387 0.3939286 1.43366
30 0.1386825 -0.006931146 0.004727043 0.3438253 0.2339205 -0.7670875
31 0.07876897 1.806102E-05 -0.005639316 -0.8043589 -0.2375127 -0.1395836
32 0.130848 0.0002848966 0.00104755 -0.1559493 -0.00878349 -0.6006289
33 0.1839588 0.0008644731 0.002803161 -0.02500452 -0.1446391 0.02775628
34 0.1270494 -0.04934784 0.1731747 -2.561709 1.216455 -1.426117
35 -0.1374714 3.473833E-07 -5.7742E-08 0.06337721 0.4965227 -0.4662753
36 -0.06898984 0 0 -0.249721 -0.3982002 -0.347232
37 -0.1247 0 0 -0.2333911 0.2535681 -0.1762255
38 -0.1734369 0 0 0.2195795 -0.09038097 -0.1449897
39 0.1243179 0.1711765 0 0.0408551 0.1753002 1.10784
40 0.1502504 0.1029305 -0.176686 -1.230212 1.303423 0.2130737
41 0.0984958 0.02850619 0.1872715 -1.44186 0.9608197 -3.097544
42 0.1708579 0.009936064 0 -0.1260273 0.06158488 -0.1975641
43 0.0049 0 0 0 0 0
44 0.5171545 -0.2663316 0.2896972 2.610246 -0.7205982 -0.5518958
45 0.1972673 0 0 0.267498 0.1435845 -1.54764
46 0.05363192 -0.1692977 0 -0.1573602 1.490116E-08 -1.228345
47 0.0006023012 -0.03346459 -0.04911327 -0.02998958 0.1995679 -1.861846
48 0.000602576 -0.03346451 0.0491133 0.01859463 0.02145386 -1.743247
49 0 -0.00544714 0 -2.068421 0.1360726 -1.535758
50 0.1349337 0.007935909 0.1169305 -0.3776059 -0.07060835 0.02009823
51 0.06775701 0 0 0 0 0
52 0.07025615 0 0 -0.04339677 0.2091353 -0.05235304
53 0.05538215 -0.1613821 0 -0.01709938 0.00564654 -1.513184
54 0.1349336 0.007935909 -0.116931 0.6600344 0.3492047 -0.05139543
55 0.067757 0 0 0 0 0
56 0.0702562 0 0 0.06876368 -0.2215126 0.1075762
57 0.0553822 -0.161382 0 0.06357618 -0.02569135 -1.567969
time 116
0 0 0 0 0 0 0
1 0.05261407 0.4594104 -0.1413726 0.00633326 0.03608455 0.008524414
2 0 0.002591992 0 -1.341577 0.1046587 1.653207
3 0.152 0 0 -0.16948 -0.1673779 0.08953218
4 0.05880687 0.02725044 -0.08225372 2.002426 1.432252 0.4034674
5 0.1144182 0.0005082054 0.0002229364 -2.813644 0.02706032 -1.043722
6 0.122 0 0 0 0 -1.216445
7 0.1347621 0 0 -0.7212724 0 0
8 0.1343401 0 0 0.1441919 -0.1673114 -0.09074865
9 0.1197383 0 6.123017E-05 0.001594524 -0.005315065 -0.3155754
10 0.04880161 0 0 0 0 -0.3423738
11 0.04874135 -0.0476583 0.06862446 1.367268 -0.5999648 -0.5516972
12 0.06127064 0 0 -0.035223 0.1116997 -0.4289687
13 0.1028249 0 0 -0.1176855 -0.09469986 -0.01050035
14 0.05880699 0.02725041 0.0822537 -1.570795 1.371103 -0.03702443
15 -0.1009997 0 0 -1.611503 0.7543644 -0.3857891
16 -0.1219999 0 0 1.018396E-06 -2.772519E-06 -1.11044
17 -0.1347622 0 0 -0.3456209 0 0
18 -0.1343399 0 0 1.146877 0.3618633 0.6649349
19 -0.1197386 0 -6.123033E-05 -0.001372244 -0.005376858 0.2012115
20 -0.04880161 0 0 0 0 -0.707715
21 -0.1889133 0.06475638 -0.0265498 -3.139415 -0.005103788 -0.4518085
22 -0.04874142 0.04765864 -0.06862451 1.787741 -0.276586 -0.7554917
23 -0.06127064 0 0 -0.06257772 0.2217633 -0.7094637
24 -0.1028246 0 0 -0.1176855 -0.09469986 -0.01050035
25 0.1304068 0.1682832 0 2.963241 -0.506363 2.501847
26 0.08318153 0 0 -0.07064357 -0.1120644 0.08967264
27 0.1212126 0 0 0.01583605 -0.1390983 0.1369545
28 0.1593245 0 0 0.2468982 -0.1961453 0.172053
29 0.1643832 -0.04463396 -0.156522 -2.737812 0.3929669 1.435656
30 0.1386825 -0.006931146 0.004727043 0.3438253 0.2339205 -0.7670875
31 0.07876897 1.806102E-05 -0.005639316 -0.8030072 -0.2342527 -0.1448531
32 0.130848 0.0002848966 0.00104755 -0.1538769 -0.003488827 -0.6091781
33 0.1839588 0.0008644731 0.002803161 -0.02496436 -0.1466177 0.02512803
34 0.1270494 -0.04936343 0.1731613 -2.561665 1.217204 -1.423653
35 -0.1374714 3.473833E-07 -5.7742E-08 0.06337721 0.4965227 -0.4662753
36 -0.06898984 0 0 -0.2492356 -0.397361 -0.3466484
37 -0.1247 0 0 -0.2319701 0.2585216 -0.1765821
38 -0.1734369 0 0 0.2194571 -0.08315831 -0.1437881
39 0.1243179 0.1711765 0 0.03337284 0.1753001 1.10784
40 0.1502504 0.1029305 -0.176686 -1.237009 1.29707 0.2058607
41 0.0984958 0.02850619 0.1872715 -1.440845 0.9658107 -3.096316
42 0.1708579 0.009936064 0 -0.120534 0.06200852 -0.177953
43 0.0049 0 0 0 0 0
44 0.5171545 -0.2663316 0.2896972 2.602823 -0.7271117 -0.5413855
45 0.1972673 0 0 0.2704237 0.1355164 -1.536626
46 0.05363192 -0.1692977 0 -0.1617873 0 -1.228345
47 0.0006023012 -0.03346459 -0.04911327 -0.02998957 0.1966914 -1.861724
48 0.000602576 -0.03346451 0.0491133 0.01859463 0.01884326 -1.743299
49 0 -0.00544714 0 -2.0676 0.1367497 -1.535588
50 0.1349337 0.007935909 0.1169305 -0.3797024 -0.07535272 0.01905726
51 0.06775701 0 0 0 0 0
52 0.07025615 0 0 -0.04265894 0.2120694 -0.05202372
53 0.05538215 -0.1613821 0 -0.01709938 0.00564654 -1.513184
54 0.1349336 0.007935909 -0.116931 0.6584891 0.3431261 -0.05385575
55 0.067757 0 0 0 0 0
56 0.0702562 0 0 0.06939456 -0.2184593 0.1051781
57 0.0553822 -0.161382 0 0.06357618 -0.02569135 -1.567969
time 117
0 0 0 0 0 0 0
1 0.05248389 0.4596945 -0.1408637 0.006331256 0.0360733 0.005510704
2 0 0.002591992 0 -1.342299 0.102613 1.653357
3 0.152 0 0 -0.16948 -0.167702 0.08909296
4 0.05880687 0.02725044 -0.08225372 1.998328 1.431028 0.3994077
5 0.1144182 0.0005082054 0.0002229364 -2.813844 0.02452322 -1.039348
6 0.122 0 0 0 0 -1.197716
7 0.1347621 0 0 -0.7212724 0 0
8 0.1343401 0 0 0.1458709 -0.1671332 -0.1011725
9 0.1197383 0 6.123017E-05 0.001594517 -0.005315051 -0.321707
10 0.04880161 0 0 0 0 -0.3502189
11 0.04874135 -0.0476583 0.06862446 1.368829 -0.5944943 -0.5526569
12 0.06127064 0 0 -0.03763951 0.11173 -0.4387547
13 0.1028249 0 0 -0.1176855 -0.09469986 -0.01050035
14 0.05880699 0.02725041 0.0822537 -1.570795 1.371103 -0.03702443
15 -0.1009997 0 0 -1.613459 0.7541744 -0.3883828
16 -0.1219999 0 0 1.018397E-06 -2.772519E-06 -1.103874
17 -0.1347622 0 0 -0.3451124 0 0
18 -0.1343399 0 0 1.144688 0.3634104 0.656841
19 -0.1197386 0 -6.123033E-05 -0.001372244 -0.005376858 0.2012115
20 -0.04880161 0 0 0 0 -0.707715
21 -0.1889133 0.06475638 -0.0265498 -3.139415 -0.005103788 -0.4518085
22 -0.04874142 0.04765864 -0.06862451 1.787741 -0.276586 -0.7554917
23 -0.06127064 0 0 -0.06257772 0.2217633 -0.7094637
24 -0.1028246 0 0 -0.1176855 -0.09469986 -0.01050035
25 0.1304068 0.1682832 0 2.962577 -0.5077765 2.504922
26 0.08318153 0 0 -0.07221525 -0.11237 0.09065858
27 0.1212126 0 0 0.01500386 -0.1390993 0.1369375
28 0.1593245 0 0 0.2468975 -0.1961447 0.1695441
29 0.1644478 -0.04459196 -0.1564663 -2.737098 0.3920288 1.438156
30 0.1386825 -0.006931146 0.004727043 0.3438253 0.2339205 -0.7670875
31 0.07876897 1.806102E-05 -0.005639316 -0.8018023 -0.230706 -0.1494987
32 0.130848 0.0002848966 0.00104755 -0.1518215 0.001960599 -0.6176316
33 0.1839588 0.0008644731 0.002803161 -0.02462034 -0.1480817 0.01864495
34 0.1270494 -0.04936985 0.1731499 -2.561291 1.217974 -1.420521
35 -0.1374714 3.473833E-07 -5.7742E-08 0.06337721 0.4965227 -0.4662753
36 -0.06898984 0 0 -0.24884 -0.3966843 -0.3461691
37 -0.1247 0 0 -0.2308655 0.263603 -0.1770919
38 -0.1734369 0 0 0.2193563 -0.0758203 -0.1427395
39 0.1243179 0.1711765 0 0.02581754 0.1753002 1.10784
40 0.1502504 0.1029305 -0.176686 -1.243474 1.290722 0.1989655
41 0.0984958 0.02850619 0.1872715 -1.439794 0.9709175 -3.095049
42 0.1708579 0.009936064 0 -0.115165 0.06205906 -0.1586418
43 0.0049 0 0 0 0 0
44 0.5171545 -0.2663316 0.2896972 2.593447 -0.7326275 -0.5283443
45 0.1972673 0 0 0.273612 0.1274692 -1.524821
46 0.05363192 -0.1692977 0 -0.1661319 3.72529E-08 -1.228345
47 0.0006023012 -0.03346459 -0.04911327 -0.02998961 0.1933078 -1.861587
48 0.000602576 -0.03346451 0.0491133 0.01859463 0.01592488 -1.743357
49 0 -0.00544714 0 -2.066931 0.1373014 -1.535453
50 0.1349337 0.007935909 0.1169305 -0.381837 -0.08025922 0.01812405
51 0.06775701 0 0 0 0 0
52 0.07025615 0 0 -0.04174649 0.2150283 -0.05166464
53 0.05538215 -0.1613821 0 -0.01709938 0.00564654 -1.513184
54 0.1349336 0.007935909 -0.116931 0.6570823 0.3369963 -0.05598053
55 0.067757 0 0 0 0 0
56 0.0702562 0 0 0.07007429 -0.2155711 0.1027263
57 0.0553822 -0.161382 0 0.06357618 -0.02569135 -1.567969
time 118
0 0 0 0 0 0 0
1 0.05238449 0.4599159 -0.1403639 0.006333252 0.03608445 0.002438047
2 0 0.002591992 0 -1.342891 0.1004989 1.653466
3 0.152 0 0 -0.1694778 -0.1679475 0.08838432
4 0.05880687 0.02725044 -0.08225372 1.99501 1.430047 0.396122
5 0.1144182 0.0005082054 0.0002229364 -2.814336 0.02178072 -1.034807
6 0.122 0 0 0 0 -1.178802
7 0.1347621 0 0 -0.7212724 0 0
8 0.1343401 0 0 0.1475696 -0.1669392 -0.1116861
9 0.1197383 0 6.123017E-05 0.001594525 -0.005315067 -0.327814
10 0.04880161 0 0 0 0 -0.3580231
11 0.04874135 -0.0476583 0.06862446 1.370368 -0.5890439 -0.5535982
12 0.06127064 0 0 -0.04009821 0.1117433 -0.4485101
13 0.1028249 0 0 -0.1176855 -0.09469986 -0.01050035
14 0.05880699 0.02725041 0.0822537 -1.570795 1.371103 -0.03702443
15 -0.1009997 0 0 -1.616044 0.7536823 -0.3914619
16 -0.1219999 0 0 1.018397E-06 -2.77252E-06 -1.097121
17 -0.1347622 0 0 -0.3444411 0 0
18 -0.1343399 0 0 1.142692 0.3650509 0.6486682
19 -0.1197386 0 -6.123033E-05 -0.001372244 -0.005376858 0.2012115
20 -0.04880161 0 0 0 0 -0.707715
21 -0.1889133 0.06475638 -0.0265498 -3.139415 -0.005103788 -0.4518085
22 -0.04874142 0.04765864 -0.06862451 1.787741 -0.276586 -0.7554917
23 -0.06127064 0 0 -0.06257772 0.2217633 -0.7094637
24 -0.1028246 0 0 -0.1176855 -0.09469986 -0.01050035
25 0.1304068 0.1682832 0 2.96187 -0.5089163 2.508335
26 0.08318153 0 0 -0.07341573 -0.1126117 0.09141114
27 0.1212126 0 0 0.01436813 -0.1390983 0.1369234
28 0.1593245 0 0 0.2468982 -0.1961453 0.1677226
29 0.1645042 -0.04453874 -0.1564185 -2.736562 0.3911239 1.441009
30 0.1386825 -0.006931146 0.004727043 0.3438253 0.2339205 -0.7670875
31 0.07876897 1.806102E-05 -0.005639316 -0.8007692 -0.226837 -0.1534114
32 0.130848 0.0002848966 0.00104755 -0.1498078 0.007548009 -0.6258823
33 0.1839588 0.0008644731 0.002803161 -0.02394512 -0.1490072 0.009542985
34 0.1270494 -0.04936613 0.1731406 -2.560711 1.218753 -1.416944
35 -0.1374714 3.473833E-07 -5.7742E-08 0.06337721 0.4965227 -0.4662753
36 -0.06898984 0 0 -0.2485378 -0.3961763 -0.3457979
37 -0.1247 0 0 -0.2300885 0.2688238 -0.177759
38 -0.1734369 0 0 0.2192758 -0.06783473 -0.1418491
39 0.1243179 0.1711765 0 0.01819847 0.1753001 1.10784
40 0.1502504 0.1029305 -0.176686 -1.249602 1.28439 0.1923917
41 0.0984958 0.02850619 0.1872715 -1.438708 0.9761386 -3.093742
42 0.1708579 0.009936064 0 -0.1100438 0.06169683 -0.1402155
43 0.0049 0 0 0 0 0
44 0.5171545 -0.2663316 0.2896972 2.582557 -0.7372835 -0.5133274
45 0.1972673 0 0 0.2770177 0.1195036 -1.511868
46 0.05363192 -0.1692977 0 -0.1703751 -1.490116E-08 -1.228345
47 0.0006023012 -0.03346459 -0.04911327 -0.0299896 0.1893587 -1.861435
48 0.000602576 -0.03346451 0.0491133 0.01859463 0.0126891 -1.74342
49 0 -0.00544714 0 -2.066419 0.1377229 -1.535356
50 0.1349337 0.007935909 0.1169305 -0.3840033 -0.08531991 0.01730867
51 0.06775701 0 0 0 0 0
52 0.07025615 0 0 -0.04065416 0.2179924 -0.05127256
53 0.05538215 -0.1613821 0 -0.01709938 0.00564654 -1.513184
54 0.1349336 0.007935909 -0.116931 0.6558207 0.3308344 -0.05775216
55 0.067757 0 0 0 0 0
56 0.0702562 0 0 0.07080127 -0.2128588 0.1002317
57 0.0553822 -0.161382 0 0.06357618 -0.02569135 -1.567969
time 119
0 0 0 0 0 0 0
1 0.05231701 0.4600694 -0.1398739 0.006333213 0.03608419 -0.0006923567
2 0 0.002591992 0 -1.34335 0.09836774 1.653535
3 0.152 0 0 -0.1694791 -0.1681168 0.08747344
4 0.05880687 0.02725044 -0.08225372 1.992558 1.429321 0.3936924
5 0.1144182 0.0005082054 0.0002229364 -2.815065 0.0189111 -1.030079
6 0.122 0 0 0 0 -1.15997
7 0.1347621 0 0 -0.7212724 0 0
8 0.1343401 0 0 0.1492814 -0.1667269 -0.1222579
9 0.1197383 0 6.123017E-05 0.001594531 -0.005315077 -0.3338856
10 0.04880161 0 0 0 0 -0.3657753
11 0.04874135 -0.0476583 0.06862446 1.371882 -0.5836214 -0.5545205
12 0.06127064 0 0 -0.04259938 0.1117399 -0.4582261
13 0.1028249 0 0 -0.1176855 -0.09469986 -0.01050035
14 0.05880699 0.02725041 0.0822537 -1.570795 1.371103 -0.03702443
15 -0.1009997 0 0 -1.619062 0.7529192 -0.3948266
16 -0.1219999 0 0 1.018397E-06 -2.77252E-06 -1.090246
17 -0.1347622 0 0 -0.3436304 0 0
18 -0.1343399 0 0 1.140901 0.3667893 0.640495
19 -0.1197386 0 -6.123033E-05 -0.001372244 -0.005376858 0.2012115
20 -0.04880161 0 0 0 0 -0.707715
21 -0.1889133 0.06475638 -0.0265498 -3.139415 -0.005103788 -0.4518085
22 -0.04874142 0.04765864 -0.06862451 1.787741 -0.276586 -0.7554917
23 -0.06127064 0 0 -0.06257772 0.2217633 -0.7094637
24 -0.1028246 0 0 -0.1176855 -0.09469986 -0.01050035
25 0.1304068 0.1682832 0 2.961128 -0.5097976 2.511912
26 0.08318153 0 0 -0.07423203 -0.1127877 0.09192225
27 0.1212126 0 0 0.01393634 -0.1390994 0.1369166
28 0.1593245 0 0 0.2468981 -0.1961452 0.1666126
29 0.1645523 -0.04447601 -0.156379 -2.736205 0.3902621 1.444066
30 0.1386825 -0.006931146 0.004727043 0.3438253 0.2339205 -0.7670875
31 0.07876897 1.806102E-05 -0.005639316 -0.7999344 -0.2226101 -0.1564825
32 0.130848 0.0002848966 0.00104755 -0.1478606 0.01325669 -0.6338212
33 0.1839588 0.0008644731 0.002803161 -0.02291155 -0.1493715 -0.000941855
34 0.1270494 -0.04935136 0.1731335 -2.560041 1.219531 -1.413149
35 -0.1374714 3.473833E-07 -5.7742E-08 0.06337721 0.4965227 -0.4662753
36 -0.06898984 0 0 -0.2483321 -0.3958432 -0.3455387
37 -0.1247 0 0 -0.2296523 0.2741977 -0.1787329
38 -0.1734369 0 0 0.2192186 -0.05984935 -0.1411244
39 0.1243179 0.1711765 0 0.01052502 0.1753002 1.107841
40 0.1502504 0.1029305 -0.176686 -1.255393 1.278087 0.1861402
41 0.0984958 0.02850619 0.1872715 -1.437588 0.9809254 -3.092397
42 0.1708579 0.009936064 0 -0.105292 0.06088097 -0.1232552
43 0.0049 0 0 0 0 0
44 0.5171545 -0.2663316 0.2896972 2.570593 -0.741218 -0.4968895
45 0.1972673 0 0 0.2805952 0.1116803 -1.497699
46 0.05363192 -0.1692977 0 -0.1744977 1.490116E-08 -1.228345
47 0.0006023012 -0.03346459 -0.04911327 -0.02998956 0.1847855 -1.861266
48 0.000602576 -0.03346451 0.0491133 0.01859463 0.009126317 -1.74349
49 0 -0.00544714 0 -2.066071 0.1380093 -1.535296
50 0.1349337 0.007935909 0.1169305 -0.3862028 -0.09052838 0.01662186
51 0.06775701 0 0 0 0 0
52 0.07025615 0 0 -0.03937671 0.2209427 -0.05084443
53 0.05538215 -0.1613821 0 -0.01709938 0.00564654 -1.513184
54 0.1349336 0.007935909 -0.116931 0.6547127 0.3246607 -0.05915254
55 0.067757 0 0 0 0 0
56 0.0702562 0 0 0.07157396 -0.2103339 0.0977053
57 0.0553822 -0.161382 0 0.06357618 -0.02569135 -1.567969
time 120
0 0 0 0 0 0 0
1 0.05228261 0.4601497 -0.1393948 0.006333262 0.03608444 -0.003872372
2 0 0.002591992 0 -1.343674 0.09627175 1.653562
3 0.152 0 0 -0.1694808 -0.1682044 0.08642245
4 0.05880687 0.02725044 -0.08225372 1.991049 1.428867 0.3921991
5 0.1144182 0.0005082054 0.0002229364 -2.815974 0.01599268 -1.025139
6 0.122 0 0 0 0 -1.141487
7 0.1347621 0 0 -0.7212724 0 0
8 0.1343401 0 0 0.1510007 -0.166495 -0.1328567
9 0.1197383 0 6.123017E-05 0.00159453 -0.005315077 -0.3399126
10 0.04880161 0 0 0 0 -0.3734781
11 0.04874135 -0.0476583 0.06862446 1.37337 -0.5782343 -0.5554221
12 0.06127064 0 0 -0.04514289 0.1117197 -0.4678915
13 0.1028249 0 0 -0.1176855 -0.09469986 -0.01050035
14 0.05880699 0.02725041 0.0822537 -1.570795 1.371103 -0.03702443
15 -0.1009997 0 0 -1.622314 0.7519171 -0.3982772
16 -0.1219999 0 0 1.018397E-06 -2.77252E-06 -1.083317
17 -0.1347622 0 0 -0.34282 0 0
18 -0.1343399 0 0 1.139334 0.3686295 0.632401
19 -0.1197386 0 -6.123033E-05 -0.001372244 -0.005376858 0.2012115
20 -0.04880161 0 0 0 0 -0.707715
21 -0.1889133 0.06475638 -0.0265498 -3.139415 -0.005103788 -0.4518085
22 -0.04874142 0.04765864 -0.06862451 1.787741 -0.276586 -0.7554917
23 -0.06127064 0 0 -0.06257772 0.2217633 -0.7094637
24 -0.1028246 0 0 -0.1176855 -0.09469986 -0.01050035
25 0.1304068 0.1682832 0 2.960363 -0.5104352 2.515474
26 0.08318153 0 0 -0.0746502 -0.1128951 0.09218264
27 0.1212126 0 0 0.01371563 -0.1390969 0.1369114
28 0.1593245 0 0 0.2468981 -0.1961452 0.1662464
29 0.1645917 -0.04440548 -0.156348 -2.736032 0.3894528 1.447175
30 0.1386825 -0.006931146 0.004727043 0.3438253 0.2339205 -0.7670875
31 0.07876897 1.806102E-05 -0.005639316 -0.7993239 -0.2179896 -0.1586669
32 0.130848 0.0002848966 0.00104755 -0.1460053 0.01906968 -0.641344
33 0.1839588 0.0008644731 0.002803161 -0.02154515 -0.1493675 -0.01157361
34 0.1270494 -0.04932458 0.1731288 -2.559282 1.220298 -1.409363
35 -0.1374714 3.473833E-07 -5.7742E-08 0.06337721 0.4965227 -0.4662753
36 -0.06898984 0 0 -0.2482273 -0.3956928 -0.3453968
37 -0.1247 0 0 -0.2295677 0.2797359 -0.1800956
38 -0.1734369 0 0 0.2191872 -0.05186437 -0.1405727
39 0.1243179 0.1711765 0 0.002806389 0.1753002 1.10784
40 0.1502504 0.1029305 -0.176686 -1.260847 1.271826 0.1802124
41 0.0984958 0.02850619 0.1872715 -1.436432 0.9857122 -3.091013
42 0.1708579 0.009936064 0 -0.1010306 0.05957066 -0.1080591
43 0.0049 0 0 0 0 0
44 0.5171545 -0.2663316 0.2896972 2.557994 -0.744569 -0.479586
45 0.1972673 0 0 0.284299 0.1038048 -1.482248
46 0.05363192 -0.1692977 0 -0.1784807 1.490116E-08 -1.228345
47 0.0006023012 -0.03346459 -0.04911327 -0.02998958 0.1795298 -1.86108
48 0.000602576 -0.03346451 0.0491133 0.01859463 0.005226913 -1.743566
49 0 -0.00544714 0 -2.065893 0.1381556 -1.535276
50 0.1349337 0.007935909 0.1169305 -0.388433 -0.09587733 0.01600277
51 0.06775701 0 0 0 0 0
52 0.07025615 0 0 -0.03570436 0.2238656 -0.05037867
53 0.05538215 -0.1613821 0 -0.01709938 0.00564654 -1.513184
54 0.1349336 0.007935909 -0.116931 0.6537648 0.3184939 -0.06054283
55 0.067757 0 0 0 0 0
56 0.0702562 0 0 0.07238954 -0.2080028 0.09515626
57 0.0553822 -0.161382 0 0.06357618 -0.02569135 -1.567969
end
