version 1
nodes
0 "root" -1
1 "n_hara" 0
2 "spine_a" 1
3 "spine_b" 2
4 "clavicle_L" 3
5 "arm_L_a" 4
6 "arm_L_b" 5
7 "arm_L_b_aux1" 6
8 "hand_L" 6
9 "fingers_L_a" 8
10 "fingers_L_b" 9
11 "thumb_L_a" 8
12 "thumb_L_b" 11
13 "clavicle_L_aux1" 4
14 "clavicle_R" 3
15 "arm_R_a" 14
16 "arm_R_b" 15
17 "arm_R_b_aux1" 16
18 "hand_R" 16
19 "fingers_R_a" 18
20 "fingers_R_b" 19
21 "sword" 18
22 "thumb_R_a" 18
23 "thumb_R_b" 22
24 "clavicle_R_aux1" 14
25 "cloak_C_a" 3
26 "cloak_C_b" 25
27 "cloak_C_c" 26
28 "cloak_C_d" 27
29 "cloak_L_a" 3
30 "cloak_L_b" 29
31 "cloak_L_c" 30
32 "cloak_L_d" 31
33 "cloak_L_e" 32
34 "cloak_R_a" 3
35 "cloak_R_b" 34
36 "cloak_R_c" 35
37 "cloak_R_d" 36
38 "cloak_R_e" 37
39 "collar_C" 3
40 "collar_L" 3
41 "collar_R" 3
42 "head" 3
43 "ss_head" 42
44 "hair_a" 43
45 "hair_b" 44
46 "ribbon" 3
47 "ribbon_L" 46
48 "ribbon_R" 46
49 "waist" 1
50 "leg_L_a" 49
51 "leg_L_b" 50
52 "leg_L_c" 51
53 "leg_L_d" 52
54 "leg_R_a" 49
55 "leg_R_b" 54
56 "leg_R_c" 55
57 "leg_R_d" 56
end
skeleton
time 0
0 0 0 0 0 0 0
1 -0.007550627 0.3636559 0.008121142 -5.004721E-09 -0.3751737 -0.01579943
2 0 0.002591992 0 -1.393257 0.06425606 1.534445
3 0.152 0 0 0.04656857 0.03550458 0.04554577
4 0.05880687 0.02725044 -0.08225372 2.78391 1.365579 1.199877
5 0.159303 0.002208193 0.0009686507 -0.3786257 0.1028709 -0.7302337
6 0.122 0 0 0 0 -1.365828
7 0.1347621 0 0 -0.4804021 0 0
8 0.1343401 0 0 0.8884769 -0.5785519 -0.4762307
9 0.1197383 0 6.123017E-05 0.001768601 -0.005259709 -0.3728327
10 0.04880161 0 0 0 0 -0.2194141
11 0.04874135 -0.0476583 0.06862446 0.797745 -0.5614887 0.1499991
12 0.06127064 0 0 0.07454634 0.2180856 -0.09955539
13 0.1028249 0 0 -0.1176855 -0.09469986 -0.01050035
14 0.05880699 0.02725041 0.0822537 -1.570798 1.371291 -0.03702761
15 -0.1009997 0 0 -1.933595 0.814146 -1.082493
16 -0.1219999 0 0 1.365969E-06 -3.730286E-06 -0.9161091
17 -0.1347622 0 0 -0.1350175 0 0
18 -0.1343399 0 0 1.333693 0.1181159 0.277124
19 -0.1197386 0 -6.123033E-05 -0.001372244 -0.005376858 0.2012115
20 -0.04880161 0 0 0 0 -0.707715
21 -0.1889133 0.06475638 -0.0265498 -3.139415 -0.005103788 -0.4518085
22 -0.04874142 0.04765864 -0.06862451 1.787741 -0.276586 -0.7554917
23 -0.06127064 0 0 -0.06257772 0.2217633 -0.7094637
24 -0.1028246 0 0 -0.1176855 -0.09469986 -0.01050035
25 0.1304068 0.1682832 0 -3.007593 0.1950749 2.452025
26 0.08318153 0 0 4.001777E-11 0.0002921453 -0.258319
27 0.1212126 0 0 -2.000888E-11 -0.0002427125 -0.1676511
28 0.1593245 0 0 8.725465E-12 3.606853E-05 0.01779384
29 0.1629549 -0.03085744 -0.1610555 -2.159267 1.216329 2.05589
30 0.1374714 0 0 0.08679721 0.551026 -0.4392093
31 0.0939494 0.006642963 -0.02764245 -0.1763414 -0.5258198 -0.5778598
32 0.1246999 0 0 -0.1583484 -0.04283951 -0.3145339
33 0.1734372 0 0 0.04158778 0.005303288 -0.09862331
34 0.12573 -0.04762238 0.1773828 -2.290864 0.7490723 -1.197933
35 -0.1374712 0 0 -0.003631278 0.5571113 -0.6107717
36 -0.06898984 0 0 -0.2124514 -0.3655229 -0.4758064
37 -0.1247 0 0 -0.2580072 0.1307199 -0.1149974
38 -0.1734369 0 0 -0.1314012 0.2881516 0.5753162
39 0.1243187 0.1711765 1.767185E-07 -0.09941913 0.007817706 1.46322
40 0.128564 0.1071712 -0.1867254 -1.434837 0.9898705 0.05015553
41 0.0984958 0.02850619 0.1872715 -1.437025 0.9871831 -3.089807
42 0.1708579 0.009936064 0 0.09795796 -0.01861366 0.1494011
43 0.0049 0 0 0 0 0
44 0.5171545 -0.2663316 0.2896972 2.478084 -0.8011964 -0.3673801
45 0.1972673 0 0 0.2827632 0.251177 -1.481156
46 0.05363192 -0.1692977 0 -0.01582935 2.328306E-09 -1.228029
47 0.0006023012 -0.03346459 -0.04911327 -0.01647843 0.0889462 -1.726041
48 0.000602576 -0.03346451 0.0491133 0.0167567 -0.05963764 -1.7253
49 0 -0.00544714 0 -1.567783 0.07391664 -1.52604
50 0.1349337 0.007935909 0.1169305 -0.3712875 -0.3540803 -0.3671584
51 0.06775701 0 0 0 0 0.4867791
52 0.07025615 0 0 0.0660276 0.2301661 -0.05910219
53 0.05538215 -0.1613821 0 -1.818989E-12 4.908495E-05 -1.435881
54 0.1349336 0.007935909 -0.116931 0.3932033 0.07245201 -0.3791502
55 0.067757 0 0 0 0 0.9261358
56 0.0702562 0 0 0.02299969 0.081365 -0.6230351
57 0.0553822 -0.161382 0 1.818989E-12 -5.42615E-05 -1.435881
time 1
0 0 0 0 0 0 0
1 -0.007488842 0.3634531 0.007418272 -1.501333E-09 -0.3750333 -0.0157477
2 0 0.002591992 0 -1.394054 0.06906996 1.534441
3 0.152 0 0 0.04534863 0.03641584 0.04686248
4 0.05880687 0.02725044 -0.08225372 2.773907 1.364579 1.19013
5 0.159303 0.002208193 0.0009686507 -0.3784954 0.1024187 -0.7349707
6 0.122 0 0 0 0 -1.361452
7 0.1347621 0 0 -0.4804021 0 0
8 0.1343401 0 0 0.8884769 -0.5785519 -0.4762307
9 0.1197383 0 6.123017E-05 0.001768601 -0.005259709 -0.3728327
10 0.04880161 0 0 0 0 -0.2194141
11 0.04874135 -0.0476583 0.06862446 0.797745 -0.5614887 0.1499991
12 0.06127064 0 0 0.07454634 0.2180856 -0.09955539
13 0.1028249 0 0 -0.1176855 -0.09469986 -0.01050035
14 0.05880699 0.02725041 0.0822537 -1.572099 1.372886 -0.03833083
15 -0.1009997 0 0 -1.931871 0.8145867 -1.082707
16 -0.1219999 0 0 1.365968E-06 -3.730285E-06 -0.9106382
17 -0.1347622 0 0 -0.1356047 0 0
18 -0.1343399 0 0 1.332611 0.118091 0.2782008
19 -0.1197386 0 -6.123033E-05 -0.001372244 -0.005376858 0.2012115
20 -0.04880161 0 0 0 0 -0.707715
21 -0.1889133 0.06475638 -0.0265498 -3.139415 -0.005103788 -0.4518085
22 -0.04874142 0.04765864 -0.06862451 1.787741 -0.276586 -0.7554917
23 -0.06127064 0 0 -0.06257772 0.2217633 -0.7094637
24 -0.1028246 0 0 -0.1176855 -0.09469986 -0.01050035
25 0.1304068 0.1682832 0 -3.010674 0.197264 2.445398
26 0.08318153 0 0 -7.275961E-11 -0.0009922882 -0.2658035
27 0.1212126 0 0 -3.492463E-10 -0.001346626 -0.1751444
28 0.1593245 0 0 2.007465E-08 -0.005275831 0.01610043
29 0.1631198 -0.03098379 -0.1608386 -2.167001 1.215606 2.04254
30 0.1374714 0 0 0.08679721 0.551026 -0.4392093
31 0.0939494 0.006642963 -0.02764245 -0.1792399 -0.5290487 -0.5705785
32 0.1246999 0 0 -0.1575036 -0.05036497 -0.3176236
33 0.1734372 0 0 0.04250296 0.0009594299 -0.1068916
34 0.1258333 -0.04768435 0.1773828 -2.287113 0.7503753 -1.2013
35 -0.1374712 0 0 -0.003631278 0.5571113 -0.6107717
36 -0.06898984 0 0 -0.2122378 -0.3612345 -0.4764132
37 -0.1247 0 0 -0.2580079 0.1324553 -0.1153617
38 -0.1734369 0 0 -0.1314787 0.2941427 0.5750451
39 0.1242507 0.1711765 -4.863254E-06 -0.09941914 0.01426698 1.462128
40 0.128564 0.1071712 -0.1867254 -1.445518 0.9907286 0.03741639
41 0.0984958 0.02850619 0.1872715 -1.427032 0.9779914 -3.077664
42 0.1708579 0.009936064 0 0.09964751 -0.02098817 0.1440635
43 0.0049 0 0 0 0 0
44 0.5171545 -0.2663316 0.2896972 2.485986 -0.8029497 -0.3782901
45 0.1972673 0 0 0.2838259 0.2464541 -1.476431
46 0.05363192 -0.1692977 0 -0.02187621 2.793968E-09 -1.219234
47 0.0006023012 -0.03346459 -0.04911327 -0.01688704 0.08048529 -1.730727
48 0.000602576 -0.03346451 0.0491133 0.01718261 -0.06745018 -1.730344
49 0 -0.00544714 0 -1.567532 0.07817408 -1.526129
50 0.1349337 0.007935909 0.1169305 -0.3685022 -0.3548685 -0.3796995
51 0.06775701 0 0 0 0 0.4816097
52 0.07025615 0 0 0.06531867 0.2277932 -0.04756671
53 0.05538215 -0.1613821 0 -1.818989E-12 4.908495E-05 -1.435881
54 0.1349336 0.007935909 -0.116931 0.392379 0.07129002 -0.397465
55 0.067757 0 0 0 0 0.9322806
56 0.0702562 0 0 0.02470022 0.08742689 -0.617521
57 0.0553822 -0.161382 0 1.818989E-12 -5.42615E-05 -1.435881
time 2
0 0 0 0 0 0 0
1 -0.007369334 0.3630684 0.006754432 -5.003906E-09 -0.3747597 -0.0156495
2 0 0.002591992 0 -1.394783 0.07361117 1.534445
3 0.152 0 0 0.0441567 0.0372934 0.04827897
4 0.05880687 0.02725044 -0.08225372 2.764526 1.363369 1.181039
5 0.159303 0.002208193 0.0009686507 -0.3782852 0.1016682 -0.7397126
6 0.122 0 0 0 0 -1.357002
7 0.1347621 0 0 -0.4804021 0 0
8 0.1343401 0 0 0.8884769 -0.5785519 -0.4762307
9 0.1197383 0 6.123017E-05 0.001768601 -0.005259709 -0.3728327
10 0.04880161 0 0 0 0 -0.2194141
11 0.04874135 -0.0476583 0.06862446 0.797745 -0.5614887 0.1499991
12 0.06127064 0 0 0.07454634 0.2180856 -0.09955539
13 0.1028249 0 0 -0.1176855 -0.09469986 -0.01050035
14 0.05880699 0.02725041 0.0822537 -1.574589 1.374538 -0.04082448
15 -0.1009997 0 0 -1.92996 0.8156589 -1.082937
16 -0.1219999 0 0 1.365968E-06 -3.730285E-06 -0.9065356
17 -0.1347622 0 0 -0.1361543 0 0
18 -0.1343399 0 0 1.331655 0.118053 0.2802351
19 -0.1197386 0 -6.123033E-05 -0.001372244 -0.005376858 0.2012115
20 -0.04880161 0 0 0 0 -0.707715
21 -0.1889133 0.06475638 -0.0265498 -3.139415 -0.005103788 -0.4518085
22 -0.04874142 0.04765864 -0.06862451 1.787741 -0.276586 -0.7554917
23 -0.06127064 0 0 -0.06257772 0.2217633 -0.7094637
24 -0.1028246 0 0 -0.1176855 -0.09469986 -0.01050035
25 0.1304068 0.1682832 0 -3.013668 0.199353 2.438615
26 0.08318153 0 0 -1.629819E-09 -0.002258294 -0.2728049
27 0.1212126 0 0 -2.663008E-09 -0.002450361 -0.1823346
28 0.1593245 0 0 2.232388E-08 -0.01054229 0.0129174
29 0.163281 -0.03108106 -0.1606399 -2.173964 1.215129 2.029882
30 0.1374714 0 0 0.08679721 0.551026 -0.4392093
31 0.0939494 0.006642963 -0.02764245 -0.1821419 -0.5321819 -0.5633322
32 0.1246999 0 0 -0.1568418 -0.05768663 -0.3199941
33 0.1734372 0 0 0.04334736 -0.00333529 -0.1147537
34 0.125938 -0.04772776 0.1773828 -2.283523 0.7516523 -1.204574
35 -0.1374712 0 0 -0.003631278 0.5571113 -0.6107717
36 -0.06898984 0 0 -0.2121427 -0.356917 -0.4766636
37 -0.1247 0 0 -0.2580083 0.1341946 -0.1157236
38 -0.1734369 0 0 -0.1315578 0.3003153 0.5747716
39 0.124121 0.1711765 -1.269632E-05 -0.09941915 0.02071831 1.460069
40 0.128564 0.1071712 -0.1867254 -1.456162 0.9915065 0.02474178
41 0.0984958 0.02850619 0.1872715 -1.417361 0.9689265 -3.065775
42 0.1708579 0.009936064 0 0.1010921 -0.02323122 0.1393661
43 0.0049 0 0 0 0 0
44 0.5171545 -0.2663316 0.2896972 2.494842 -0.8051343 -0.3903947
45 0.1972673 0 0 0.2849703 0.2415917 -1.471645
46 0.05363192 -0.1692977 0 -0.02778266 1.862645E-09 -1.210006
47 0.0006023012 -0.03346459 -0.04911327 -0.0172223 0.07225118 -1.735456
48 0.000602576 -0.03346451 0.0491133 0.01753362 -0.07514851 -1.735417
49 0 -0.00544714 0 -1.567239 0.08206731 -1.526315
50 0.1349337 0.007935909 0.1169305 -0.3637904 -0.3574582 -0.3962288
51 0.06775701 0 0 0 0 0.4857209
52 0.07025615 0 0 0.06464379 0.2255641 -0.03996436
53 0.05538215 -0.1613821 0 -1.818989E-12 4.908495E-05 -1.435881
54 0.1349336 0.007935909 -0.116931 0.391574 0.07128349 -0.4174417
55 0.067757 0 0 0 0 0.9422963
56 0.0702562 0 0 0.02625807 0.09309943 -0.6144366
57 0.0553822 -0.161382 0 1.818989E-12 -5.42615E-05 -1.435881
time 3
0 0 0 0 0 0 0
1 -0.007194068 0.3625147 0.006129774 -1.000624E-09 -0.3743596 -0.0155065
2 0 0.002591992 0 -1.395446 0.07783943 1.534456
3 0.152 0 0 0.04298109 0.03812517 0.04976563
4 0.05880687 0.02725044 -0.08225372 2.755756 1.361964 1.172588
5 0.159303 0.002208193 0.0009686507 -0.3780071 0.1006439 -0.7444453
6 0.122 0 0 0 0 -1.352497
7 0.1347621 0 0 -0.4804021 0 0
8 0.1343401 0 0 0.8884769 -0.5785519 -0.4762307
9 0.1197383 0 6.123017E-05 0.001768601 -0.005259709 -0.3728327
10 0.04880161 0 0 0 0 -0.2194141
11 0.04874135 -0.0476583 0.06862446 0.797745 -0.5614887 0.1499991
12 0.06127064 0 0 0.07454634 0.2180856 -0.09955539
13 0.1028249 0 0 -0.1176855 -0.09469986 -0.01050035
14 0.05880699 0.02725041 0.0822537 -1.578217 1.37624 -0.04445851
15 -0.1009997 0 0 -1.927883 0.8173199 -1.08318
16 -0.1219999 0 0 1.365969E-06 -3.730286E-06 -0.9037337
17 -0.1347622 0 0 -0.1366633 0 0
18 -0.1343399 0 0 1.330819 0.1180032 0.2831197
19 -0.1197386 0 -6.123033E-05 -0.001372244 -0.005376858 0.2012115
20 -0.04880161 0 0 0 0 -0.707715
21 -0.1889133 0.06475638 -0.0265498 -3.139415 -0.005103788 -0.4518085
22 -0.04874142 0.04765864 -0.06862451 1.787741 -0.276586 -0.7554917
23 -0.06127064 0 0 -0.06257772 0.2217633 -0.7094637
24 -0.1028246 0 0 -0.1176855 -0.09469986 -0.01050035
25 0.1304068 0.1682832 0 -3.016564 0.2013371 2.431756
26 0.08318153 0 0 -1.658929E-09 -0.003504357 -0.2792611
27 0.1212126 0 0 -5.238723E-10 -0.003552607 -0.1892247
28 0.1593245 0 0 8.415688E-08 -0.01574434 0.008319611
29 0.1634381 -0.03115065 -0.1604588 -2.180123 1.21489 2.018034
30 0.1374714 0 0 0.08679721 0.551026 -0.4392093
31 0.0939494 0.006642963 -0.02764245 -0.1850378 -0.5352211 -0.556141
32 0.1246999 0 0 -0.1563544 -0.06480709 -0.3216463
33 0.1734372 0 0 0.0441182 -0.007581476 -0.1221776
34 0.1260437 -0.04775355 0.1773828 -2.280109 0.7529024 -1.207722
35 -0.1374712 0 0 -0.003631278 0.5571113 -0.6107717
36 -0.06898984 0 0 -0.2121614 -0.352592 -0.476575
37 -0.1247 0 0 -0.2580088 0.1359353 -0.1160827
38 -0.1734369 0 0 -0.1316386 0.3066507 0.5744951
39 0.123932 0.1711765 -2.326096E-05 -0.09941913 0.02715718 1.457148
40 0.128564 0.1071712 -0.1867254 -1.466748 0.9922078 0.01215507
41 0.0984958 0.02850619 0.1872715 -1.408006 0.9600096 -3.054146
42 0.1708579 0.009936064 0 0.102301 -0.02534411 0.1353529
43 0.0049 0 0 0 0 0
44 0.5171545 -0.2663316 0.2896972 2.504479 -0.8076659 -0.4034722
45 0.1972673 0 0 0.2861921 0.2365846 -1.466765
46 0.05363192 -0.1692977 0 -0.03353385 -1.862645E-09 -1.200517
47 0.0006023012 -0.03346459 -0.04911327 -0.0174791 0.06423551 -1.739952
48 0.000602576 -0.03346451 0.0491133 0.0178043 -0.08273352 -1.740248
49 0 -0.00544714 0 -1.566905 0.08558678 -1.526596
50 0.1349337 0.007935909 0.1169305 -0.3573019 -0.361605 -0.4181784
51 0.06775701 0 0 0 0 0.5026653
52 0.07025615 0 0 0.06399632 0.2234541 -0.03786702
53 0.05538215 -0.1613821 0 -1.818989E-12 4.908495E-05 -1.435881
54 0.1349336 0.007935909 -0.116931 0.3907688 0.07237826 -0.4387937
55 0.067757 0 0 0 0 0.957657
56 0.0702562 0 0 0.02766908 0.09834754 -0.6137868
57 0.0553822 -0.161382 0 1.818989E-12 -5.42615E-05 -1.435881
time 4
0 0 0 0 0 0 0
1 -0.006965009 0.3618051 0.005544453 -5.502298E-09 -0.3738351 -0.01532015
2 0 0.002591992 0 -1.396044 0.08171452 1.534474
3 0.152 0 0 0.0418323 0.03891644 0.05131664
4 0.05880687 0.02725044 -0.08225372 2.747585 1.360385 1.164763
5 0.159303 0.002208193 0.0009686507 -0.3776728 0.09937049 -0.7491535
6 0.122 0 0 0 0 -1.347957
7 0.1347621 0 0 -0.4804021 0 0
8 0.1343401 0 0 0.8884769 -0.5785519 -0.4762307
9 0.1197383 0 6.123017E-05 0.001768601 -0.005259709 -0.3728327
10 0.04880161 0 0 0 0 -0.2194141
11 0.04874135 -0.0476583 0.06862446 0.797745 -0.5614887 0.1499991
12 0.06127064 0 0 0.07454634 0.2180856 -0.09955539
13 0.1028249 0 0 -0.1176855 -0.09469986 -0.01050035
14 0.05880699 0.02725041 0.0822537 -1.582936 1.377976 -0.04918253
15 -0.1009997 0 0 -1.925659 0.8195261 -1.083435
16 -0.1219999 0 0 1.365969E-06 -3.730286E-06 -0.9021645
17 -0.1347622 0 0 -0.1371409 0 0
18 -0.1343399 0 0 1.330093 0.1179432 0.286747
19 -0.1197386 0 -6.123033E-05 -0.001372244 -0.005376858 0.2012115
20 -0.04880161 0 0 0 0 -0.707715
21 -0.1889133 0.06475638 -0.0265498 -3.139415 -0.005103788 -0.4518085
22 -0.04874142 0.04765864 -0.06862451 1.787741 -0.276586 -0.7554917
23 -0.06127064 0 0 -0.06257772 0.2217633 -0.7094637
24 -0.1028246 0 0 -0.1176855 -0.09469986 -0.01050035
25 0.1304068 0.1682832 0 -3.019354 0.2032119 2.424906
26 0.08318153 0 0 1.629833E-09 -0.004728957 -0.285107
27 0.1212126 0 0 -1.338791E-09 -0.004651884 -0.1958063
28 0.1593245 0 0 4.57758E-09 -0.02092931 0.002429788
29 0.1635909 -0.03119398 -0.1602949 -2.185447 1.214876 2.007112
30 0.1374714 0 0 0.08679721 0.551026 -0.4392093
31 0.0939494 0.006642963 -0.02764245 -0.1879175 -0.5381675 -0.5490237
32 0.1246999 0 0 -0.1560308 -0.07172778 -0.3225771
33 0.1734372 0 0 0.04482199 -0.0117805 -0.1291565
34 0.12615 -0.04776268 0.1773828 -2.276886 0.7541245 -1.210714
35 -0.1374712 0 0 -0.003631278 0.5571113 -0.6107717
36 -0.06898984 0 0 -0.2122886 -0.3482785 -0.4761622
37 -0.1247 0 0 -0.2580075 0.1376742 -0.1164377
38 -0.1734369 0 0 -0.1317206 0.3131301 0.5742139
39 0.123686 0.1711765 -3.649567E-05 -0.09941915 0.033569 1.45347
40 0.128564 0.1071712 -0.1867254 -1.477255 0.9928353 -0.000318525
41 0.0984958 0.02850619 0.1872715 -1.398959 0.9512628 -3.042778
42 0.1708579 0.009936064 0 0.1032795 -0.02732702 0.132062
43 0.0049 0 0 0 0 0
44 0.5171545 -0.2663316 0.2896972 2.514725 -0.8104598 -0.4173014
45 0.1972673 0 0 0.2874869 0.2314279 -1.461755
46 0.05363192 -0.1692977 0 -0.0391149 0 -1.190934
47 0.0006023012 -0.03346459 -0.04911327 -0.01765238 0.05642996 -1.743942
48 0.000602576 -0.03346451 0.0491133 0.01798913 -0.09020603 -1.744563
49 0 -0.00544714 0 -1.566532 0.08872319 -1.526967
50 0.1349337 0.007935909 0.1169305 -0.349185 -0.3670627 -0.4452832
51 0.06775701 0 0 0 0 0.5291715
52 0.07025615 0 0 0.06337204 0.2214476 -0.04175879
53 0.05538215 -0.1613821 0 -1.818989E-12 4.908495E-05 -1.435881
54 0.1349336 0.007935909 -0.116931 0.3899456 0.07452077 -0.4612362
55 0.067757 0 0 0 0 0.9783614
56 0.0702562 0 0 0.02892904 0.1031374 -0.6155851
57 0.0553822 -0.161382 0 1.818989E-12 -5.42615E-05 -1.435881
time 5
0 0 0 0 0 0 0
1 -0.006684122 0.3609523 0.004998621 -9.001491E-09 -0.373192 -0.01509204
2 0 0.002591992 0 -1.39658 0.08519563 1.534498
3 0.152 0 0 0.04070146 0.03965608 0.05290364
4 0.05880687 0.02725044 -0.08225372 2.740002 1.358646 1.157551
5 0.159303 0.002208193 0.0009686507 -0.3772945 0.09787238 -0.7538237
6 0.122 0 0 0 0 -1.343402
7 0.1347621 0 0 -0.4804021 0 0
8 0.1343401 0 0 0.8884769 -0.5785519 -0.4762307
9 0.1197383 0 6.123017E-05 0.001768601 -0.005259709 -0.3728327
10 0.04880161 0 0 0 0 -0.2194141
11 0.04874135 -0.0476583 0.06862446 0.797745 -0.5614887 0.1499991
12 0.06127064 0 0 0.07454634 0.2180856 -0.09955539
13 0.1028249 0 0 -0.1176855 -0.09469986 -0.01050035
14 0.05880699 0.02725041 0.0822537 -1.588694 1.379737 -0.05494543
15 -0.1009997 0 0 -1.923308 0.822235 -1.083699
16 -0.1219999 0 0 1.365968E-06 -3.730286E-06 -0.9017602
17 -0.1347622 0 0 -0.1375786 0 0
18 -0.1343399 0 0 1.329471 0.1178742 0.2910095
19 -0.1197386 0 -6.123033E-05 -0.001372244 -0.005376858 0.2012115
20 -0.04880161 0 0 0 0 -0.707715
21 -0.1889133 0.06475638 -0.0265498 -3.139415 -0.005103788 -0.4518085
22 -0.04874142 0.04765864 -0.06862451 1.787741 -0.276586 -0.7554917
23 -0.06127064 0 0 -0.06257772 0.2217633 -0.7094637
24 -0.1028246 0 0 -0.1176855 -0.09469986 -0.01050035
25 0.1304068 0.1682832 0 -3.022028 0.2049726 2.418146
26 0.08318153 0 0 -4.656695E-10 -0.005930495 -0.2902741
27 0.1212126 0 0 -4.65669E-10 -0.005746876 -0.2020811
28 0.1593245 0 0 -6.914506E-10 -0.02604922 -0.004682236
29 0.1637394 -0.03121244 -0.1601476 -2.189904 1.215077 1.997238
30 0.1374714 0 0 0.08679721 0.551026 -0.4392093
31 0.0939494 0.006642963 -0.02764245 -0.1907708 -0.5410222 -0.5419996
32 0.1246999 0 0 -0.1558663 -0.0784538 -0.3227958
33 0.1734372 0 0 0.04545266 -0.0159323 -0.1356494
34 0.1262565 -0.04775608 0.1773828 -2.27387 0.7553174 -1.213516
35 -0.1374712 0 0 -0.003631278 0.5571113 -0.6107717
36 -0.06898984 0 0 -0.2125187 -0.343995 -0.4754389
37 -0.1247 0 0 -0.2580076 0.13941 -0.1167898
38 -0.1734369 0 0 -0.131804 0.3197365 0.5739308
39 0.1233854 0.1711765 -5.233894E-05 -0.09941912 0.03993917 1.449137
40 0.128564 0.1071712 -0.1867254 -1.487662 0.9933927 -0.01265528
41 0.0984958 0.02850619 0.1872715 -1.390213 0.9427069 -3.031677
42 0.1708579 0.009936064 0 0.1040353 -0.02918088 0.1295345
43 0.0049 0 0 0 0 0
44 0.5171545 -0.2663316 0.2896972 2.525411 -0.8134311 -0.4316612
45 0.1972673 0 0 0.2888505 0.2261162 -1.456582
46 0.05363192 -0.1692977 0 -0.04451094 3.72529E-09 -1.181425
47 0.0006023012 -0.03346459 -0.04911327 -0.01773696 0.04882618 -1.74715
48 0.000602576 -0.03346451 0.0491133 0.01808264 -0.09756691 -1.748087
49 0 -0.00544714 0 -1.566121 0.09146669 -1.527426
50 0.1349337 0.007935909 0.1169305 -0.3395899 -0.3735878 -0.475883
51 0.06775701 0 0 0 0 0.5636844
52 0.07025615 0 0 0.06276523 0.2195235 -0.04953521
53 0.05538215 -0.1613821 0 -1.818989E-12 4.908495E-05 -1.435881
54 0.1349336 0.007935909 -0.116931 0.3890872 0.07765795 -0.4844851
55 0.067757 0 0 0 0 1.003097
56 0.0702562 0 0 0.03003374 0.107434 -0.6198386
57 0.0553822 -0.161382 0 1.818989E-12 -5.42615E-05 -1.435881
time 6
0 0 0 0 0 0 0
1 -0.006353371 0.3599695 0.004492429 1.249838E-09 -0.3724366 -0.01482383
2 0 0.002591992 0 -1.397054 0.08824302 1.534529
3 0.152 0 0 0.03959972 0.04035072 0.05452274
4 0.05880687 0.02725044 -0.08225372 2.732994 1.356767 1.150933
5 0.159303 0.002208193 0.0009686507 -0.3768835 0.09617424 -0.7584404
6 0.122 0 0 0 0 -1.338851
7 0.1347621 0 0 -0.4804021 0 0
8 0.1343401 0 0 0.8884769 -0.5785519 -0.4762307
9 0.1197383 0 6.123017E-05 0.001768601 -0.005259709 -0.3728327
10 0.04880161 0 0 0 0 -0.2194141
11 0.04874135 -0.0476583 0.06862446 0.797745 -0.5614887 0.1499991
12 0.06127064 0 0 0.07454634 0.2180856 -0.09955539
13 0.1028249 0 0 -0.1176855 -0.09469986 -0.01050035
14 0.05880699 0.02725041 0.0822537 -1.595442 1.381513 -0.06169861
15 -0.1009997 0 0 -1.920855 0.8254031 -1.08397
16 -0.1219999 0 0 1.365969E-06 -3.730286E-06 -0.9024535
17 -0.1347622 0 0 -0.1379787 0 0
18 -0.1343399 0 0 1.328946 0.1177977 0.2958
19 -0.1197386 0 -6.123033E-05 -0.001372244 -0.005376858 0.2012115
20 -0.04880161 0 0 0 0 -0.707715
21 -0.1889133 0.06475638 -0.0265498 -3.139415 -0.005103788 -0.4518085
22 -0.04874142 0.04765864 -0.06862451 1.787741 -0.276586 -0.7554917
23 -0.06127064 0 0 -0.06257772 0.2217633 -0.7094637
24 -0.1028246 0 0 -0.1176855 -0.09469986 -0.01050035
25 0.1304068 0.1682832 0 -3.024576 0.206615 2.41156
26 0.08318153 0 0 -4.656731E-09 -0.007107469 -0.2946999
27 0.1212126 0 0 -4.19105E-09 -0.00683614 -0.2080449
28 0.1593245 0 0 -8.238914E-08 -0.03110259 -0.0129069
29 0.1638831 -0.03120746 -0.1600163 -2.193465 1.215484 1.988526
30 0.1374714 0 0 0.08679721 0.551026 -0.4392093
31 0.0939494 0.006642963 -0.02764245 -0.193588 -0.5437856 -0.5350872
32 0.1246999 0 0 -0.155847 -0.08498447 -0.3222923
33 0.1734372 0 0 0.04601368 -0.02003806 -0.1416413
34 0.1263629 -0.04773471 0.1773828 -2.271075 0.7564798 -1.216099
35 -0.1374712 0 0 -0.003631278 0.5571113 -0.6107717
36 -0.06898984 0 0 -0.212847 -0.3397628 -0.4744219
37 -0.1247 0 0 -0.2580059 0.1411391 -0.117137
38 -0.1734369 0 0 -0.1318886 0.3264523 0.5736461
39 0.1230327 0.1711765 -7.072926E-05 -0.09941914 0.04625314 1.444256
40 0.128564 0.1071712 -0.1867254 -1.497947 0.9938839 -0.02483053
41 0.0984958 0.02850619 0.1872715 -1.381762 0.9343643 -3.020847
42 0.1708579 0.009936064 0 0.1045741 -0.03090598 0.1278089
43 0.0049 0 0 0 0 0
44 0.5171545 -0.2663316 0.2896972 2.536363 -0.8164961 -0.4463302
45 0.1972673 0 0 0.2902785 0.2206444 -1.45121
46 0.05363192 -0.1692977 0 -0.04970711 1.862645E-09 -1.172161
47 0.0006023012 -0.03346459 -0.04911327 -0.01772781 0.04141584 -1.749303
48 0.000602576 -0.03346451 0.0491133 0.01807936 -0.104817 -1.750548
49 0 -0.00544714 0 -1.565673 0.09380828 -1.527969
50 0.1349337 0.007935909 0.1169305 -0.3286639 -0.3809326 -0.5092815
51 0.06775701 0 0 0 0 0.6046472
52 0.07025615 0 0 0.06217062 0.2176621 -0.06065677
53 0.05538215 -0.1613821 0 -1.818989E-12 4.908495E-05 -1.435881
54 0.1349336 0.007935909 -0.116931 0.3881741 0.08173546 -0.5082535
55 0.067757 0 0 0 0 1.031375
56 0.0702562 0 0 0.03097897 0.1112036 -0.6265598
57 0.0553822 -0.161382 0 1.818989E-12 -5.42615E-05 -1.435881
time 7
0 0 0 0 0 0 0
1 -0.005974722 0.3588696 0.004026033 -2.748713E-09 -0.3715692 -0.01451688
2 0 0.002591992 0 -1.397469 0.09081557 1.534567
3 0.152 0 0 0.03852803 0.0409983 0.05615811
4 0.05880687 0.02725044 -0.08225372 2.726551 1.354766 1.144898
5 0.159303 0.002208193 0.0009686507 -0.3764516 0.09430058 -0.7629886
6 0.122 0 0 0 0 -1.334325
7 0.1347621 0 0 -0.4804021 0 0
8 0.1343401 0 0 0.8884769 -0.5785519 -0.4762307
9 0.1197383 0 6.123017E-05 0.001768601 -0.005259709 -0.3728327
10 0.04880161 0 0 0 0 -0.2194141
11 0.04874135 -0.0476583 0.06862446 0.797745 -0.5614887 0.1499991
12 0.06127064 0 0 0.07454634 0.2180856 -0.09955539
13 0.1028249 0 0 -0.1176855 -0.09469986 -0.01050035
14 0.05880699 0.02725041 0.0822537 -1.603129 1.383291 -0.0693901
15 -0.1009997 0 0 -1.918318 0.8289872 -1.084247
16 -0.1219999 0 0 1.365969E-06 -3.730287E-06 -0.9041764
17 -0.1347622 0 0 -0.1383483 0 0
18 -0.1343399 0 0 1.32851 0.1177152 0.3010109
19 -0.1197386 0 -6.123033E-05 -0.001372244 -0.005376858 0.2012115
20 -0.04880161 0 0 0 0 -0.707715
21 -0.1889133 0.06475638 -0.0265498 -3.139415 -0.005103788 -0.4518085
22 -0.04874142 0.04765864 -0.06862451 1.787741 -0.276586 -0.7554917
23 -0.06127064 0 0 -0.06257772 0.2217633 -0.7094637
24 -0.1028246 0 0 -0.1176855 -0.09469986 -0.01050035
25 0.1304068 0.1682832 0 -3.026989 0.2081341 2.405228
26 0.08318153 0 0 -1.746289E-09 -0.008258386 -0.2983213
27 0.1212126 0 0 -4.889597E-09 -0.007918329 -0.2136969
28 0.1593245 0 0 -1.954142E-08 -0.03612192 -0.0221607
29 0.1640221 -0.03118044 -0.1599005 -2.196097 1.216086 1.981098
30 0.1374714 0 0 0.08679721 0.551026 -0.4392093
31 0.0939494 0.006642963 -0.02764245 -0.1963591 -0.5464606 -0.5283071
32 0.1246999 0 0 -0.1559656 -0.09132327 -0.3210704
33 0.1734372 0 0 0.04650586 -0.02409886 -0.1471102
34 0.1264687 -0.0476995 0.1773828 -2.268516 0.7576113 -1.218428
35 -0.1374712 0 0 -0.003631278 0.5571113 -0.6107717
36 -0.06898984 0 0 -0.2132682 -0.3356014 -0.4731265
37 -0.1247 0 0 -0.2580091 0.1428618 -0.1174821
38 -0.1734369 0 0 -0.1319741 0.333258 0.5733583
39 0.1226301 0.1711765 -9.160512E-05 -0.09941912 0.05249637 1.43893
40 0.128564 0.1071712 -0.1867254 -1.50809 0.9943117 -0.03681992
41 0.0984958 0.02850619 0.1872715 -1.373596 0.9262558 -3.01029
42 0.1708579 0.009936064 0 0.104903 -0.03250308 0.1269252
43 0.0049 0 0 0 0 0
44 0.5171545 -0.2663316 0.2896972 2.547411 -0.8195696 -0.4610868
45 0.1972673 0 0 0.2917668 0.2150072 -1.445605
46 0.05363192 -0.1692977 0 -0.05468855 1.117587E-08 -1.163309
47 0.0006023012 -0.03346459 -0.04911327 -0.01761976 0.0341906 -1.750126
48 0.000602576 -0.03346451 0.0491133 0.01797378 -0.1119571 -1.751672
49 0 -0.00544714 0 -1.56519 0.09573851 -1.528593
50 0.1349337 0.007935909 0.1169305 -0.3165568 -0.3888524 -0.5447853
51 0.06775701 0 0 0 0 0.6505038
52 0.07025615 0 0 0.06158423 0.215849 -0.07458535
53 0.05538215 -0.1613821 0 -1.818989E-12 4.908495E-05 -1.435881
54 0.1349336 0.007935909 -0.116931 0.3871899 0.08670065 -0.5322587
55 0.067757 0 0 0 0 1.06271
56 0.0702562 0 0 0.03176053 0.1144115 -0.6354758
57 0.0553822 -0.161382 0 1.818989E-12 -5.42615E-05 -1.435881
time 8
0 0 0 0 0 0 0
1 -0.005550139 0.3576655 0.003599584 -2.497886E-10 -0.3705982 -0.01417291
2 0 0.002591992 0 -1.397826 0.09287325 1.53461
3 0.152 0 0 0.03747929 0.0415883 0.05778182
4 0.05880687 0.02725044 -0.08225372 2.72066 1.352658 1.13943
5 0.159303 0.002208193 0.0009686507 -0.3760107 0.09227598 -0.7674539
6 0.122 0 0 0 0 -1.329844
7 0.1347621 0 0 -0.4804021 0 0
8 0.1343401 0 0 0.8884769 -0.5785519 -0.4762307
9 0.1197383 0 6.123017E-05 0.001768601 -0.005259709 -0.3728327
10 0.04880161 0 0 0 0 -0.2194141
11 0.04874135 -0.0476583 0.06862446 0.797745 -0.5614887 0.1499991
12 0.06127064 0 0 0.07454634 0.2180856 -0.09955539
13 0.1028249 0 0 -0.1176855 -0.09469986 -0.01050035
14 0.05880699 0.02725041 0.0822537 -1.611705 1.385063 -0.07796876
15 -0.1009997 0 0 -1.915718 0.8329443 -1.084527
16 -0.1219999 0 0 1.365969E-06 -3.730286E-06 -0.9068609
17 -0.1347622 0 0 -0.1386825 0 0
18 -0.1343399 0 0 1.328155 0.1176281 0.3065347
19 -0.1197386 0 -6.123033E-05 -0.001372244 -0.005376858 0.2012115
20 -0.04880161 0 0 0 0 -0.707715
21 -0.1889133 0.06475638 -0.0265498 -3.139415 -0.005103788 -0.4518085
22 -0.04874142 0.04765864 -0.06862451 1.787741 -0.276586 -0.7554917
23 -0.06127064 0 0 -0.06257772 0.2217633 -0.7094637
24 -0.1028246 0 0 -0.1176855 -0.09469986 -0.01050035
25 0.1304068 0.1682832 0 -3.029258 0.2095256 2.399235
26 0.08318153 0 0 -7.68375E-09 -0.009381631 -0.3010706
27 0.1212126 0 0 -1.51346E-08 -0.008991974 -0.2190332
28 0.1593245 0 0 -7.649116E-08 -0.04107043 -0.03233144
29 0.1641559 -0.03113279 -0.1597996 -2.19777 1.216872 1.975069
30 0.1374714 0 0 0.08679721 0.551026 -0.4392093
31 0.0939494 0.006642963 -0.02764245 -0.1990742 -0.5490482 -0.5216783
32 0.1246999 0 0 -0.1562137 -0.09747306 -0.3191314
33 0.1734372 0 0 0.04692655 -0.02811418 -0.1520234
34 0.1265736 -0.04765141 0.1773828 -2.26621 0.7587103 -1.220473
35 -0.1374712 0 0 -0.003631278 0.5571113 -0.6107717
36 -0.06898984 0 0 -0.2137773 -0.3315305 -0.4715677
37 -0.1247 0 0 -0.2580062 0.1445706 -0.1178192
38 -0.1734369 0 0 -0.1320607 0.3401371 0.5730699
39 0.1221801 0.1711765 -0.000114905 -0.09941914 0.05865431 1.433265
40 0.128564 0.1071712 -0.1867254 -1.518068 0.9946794 -0.04859895
41 0.0984958 0.02850619 0.1872715 -1.36571 0.9184031 -3.000013
42 0.1708579 0.009936064 0 0.1050248 -0.03397133 0.1269187
43 0.0049 0 0 0 0 0
44 0.5171545 -0.2663316 0.2896972 2.558383 -0.8225674 -0.47571
45 0.1972673 0 0 0.2933108 0.2091998 -1.439119
46 0.05363192 -0.1692977 0 -0.0594404 1.862645E-09 -1.155039
47 0.0006023012 -0.03346459 -0.04911327 -0.01740775 0.02714211 -1.749345
48 0.000602576 -0.03346451 0.0491133 0.01776047 -0.1189881 -1.751186
49 0 -0.00544714 0 -1.564674 0.09724759 -1.529295
50 0.1349337 0.007935909 0.1169305 -0.3034173 -0.3971019 -0.5817004
51 0.06775701 0 0 0 0 0.6996995
52 0.07025615 0 0 0.06099982 0.2140606 -0.09078048
53 0.05538215 -0.1613821 0 -1.818989E-12 4.908495E-05 -1.435881
54 0.1349336 0.007935909 -0.116931 0.3861155 0.09249941 -0.5562142
55 0.067757 0 0 0 0 1.096614
56 0.0702562 0 0 0.03237424 0.1170232 -0.6461788
57 0.0553822 -0.161382 0 1.818989E-12 -5.42615E-05 -1.435881
time 9
0 0 0 0 0 0 0
1 -0.005081587 0.3563703 0.003213235 -9.987382E-09 -0.3695244 -0.01379333
2 0 0.002591992 0 -1.398128 0.09437593 1.53466
3 0.152 0 0 0.036461 0.04212466 0.05938651
4 0.05880687 0.02725044 -0.08225372 2.71531 1.350463 1.134514
5 0.159303 0.002208193 0.0009686507 -0.3755718 0.09012514 -0.7718201
6 0.122 0 0 0 0 -1.325426
7 0.1347621 0 0 -0.4804021 0 0
8 0.1343401 0 0 0.8884769 -0.5785519 -0.4762307
9 0.1197383 0 6.123017E-05 0.001768601 -0.005259709 -0.3728327
10 0.04880161 0 0 0 0 -0.2194141
11 0.04874135 -0.0476583 0.06862446 0.797745 -0.5614887 0.1499991
12 0.06127064 0 0 0.07454634 0.2180856 -0.09955539
13 0.1028249 0 0 -0.1176855 -0.09469986 -0.01050035
14 0.05880699 0.02725041 0.0822537 -1.621123 1.386814 -0.08738689
15 -0.1009997 0 0 -1.913077 0.8372313 -1.084808
16 -0.1219999 0 0 1.365969E-06 -3.730286E-06 -0.9104397
17 -0.1347622 0 0 -0.1389815 0 0
18 -0.1343399 0 0 1.327875 0.1175377 0.3122641
19 -0.1197386 0 -6.123033E-05 -0.001372244 -0.005376858 0.2012115
20 -0.04880161 0 0 0 0 -0.707715
21 -0.1889133 0.06475638 -0.0265498 -3.139415 -0.005103788 -0.4518085
22 -0.04874142 0.04765864 -0.06862451 1.787741 -0.276586 -0.7554917
23 -0.06127064 0 0 -0.06257772 0.2217633 -0.7094637
24 -0.1028246 0 0 -0.1176855 -0.09469986 -0.01050035
25 0.1304068 0.1682832 0 -3.031372 0.2107847 2.393663
26 0.08318153 0 0 -2.561278E-09 -0.01047577 -0.3028862
27 0.1212126 0 0 0 -0.01005602 -0.2240592
28 0.1593245 0 0 -3.717576E-08 -0.04596673 -0.0433347
29 0.1642845 -0.03106593 -0.1597131 -2.198453 1.217834 1.970558
30 0.1374714 0 0 0.08679721 0.551026 -0.4392093
31 0.0939494 0.006642963 -0.02764245 -0.2017231 -0.5515482 -0.5152187
32 0.1246999 0 0 -0.1565817 -0.1034359 -0.3164744
33 0.1734372 0 0 0.04727884 -0.03208592 -0.1563659
34 0.1266772 -0.04759138 0.1773828 -2.264171 0.7597759 -1.222201
35 -0.1374712 0 0 -0.003631278 0.5571113 -0.6107717
36 -0.06898984 0 0 -0.2143691 -0.3275705 -0.4697617
37 -0.1247 0 0 -0.2580063 0.1462672 -0.1181525
38 -0.1734369 0 0 -0.132148 0.3470703 0.5727792
39 0.121685 0.1711765 -0.0001405674 -0.09941915 0.06471227 1.427363
40 0.128564 0.1071712 -0.1867254 -1.527862 0.994991 -0.06014395
41 0.0984958 0.02850619 0.1872715 -1.358095 0.9108278 -2.990018
42 0.1708579 0.009936064 0 0.1049507 -0.03531316 0.1278348
43 0.0049 0 0 0 0 0
44 0.5171545 -0.2663316 0.2896972 2.569108 -0.8254043 -0.4899783
45 0.1972673 0 0 0.2949065 0.2032166 -1.431302
46 0.05363192 -0.1692977 0 -0.06394777 0 -1.147519
47 0.0006023012 -0.03346459 -0.04911327 -0.01708667 0.02026205 -1.746685
48 0.000602576 -0.03346451 0.0491133 0.01743391 -0.1259109 -1.748816
49 0 -0.00544714 0 -1.564126 0.09832629 -1.530071
50 0.1349337 0.007935909 0.1169305 -0.2893943 -0.4054355 -0.6193326
51 0.06775701 0 0 0 0 0.7506768
52 0.07025615 0 0 0.06041341 0.212283 -0.1087048
53 0.05538215 -0.1613821 0 -1.818989E-12 4.908495E-05 -1.435881
54 0.1349336 0.007935909 -0.116931 0.3849321 0.09907774 -0.5798336
55 0.067757 0 0 0 0 1.132598
56 0.0702562 0 0 0.0328159 0.1190041 -0.6584755
57 0.0553822 -0.161382 0 1.818989E-12 -5.42615E-05 -1.435881
time 10
0 0 0 0 0 0 0
1 -0.004571032 0.3549969 0.002867139 2.495719E-10 -0.3683573 -0.01337989
2 0 0.002591992 0 -1.398375 0.09528257 1.534715
3 0.152 0 0 0.03547483 0.04260582 0.06095703
4 0.05880687 0.02725044 -0.08225372 2.710491 1.348198 1.130136
5 0.159303 0.002208193 0.0009686507 -0.3751481 0.08787239 -0.7760754
6 0.122 0 0 0 0 -1.321093
7 0.1347621 0 0 -0.4804021 0 0
8 0.1343401 0 0 0.8884769 -0.5785519 -0.4762307
9 0.1197383 0 6.123017E-05 0.001768601 -0.005259709 -0.3728327
10 0.04880161 0 0 0 0 -0.2194141
11 0.04874135 -0.0476583 0.06862446 0.797745 -0.5614887 0.1499991
12 0.06127064 0 0 0.07454634 0.2180856 -0.09955539
13 0.1028249 0 0 -0.1176855 -0.09469986 -0.01050035
14 0.05880699 0.02725041 0.0822537 -1.631329 1.388536 -0.09759185
15 -0.1009997 0 0 -1.910415 0.8418053 -1.085089
16 -0.1219999 0 0 1.365969E-06 -3.730285E-06 -0.9148448
17 -0.1347622 0 0 -0.1392457 0 0
18 -0.1343399 0 0 1.327662 0.1174456 0.3180916
19 -0.1197386 0 -6.123033E-05 -0.001372244 -0.005376858 0.2012115
20 -0.04880161 0 0 0 0 -0.707715
21 -0.1889133 0.06475638 -0.0265498 -3.139415 -0.005103788 -0.4518085
22 -0.04874142 0.04765864 -0.06862451 1.787741 -0.276586 -0.7554917
23 -0.06127064 0 0 -0.06257772 0.2217633 -0.7094637
24 -0.1028246 0 0 -0.1176855 -0.09469986 -0.01050035
25 0.1304068 0.1682832 0 -3.033323 0.211907 2.388593
26 0.08318153 0 0 -1.862769E-09 -0.0115392 -0.303701
27 0.1212126 0 0 4.6569E-10 -0.01110866 -0.2287633
28 0.1593245 0 0 -1.346334E-07 -0.05079868 -0.05506561
29 0.1644076 -0.03098126 -0.1596405 -2.198114 1.218959 1.967685
30 0.1374714 0 0 0.08679721 0.551026 -0.4392093
31 0.0939494 0.006642963 -0.02764245 -0.2042962 -0.5539635 -0.5089493
32 0.1246999 0 0 -0.1570598 -0.1092134 -0.3131093
33 0.1734372 0 0 0.04756307 -0.03601497 -0.1601141
34 0.1267792 -0.04752035 0.1773828 -2.262414 0.7608069 -1.223582
35 -0.1374712 0 0 -0.003631278 0.5571113 -0.6107717
36 -0.06898984 0 0 -0.2150383 -0.3237403 -0.4677228
37 -0.1247 0 0 -0.2580082 0.1479484 -0.1184809
38 -0.1734369 0 0 -0.1322361 0.3540404 0.572488
39 0.1211473 0.1711765 -0.0001685309 -0.09941914 0.07065585 1.421331
40 0.128564 0.1071712 -0.1867254 -1.537451 0.9952494 -0.07142995
41 0.0984958 0.02850619 0.1872715 -1.350744 0.9035515 -2.980308
42 0.1708579 0.009936064 0 0.1046825 -0.03652714 0.129707
43 0.0049 0 0 0 0 0
44 0.5171545 -0.2663316 0.2896972 2.579415 -0.8279971 -0.5036705
45 0.1972673 0 0 0.2965493 0.1970527 -1.422415
46 0.05363192 -0.1692977 0 -0.06819582 0 -1.140918
47 0.0006023012 -0.03346459 -0.04911327 -0.0166514 0.01354208 -1.741873
48 0.000602576 -0.03346451 0.0491133 0.01698866 -0.1327263 -1.744289
49 0 -0.00544714 0 -1.563547 0.09896532 -1.530919
50 0.1349337 0.007935909 0.1169305 -0.2748168 -0.4136079 -0.6569877
51 0.06775701 0 0 0 0 0.8024577
52 0.07025615 0 0 0.05981851 0.2104913 -0.1278166
53 0.05538215 -0.1613821 0 -1.818989E-12 4.908495E-05 -1.435881
54 0.1349336 0.007935909 -0.116931 0.3836235 0.1063832 -0.6026233
55 0.067757 0 0 0 0 1.170178
56 0.0702562 0 0 0.03308127 0.1203202 -0.6721757
57 0.0553822 -0.161382 0 1.818989E-12 -5.42615E-05 -1.435881
time 11
0 0 0 0 0 0 0
1 -0.004020437 0.3535582 0.00256145 -1.746155E-09 -0.367097 -0.01293398
2 0 0.002591992 0 -1.398569 0.0955533 1.534775
3 0.152 0 0 0.03452166 0.04302923 0.06247696
4 0.05880687 0.02725044 -0.08225372 2.706188 1.345881 1.126279
5 0.159303 0.002208193 0.0009686507 -0.3747498 0.08554253 -0.7802017
6 0.122 0 0 0 0 -1.316864
7 0.1347621 0 0 -0.4804021 0 0
8 0.1343401 0 0 0.8884769 -0.5785519 -0.4762307
9 0.1197383 0 6.123017E-05 0.001768601 -0.005259709 -0.3728327
10 0.04880161 0 0 0 0 -0.2194141
11 0.04874135 -0.0476583 0.06862446 0.797745 -0.5614887 0.1499991
12 0.06127064 0 0 0.07454634 0.2180856 -0.09955539
13 0.1028249 0 0 -0.1176855 -0.09469986 -0.01050035
14 0.05880699 0.02725041 0.0822537 -1.642275 1.390216 -0.108533
15 -0.1009997 0 0 -1.90811 0.8466227 -1.085367
16 -0.1219999 0 0 1.365969E-06 -3.730286E-06 -0.9200084
17 -0.1347622 0 0 -0.1394802 0 0
18 -0.1343399 0 0 1.327508 0.1173531 0.3239096
19 -0.1197386 0 -6.123033E-05 -0.001372244 -0.005376858 0.2012115
20 -0.04880161 0 0 0 0 -0.707715
21 -0.1889133 0.06475638 -0.0265498 -3.139415 -0.005103788 -0.4518085
22 -0.04874142 0.04765864 -0.06862451 1.787741 -0.276586 -0.7554917
23 -0.06127064 0 0 -0.06257772 0.2217633 -0.7094637
24 -0.1028246 0 0 -0.1176855 -0.09469986 -0.01050035
25 0.1304068 0.1682832 0 -3.0351 0.2128879 2.38411
26 0.08318153 0 0 -5.93765E-09 -0.01257036 -0.3034499
27 0.1212126 0 0 -1.89771E-08 -0.01214855 -0.2331446
28 0.1593245 0 0 -3.940922E-08 -0.05557498 -0.06743863
29 0.1645251 -0.03088019 -0.1595813 -2.196723 1.220238 1.966565
30 0.1374714 0 0 0.08679721 0.551026 -0.4392093
31 0.0939494 0.006642963 -0.02764245 -0.2067833 -0.5562939 -0.5028875
32 0.1246999 0 0 -0.1576397 -0.1148088 -0.3093306
33 0.1734372 0 0 0.04777756 -0.03990081 -0.1632381
34 0.1268791 -0.04743927 0.1773828 -2.260955 0.7618024 -1.224583
35 -0.1374712 0 0 -0.003631278 0.5571113 -0.6107717
36 -0.06898984 0 0 -0.2157799 -0.3200602 -0.4654668
37 -0.1247 0 0 -0.2580076 0.1496099 -0.1188019
38 -0.1734369 0 0 -0.1323247 0.3610294 0.5721961
39 0.1205692 0.1711765 -0.0001987338 -0.09941915 0.07647036 1.415272
40 0.128564 0.1071712 -0.1867254 -1.546811 0.9954585 -0.08243298
41 0.0984958 0.02850619 0.1872715 -1.343651 0.8965957 -2.97089
42 0.1708579 0.009936064 0 0.1042299 -0.03761532 0.1325791
43 0.0049 0 0 0 0 0
44 0.5171545 -0.2663316 0.2896972 2.589131 -0.83026 -0.5165651
45 0.1972673 0 0 0.2982351 0.190703 -1.412715
46 0.05363192 -0.1692977 0 -0.07216964 1.862645E-08 -1.135405
47 0.0006023012 -0.03346459 -0.04911327 -0.01609685 0.006973847 -1.734883
48 0.000602576 -0.03346451 0.0491133 0.01641915 -0.1394351 -1.737494
49 0 -0.00544714 0 -1.56294 0.09915477 -1.531834
50 0.1349337 0.007935909 0.1169305 -0.2599949 -0.4213736 -0.6939715
51 0.06775701 0 0 0 0 0.8548636
52 0.07025615 0 0 0.05921156 0.2086734 -0.1475802
53 0.05538215 -0.1613821 0 -1.818989E-12 4.908495E-05 -1.435881
54 0.1349336 0.007935909 -0.116931 0.3821697 0.114361 -0.6242507
55 0.067757 0 0 0 0 1.208864
56 0.0702562 0 0 0.0331662 0.1209367 -0.6870836
57 0.0553822 -0.161382 0 1.818989E-12 -5.42615E-05 -1.435881
time 12
0 0 0 0 0 0 0
1 -0.003431768 0.3520672 0.00229632 -6.482365E-09 -0.3657491 -0.01245719
2 0 0.002591992 0 -1.398713 0.09514743 1.534841
3 0.152 0 0 0.03359808 0.04338723 0.06392181
4 0.05880687 0.02725044 -0.08225372 2.702392 1.34353 1.122931
5 0.159303 0.002208193 0.0009686507 -0.3743898 0.08315997 -0.7841868
6 0.122 0 0 0 0 -1.312759
7 0.1347621 0 0 -0.4804021 0 0
8 0.1343401 0 0 0.8884769 -0.5785519 -0.4762307
9 0.1197383 0 6.123017E-05 0.001768601 -0.005259709 -0.3728327
10 0.04880161 0 0 0 0 -0.2194141
11 0.04874135 -0.0476583 0.06862446 0.797745 -0.5614887 0.1499991
12 0.06127064 0 0 0.07454634 0.2180856 -0.09955539
13 0.1028249 0 0 -0.1176855 -0.09469986 -0.01050035
14 0.05880699 0.02725041 0.0822537 -1.653913 1.391845 -0.1201627
15 -0.1009997 0 0 -1.906187 0.8516408 -1.085641
16 -0.1219999 0 0 1.365969E-06 -3.730286E-06 -0.9258631
17 -0.1347622 0 0 -0.1396854 0 0
18 -0.1343399 0 0 1.327407 0.1172618 0.3296111
19 -0.1197386 0 -6.123033E-05 -0.001372244 -0.005376858 0.2012115
20 -0.04880161 0 0 0 0 -0.707715
21 -0.1889133 0.06475638 -0.0265498 -3.139415 -0.005103788 -0.4518085
22 -0.04874142 0.04765864 -0.06862451 1.787741 -0.276586 -0.7554917
23 -0.06127064 0 0 -0.06257772 0.2217633 -0.7094637
24 -0.1028246 0 0 -0.1176855 -0.09469986 -0.01050035
25 0.1304068 0.1682832 0 -3.036695 0.2137226 2.380295
26 0.08318153 0 0 1.629964E-09 -0.01356783 -0.3020704
27 0.1212126 0 0 -3.842039E-09 -0.01317471 -0.2372091
28 0.1593245 0 0 1.632781E-09 -0.06028531 -0.0803481
29 0.1646367 -0.03076413 -0.1595348 -2.194247 1.22166 1.967319
30 0.1374714 0 0 0.08679721 0.551026 -0.4392093
31 0.0939494 0.006642963 -0.02764245 -0.2091743 -0.5585411 -0.4970534
32 0.1246999 0 0 -0.1583126 -0.1202246 -0.3051813
33 0.1734372 0 0 0.04792337 -0.04374446 -0.1657165
34 0.1269766 -0.04734909 0.1773828 -2.259808 0.7627617 -1.225173
35 -0.1374712 0 0 -0.003631278 0.5571113 -0.6107717
36 -0.06898984 0 0 -0.2165889 -0.3165502 -0.4630093
37 -0.1247 0 0 -0.2580085 0.151251 -0.119117
38 -0.1734369 0 0 -0.1324138 0.3680193 0.5719045
39 0.1199533 0.1711765 -0.0002311147 -0.09941915 0.08214124 1.40929
40 0.128564 0.1071712 -0.1867254 -1.555925 0.9956216 -0.09312908
41 0.0984958 0.02850619 0.1872715 -1.336807 0.8899817 -2.961765
42 0.1708579 0.009936064 0 0.1035961 -0.03857676 0.1364863
43 0.0049 0 0 0 0 0
44 0.5171545 -0.2663316 0.2896972 2.598085 -0.8321092 -0.528441
45 0.1972673 0 0 0.2999597 0.184162 -1.402463
46 0.05363192 -0.1692977 0 -0.07585443 0 -1.131149
47 0.0006023012 -0.03346459 -0.04911327 -0.01541791 0.0005490272 -1.725873
48 0.000602576 -0.03346451 0.0491133 0.01572002 -0.1460382 -1.728627
49 0 -0.00544714 0 -1.562305 0.09888566 -1.532813
50 0.1349337 0.007935909 0.1169305 -0.2450524 -0.4284872 -0.7299598
51 0.06775701 0 0 0 0 0.9075587
52 0.07025615 0 0 0.05858596 0.2068034 -0.16714
53 0.05538215 -0.1613821 0 -1.818989E-12 4.908495E-05 -1.435881
54 0.1349336 0.007935909 -0.116931 0.3805532 0.1229581 -0.6446776
55 0.067757 0 0 0 0 1.248169
56 0.0702562 0 0 0.03306646 0.1208194 -0.7030087
57 0.0553822 -0.161382 0 1.818989E-12 -5.42615E-05 -1.435881
time 13
0 0 0 0 0 0 0
1 -0.00280699 0.3505369 0.002071903 -6.977196E-09 -0.3643196 -0.01195114
2 0 0.002591992 0 -1.398807 0.09402473 1.534911
3 0.152 0 0 0.03271209 0.04368563 0.06528766
4 0.05880687 0.02725044 -0.08225372 2.69909 1.341161 1.120076
5 0.159303 0.002208193 0.0009686507 -0.3740792 0.08074928 -0.7880145
6 0.122 0 0 0 0 -1.308797
7 0.1347621 0 0 -0.4804021 0 0
8 0.1343401 0 0 0.8884769 -0.5785519 -0.4762307
9 0.1197383 0 6.123017E-05 0.001768601 -0.005259709 -0.3728327
10 0.04880161 0 0 0 0 -0.2194141
11 0.04874135 -0.0476583 0.06862446 0.797745 -0.5614887 0.1499991
12 0.06127064 0 0 0.07454634 0.2180856 -0.09955539
13 0.1028249 0 0 -0.1176855 -0.09469986 -0.01050035
14 0.05880699 0.02725041 0.0822537 -1.666188 1.393411 -0.1324266
15 -0.1009997 0 0 -1.90463 0.8568166 -1.085907
16 -0.1219999 0 0 1.365969E-06 -3.730285E-06 -0.932149
17 -0.1347622 0 0 -0.1398578 0 0
18 -0.1343399 0 0 1.32735 0.1171729 0.3350882
19 -0.1197386 0 -6.123033E-05 -0.001372244 -0.005376858 0.2012115
20 -0.04880161 0 0 0 0 -0.707715
21 -0.1889133 0.06475638 -0.0265498 -3.139415 -0.005103788 -0.4518085
22 -0.04874142 0.04765864 -0.06862451 1.787741 -0.276586 -0.7554917
23 -0.06127064 0 0 -0.06257772 0.2217633 -0.7094637
24 -0.1028246 0 0 -0.1176855 -0.09469986 -0.01050035
25 0.1304068 0.1682832 0 -3.038098 0.2144069 2.377231
26 0.08318153 0 0 -1.955984E-08 -0.01452981 -0.2994924
27 0.1212126 0 0 -1.059486E-08 -0.01418531 -0.2409462
28 0.1593245 0 0 -3.733157E-09 -0.06493034 -0.09370004
29 0.1647422 -0.03063449 -0.1595005 -2.190658 1.223215 1.969824
30 0.1374714 0 0 0.08679721 0.551026 -0.4392093
31 0.0939494 0.006642963 -0.02764245 -0.2114596 -0.560707 -0.4914665
32 0.1246999 0 0 -0.1590688 -0.1254627 -0.3007026
33 0.1734372 0 0 0.04800361 -0.04754892 -0.1675348
34 0.1270713 -0.04725075 0.1773828 -2.25899 0.7636827 -1.225319
35 -0.1374712 0 0 -0.003631278 0.5571113 -0.6107717
36 -0.06898984 0 0 -0.2174597 -0.3132297 -0.4603653
37 -0.1247 0 0 -0.2580078 0.1528677 -0.1194242
38 -0.1734369 0 0 -0.1325032 0.3749909 0.5716115
39 0.1193019 0.1711765 -0.0002656121 -0.09941915 0.08765393 1.403491
40 0.128564 0.1071712 -0.1867254 -1.564769 0.9957417 -0.103493
41 0.0984958 0.02850619 0.1872715 -1.330206 0.8837312 -2.952938
42 0.1708579 0.009936064 0 0.10279 -0.03941304 0.1413539
43 0.0049 0 0 0 0 0
44 0.5171545 -0.2663316 0.2896972 2.606107 -0.8334599 -0.5390769
45 0.1972673 0 0 0.3017186 0.177425 -1.391919
46 0.05363192 -0.1692977 0 -0.07923525 1.117587E-08 -1.128318
47 0.0006023012 -0.03346459 -0.04911327 -0.01460948 -0.005740716 -1.715035
48 0.000602576 -0.03346451 0.0491133 0.01488573 -0.1525364 -1.717877
49 0 -0.00544714 0 -1.561645 0.09814814 -1.533853
50 0.1349337 0.007935909 0.1169305 -0.2301132 -0.434703 -0.7650002
51 0.06775701 0 0 0 0 0.9602038
52 0.07025615 0 0 0.05793783 0.2048687 -0.1870886
53 0.05538215 -0.1613821 0 -1.818989E-12 4.908495E-05 -1.435881
54 0.1349336 0.007935909 -0.116931 0.3787562 0.1321209 -0.6638667
55 0.067757 0 0 0 0 1.287607
56 0.0702562 0 0 0.03277783 0.1199339 -0.7197571
57 0.0553822 -0.161382 0 1.818989E-12 -5.42615E-05 -1.435881
time 14
0 0 0 0 0 0 0
1 -0.002148068 0.3489802 0.00188835 -5.478939E-09 -0.3628119 -0.01141735
2 0 0.002591992 0 -1.398854 0.09232312 1.534987
3 0.152 0 0 0.03186545 0.0439232 0.06656017
4 0.05880687 0.02725044 -0.08225372 2.696272 1.338793 1.117699
5 0.159303 0.002208193 0.0009686507 -0.3738298 0.07833514 -0.7916702
6 0.122 0 0 0 0 -1.304999
7 0.1347621 0 0 -0.4804021 0 0
8 0.1343401 0 0 0.8884769 -0.5785519 -0.4762307
9 0.1197383 0 6.123017E-05 0.001768601 -0.005259709 -0.3728327
10 0.04880161 0 0 0 0 -0.2194141
11 0.04874135 -0.0476583 0.06862446 0.797745 -0.5614887 0.1499991
12 0.06127064 0 0 0.07454634 0.2180856 -0.09955539
13 0.1028249 0 0 -0.1176855 -0.09469986 -0.01050035
14 0.05880699 0.02725041 0.0822537 -1.678947 1.394902 -0.145169
15 -0.1009997 0 0 -1.903422 0.8621064 -1.086165
16 -0.1219999 0 0 1.365968E-06 -3.730285E-06 -0.9386914
17 -0.1347622 0 0 -0.1399993 0 0
18 -0.1343399 0 0 1.327331 0.117088 0.3402337
19 -0.1197386 0 -6.123033E-05 -0.001372244 -0.005376858 0.2012115
20 -0.04880161 0 0 0 0 -0.707715
21 -0.1889133 0.06475638 -0.0265498 -3.139415 -0.005103788 -0.4518085
22 -0.04874142 0.04765864 -0.06862451 1.787741 -0.276586 -0.7554917
23 -0.06127064 0 0 -0.06257772 0.2217633 -0.7094637
24 -0.1028246 0 0 -0.1176855 -0.09469986 -0.01050035
25 0.1304068 0.1682832 0 -3.039299 0.2149357 2.3749
26 0.08318153 0 0 4.657169E-10 -0.01545523 -0.2958501
27 0.1212126 0 0 -6.869295E-09 -0.01517921 -0.2443584
28 0.1593245 0 0 -6.278305E-08 -0.06950856 -0.1067492
29 0.1648414 -0.03049269 -0.159478 -2.185922 1.224893 1.973818
30 0.1374714 0 0 0.08679721 0.551026 -0.4392093
31 0.0939494 0.006642963 -0.02764245 -0.2136291 -0.5627911 -0.4861447
32 0.1246999 0 0 -0.1598984 -0.1305245 -0.2959353
33 0.1734372 0 0 0.0480145 -0.05131163 -0.168656
34 0.1271628 -0.0471452 0.1773828 -2.258513 0.7645652 -1.224989
35 -0.1374712 0 0 -0.003631278 0.5571113 -0.6107717
36 -0.06898984 0 0 -0.2183878 -0.3101193 -0.4575509
37 -0.1247 0 0 -0.2580075 0.1544584 -0.1197241
38 -0.1734369 0 0 -0.1325928 0.3819287 0.5713211
39 0.1186173 0.1711765 -0.0003021645 -0.09941915 0.09299399 1.397979
40 0.128564 0.1071712 -0.1867254 -1.573322 0.9958225 -0.1135008
41 0.0984958 0.02850619 0.1872715 -1.323839 0.8778657 -2.944414
42 0.1708579 0.009936064 0 0.1018171 -0.04012445 0.1469204
43 0.0049 0 0 0 0 0
44 0.5171545 -0.2663316 0.2896972 2.613024 -0.8342274 -0.5482512
45 0.1972673 0 0 0.3035076 0.170565 -1.381341
46 0.05363192 -0.1692977 0 -0.08229728 1.490116E-08 -1.127082
47 0.0006023012 -0.03346459 -0.04911327 -0.01366645 -0.01190372 -1.702558
48 0.000602576 -0.03346451 0.0491133 0.0139108 -0.1589306 -1.705433
49 0 -0.00544714 0 -1.56096 0.09693289 -1.534952
50 0.1349337 0.007935909 0.1169305 -0.2153009 -0.4399695 -0.798965
51 0.06775701 0 0 0 0 1.012463
52 0.07025615 0 0 0.05726117 0.2028453 -0.2073057
53 0.05538215 -0.1613821 0 -1.818989E-12 4.908495E-05 -1.435881
54 0.1349336 0.007935909 -0.116931 0.3767605 0.141796 -0.6817797
55 0.067757 0 0 0 0 1.32669
56 0.0702562 0 0 0.03229613 0.1182458 -0.7371364
57 0.0553822 -0.161382 0 1.818989E-12 -5.42615E-05 -1.435881
time 15
0 0 0 0 0 0 0
1 -0.001456966 0.3474102 0.001745814 2.488937E-10 -0.3612317 -0.01085739
2 0 0.002591992 0 -1.398854 0.09023111 1.535067
3 0.152 0 0 0.03105265 0.04408922 0.06770992
4 0.05880687 0.02725044 -0.08225372 2.693925 1.336442 1.115786
5 0.159303 0.002208193 0.0009686507 -0.3736536 0.07594207 -0.7951396
6 0.122 0 0 0 0 -1.301384
7 0.1347621 0 0 -0.4804021 0 0
8 0.1343401 0 0 0.8884769 -0.5785519 -0.4762307
9 0.1197383 0 6.123017E-05 0.001768601 -0.005259709 -0.3728327
10 0.04880161 0 0 0 0 -0.2194141
11 0.04874135 -0.0476583 0.06862446 0.797745 -0.5614887 0.1499991
12 0.06127064 0 0 0.07454634 0.2180856 -0.09955539
13 0.1028249 0 0 -0.1176855 -0.09469986 -0.01050035
14 0.05880699 0.02725041 0.0822537 -1.691964 1.396308 -0.1581677
15 -0.1009997 0 0 -1.902548 0.8674677 -1.086413
16 -0.1219999 0 0 1.365968E-06 -3.730286E-06 -0.9454108
17 -0.1347622 0 0 -0.1401118 0 0
18 -0.1343399 0 0 1.327341 0.1170085 0.3449401
19 -0.1197386 0 -6.123033E-05 -0.001372244 -0.005376858 0.2012115
20 -0.04880161 0 0 0 0 -0.707715
21 -0.1889133 0.06475638 -0.0265498 -3.139415 -0.005103788 -0.4518085
22 -0.04874142 0.04765864 -0.06862451 1.787741 -0.276586 -0.7554917
23 -0.06127064 0 0 -0.06257772 0.2217633 -0.7094637
24 -0.1028246 0 0 -0.1176855 -0.09469986 -0.01050035
25 0.1304068 0.1682832 0 -3.040289 0.2153049 2.373216
26 0.08318153 0 0 -3.725788E-09 -0.01634211 -0.2913508
27 0.1212126 0 0 -1.25745E-08 -0.01615487 -0.2474412
28 0.1593245 0 0 -3.595437E-08 -0.07402015 -0.1198822
29 0.1649341 -0.03034012 -0.1594665 -2.180129 1.226683 1.979209
30 0.1374714 0 0 0.08679721 0.551026 -0.4392093
31 0.0939494 0.006642963 -0.02764245 -0.2156728 -0.564797 -0.4811092
32 0.1246999 0 0 -0.160793 -0.1354131 -0.2909233
33 0.1734372 0 0 0.04795836 -0.05503489 -0.1691821
34 0.1272507 -0.04703337 0.1773828 -2.258396 0.7654079 -1.224205
35 -0.1374712 0 0 -0.003631278 0.5571113 -0.6107717
36 -0.06898984 0 0 -0.2193677 -0.3072385 -0.4545813
37 -0.1247 0 0 -0.2580062 0.1560199 -0.1200155
38 -0.1734369 0 0 -0.1326826 0.3888121 0.5710298
39 0.1179019 0.1711765 -0.0003407103 -0.09941914 0.09814661 1.392857
40 0.128564 0.1071712 -0.1867254 -1.581564 0.995868 -0.1231285
41 0.0984958 0.02850619 0.1872715 -1.3177 0.8724064 -2.936195
42 0.1708579 0.009936064 0 0.1006826 -0.04071082 0.1531067
43 0.0049 0 0 0 0 0
44 0.5171545 -0.2663316 0.2896972 2.618664 -0.8343275 -0.5557427
45 0.1972673 0 0 0.3053223 0.1638797 -1.370989
46 0.05363192 -0.1692977 0 -0.08502569 0 -1.127609
47 0.0006023012 -0.03346459 -0.04911327 -0.01258372 -0.01794834 -1.688632
48 0.000602576 -0.03346451 0.0491133 0.01278977 -0.1652216 -1.691481
49 0 -0.00544714 0 -1.560252 0.0953376 -1.536104
50 0.1349337 0.007935909 0.1169305 -0.2007393 -0.4444124 -0.8317256
51 0.06775701 0 0 0 0 1.064001
52 0.07025615 0 0 0.05655177 0.2007197 -0.2276804
53 0.05538215 -0.1613821 0 -1.818989E-12 4.908495E-05 -1.435881
54 0.1349336 0.007935909 -0.116931 0.3745475 0.1519291 -0.6983765
55 0.067757 0 0 0 0 1.365085
56 0.0702562 0 0 0.03161718 0.1157203 -0.7549524
57 0.0553822 -0.161382 0 1.818989E-12 -5.42615E-05 -1.435881
time 16
0 0 0 0 0 0 0
1 -0.0007356498 0.3458397 0.001644451 -2.611759E-09 -0.3595812 -0.01027277
2 0 0.002591992 0 -1.398811 0.08778377 1.535151
3 0.152 0 0 0.03027646 0.04418312 0.06872321
4 0.05880687 0.02725044 -0.08225372 2.692037 1.334128 1.114321
5 0.159303 0.002208193 0.0009686507 -0.3735622 0.07359455 -0.7984078
6 0.122 0 0 0 0 -1.297972
7 0.1347621 0 0 -0.4804021 0 0
8 0.1343401 0 0 0.8884769 -0.5785519 -0.4762307
9 0.1197383 0 6.123017E-05 0.001768601 -0.005259709 -0.3728327
10 0.04880161 0 0 0 0 -0.2194141
11 0.04874135 -0.0476583 0.06862446 0.797745 -0.5614887 0.1499991
12 0.06127064 0 0 0.07454634 0.2180856 -0.09955539
13 0.1028249 0 0 -0.1176855 -0.09469986 -0.01050035
14 0.05880699 0.02725041 0.0822537 -1.705095 1.397618 -0.1712769
15 -0.1009997 0 0 -1.90199 0.8728568 -1.086647
16 -0.1219999 0 0 1.365968E-06 -3.730285E-06 -0.9522275
17 -0.1347622 0 0 -0.1401952 0 0
18 -0.1343399 0 0 1.327374 0.1169358 0.3490998
19 -0.1197386 0 -6.123033E-05 -0.001372244 -0.005376858 0.2012115
20 -0.04880161 0 0 0 0 -0.707715
21 -0.1889133 0.06475638 -0.0265498 -3.139415 -0.005103788 -0.4518085
22 -0.04874142 0.04765864 -0.06862451 1.787741 -0.276586 -0.7554917
23 -0.06127064 0 0 -0.06257772 0.2217633 -0.7094637
24 -0.1028246 0 0 -0.1176855 -0.09469986 -0.01050035
25 0.1304068 0.1682832 0 -3.041058 0.2155094 2.372152
26 0.08318153 0 0 -9.780331E-09 -0.01718907 -0.2860754
27 0.1212126 0 0 -4.191565E-09 -0.01711111 -0.2501953
28 0.1593245 0 0 -5.138082E-08 -0.07846175 -0.1329834
29 0.1650201 -0.03017821 -0.1594658 -2.173434 1.228576 1.985906
30 0.1374714 0 0 0.08679721 0.551026 -0.4392093
31 0.0939494 0.006642963 -0.02764245 -0.2175807 -0.5667232 -0.4763769
32 0.1246999 0 0 -0.1617452 -0.1401328 -0.2857125
33 0.1734372 0 0 0.04783661 -0.05872059 -0.1685341
34 0.1273346 -0.04691623 0.1773828 -2.258652 0.7662098 -1.223027
35 -0.1374712 0 0 -0.003631278 0.5571113 -0.6107717
36 -0.06898984 0 0 -0.2203943 -0.3046069 -0.4514715
37 -0.1247 0 0 -0.2580074 0.1575515 -0.1202999
38 -0.1734369 0 0 -0.1327724 0.3956248 0.5707406
39 0.1171582 0.1711765 -0.0003811881 -0.09941915 0.1030974 1.388231
40 0.128564 0.1071712 -0.1867254 -1.589472 0.9958802 -0.1323512
41 0.0984958 0.02850619 0.1872715 -1.311782 0.8673754 -2.928287
42 0.1708579 0.009936064 0 0.09939199 -0.04117222 0.1598342
43 0.0049 0 0 0 0 0
44 0.5171545 -0.2663316 0.2896972 2.622858 -0.8336756 -0.5613303
45 0.1972673 0 0 0.3070834 0.1574098 -1.361123
46 0.05363192 -0.1692977 0 -0.08740553 0 -1.130069
47 0.0006023012 -0.03346459 -0.04911327 -0.01135619 -0.02388289 -1.673448
48 0.000602576 -0.03346451 0.0491133 0.01151713 -0.1714103 -1.676211
49 0 -0.00544714 0 -1.559523 0.09348278 -1.537308
50 0.1349337 0.007935909 0.1169305 -0.1865522 -0.448049 -0.8631511
51 0.06775701 0 0 0 0 1.114477
52 0.07025615 0 0 0.05580369 0.1984678 -0.2480913
53 0.05538215 -0.1613821 0 -1.818989E-12 4.908495E-05 -1.435881
54 0.1349336 0.007935909 -0.116931 0.3720996 0.1624674 -0.7136204
55 0.067757 0 0 0 0 1.402633
56 0.0702562 0 0 0.03073675 0.1123236 -0.7730147
57 0.0553822 -0.161382 0 1.818989E-12 -5.42615E-05 -1.435881
time 17
0 0 0 0 0 0 0
1 1.391675E-05 0.3442818 0.00158441 -2.485791E-10 -0.3578672 -0.009665096
2 0 0.002591992 0 -1.398725 0.08501608 1.535239
3 0.152 0 0 0.02954129 0.04420703 0.06959078
4 0.05880687 0.02725044 -0.08225372 2.690598 1.331867 1.113291
5 0.159303 0.002208193 0.0009686507 -0.373567 0.07131733 -0.8014591
6 0.122 0 0 0 0 -1.294784
7 0.1347621 0 0 -0.4804021 0 0
8 0.1343401 0 0 0.8884769 -0.5785519 -0.4762307
9 0.1197383 0 6.123017E-05 0.001768601 -0.005259709 -0.3728327
10 0.04880161 0 0 0 0 -0.2194141
11 0.04874135 -0.0476583 0.06862446 0.797745 -0.5614887 0.1499991
12 0.06127064 0 0 0.07454634 0.2180856 -0.09955539
13 0.1028249 0 0 -0.1176855 -0.09469986 -0.01050035
14 0.05880699 0.02725041 0.0822537 -1.718189 1.39882 -0.1843487
15 -0.1009997 0 0 -1.901733 0.8782312 -1.086867
16 -0.1219999 0 0 1.365969E-06 -3.730286E-06 -0.9590621
17 -0.1347622 0 0 -0.1402496 0 0
18 -0.1343399 0 0 1.327421 0.1168713 0.3526056
19 -0.1197386 0 -6.123033E-05 -0.001372244 -0.005376858 0.2012115
20 -0.04880161 0 0 0 0 -0.707715
21 -0.1889133 0.06475638 -0.0265498 -3.139415 -0.005103788 -0.4518085
22 -0.04874142 0.04765864 -0.06862451 1.787741 -0.276586 -0.7554917
23 -0.06127064 0 0 -0.06257772 0.2217633 -0.7094637
24 -0.1028246 0 0 -0.1176855 -0.09469986 -0.01050035
25 0.1304068 0.1682832 0 -3.041597 0.2155452 2.371686
26 0.08318153 0 0 -1.699939E-08 -0.01799458 -0.2801001
27 0.1212126 0 0 1.397211E-09 -0.0180464 -0.2526168
28 0.1593245 0 0 -1.074706E-08 -0.0828334 -0.1459427
29 0.1650992 -0.03000836 -0.159475 -2.165904 1.230561 1.993817
30 0.1374714 0 0 0.08679721 0.551026 -0.4392093
31 0.0939494 0.006642963 -0.02764245 -0.219343 -0.5685738 -0.4719692
32 0.1246999 0 0 -0.1627436 -0.1446832 -0.2803408
33 0.1734372 0 0 0.04764818 -0.06236814 -0.1667852
34 0.1274143 -0.04679471 0.1773828 -2.259297 0.7669696 -1.221494
35 -0.1374712 0 0 -0.003631278 0.5571113 -0.6107717
36 -0.06898984 0 0 -0.2214619 -0.3022433 -0.4482354
37 -0.1247 0 0 -0.2580087 0.1590496 -0.1205757
38 -0.1734369 0 0 -0.1328619 0.4023478 0.5704525
39 0.1163885 0.1711765 -0.0004235363 -0.09941915 0.1078318 1.384205
40 0.128564 0.1071712 -0.1867254 -1.597028 0.9958637 -0.141145
41 0.0984958 0.02850619 0.1872715 -1.306077 0.862794 -2.920692
42 0.1708579 0.009936064 0 0.09795349 -0.04151013 0.1670289
43 0.0049 0 0 0 0 0
44 0.5171545 -0.2663316 0.2896972 2.625433 -0.8321868 -0.5647925
45 0.1972673 0 0 0.3086353 0.1511952 -1.352002
46 0.05363192 -0.1692977 0 -0.08942197 -3.72529E-09 -1.134211
47 0.0006023012 -0.03346459 -0.04911327 -0.009978751 -0.02971572 -1.657197
48 0.000602576 -0.03346451 0.0491133 0.01008743 -0.1774976 -1.659812
49 0 -0.00544714 0 -1.558774 0.09139423 -1.53856
50 0.1349337 0.007935909 0.1169305 -0.1728634 -0.4508983 -0.8931136
51 0.06775701 0 0 0 0 1.163558
52 0.07025615 0 0 0.05501238 0.1960745 -0.2684267
53 0.05538215 -0.1613821 0 -1.818989E-12 4.908495E-05 -1.435881
54 0.1349336 0.007935909 -0.116931 0.3693984 0.1733569 -0.7274723
55 0.067757 0 0 0 0 1.439096
56 0.0702562 0 0 0.02965065 0.1080207 -0.7911278
57 0.0553822 -0.161382 0 1.818989E-12 -5.42615E-05 -1.435881
time 18
0 0 0 0 0 0 0
1 0.000789769 0.3427494 0.001565846 -2.484146E-09 -0.3560921 -0.009035877
2 0 0.002591992 0 -1.398598 0.0819631 1.535331
3 0.152 0 0 0.02884642 0.04415601 0.07029213
4 0.05880687 0.02725044 -0.08225372 2.689595 1.329678 1.112679
5 0.159303 0.002208193 0.0009686507 -0.3736803 0.06913484 -0.8042797
6 0.122 0 0 0 0 -1.291838
7 0.1347621 0 0 -0.4804021 0 0
8 0.1343401 0 0 0.8884769 -0.5785519 -0.4762307
9 0.1197383 0 6.123017E-05 0.001768601 -0.005259709 -0.3728327
10 0.04880161 0 0 0 0 -0.2194141
11 0.04874135 -0.0476583 0.06862446 0.797745 -0.5614887 0.1499991
12 0.06127064 0 0 0.07454634 0.2180856 -0.09955539
13 0.1028249 0 0 -0.1176855 -0.09469986 -0.01050035
14 0.05880699 0.02725041 0.0822537 -1.731103 1.399904 -0.1972391
15 -0.1009997 0 0 -1.901761 0.8835475 -1.087069
16 -0.1219999 0 0 1.365968E-06 -3.730285E-06 -0.9658346
17 -0.1347622 0 0 -0.1402752 0 0
18 -0.1343399 0 0 1.327477 0.1168165 0.3553501
19 -0.1197386 0 -6.123033E-05 -0.001372244 -0.005376858 0.2012115
20 -0.04880161 0 0 0 0 -0.707715
21 -0.1889133 0.06475638 -0.0265498 -3.139415 -0.005103788 -0.4518085
22 -0.04874142 0.04765864 -0.06862451 1.787741 -0.276586 -0.7554917
23 -0.06127064 0 0 -0.06257772 0.2217633 -0.7094637
24 -0.1028246 0 0 -0.1176855 -0.09469986 -0.01050035
25 0.1304068 0.1682832 0 -3.041896 0.215407 2.371793
26 0.08318153 0 0 -2.794459E-09 -0.01875727 -0.273505
27 0.1212126 0 0 1.164362E-09 -0.01895933 -0.2543059
28 0.1593245 0 0 -7.011518E-09 -0.08713156 -0.1586438
29 0.1651712 -0.02983198 -0.1594938 -2.157608 1.232627 2.002848
30 0.1374714 0 0 0.08679721 0.551026 -0.4392093
31 0.0939494 0.006642963 -0.02764245 -0.2209496 -0.5703482 -0.4679041
32 0.1246999 0 0 -0.1637791 -0.1490667 -0.2748505
33 0.1734372 0 0 0.04739283 -0.06597757 -0.1640122
34 0.1274892 -0.04666976 0.1773828 -2.26034 0.7676863 -1.219637
35 -0.1374712 0 0 -0.003631278 0.5571113 -0.6107717
36 -0.06898984 0 0 -0.2225665 -0.3001699 -0.4448916
37 -0.1247 0 0 -0.258009 0.1605108 -0.1208415
38 -0.1734369 0 0 -0.1329513 0.4089637 0.5701662
39 0.1155952 0.1711765 -0.0004676934 -0.09941914 0.1123351 1.380883
40 0.128564 0.1071712 -0.1867254 -1.604208 0.9958212 -0.1494854
41 0.0984958 0.02850619 0.1872715 -1.300576 0.8586834 -2.913416
42 0.1708579 0.009936064 0 0.09637428 -0.04172553 0.1746154
43 0.0049 0 0 0 0 0
44 0.5171545 -0.2663316 0.2896972 2.626217 -0.8299318 -0.5659079
45 0.1972673 0 0 0.3099789 0.1452766 -1.343778
46 0.05363192 -0.1692977 0 -0.09106016 -7.450581E-09 -1.139686
47 0.0006023012 -0.03346459 -0.04911327 -0.008446291 -0.03545517 -1.640067
48 0.000602576 -0.03346451 0.0491133 0.008495181 -0.1834841 -1.642471
49 0 -0.00544714 0 -1.558007 0.08909705 -1.539856
50 0.1349337 0.007935909 0.1169305 -0.1597966 -0.4529793 -0.9214854
51 0.06775701 0 0 0 0 1.210903
52 0.07025615 0 0 0.05417242 0.1935185 -0.2885673
53 0.05538215 -0.1613821 0 -1.818989E-12 4.908495E-05 -1.435881
54 0.1349336 0.007935909 -0.116931 0.3664263 0.1845444 -0.7398946
55 0.067757 0 0 0 0 1.474237
56 0.0702562 0 0 0.02835467 0.1027775 -0.8091
57 0.0553822 -0.161382 0 1.818989E-12 -5.42615E-05 -1.435881
time 19
0 0 0 0 0 0 0
1 0.001589939 0.3412555 0.001588912 -9.060977E-09 -0.3542609 -0.00838668
2 0 0.002591992 0 -1.398432 0.07865965 1.535427
3 0.152 0 0 0.02819669 0.04403295 0.07081968
4 0.05880687 0.02725044 -0.08225372 2.689016 1.327577 1.112473
5 0.159303 0.002208193 0.0009686507 -0.3739133 0.0670717 -0.8068545
6 0.122 0 0 0 0 -1.289155
7 0.1347621 0 0 -0.4804021 0 0
8 0.1343401 0 0 0.8884769 -0.5785519 -0.4762307
9 0.1197383 0 6.123017E-05 0.001768601 -0.005259709 -0.3728327
10 0.04880161 0 0 0 0 -0.2194141
11 0.04874135 -0.0476583 0.06862446 0.797745 -0.5614887 0.1499991
12 0.06127064 0 0 0.07454634 0.2180856 -0.09955539
13 0.1028249 0 0 -0.1176855 -0.09469986 -0.01050035
14 0.05880699 0.02725041 0.0822537 -1.743687 1.40086 -0.2097998
15 -0.1009997 0 0 -1.902058 0.8887626 -1.087254
16 -0.1219999 0 0 1.365969E-06 -3.730286E-06 -0.9724656
17 -0.1347622 0 0 -0.1402786 0 0
18 -0.1343399 0 0 1.327533 0.1167728 0.3572256
19 -0.1197386 0 -6.123033E-05 -0.001372244 -0.005376858 0.2012115
20 -0.04880161 0 0 0 0 -0.707715
21 -0.1889133 0.06475638 -0.0265498 -3.139415 -0.005103788 -0.4518085
22 -0.04874142 0.04765864 -0.06862451 1.787741 -0.276586 -0.7554917
23 -0.06127064 0 0 -0.06257772 0.2217633 -0.7094637
24 -0.1028246 0 0 -0.1176855 -0.09469986 -0.01050035
25 0.1304068 0.1682832 0 -3.041946 0.215091 2.372448
26 0.08318153 0 0 1.397249E-09 -0.01947536 -0.2663631
27 0.1212126 0 0 -1.676711E-08 -0.01984841 -0.2551114
28 0.1593245 0 0 -8.229957E-08 -0.09135474 -0.1709739
29 0.1652359 -0.02965048 -0.1595216 -2.148611 1.234764 2.01291
30 0.1374714 0 0 0.08679721 0.551026 -0.4392093
31 0.0939494 0.006642963 -0.02764245 -0.2223905 -0.5720471 -0.4642004
32 0.1246999 0 0 -0.1648447 -0.1532884 -0.2692886
33 0.1734372 0 0 0.04707031 -0.06954872 -0.1602915
34 0.1275591 -0.04654232 0.1773828 -2.261607 0.7683589 -1.217493
35 -0.1374712 0 0 -0.003631278 0.5571113 -0.6107717
36 -0.06898984 0 0 -0.2237022 -0.2984051 -0.4414536
37 -0.1247 0 0 -0.2580067 0.161932 -0.1210964
38 -0.1734369 0 0 -0.1330404 0.415454 0.5698818
39 0.1147806 0.1711765 -0.0005135981 -0.09941914 0.116593 1.378371
40 0.128564 0.1071712 -0.1867254 -1.610993 0.9957575 -0.1573484
41 0.0984958 0.02850619 0.1872715 -1.295274 0.8550656 -2.906462
42 0.1708579 0.009936064 0 0.09465798 -0.04181749 0.1825117
43 0.0049 0 0 0 0 0
44 0.5171545 -0.2663316 0.2896972 2.625409 -0.8270735 -0.5649463
45 0.1972673 0 0 0.3111147 0.1396941 -1.336508
46 0.05363192 -0.1692977 0 -0.09230519 0 -1.146307
47 0.0006023012 -0.03346459 -0.04911327 -0.006753718 -0.04110958 -1.622251
48 0.000602576 -0.03346451 0.0491133 0.006734874 -0.189371 -1.624376
49 0 -0.00544714 0 -1.557223 0.08661699 -1.541194
50 0.1349337 0.007935909 0.1169305 -0.1474754 -0.4543096 -0.9481357
51 0.06775701 0 0 0 0 1.256178
52 0.07025615 0 0 0.05327886 0.190782 -0.3083986
53 0.05538215 -0.1613821 0 -1.818989E-12 4.908495E-05 -1.435881
54 0.1349336 0.007935909 -0.116931 0.3631645 0.195976 -0.750848
55 0.067757 0 0 0 0 1.507819
56 0.0702562 0 0 0.0268446 0.09666508 -0.8267389
57 0.0553822 -0.161382 0 1.818989E-12 -5.42615E-05 -1.435881
time 20
0 0 0 0 0 0 0
1 0.002412466 0.339813 0.001653761 -4.96148E-10 -0.3523821 -0.007719158
2 0 0.002591992 0 -1.398229 0.07514104 1.535526
3 0.152 0 0 0.02759087 0.04383229 0.07115175
4 0.05880687 0.02725044 -0.08225372 2.68885 1.325583 1.112654
5 0.159303 0.002208193 0.0009686507 -0.3742786 0.06515232 -0.8091695
6 0.122 0 0 0 0 -1.286755
7 0.1347621 0 0 -0.4804021 0 0
8 0.1343401 0 0 0.8884769 -0.5785519 -0.4762307
9 0.1197383 0 6.123017E-05 0.001768601 -0.005259709 -0.3728327
10 0.04880161 0 0 0 0 -0.2194141
11 0.04874135 -0.0476583 0.06862446 0.797745 -0.5614887 0.1499991
12 0.06127064 0 0 0.07454634 0.2180856 -0.09955539
13 0.1028249 0 0 -0.1176855 -0.09469986 -0.01050035
14 0.05880699 0.02725041 0.0822537 -1.755796 1.401675 -0.221886
15 -0.1009997 0 0 -1.902606 0.8938332 -1.087417
16 -0.1219999 0 0 1.365969E-06 -3.730285E-06 -0.9788753
17 -0.1347622 0 0 -0.140253 0 0
18 -0.1343399 0 0 1.327581 0.1167415 0.3575682
19 -0.1197386 0 -6.123033E-05 -0.001372244 -0.005376858 0.2012115
20 -0.04880161 0 0 0 0 -0.707715
21 -0.1889133 0.06475638 -0.0265498 -3.139415 -0.005103788 -0.4518085
22 -0.04874142 0.04765864 -0.06862451 1.787741 -0.276586 -0.7554917
23 -0.06127064 0 0 -0.06257772 0.2217633 -0.7094637
24 -0.1028246 0 0 -0.1176855 -0.09469986 -0.01050035
25 0.1304068 0.1682832 0 -3.041737 0.2145922 2.373629
26 0.08318153 0 0 -1.606858E-08 -0.02014728 -0.2587509
27 0.1212126 0 0 -1.490436E-08 -0.02071257 -0.255074
28 0.1593245 0 0 -1.543717E-07 -0.09550233 -0.1828218
29 0.165293 -0.02946527 -0.1595578 -2.138985 1.236962 2.023909
30 0.1374714 0 0 0.08679721 0.551026 -0.4392093
31 0.0939494 0.006642963 -0.02764245 -0.2236558 -0.5736734 -0.4608784
32 0.1246999 0 0 -0.16593 -0.1573488 -0.2636945
33 0.1734372 0 0 0.04668435 -0.07308646 -0.1557117
34 0.1276235 -0.04641334 0.1773828 -2.263083 0.7689864 -1.215096
35 -0.1374712 0 0 -0.003631278 0.5571113 -0.6107717
36 -0.06898984 0 0 -0.2248638 -0.2969686 -0.4379366
37 -0.1247 0 0 -0.2580075 0.1633137 -0.1213429
38 -0.1734369 0 0 -0.133129 0.4218011 0.5696001
39 0.1139472 0.1711765 -0.0005611886 -0.09941915 0.1205905 1.376771
40 0.128564 0.1071712 -0.1867254 -1.61736 0.9956741 -0.1647091
41 0.0984958 0.02850619 0.1872715 -1.290164 0.8519611 -2.899833
42 0.1708579 0.009936064 0 0.09281275 -0.04178749 0.1906445
43 0.0049 0 0 0 0 0
44 0.5171545 -0.2663316 0.2896972 2.623384 -0.8236664 -0.5624059
45 0.1972673 0 0 0.3120437 0.1344882 -1.33031
46 0.05363192 -0.1692977 0 -0.09278433 7.450581E-09 -1.153888
47 0.0006023012 -0.03346459 -0.04911327 -0.004958942 -0.04668728 -1.603938
48 0.000602576 -0.03346451 0.0491133 0.004925323 -0.1951589 -1.605717
49 0 -0.00544714 0 -1.556424 0.0839797 -1.54257
50 0.1349337 0.007935909 0.1169305 -0.1360239 -0.4549074 -0.9729362
51 0.06775701 0 0 0 0 1.299045
52 0.07025615 0 0 0.05232662 0.1878462 -0.3278049
53 0.05538215 -0.1613821 0 -1.818989E-12 4.908495E-05 -1.435881
54 0.1349336 0.007935909 -0.116931 0.359595 0.2075977 -0.7602935
55 0.067757 0 0 0 0 1.539603
56 0.0702562 0 0 0.02511627 0.08965613 -0.8438504
57 0.0553822 -0.161382 0 1.818989E-12 -5.42615E-05 -1.435881
time 21
0 0 0 0 0 0 0
1 0.003255382 0.3384349 0.001760544 -6.197469E-10 -0.3504548 -0.007034738
2 0 0.002591992 0 -1.39799 0.07144185 1.535628
3 0.152 0 0 0.02702761 0.04354788 0.07126561
4 0.05880687 0.02725044 -0.08225372 2.689088 1.323712 1.113214
5 0.159303 0.002208193 0.0009686507 -0.3747673 0.06340157 -0.8112087
6 0.122 0 0 0 0 -1.284657
7 0.1347621 0 0 -0.4804021 0 0
8 0.1343401 0 0 0.8884769 -0.5785519 -0.4762307
9 0.1197383 0 6.123017E-05 0.001768601 -0.005259709 -0.3728327
10 0.04880161 0 0 0 0 -0.2194141
11 0.04874135 -0.0476583 0.06862446 0.797745 -0.5614887 0.1499991
12 0.06127064 0 0 0.07454634 0.2180856 -0.09955539
13 0.1028249 0 0 -0.1176855 -0.09469986 -0.01050035
14 0.05880699 0.02725041 0.0822537 -1.767282 1.402338 -0.2333511
15 -0.1009997 0 0 -1.90339 0.8987166 -1.087558
16 -0.1219999 0 0 1.365968E-06 -3.730285E-06 -0.9849842
17 -0.1347622 0 0 -0.1402003 0 0
18 -0.1343399 0 0 1.327615 0.1167242 0.3565875
19 -0.1197386 0 -6.123033E-05 -0.001372244 -0.005376858 0.2012115
20 -0.04880161 0 0 0 0 -0.707715
21 -0.1889133 0.06475638 -0.0265498 -3.139415 -0.005103788 -0.4518085
22 -0.04874142 0.04765864 -0.06862451 1.787741 -0.276586 -0.7554917
23 -0.06127064 0 0 -0.06257772 0.2217633 -0.7094637
24 -0.1028246 0 0 -0.1176855 -0.09469986 -0.01050035
25 0.1304068 0.1682832 0 -3.041345 0.2139059 2.375309
26 0.08318153 0 0 -4.657617E-09 -0.02077184 -0.2507503
27 0.1212126 0 0 3.726155E-09 -0.0215504 -0.2542294
28 0.1593245 0 0 -1.020195E-07 -0.09957387 -0.1940768
29 0.1653425 -0.02927776 -0.1596019 -2.128795 1.239211 2.035753
30 0.1374714 0 0 0.08679721 0.551026 -0.4392093
31 0.0939494 0.006642963 -0.02764245 -0.2247358 -0.5752276 -0.4579567
32 0.1246999 0 0 -0.167025 -0.1612492 -0.2581092
33 0.1734372 0 0 0.04623292 -0.07658871 -0.1503439
34 0.127682 -0.04628376 0.1773828 -2.264756 0.7695677 -1.212481
35 -0.1374712 0 0 -0.003631278 0.5571113 -0.6107717
36 -0.06898984 0 0 -0.2260467 -0.2958809 -0.4343567
37 -0.1247 0 0 -0.2580063 0.1646505 -0.1215777
38 -0.1734369 0 0 -0.1332169 0.4280499 0.569322
39 0.1130973 0.1711765 -0.0006104035 -0.09941912 0.1243135 1.376644
40 0.128564 0.1071712 -0.1867254 -1.623289 0.9955754 -0.1715434
41 0.0984958 0.02850619 0.1872715 -1.285291 0.8497058 -2.893209
42 0.1708579 0.009936064 0 0.09084298 -0.04171104 0.1989325
43 0.0049 0 0 0 0 0
44 0.5171545 -0.2663316 0.2896972 2.62024 -0.819765 -0.5584062
45 0.1972673 0 0 0.3127662 0.1296991 -1.325307
46 0.05363192 -0.1692977 0 -0.09284932 3.72529E-09 -1.162243
47 0.0006023012 -0.03346459 -0.04911327 -0.003244143 -0.0521966 -1.585318
48 0.000602576 -0.03346451 0.0491133 0.003190175 -0.2008487 -1.586681
49 0 -0.00544714 0 -1.555612 0.08121023 -1.54398
50 0.1349337 0.007935909 0.1169305 -0.1255657 -0.4547915 -0.9957579
51 0.06775701 0 0 0 0 1.339385
52 0.07025615 0 0 0.05131065 0.1846219 -0.346671
53 0.05538215 -0.1613821 0 -1.818989E-12 4.908495E-05 -1.435881
54 0.1349336 0.007935909 -0.116931 0.3556999 0.2193566 -0.7681938
55 0.067757 0 0 0 0 1.569353
56 0.0702562 0 0 0.02316546 0.08182404 -0.8602435
57 0.0553822 -0.161382 0 1.818989E-12 -5.42615E-05 -1.435881
time 22
0 0 0 0 0 0 0
1 0.004116724 0.3371342 0.001909416 8.670235E-10 -0.3484864 -0.006335039
2 0 0.002591992 0 -1.397716 0.06759748 1.535733
3 0.152 0 0 0.02651121 0.0431821 0.07115281
4 0.05880687 0.02725044 -0.08225372 2.689714 1.321984 1.114131
5 0.159303 0.002208193 0.0009686507 -0.3753211 0.06184375 -0.8129583
6 0.122 0 0 0 0 -1.282881
7 0.1347621 0 0 -0.4804021 0 0
8 0.1343401 0 0 0.8884769 -0.5785519 -0.4762307
9 0.1197383 0 6.123017E-05 0.001768601 -0.005259709 -0.3728327
10 0.04880161 0 0 0 0 -0.2194141
11 0.04874135 -0.0476583 0.06862446 0.797745 -0.5614887 0.1499991
12 0.06127064 0 0 0.07454634 0.2180856 -0.09955539
13 0.1028249 0 0 -0.1176855 -0.09469986 -0.01050035
14 0.05880699 0.02725041 0.0822537 -1.777999 1.40284 -0.2440481
15 -0.1009997 0 0 -1.904394 0.9033692 -1.087673
16 -0.1219999 0 0 1.365969E-06 -3.730286E-06 -0.9907128
17 -0.1347622 0 0 -0.1401254 0 0
18 -0.1343399 0 0 1.327627 0.1167223 0.3543718
19 -0.1197386 0 -6.123033E-05 -0.001372244 -0.005376858 0.2012115
20 -0.04880161 0 0 0 0 -0.707715
21 -0.1889133 0.06475638 -0.0265498 -3.139415 -0.005103788 -0.4518085
22 -0.04874142 0.04765864 -0.06862451 1.787741 -0.276586 -0.7554917
23 -0.06127064 0 0 -0.06257772 0.2217633 -0.7094637
24 -0.1028246 0 0 -0.1176855 -0.09469986 -0.01050035
25 0.1304068 0.1682832 0 -3.04077 0.2130279 2.377465
26 0.08318153 0 0 -3.772716E-08 -0.0213469 -0.2424307
27 0.1212126 0 0 -9.315555E-09 -0.02236013 -0.2526096
28 0.1593245 0 0 -4.026261E-08 -0.1035664 -0.2046233
29 0.1653839 -0.02908936 -0.1596534 -2.11811 1.2415 2.048351
30 0.1374714 0 0 0.08679721 0.551026 -0.4392093
31 0.0939494 0.006642963 -0.02764245 -0.2256202 -0.5767103 -0.4554543
32 0.1246999 0 0 -0.1681218 -0.1649933 -0.2525773
33 0.1734372 0 0 0.04571656 -0.08005641 -0.144267
34 0.1277343 -0.04615454 0.1773828 -2.266612 0.7701018 -1.209682
35 -0.1374712 0 0 -0.003631278 0.5571113 -0.6107717
36 -0.06898984 0 0 -0.2272454 -0.2951615 -0.4307293
37 -0.1247 0 0 -0.2580088 0.1659432 -0.1218036
38 -0.1734369 0 0 -0.1333042 0.4342479 0.5690463
39 0.1122334 0.1711765 -0.0006611812 -0.09941914 0.1277471 1.378378
40 0.128564 0.1071712 -0.1867254 -1.628757 0.9954649 -0.1778267
41 0.0984958 0.02850619 0.1872715 -1.280253 0.8486037 -2.886662
42 0.1708579 0.009936064 0 0.088755 -0.0416706 0.2072984
43 0.0049 0 0 0 0 0
44 0.5171545 -0.2663316 0.2896972 2.61607 -0.8154245 -0.5530666
45 0.1972673 0 0 0.3132834 0.1253672 -1.321622
46 0.05363192 -0.1692977 0 -0.09251393 -7.450581E-09 -1.171188
47 0.0006023012 -0.03346459 -0.04911327 -0.001621968 -0.05764591 -1.567201
48 0.000602576 -0.03346451 0.0491133 0.00154327 -0.2064412 -1.56813
49 0 -0.00544714 0 -1.554786 0.0783344 -1.545421
50 0.1349337 0.007935909 0.1169305 -0.1162245 -0.4539802 -1.016472
51 0.06775701 0 0 0 0 1.377186
52 0.07025615 0 0 0.05022573 0.1809504 -0.3648787
53 0.05538215 -0.1613821 0 -1.818989E-12 4.908495E-05 -1.435881
54 0.1349336 0.007935909 -0.116931 0.3515546 0.2311993 -0.7745112
55 0.067757 0 0 0 0 1.59683
56 0.0702562 0 0 0.02098796 0.07324173 -0.8757229
57 0.0553822 -0.161382 0 1.818989E-12 -5.42615E-05 -1.435881
time 23
0 0 0 0 0 0 0
1 0.004994527 0.3359238 0.002100529 -4.14631E-09 -0.3464786 -0.005621569
2 0 0.002591992 0 -1.397411 0.06364305 1.535841
3 0.152 0 0 0.02604089 0.04272962 0.07079189
4 0.05880687 0.02725044 -0.08225372 2.690718 1.320415 1.115394
5 0.159303 0.002208193 0.0009686507 -0.3759233 0.06050361 -0.8144023
6 0.122 0 0 0 0 -1.281447
7 0.1347621 0 0 -0.4804021 0 0
8 0.1343401 0 0 0.8884769 -0.5785519 -0.4762307
9 0.1197383 0 6.123017E-05 0.001768601 -0.005259709 -0.3728327
10 0.04880161 0 0 0 0 -0.2194141
11 0.04874135 -0.0476583 0.06862446 0.797745 -0.5614887 0.1499991
12 0.06127064 0 0 0.07454634 0.2180856 -0.09955539
13 0.1028249 0 0 -0.1176855 -0.09469986 -0.01050035
14 0.05880699 0.02725041 0.0822537 -1.787798 1.403167 -0.2538297
15 -0.1009997 0 0 -1.905602 0.907748 -1.087763
16 -0.1219999 0 0 1.365969E-06 -3.730286E-06 -0.9959812
17 -0.1347622 0 0 -0.1400283 0 0
18 -0.1343399 0 0 1.32761 0.1167371 0.3510091
19 -0.1197386 0 -6.123033E-05 -0.001372244 -0.005376858 0.2012115
20 -0.04880161 0 0 0 0 -0.707715
21 -0.1889133 0.06475638 -0.0265498 -3.139415 -0.005103788 -0.4518085
22 -0.04874142 0.04765864 -0.06862451 1.787741 -0.276586 -0.7554917
23 -0.06127064 0 0 -0.06257772 0.2217633 -0.7094637
24 -0.1028246 0 0 -0.1176855 -0.09469986 -0.01050035
25 0.1304068 0.1682832 0 -3.040023 0.2119531 2.380074
26 0.08318153 0 0 -6.98659E-09 -0.0218718 -0.2338794
27 0.1212126 0 0 -6.521004E-09 -0.02314077 -0.2502555
28 0.1593245 0 0 -1.011666E-07 -0.1074771 -0.2143461
29 0.1654173 -0.02890148 -0.1597116 -2.106997 1.243819 2.06161
30 0.1374714 0 0 0.08679721 0.551026 -0.4392093
31 0.0939494 0.006642963 -0.02764245 -0.2262991 -0.5781242 -0.4533913
32 0.1246999 0 0 -0.1692114 -0.1685839 -0.2471416
33 0.1734372 0 0 0.04513603 -0.08349094 -0.1375603
34 0.12778 -0.04602661 0.1773828 -2.268636 0.7705873 -1.206734
35 -0.1374712 0 0 -0.003631278 0.5571113 -0.6107717
36 -0.06898984 0 0 -0.2284546 -0.294724 -0.427069
37 -0.1247 0 0 -0.2580085 0.1671856 -0.1220167
38 -0.1734369 0 0 -0.1333906 0.440385 0.5687746
39 0.1113577 0.1711765 -0.0007134604 -0.09941914 0.1308769 1.381826
40 0.128564 0.1071712 -0.1867254 -1.633747 0.995346 -0.1835359
41 0.0984958 0.02850619 0.1872715 -1.275085 0.8486325 -2.880219
42 0.1708579 0.009936064 0 0.08655854 -0.04167054 0.2156734
43 0.0049 0 0 0 0 0
44 0.5171545 -0.2663316 0.2896972 2.61097 -0.810699 -0.5465065
45 0.1972673 0 0 0.3135956 0.1215331 -1.319375
46 0.05363192 -0.1692977 0 -0.09179199 -3.72529E-09 -1.180536
47 0.0006023012 -0.03346459 -0.04911327 -0.0001051055 -0.06304351 -1.549837
48 0.000602576 -0.03346451 0.0491133 -1.691884E-06 -0.2119373 -1.550282
49 0 -0.00544714 0 -1.55395 0.07537742 -1.546891
50 0.1349337 0.007935909 0.1169305 -0.1081244 -0.4524914 -1.034949
51 0.06775701 0 0 0 0 1.412261
52 0.07025615 0 0 0.0490668 0.1768437 -0.3823131
53 0.05538215 -0.1613821 0 -1.818989E-12 4.908495E-05 -1.435881
54 0.1349336 0.007935909 -0.116931 0.3472975 0.2430714 -0.7792054
55 0.067757 0 0 0 0 1.621798
56 0.0702562 0 0 0.01857958 0.06398255 -0.890098
57 0.0553822 -0.161382 0 1.818989E-12 -5.42615E-05 -1.435881
time 24
0 0 0 0 0 0 0
1 0.005886827 0.3348167 0.002334037 -7.420783E-10 -0.3444407 -0.004895971
2 0 0.002591992 0 -1.397074 0.05961303 1.535952
3 0.152 0 0 0.0256185 0.04218913 0.07016831
4 0.05880687 0.02725044 -0.08225372 2.69209 1.319023 1.116989
5 0.159303 0.002208193 0.0009686507 -0.3765584 0.05940561 -0.8155269
6 0.122 0 0 0 0 -1.280376
7 0.1347621 0 0 -0.4804021 0 0
8 0.1343401 0 0 0.8884769 -0.5785519 -0.4762307
9 0.1197383 0 6.123017E-05 0.001768601 -0.005259709 -0.3728327
10 0.04880161 0 0 0 0 -0.2194141
11 0.04874135 -0.0476583 0.06862446 0.797745 -0.5614887 0.1499991
12 0.06127064 0 0 0.07454634 0.2180856 -0.09955539
13 0.1028249 0 0 -0.1176855 -0.09469986 -0.01050035
14 0.05880699 0.02725041 0.0822537 -1.796533 1.40331 -0.2625521
15 -0.1009997 0 0 -1.906996 0.9118102 -1.087823
16 -0.1219999 0 0 1.365969E-06 -3.730286E-06 -1.00071
17 -0.1347622 0 0 -0.1399055 0 0
18 -0.1343399 0 0 1.327556 0.1167702 0.3465879
19 -0.1197386 0 -6.123033E-05 -0.001372244 -0.005376858 0.2012115
20 -0.04880161 0 0 0 0 -0.707715
21 -0.1889133 0.06475638 -0.0265498 -3.139415 -0.005103788 -0.4518085
22 -0.04874142 0.04765864 -0.06862451 1.787741 -0.276586 -0.7554917
23 -0.06127064 0 0 -0.06257772 0.2217633 -0.7094637
24 -0.1028246 0 0 -0.1176855 -0.09469986 -0.01050035
25 0.1304068 0.1682832 0 -3.03911 0.2106773 2.383111
26 0.08318153 0 0 -2.422043E-08 -0.02234415 -0.2251637
27 0.1212126 0 0 -1.513831E-08 -0.02389066 -0.2472008
28 0.1593245 0 0 -3.842199E-08 -0.1113067 -0.223137
29 0.1654423 -0.02871553 -0.1597762 -2.095526 1.246158 2.075439
30 0.1374714 0 0 0.08679721 0.551026 -0.4392093
31 0.0939494 0.006642963 -0.02764245 -0.2267627 -0.5794687 -0.4520507
32 0.1246999 0 0 -0.1702842 -0.1720225 -0.2418435
33 0.1734372 0 0 0.0444914 -0.08689266 -0.1303013
34 0.1278187 -0.04590093 0.1773828 -2.270817 0.7710233 -1.203672
35 -0.1374712 0 0 -0.003631278 0.5571113 -0.6107717
36 -0.06898984 0 0 -0.2296691 -0.2944635 -0.423391
37 -0.1247 0 0 -0.2580083 0.1683767 -0.1222179
38 -0.1734369 0 0 -0.1334761 0.44645 0.5685065
39 0.1104727 0.1711765 -0.0007671795 -0.09941913 0.1336882 1.38684
40 0.128564 0.1071712 -0.1867254 -1.638234 0.9952216 -0.1886453
41 0.0984958 0.02850619 0.1872715 -1.269822 0.8497699 -2.873909
42 0.1708579 0.009936064 0 0.08425503 -0.04171026 0.2239683
43 0.0049 0 0 0 0 0
44 0.5171545 -0.2663316 0.2896972 2.605035 -0.8056433 -0.5388455
45 0.1972673 0 0 0.3137036 0.1182367 -1.318686
46 0.05363192 -0.1692977 0 -0.09069727 1.117587E-08 -1.190101
47 0.0006023012 -0.03346459 -0.04911327 0.001293798 -0.06839775 -1.533589
48 0.000602576 -0.03346451 0.0491133 -0.001430862 -0.217338 -1.533512
49 0 -0.00544714 0 -1.553105 0.0723648 -1.548385
50 0.1349337 0.007935909 0.1169305 -0.1013885 -0.4503442 -1.051061
51 0.06775701 0 0 0 0 1.444424
52 0.07025615 0 0 0.04782883 0.1723145 -0.3988593
53 0.05538215 -0.1613821 0 -1.818989E-12 4.908495E-05 -1.435881
54 0.1349336 0.007935909 -0.116931 0.3430081 0.2549195 -0.7822385
55 0.067757 0 0 0 0 1.644019
56 0.0702562 0 0 0.01593613 0.05411955 -0.9031745
57 0.0553822 -0.161382 0 1.818989E-12 -5.42615E-05 -1.435881
time 25
0 0 0 0 0 0 0
1 0.006791653 0.3338259 0.002610091 -4.140206E-09 -0.3423719 -0.004159709
2 0 0.002591992 0 -1.396709 0.05554265 1.536065
3 0.152 0 0 0.0252512 0.04156741 0.06928132
4 0.05880687 0.02725044 -0.08225372 2.693816 1.317826 1.118898
5 0.159303 0.002208193 0.0009686507 -0.3772097 0.0586013 -0.8161439
6 0.122 0 0 0 0 -1.279686
7 0.1347621 0 0 -0.4804021 0 0
8 0.1343401 0 0 0.8884769 -0.5785519 -0.4762307
9 0.1197383 0 6.123017E-05 0.001768601 -0.005259709 -0.3728327
10 0.04880161 0 0 0 0 -0.2194141
11 0.04874135 -0.0476583 0.06862446 0.797745 -0.5614887 0.1499991
12 0.06127064 0 0 0.07454634 0.2180856 -0.09955539
13 0.1028249 0 0 -0.1176855 -0.09469986 -0.01050035
14 0.05880699 0.02725041 0.0822537 -1.804058 1.403258 -0.2700678
15 -0.1009997 0 0 -1.908561 0.9155128 -1.087852
16 -0.1219999 0 0 1.365969E-06 -3.730286E-06 -1.00482
17 -0.1347622 0 0 -0.1397605 0 0
18 -0.1343399 0 0 1.327457 0.116823 0.3411963
19 -0.1197386 0 -6.123033E-05 -0.001372244 -0.005376858 0.2012115
20 -0.04880161 0 0 0 0 -0.707715
21 -0.1889133 0.06475638 -0.0265498 -3.139415 -0.005103788 -0.4518085
22 -0.04874142 0.04765864 -0.06862451 1.787741 -0.276586 -0.7554917
23 -0.06127064 0 0 -0.06257772 0.2217633 -0.7094637
24 -0.1028246 0 0 -0.1176855 -0.09469986 -0.01050035
25 0.1304068 0.1682832 0 -3.038042 0.2091958 2.386551
26 0.08318153 0 0 -1.53708E-08 -0.02276302 -0.2163669
27 0.1212126 0 0 -9.316047E-10 -0.02460876 -0.2434853
28 0.1593245 0 0 -4.968859E-08 -0.115052 -0.2308796
29 0.1654588 -0.02853292 -0.1598464 -2.083763 1.248505 2.089745
30 0.1374714 0 0 0.08679721 0.551026 -0.4392093
31 0.0939494 0.006642963 -0.02764245 -0.2270009 -0.5807465 -0.4516689
32 0.1246999 0 0 -0.1713309 -0.1753112 -0.2367252
33 0.1734372 0 0 0.0437819 -0.09026035 -0.1225655
34 0.1278501 -0.04577843 0.1773828 -2.273138 0.771409 -1.200531
35 -0.1374712 0 0 -0.003631278 0.5571113 -0.6107717
36 -0.06898984 0 0 -0.2308846 -0.294376 -0.4197127
37 -0.1247 0 0 -0.2580079 0.169514 -0.1224068
38 -0.1734369 0 0 -0.1335605 0.4524328 0.5682434
39 0.1095808 0.1711765 -0.000822277 -0.09941916 0.1361666 1.393272
40 0.128564 0.1071712 -0.1867254 -1.642199 0.9950956 -0.1931309
41 0.0984958 0.02850619 0.1872715 -1.264499 0.8519933 -2.867758
42 0.1708579 0.009936064 0 0.08185441 -0.04179431 0.2321156
43 0.0049 0 0 0 0 0
44 0.5171545 -0.2663316 0.2896972 2.598361 -0.800312 -0.530203
45 0.1972673 0 0 0.3136083 0.1155186 -1.31968
46 0.05363192 -0.1692977 0 -0.08924365 -3.72529E-09 -1.199698
47 0.0006023012 -0.03346459 -0.04911327 0.002562056 -0.07371698 -1.518817
48 0.000602576 -0.03346451 0.0491133 -0.002730521 -0.2226438 -1.518196
49 0 -0.00544714 0 -1.552253 0.0693223 -1.549901
50 0.1349337 0.007935909 0.1169305 -0.09614127 -0.4475565 -1.064678
51 0.06775701 0 0 0 0 1.473485
52 0.07025615 0 0 0.04650665 0.1673733 -0.4143193
53 0.05538215 -0.1613821 0 -1.818989E-12 4.908495E-05 -1.435881
54 0.1349336 0.007935909 -0.116931 0.3387654 0.2666905 -0.783573
55 0.067757 0 0 0 0 1.663255
56 0.0702562 0 0 0.01305338 0.04372593 -0.9147601
57 0.0553822 -0.161382 0 1.818989E-12 -5.42615E-05 -1.435881
time 26
0 0 0 0 0 0 0
1 0.007707048 0.3329643 0.002928846 6.174829E-11 -0.3402827 -0.003414425
2 0 0.002591992 0 -1.396316 0.05146689 1.536179
3 0.152 0 0 0.02493011 0.04084694 0.06816809
4 0.05880687 0.02725044 -0.08225372 2.696034 1.316841 1.121241
5 0.159303 0.002208193 0.0009686507 -0.3778614 0.0580606 -0.8161015
6 0.122 0 0 0 0 -1.279616
7 0.1347621 0 0 -0.4804021 0 0
8 0.1343401 0 0 0.8884769 -0.5785519 -0.4762307
9 0.1197383 0 6.123017E-05 0.001768601 -0.005259709 -0.3728327
10 0.04880161 0 0 0 0 -0.2194141
11 0.04874135 -0.0476583 0.06862446 0.797745 -0.5614887 0.1499991
12 0.06127064 0 0 0.07454634 0.2180856 -0.09955539
13 0.1028249 0 0 -0.1176855 -0.09469986 -0.01050035
14 0.05880699 0.02725041 0.0822537 -1.810227 1.403 -0.2762318
15 -0.1009997 0 0 -1.910282 0.9188118 -1.087849
16 -0.1219999 0 0 1.365968E-06 -3.730285E-06 -1.00823
17 -0.1347622 0 0 -0.1395931 0 0
18 -0.1343399 0 0 1.327307 0.1168968 0.3349222
19 -0.1197386 0 -6.123033E-05 -0.001372244 -0.005376858 0.2012115
20 -0.04880161 0 0 0 0 -0.707715
21 -0.1889133 0.06475638 -0.0265498 -3.139415 -0.005103788 -0.4518085
22 -0.04874142 0.04765864 -0.06862451 1.787741 -0.276586 -0.7554917
23 -0.06127064 0 0 -0.06257772 0.2217633 -0.7094637
24 -0.1028246 0 0 -0.1176855 -0.09469986 -0.01050035
25 0.1304068 0.1682832 0 -3.036828 0.207547 2.390371
26 0.08318153 0 0 -2.95774E-08 -0.02312645 -0.207562
27 0.1212126 0 0 -4.960879E-08 -0.02529294 -0.239138
28 0.1593245 0 0 -7.222012E-08 -0.1187118 -0.2374618
29 0.1654666 -0.02835505 -0.1599219 -2.071777 1.250852 2.104437
30 0.1374714 0 0 0.08679721 0.551026 -0.4392093
31 0.0939494 0.006642963 -0.02764245 -0.2270038 -0.5819585 -0.4521918
32 0.1246999 0 0 -0.1723436 -0.1784539 -0.2318311
33 0.1734372 0 0 0.04300963 -0.09359767 -0.1144356
34 0.1278737 -0.04566006 0.1773828 -2.275587 0.771743 -1.197345
35 -0.1374712 0 0 -0.003631278 0.5571113 -0.6107717
36 -0.06898984 0 0 -0.2320955 -0.2944545 -0.4160483
37 -0.1247 0 0 -0.2580087 0.1705956 -0.1225837
38 -0.1734369 0 0 -0.1336437 0.4583222 0.5679846
39 0.1086843 0.1711765 -0.0008786912 -0.09941913 0.1382974 1.400972
40 0.128564 0.1071712 -0.1867254 -1.64562 0.9949716 -0.1969691
41 0.0984958 0.02850619 0.1872715 -1.25915 0.8552802 -2.861792
42 0.1708579 0.009936064 0 0.07936067 -0.0419236 0.2400318
43 0.0049 0 0 0 0 0
44 0.5171545 -0.2663316 0.2896972 2.591043 -0.7947598 -0.520698
45 0.1972673 0 0 0.3133101 0.1134191 -1.322476
46 0.05363192 -0.1692977 0 -0.08744486 1.490116E-08 -1.20914
47 0.0006023012 -0.03346459 -0.04911327 0.003686997 -0.07900952 -1.505883
48 0.000602576 -0.03346451 0.0491133 -0.003886843 -0.2278559 -1.504708
49 0 -0.00544714 0 -1.551394 0.06627502 -1.551434
50 0.1349337 0.007935909 0.1169305 -0.09250597 -0.4441467 -1.075672
51 0.06775701 0 0 0 0 1.499259
52 0.07025615 0 0 0.04509521 0.1620323 -0.4288095
53 0.05538215 -0.1613821 0 -1.818989E-12 4.908495E-05 -1.435881
54 0.1349336 0.007935909 -0.116931 0.3346481 0.2783303 -0.7831696
55 0.067757 0 0 0 0 1.679269
56 0.0702562 0 0 0.01002162 0.03287482 -0.9246615
57 0.0553822 -0.161382 0 1.818989E-12 -5.42615E-05 -1.435881
time 27
0 0 0 0 0 0 0
1 0.008631043 0.332245 0.00327866 5.861722E-10 -0.3381729 -0.00266161
2 0 0.002591992 0 -1.395898 0.04742084 1.536296
3 0.152 0 0 0.02466509 0.04003854 0.06693441
4 0.05880687 0.02725044 -0.08225372 2.698854 1.316086 1.124113
5 0.159303 0.002208193 0.0009686507 -0.3784972 0.05776208 -0.8154375
6 0.122 0 0 0 0 -1.280195
7 0.1347621 0 0 -0.4804021 0 0
8 0.1343401 0 0 0.8884769 -0.5785519 -0.4762307
9 0.1197383 0 6.123017E-05 0.001768601 -0.005259709 -0.3728327
10 0.04880161 0 0 0 0 -0.2194141
11 0.04874135 -0.0476583 0.06862446 0.797745 -0.5614887 0.1499991
12 0.06127064 0 0 0.07454634 0.2180856 -0.09955539
13 0.1028249 0 0 -0.1176855 -0.09469986 -0.01050035
14 0.05880699 0.02725041 0.0822537 -1.814891 1.402523 -0.2808967
15 -0.1009997 0 0 -1.912141 0.9216651 -1.08775
16 -0.1219999 0 0 1.365969E-06 -3.730286E-06 -1.010862
17 -0.1347622 0 0 -0.1394049 0 0
18 -0.1343399 0 0 1.327098 0.1169931 0.327854
19 -0.1197386 0 -6.123033E-05 -0.001372244 -0.005376858 0.2012115
20 -0.04880161 0 0 0 0 -0.707715
21 -0.1889133 0.06475638 -0.0265498 -3.139415 -0.005103788 -0.4518085
22 -0.04874142 0.04765864 -0.06862451 1.787741 -0.276586 -0.7554917
23 -0.06127064 0 0 -0.06257772 0.2217633 -0.7094637
24 -0.1028246 0 0 -0.1176855 -0.09469986 -0.01050035
25 0.1304068 0.1682832 0 -3.035475 0.2058056 2.394545
26 0.08318153 0 0 -2.724867E-08 -0.02343318 -0.1988287
27 0.1212126 0 0 -2.934654E-08 -0.02594286 -0.2342057
28 0.1593245 0 0 -3.847151E-08 -0.1222848 -0.2427718
29 0.1654653 -0.02818335 -0.1600019 -2.059633 1.253188 2.119422
30 0.1374714 0 0 0.08679721 0.551026 -0.4392093
31 0.0939494 0.006642963 -0.02764245 -0.2266891 -0.5831046 -0.4535645
32 0.1246999 0 0 -0.1733106 -0.1814499 -0.2271999
33 0.1734372 0 0 0.04217457 -0.09690487 -0.105989
34 0.1278892 -0.04554677 0.1773828 -2.278151 0.7720244 -1.19415
35 -0.1374712 0 0 -0.003631278 0.5571113 -0.6107717
36 -0.06898984 0 0 -0.2332959 -0.2946918 -0.4124119
37 -0.1247 0 0 -0.2580068 0.1716171 -0.1227461
38 -0.1734369 0 0 -0.1337257 0.4641069 0.5677299
39 0.1077857 0.1711765 -0.0009363608 -0.09941915 0.140066 1.409793
40 0.128564 0.1071712 -0.1867254 -1.648476 0.9948527 -0.2001347
41 0.0984958 0.02850619 0.1872715 -1.253811 0.8596084 -2.856041
42 0.1708579 0.009936064 0 0.0767819 -0.04210161 0.2476455
43 0.0049 0 0 0 0 0
44 0.5171545 -0.2663316 0.2896972 2.583178 -0.7890412 -0.510451
45 0.1972673 0 0 0.3128099 0.1119784 -1.326841
46 0.05363192 -0.1692977 0 -0.08531478 3.72529E-09 -1.218243
47 0.0006023012 -0.03346459 -0.04911327 0.004655969 -0.08428374 -1.49515
48 0.000602576 -0.03346451 0.0491133 -0.004886081 -0.232975 -1.493424
49 0 -0.00544714 0 -1.55053 0.06324881 -1.552983
50 0.1349337 0.007935909 0.1169305 -0.0906067 -0.4401332 -1.083912
51 0.06775701 0 0 0 0 1.521558
52 0.07025615 0 0 0.04358942 0.1563037 -0.442274
53 0.05538215 -0.1613821 0 -1.818989E-12 4.908495E-05 -1.435881
54 0.1349336 0.007935909 -0.116931 0.3307356 0.289786 -0.7809912
55 0.067757 0 0 0 0 1.691823
56 0.0702562 0 0 0.006906558 0.02163944 -0.9326873
57 0.0553822 -0.161382 0 1.818989E-12 -5.42615E-05 -1.435881
time 28
0 0 0 0 0 0 0
1 0.009561675 0.3316807 0.003647097 -2.1888E-09 -0.3360455 -0.001902824
2 0 0.002591992 0 -1.395456 0.04343964 1.536414
3 0.152 0 0 0.02445199 0.03914105 0.06558035
4 0.05880687 0.02725044 -0.08225372 2.702226 1.315579 1.127471
5 0.159303 0.002208193 0.0009686507 -0.3791008 0.05768411 -0.8141899
6 0.122 0 0 0 0 -1.281379
7 0.1347621 0 0 -0.4804021 0 0
8 0.1343401 0 0 0.8884769 -0.5785519 -0.4762307
9 0.1197383 0 6.123017E-05 0.001768601 -0.005259709 -0.3728327
10 0.04880161 0 0 0 0 -0.2194141
11 0.04874135 -0.0476583 0.06862446 0.797745 -0.5614887 0.1499991
12 0.06127064 0 0 0.07454634 0.2180856 -0.09955539
13 0.1028249 0 0 -0.1176855 -0.09469986 -0.01050035
14 0.05880699 0.02725041 0.0822537 -1.817902 1.401818 -0.283914
15 -0.1009997 0 0 -1.914122 0.9240289 -1.087452
16 -0.1219999 0 0 1.365968E-06 -3.730285E-06 -1.012636
17 -0.1347622 0 0 -0.139196 0 0
18 -0.1343399 0 0 1.326823 0.1171134 0.3200801
19 -0.1197386 0 -6.123033E-05 -0.001372244 -0.005376858 0.2012115
20 -0.04880161 0 0 0 0 -0.707715
21 -0.1889133 0.06475638 -0.0265498 -3.139415 -0.005103788 -0.4518085
22 -0.04874142 0.04765864 -0.06862451 1.787741 -0.276586 -0.7554917
23 -0.06127064 0 0 -0.06257772 0.2217633 -0.7094637
24 -0.1028246 0 0 -0.1176855 -0.09469986 -0.01050035
25 0.1304068 0.1682832 0 -3.033994 0.2039782 2.399051
26 0.08318153 0 0 -1.630272E-09 -0.02368183 -0.1902448
27 0.1212126 0 0 -6.521558E-09 -0.02655671 -0.2287202
28 0.1593245 0 0 -6.007918E-08 -0.1257689 -0.2466949
29 0.165455 -0.02801922 -0.1600861 -2.047403 1.255502 2.134609
30 0.1374714 0 0 0.08679721 0.551026 -0.4392093
31 0.0939494 0.006642963 -0.02764245 -0.22604 -0.5841878 -0.4557344
32 0.1246999 0 0 -0.1742261 -0.1843053 -0.2228784
33 0.1734372 0 0 0.041277 -0.1001827 -0.09730362
34 0.1278962 -0.0454395 0.1773828 -2.280815 0.7722521 -1.190979
35 -0.1374712 0 0 -0.003631278 0.5571113 -0.6107717
36 -0.06898984 0 0 -0.2344816 -0.2950832 -0.4088203
37 -0.1247 0 0 -0.2580076 0.1725786 -0.1228963
38 -0.1734369 0 0 -0.1338062 0.4697776 0.5674815
39 0.1068873 0.1711765 -0.0009952243 -0.09941914 0.141458 1.419588
40 0.128564 0.1071712 -0.1867254 -1.650511 0.9947419 -0.2025502
41 0.0984958 0.02850619 0.1872715 -1.248516 0.8649557 -2.850531
42 0.1708579 0.009936064 0 0.07412244 -0.04232933 0.2548731
43 0.0049 0 0 0 0 0
44 0.5171545 -0.2663316 0.2896972 2.574859 -0.7832108 -0.4995806
45 0.1972673 0 0 0.3121085 0.1112372 -1.332391
46 0.05363192 -0.1692977 0 -0.08286716 1.117587E-08 -1.22682
47 0.0006023012 -0.03346459 -0.04911327 0.005456306 -0.08942782 -1.48698
48 0.000602576 -0.03346451 0.0491133 -0.005714556 -0.2380018 -1.484719
49 0 -0.00544714 0 -1.549663 0.06026879 -1.554543
50 0.1349337 0.007935909 0.1169305 -0.09055132 -0.4355344 -1.089272
51 0.06775701 0 0 0 0 1.540195
52 0.07025615 0 0 0.04198416 0.1501993 -0.4546557
53 0.05538215 -0.1613821 0 -1.818989E-12 4.908495E-05 -1.435881
54 0.1349336 0.007935909 -0.116931 0.3271064 0.3010033 -0.7769979
55 0.067757 0 0 0 0 1.700679
56 0.0702562 0 0 0.003726849 0.01009286 -0.9386419
57 0.0553822 -0.161382 0 1.818989E-12 -5.42615E-05 -1.435881
time 29
0 0 0 0 0 0 0
1 0.01049698 0.3312846 0.004033138 -6.777161E-10 -0.3339115 -0.001139667
2 0 0.002591992 0 -1.394991 0.039558 1.536534
3 0.152 0 0 0.02429475 0.03820596 0.06412701
4 0.05880687 0.02725044 -0.08225372 2.706104 1.315336 1.131271
5 0.159303 0.002208193 0.0009686507 -0.3796565 0.05780517 -0.8123969
6 0.122 0 0 0 0 -1.283124
7 0.1347621 0 0 -0.4804021 0 0
8 0.1343401 0 0 0.8884769 -0.5785519 -0.4762307
9 0.1197383 0 6.123017E-05 0.001768601 -0.005259709 -0.3728327
10 0.04880161 0 0 0 0 -0.2194141
11 0.04874135 -0.0476583 0.06862446 0.797745 -0.5614887 0.1499991
12 0.06127064 0 0 0.07454634 0.2180856 -0.09955539
13 0.1028249 0 0 -0.1176855 -0.09469986 -0.01050035
14 0.05880699 0.02725041 0.0822537 -1.819115 1.400873 -0.2851411
15 -0.1009997 0 0 -1.916209 0.9258603 -1.086959
16 -0.1219999 0 0 1.365968E-06 -3.730285E-06 -1.013472
17 -0.1347622 0 0 -0.1389661 0 0
18 -0.1343399 0 0 1.326473 0.1172591 0.3116884
19 -0.1197386 0 -6.123033E-05 -0.001372244 -0.005376858 0.2012115
20 -0.04880161 0 0 0 0 -0.707715
21 -0.1889133 0.06475638 -0.0265498 -3.139415 -0.005103788 -0.4518085
22 -0.04874142 0.04765864 -0.06862451 1.787741 -0.276586 -0.7554917
23 -0.06127064 0 0 -0.06257772 0.2217633 -0.7094637
24 -0.1028246 0 0 -0.1176855 -0.09469986 -0.01050035
25 0.1304068 0.1682832 0 -3.032393 0.2020723 2.403864
26 0.08318153 0 0 -2.515287E-08 -0.02387016 -0.1818818
27 0.1212126 0 0 -1.397498E-09 -0.02713289 -0.2227163
28 0.1593245 0 0 -1.314804E-08 -0.1291634 -0.2491203
29 0.1654352 -0.02786407 -0.1601739 -2.035153 1.257784 2.149904
30 0.1374714 0 0 0.08679721 0.551026 -0.4392093
31 0.0939494 0.006642963 -0.02764245 -0.2250798 -0.5852082 -0.458647
32 0.1246999 0 0 -0.1750789 -0.18702 -0.2189066
33 0.1734372 0 0 0.04031636 -0.1034298 -0.08845576
34 0.1278944 -0.04533921 0.1773828 -2.283566 0.7724248 -1.187869
35 -0.1374712 0 0 -0.003631278 0.5571113 -0.6107717
36 -0.06898984 0 0 -0.2356473 -0.295623 -0.4053636
37 -0.1247 0 0 -0.2580087 0.1734767 -0.1230328
38 -0.1734369 0 0 -0.1338852 0.4753228 0.5672388
39 0.1059914 0.1711765 -0.00105522 -0.09941915 0.1424587 1.430206
40 0.128564 0.1071712 -0.1867254 -1.651776 0.9946436 -0.2040873
41 0.0984958 0.02850619 0.1872715 -1.243301 0.8712992 -2.84529
42 0.1708579 0.009936064 0 0.07138897 -0.04260936 0.2616386
43 0.0049 0 0 0 0 0
44 0.5171545 -0.2663316 0.2896972 2.566182 -0.7773234 -0.4882067
45 0.1972673 0 0 0.3112064 0.1110574 -1.339018
46 0.05363192 -0.1692977 0 -0.08011582 7.450581E-09 -1.234685
47 0.0006023012 -0.03346459 -0.04911327 0.006075338 -0.09415374 -1.481734
48 0.000602576 -0.03346451 0.0491133 -0.00635835 -0.2429374 -1.478968
49 0 -0.00544714 0 -1.548795 0.0573606 -1.556111
50 0.1349337 0.007935909 0.1169305 -0.09226225 -0.4303685 -1.091621
51 0.06775701 0 0 0 0 1.554983
52 0.07025615 0 0 0.04027433 0.1437301 -0.4658959
53 0.05538215 -0.1613821 0 -1.818989E-12 4.908495E-05 -1.435881
54 0.1349336 0.007935909 -0.116931 0.3238397 0.311929 -0.7711521
55 0.067757 0 0 0 0 1.705602
56 0.0702562 0 0 0.0005011329 -0.001691706 -0.9421738
57 0.0553822 -0.161382 0 1.818989E-12 -5.42615E-05 -1.435881
time 30
0 0 0 0 0 0 0
1 0.01143499 0.3310696 0.004435761 -2.308687E-11 -0.3317716 -0.000373665
2 0 0.002591992 0 -1.394507 0.035811 1.536655
3 0.152 0 0 0.02419435 0.03723516 0.06258772
4 0.05880687 0.02725044 -0.08225372 2.710438 1.315377 1.135469
5 0.159303 0.002208193 0.0009686507 -0.3801474 0.0581037 -0.8100958
6 0.122 0 0 0 0 -1.285383
7 0.1347621 0 0 -0.4804021 0 0
8 0.1343401 0 0 0.8884769 -0.5785519 -0.4762307
9 0.1197383 0 6.123017E-05 0.001768601 -0.005259709 -0.3728327
10 0.04880161 0 0 0 0 -0.2194141
11 0.04874135 -0.0476583 0.06862446 0.797745 -0.5614887 0.1499991
12 0.06127064 0 0 0.07454634 0.2180856 -0.09955539
13 0.1028249 0 0 -0.1176855 -0.09469986 -0.01050035
14 0.05880699 0.02725041 0.0822537 -1.818385 1.399741 -0.2844317
15 -0.1009997 0 0 -1.918285 0.9271166 -1.086268
16 -0.1219999 0 0 1.365969E-06 -3.730286E-06 -1.013291
17 -0.1347622 0 0 -0.1387186 0 0
18 -0.1343399 0 0 1.326043 0.1174314 0.3027672
19 -0.1197386 0 -6.123033E-05 -0.001372244 -0.005376858 0.2012115
20 -0.04880161 0 0 0 0 -0.707715
21 -0.1889133 0.06475638 -0.0265498 -3.139415 -0.005103788 -0.4518085
22 -0.04874142 0.04765864 -0.06862451 1.787741 -0.276586 -0.7554917
23 -0.06127064 0 0 -0.06257772 0.2217633 -0.7094637
24 -0.1028246 0 0 -0.1176855 -0.09469986 -0.01050035
25 0.1304068 0.1682832 0 -3.030681 0.200095 2.408959
26 0.08318153 0 0 -3.446886E-08 -0.02399715 -0.173821
27 0.1212126 0 0 -2.096278E-08 -0.02766982 -0.2162289
28 0.1593245 0 0 -7.892251E-08 -0.1324653 -0.2499322
29 0.1654059 -0.0277193 -0.1602646 -2.02295 1.260023 2.165218
30 0.1374714 0 0 0.08679721 0.551026 -0.4392093
31 0.0939494 0.006642963 -0.02764245 -0.2238324 -0.5861108 -0.4622486
32 0.1246999 0 0 -0.1758605 -0.1895971 -0.2153274
33 0.1734372 0 0 0.0392933 -0.1066812 -0.07952459
34 0.1278832 -0.04524682 0.1773828 -2.286391 0.7725417 -1.184852
35 -0.1374712 0 0 -0.003631278 0.5571113 -0.6107717
36 -0.06898984 0 0 -0.2367873 -0.2963038 -0.4021154
37 -0.1247 0 0 -0.2580076 0.1743072 -0.1231537
38 -0.1734369 0 0 -0.1339626 0.4807315 0.5670016
39 0.1051005 0.1711765 -0.001116287 -0.09941914 0.1430535 1.441501
40 0.128564 0.1071712 -0.1867254 -1.652295 0.9945605 -0.2047705
41 0.0984958 0.02850619 0.1872715 -1.2382 0.8786168 -2.840344
42 0.1708579 0.009936064 0 0.06858862 -0.04294454 0.2678679
43 0.0049 0 0 0 0 0
44 0.5171545 -0.2663316 0.2896972 2.557243 -0.7714334 -0.4764485
45 0.1972673 0 0 0.3101043 0.111379 -1.346614
46 0.05363192 -0.1692977 0 -0.07707464 1.117587E-08 -1.241654
47 0.0006023012 -0.03346459 -0.04911327 0.006500368 -0.09844849 -1.479775
48 0.000602576 -0.03346451 0.0491133 -0.006803794 -0.2476792 -1.476545
49 0 -0.00544714 0 -1.547926 0.05454965 -1.557684
50 0.1349337 0.007935909 0.1169305 -0.09558497 -0.4246541 -1.09083
51 0.06775701 0 0 0 0 1.565734
52 0.07025615 0 0 0.03845484 0.1369082 -0.4759386
53 0.05538215 -0.1613821 0 -1.818989E-12 4.908495E-05 -1.435881
54 0.1349336 0.007935909 -0.116931 0.3210143 0.3225091 -0.7634868
55 0.067757 0 0 0 0 1.706351
56 0.0702562 0 0 -0.002751932 -0.01364113 -0.9431255
57 0.0553822 -0.161382 0 1.818989E-12 -5.42615E-05 -1.435881
time 31
0 0 0 0 0 0 0
1 0.01237374 0.3310487 0.004853949 3.152886E-10 -0.3296286 0.0003936237
2 0 0.002591992 0 -1.394003 0.03223375 1.536777
3 0.152 0 0 0.02414977 0.03622781 0.060971
4 0.05880687 0.02725044 -0.08225372 2.715178 1.315718 1.14002
5 0.159303 0.002208193 0.0009686507 -0.3805577 0.0585582 -0.8073246
6 0.122 0 0 0 0 -1.288113
7 0.1347621 0 0 -0.4804021 0 0
8 0.1343401 0 0 0.8884769 -0.5785519 -0.4762307
9 0.1197383 0 6.123017E-05 0.001768601 -0.005259709 -0.3728327
10 0.04880161 0 0 0 0 -0.2194141
11 0.04874135 -0.0476583 0.06862446 0.797745 -0.5614887 0.1499991
12 0.06127064 0 0 0.07454634 0.2180856 -0.09955539
13 0.1028249 0 0 -0.1176855 -0.09469986 -0.01050035
14 0.05880699 0.02725041 0.0822537 -1.815809 1.39845 -0.281883
15 -0.1009997 0 0 -1.920163 0.9277542 -1.085383
16 -0.1219999 0 0 1.365967E-06 -3.730284E-06 -1.012012
17 -0.1347622 0 0 -0.1384483 0 0
18 -0.1343399 0 0 1.325595 0.1176321 0.2934046
19 -0.1197386 0 -6.123033E-05 -0.001372244 -0.005376858 0.2012115
20 -0.04880161 0 0 0 0 -0.707715
21 -0.1889133 0.06475638 -0.0265498 -3.139415 -0.005103788 -0.4518085
22 -0.04874142 0.04765864 -0.06862451 1.787741 -0.276586 -0.7554917
23 -0.06127064 0 0 -0.06257772 0.2217633 -0.7094637
24 -0.1028246 0 0 -0.1176855 -0.09469986 -0.01050035
25 0.1304068 0.1682832 0 -3.028867 0.1980535 2.414313
26 0.08318153 0 0 -8.151432E-09 -0.02406173 -0.1661424
27 0.1212126 0 0 -5.706615E-08 -0.02816637 -0.2092969
28 0.1593245 0 0 -8.835628E-08 -0.1356739 -0.2490199
29 0.1653668 -0.02758634 -0.1603578 -2.010863 1.26221 2.180457
30 0.1374714 0 0 0.08679721 0.551026 -0.4392093
31 0.0939494 0.006642963 -0.02764245 -0.2223211 -0.5868396 -0.4664852
32 0.1246999 0 0 -0.176561 -0.1920379 -0.2121824
33 0.1734372 0 0 0.0382667 -0.1098536 -0.0705924
34 0.1278624 -0.0451633 0.1773828 -2.289276 0.7726017 -1.181965
35 -0.1374712 0 0 -0.003631278 0.5571113 -0.6107717
36 -0.06898984 0 0 -0.2378972 -0.2971209 -0.3990706
37 -0.1247 0 0 -0.2580075 0.1750694 -0.1232603
38 -0.1734369 0 0 -0.1340382 0.4859937 0.5667713
39 0.104217 0.1711765 -0.001178363 -0.09941913 0.1432281 1.453324
40 0.128564 0.1071712 -0.1867254 -1.652099 0.9944959 -0.2046255
41 0.0984958 0.02850619 0.1872715 -1.233248 0.886886 -2.835722
42 0.1708579 0.009936064 0 0.06572725 -0.04333703 0.2734828
43 0.0049 0 0 0 0 0
44 0.5171545 -0.2663316 0.2896972 2.548138 -0.7655954 -0.4644256
45 0.1972673 0 0 0.3088031 0.1121695 -1.355071
46 0.05363192 -0.1692977 0 -0.07375734 1.117587E-08 -1.24754
47 0.0006023012 -0.03346459 -0.04911327 0.006718756 -0.1022991 -1.480775
48 0.000602576 -0.03346451 0.0491133 -0.00703711 -0.2520934 -1.477586
49 0 -0.00544714 0 -1.547059 0.05186179 -1.559258
50 0.1349337 0.007935909 0.1169305 -0.1003648 -0.4184097 -1.086987
51 0.06775701 0 0 0 0 1.572262
52 0.07025615 0 0 0.03652063 0.1297458 -0.4847278
53 0.05538215 -0.1613821 0 -1.818989E-12 4.908495E-05 -1.435881
54 0.1349336 0.007935909 -0.116931 0.3187092 0.3325242 -0.7541481
55 0.067757 0 0 0 0 1.702691
56 0.0702562 0 0 -0.006013699 -0.02568225 -0.9416043
57 0.0553822 -0.161382 0 1.818989E-12 -5.42615E-05 -1.435881
time 32
0 0 0 0 0 0 0
1 0.01331127 0.3312348 0.005286682 -1.536873E-10 -0.3274918 0.001160641
2 0 0.002591992 0 -1.393481 0.02886097 1.536899
3 0.152 0 0 0.02416555 0.0351911 0.05929915
4 0.05880687 0.02725044 -0.08225372 2.720278 1.316377 1.144879
5 0.159303 0.002208193 0.0009686507 -0.3808716 0.0591469 -0.8041229
6 0.122 0 0 0 0 -1.291269
7 0.1347621 0 0 -0.4804021 0 0
8 0.1343401 0 0 0.8884769 -0.5785519 -0.4762307
9 0.1197383 0 6.123017E-05 0.001768601 -0.005259709 -0.3728327
10 0.04880161 0 0 0 0 -0.2194141
11 0.04874135 -0.0476583 0.06862446 0.797745 -0.5614887 0.1499991
12 0.06127064 0 0 0.07454634 0.2180856 -0.09955539
13 0.1028249 0 0 -0.1176855 -0.09469986 -0.01050035
14 0.05880699 0.02725041 0.0822537 -1.811677 1.397021 -0.2777813
15 -0.1009997 0 0 -1.92181 0.9277299 -1.084304
16 -0.1219999 0 0 1.365969E-06 -3.730286E-06 -1.009557
17 -0.1347622 0 0 -0.1381636 0 0
18 -0.1343399 0 0 1.325185 0.1178623 0.2836891
19 -0.1197386 0 -6.123033E-05 -0.001372244 -0.005376858 0.2012115
20 -0.04880161 0 0 0 0 -0.707715
21 -0.1889133 0.06475638 -0.0265498 -3.139415 -0.005103788 -0.4518085
22 -0.04874142 0.04765864 -0.06862451 1.787741 -0.276586 -0.7554917
23 -0.06127064 0 0 -0.06257772 0.2217633 -0.7094637
24 -0.1028246 0 0 -0.1176855 -0.09469986 -0.01050035
25 0.1304068 0.1682832 0 -3.026959 0.1959548 2.419901
26 0.08318153 0 0 -5.007308E-09 -0.02406147 -0.1589167
27 0.1212126 0 0 -1.304386E-08 -0.02862196 -0.20205
28 0.1593245 0 0 -1.072016E-07 -0.1387877 -0.2462701
29 0.1653177 -0.02746658 -0.160453 -1.99896 1.264335 2.195357
30 0.1374714 0 0 0.08679721 0.551026 -0.4392093
31 0.0939494 0.006642963 -0.02764245 -0.2205698 -0.5873964 -0.4713033
32 0.1246999 0 0 -0.1771744 -0.1943489 -0.209518
33 0.1734372 0 0 0.03728454 -0.1129299 -0.06173084
34 0.1278316 -0.04508958 0.1773828 -2.292206 0.7726038 -1.179242
35 -0.1374712 0 0 -0.003631278 0.5571113 -0.6107717
36 -0.06898984 0 0 -0.2389713 -0.2980675 -0.3962216
37 -0.1247 0 0 -0.2580089 0.1757611 -0.1233525
38 -0.1734369 0 0 -0.1341119 0.4910978 0.5665472
39 0.1033432 0.1711765 -0.001241386 -0.09941915 0.1429676 1.465384
40 0.128564 0.1071712 -0.1867254 -1.651213 0.9944538 -0.2036778
41 0.0984958 0.02850619 0.1872715 -1.228479 0.8960846 -2.83145
42 0.1708579 0.009936064 0 0.06281138 -0.04378929 0.2784074
43 0.0049 0 0 0 0 0
44 0.5171545 -0.2663316 0.2896972 2.53896 -0.7598643 -0.4522575
45 0.1972673 0 0 0.3073032 0.1133966 -1.364283
46 0.05363192 -0.1692977 0 -0.07017775 7.450581E-09 -1.252157
47 0.0006023012 -0.03346459 -0.04911327 0.006717821 -0.1056927 -1.484114
48 0.000602576 -0.03346451 0.0491133 -0.007044499 -0.2561334 -1.481074
49 0 -0.00544714 0 -1.546195 0.04932198 -1.560831
50 0.1349337 0.007935909 0.1169305 -0.1064473 -0.4116534 -1.080431
51 0.06775701 0 0 0 0 1.574378
52 0.07025615 0 0 0.03446655 0.1222537 -0.4922038
53 0.05538215 -0.1613821 0 -1.818989E-12 4.908495E-05 -1.435881
54 0.1349336 0.007935909 -0.116931 0.3170035 0.3417782 -0.7432674
55 0.067757 0 0 0 0 1.694676
56 0.0702562 0 0 -0.009265522 -0.03774191 -0.9377173
57 0.0553822 -0.161382 0 1.818989E-12 -5.42615E-05 -1.435881
time 33
0 0 0 0 0 0 0
1 0.0142456 0.3316408 0.005732941 -3.685836E-10 -0.3253613 0.00192583
2 0 0.002591992 0 -1.392945 0.02572811 1.537022
3 0.152 0 0 0.02423775 0.03412029 0.05757408
4 0.05880687 0.02725044 -0.08225372 2.725688 1.317372 1.150004
5 0.159303 0.002208193 0.0009686507 -0.3810724 0.05984842 -0.800527
6 0.122 0 0 0 0 -1.294805
7 0.1347621 0 0 -0.4804021 0 0
8 0.1343401 0 0 0.8884769 -0.5785519 -0.4762307
9 0.1197383 0 6.123017E-05 0.001768601 -0.005259709 -0.3728327
10 0.04880161 0 0 0 0 -0.2194141
11 0.04874135 -0.0476583 0.06862446 0.797745 -0.5614887 0.1499991
12 0.06127064 0 0 0.07454634 0.2180856 -0.09955539
13 0.1028249 0 0 -0.1176855 -0.09469986 -0.01050035
14 0.05880699 0.02725041 0.0822537 -1.806126 1.395467 -0.2722627
15 -0.1009997 0 0 -1.923193 0.9270774 -1.083031
16 -0.1219999 0 0 1.365969E-06 -3.730286E-06 -1.005846
17 -0.1347622 0 0 -0.1378645 0 0
18 -0.1343399 0 0 1.324816 0.1181237 0.2737084
19 -0.1197386 0 -6.123033E-05 -0.001372244 -0.005376858 0.2012115
20 -0.04880161 0 0 0 0 -0.707715
21 -0.1889133 0.06475638 -0.0265498 -3.139415 -0.005103788 -0.4518085
22 -0.04874142 0.04765864 -0.06862451 1.787741 -0.276586 -0.7554917
23 -0.06127064 0 0 -0.06257772 0.2217633 -0.7094637
24 -0.1028246 0 0 -0.1176855 -0.09469986 -0.01050035
25 0.1304068 0.1682832 0 -3.024967 0.1938062 2.425699
26 0.08318153 0 0 -4.308607E-09 -0.02399526 -0.152224
27 0.1212126 0 0 -2.655388E-08 -0.02903388 -0.1946206
28 0.1593245 0 0 -6.961665E-08 -0.1418051 -0.2422781
29 0.1652584 -0.02736144 -0.1605495 -1.987309 1.266385 2.209666
30 0.1374714 0 0 0.08679721 0.551026 -0.4392093
31 0.0939494 0.006642963 -0.02764245 -0.2186019 -0.587782 -0.4766488
32 0.1246999 0 0 -0.1776863 -0.1965254 -0.2073701
33 0.1734372 0 0 0.03635117 -0.1159053 -0.05302101
34 0.1277904 -0.04502662 0.1773828 -2.295169 0.7725467 -1.176717
35 -0.1374712 0 0 -0.003631278 0.5571113 -0.6107717
36 -0.06898984 0 0 -0.2400047 -0.299138 -0.3935625
37 -0.1247 0 0 -0.2580088 0.1763782 -0.1234282
38 -0.1734369 0 0 -0.1341836 0.4960337 0.5663302
39 0.1024816 0.1711765 -0.001305296 -0.09941914 0.1422575 1.477364
40 0.128564 0.1071712 -0.1867254 -1.649668 0.9944375 -0.2019529
41 0.0984958 0.02850619 0.1872715 -1.22393 0.9060928 -2.827555
42 0.1708579 0.009936064 0 0.05984637 -0.04430283 0.2825599
43 0.0049 0 0 0 0 0
44 0.5171545 -0.2663316 0.2896972 2.529807 -0.7542944 -0.4400633
45 0.1972673 0 0 0.3056057 0.1150282 -1.374143
46 0.05363192 -0.1692977 0 -0.06634971 -3.72529E-09 -1.255319
47 0.0006023012 -0.03346459 -0.04911327 0.006484938 -0.1086162 -1.489545
48 0.000602576 -0.03346451 0.0491133 -0.006812231 -0.2597529 -1.486743
49 0 -0.00544714 0 -1.545335 0.04695597 -1.562399
50 0.1349337 0.007935909 0.1169305 -0.113678 -0.4044033 -1.071413
51 0.06775701 0 0 0 0 1.572187
52 0.07025615 0 0 0.03228754 0.1144443 -0.498311
53 0.05538215 -0.1613821 0 -1.818989E-12 4.908495E-05 -1.435881
54 0.1349336 0.007935909 -0.116931 0.3159761 0.3502545 -0.7309741
55 0.067757 0 0 0 0 1.682663
56 0.0702562 0 0 -0.01248876 -0.04964057 -0.9315717
57 0.0553822 -0.161382 0 1.818989E-12 -5.42615E-05 -1.435881
time 34
0 0 0 0 0 0 0
1 0.01517479 0.3322799 0.006191705 5.831752E-10 -0.3232426 0.002687627
2 0 0.002591992 0 -1.392395 0.02286985 1.537145
3 0.152 0 0 0.02437687 0.03303022 0.05583136
4 0.05880687 0.02725044 -0.08225372 2.731359 1.318722 1.155349
5 0.159303 0.002208193 0.0009686507 -0.3811439 0.06064122 -0.796575
6 0.122 0 0 0 0 -1.298677
7 0.1347621 0 0 -0.4804021 0 0
8 0.1343401 0 0 0.8884769 -0.5785519 -0.4762307
9 0.1197383 0 6.123017E-05 0.001768601 -0.005259709 -0.3728327
10 0.04880161 0 0 0 0 -0.2194141
11 0.04874135 -0.0476583 0.06862446 0.797745 -0.5614887 0.1499991
12 0.06127064 0 0 0.07454634 0.2180856 -0.09955539
13 0.1028249 0 0 -0.1176855 -0.09469986 -0.01050035
14 0.05880699 0.02725041 0.0822537 -1.799291 1.393807 -0.2654605
15 -0.1009997 0 0 -1.92428 0.9258843 -1.081567
16 -0.1219999 0 0 1.365969E-06 -3.730285E-06 -1.000897
17 -0.1347622 0 0 -0.1375457 0 0
18 -0.1343399 0 0 1.324491 0.1184176 0.2635511
19 -0.1197386 0 -6.123033E-05 -0.001372244 -0.005376858 0.2012115
20 -0.04880161 0 0 0 0 -0.707715
21 -0.1889133 0.06475638 -0.0265498 -3.139415 -0.005103788 -0.4518085
22 -0.04874142 0.04765864 -0.06862451 1.787741 -0.276586 -0.7554917
23 -0.06127064 0 0 -0.06257772 0.2217633 -0.7094637
24 -0.1028246 0 0 -0.1176855 -0.09469986 -0.01050035
25 0.1304068 0.1682832 0 -3.0229 0.1916147 2.431518
26 0.08318153 0 0 -2.841343E-08 -0.02386124 -0.1461391
27 0.1212126 0 0 -4.658626E-10 -0.0294017 -0.1870794
28 0.1593245 0 0 -1.167041E-07 -0.1447238 -0.2368545
29 0.1651888 -0.02727233 -0.1606469 -1.975977 1.268352 2.223305
30 0.1374714 0 0 0.08679721 0.551026 -0.4392093
31 0.0939494 0.006642963 -0.02764245 -0.2164411 -0.587997 -0.4824678
32 0.1246999 0 0 -0.1780925 -0.1985762 -0.2057871
33 0.1734372 0 0 0.03547067 -0.1187747 -0.04454274
34 0.1277384 -0.04497535 0.1773828 -2.29815 0.7724295 -1.174425
35 -0.1374712 0 0 -0.003631278 0.5571113 -0.6107717
36 -0.06898984 0 0 -0.2409925 -0.3003271 -0.3910874
37 -0.1247 0 0 -0.2580082 0.1769185 -0.1234875
38 -0.1734369 0 0 -0.1342532 0.5007908 0.566121
39 0.1016344 0.1711765 -0.001370031 -0.09941914 0.1410834 1.48909
40 0.128564 0.1071712 -0.1867254 -1.647488 0.9944498 -0.1994755
41 0.0984958 0.02850619 0.1872715 -1.219634 0.916746 -2.824066
42 0.1708579 0.009936064 0 0.05683941 -0.04488086 0.2858683
43 0.0049 0 0 0 0 0
44 0.5171545 -0.2663316 0.2896972 2.520773 -0.7489406 -0.427963
45 0.1972673 0 0 0.3037109 0.1170314 -1.384543
46 0.05363192 -0.1692977 0 -0.06228698 1.117587E-08 -1.256841
47 0.0006023012 -0.03346459 -0.04911327 0.006007369 -0.1110566 -1.496822
48 0.000602576 -0.03346451 0.0491133 -0.006326484 -0.2629054 -1.494327
49 0 -0.00544714 0 -1.544481 0.04478894 -1.563958
50 0.1349337 0.007935909 0.1169305 -0.1219022 -0.3966782 -1.060183
51 0.06775701 0 0 0 0 1.566059
52 0.07025615 0 0 0.02997848 0.1063293 -0.5029926
53 0.05538215 -0.1613821 0 -1.818989E-12 4.908495E-05 -1.435881
54 0.1349336 0.007935909 -0.116931 0.3157057 0.3579372 -0.717399
55 0.067757 0 0 0 0 1.666872
56 0.0702562 0 0 -0.01566474 -0.0610467 -0.9232764
57 0.0553822 -0.161382 0 1.818989E-12 -5.42615E-05 -1.435881
time 35
0 0 0 0 0 0 0
1 0.01609686 0.3331114 0.006661956 -6.134383E-11 -0.3211419 0.003444487
2 0 0.002591992 0 -1.391832 0.02032128 1.537269
3 0.152 0 0 0.0245787 0.0319158 0.05407221
4 0.05880687 0.02725044 -0.08225372 2.737243 1.320383 1.160872
5 0.159303 0.002208193 0.0009686507 -0.381071 0.06150342 -0.7923073
6 0.122 0 0 0 0 -1.30284
7 0.1347621 0 0 -0.4804021 0 0
8 0.1343401 0 0 0.8884769 -0.5785519 -0.4762307
9 0.1197383 0 6.123017E-05 0.001768601 -0.005259709 -0.3728327
10 0.04880161 0 0 0 0 -0.2194141
11 0.04874135 -0.0476583 0.06862446 0.797745 -0.5614887 0.1499991
12 0.06127064 0 0 0.07454634 0.2180856 -0.09955539
13 0.1028249 0 0 -0.1176855 -0.09469986 -0.01050035
14 0.05880699 0.02725041 0.0822537 -1.791305 1.392056 -0.2575081
15 -0.1009997 0 0 -1.925037 0.9241891 -1.079911
16 -0.1219999 0 0 1.365968E-06 -3.730285E-06 -0.9950998
17 -0.1347622 0 0 -0.1372122 0 0
18 -0.1343399 0 0 1.324213 0.1187197 0.2533053
19 -0.1197386 0 -6.123033E-05 -0.001372244 -0.005376858 0.2012115
20 -0.04880161 0 0 0 0 -0.707715
21 -0.1889133 0.06475638 -0.0265498 -3.139415 -0.005103788 -0.4518085
22 -0.04874142 0.04765864 -0.06862451 1.787741 -0.276586 -0.7554917
23 -0.06127064 0 0 -0.06257772 0.2217633 -0.7094637
24 -0.1028246 0 0 -0.1176855 -0.09469986 -0.01050035
25 0.1304068 0.1682832 0 -3.020767 0.1893876 2.43716
26 0.08318153 0 0 -3.842781E-09 -0.02365868 -0.140744
27 0.1212126 0 0 -1.886762E-08 -0.02972321 -0.1794845
28 0.1593245 0 0 -9.227213E-08 -0.1475433 -0.2301198
29 0.1651085 -0.02720066 -0.1607445 -1.965032 1.270226 2.236199
30 0.1374714 0 0 0.08679721 0.551026 -0.4392093
31 0.0939494 0.006642963 -0.02764245 -0.2141107 -0.5880418 -0.4887061
32 0.1246999 0 0 -0.1783813 -0.2005002 -0.2048082
33 0.1734372 0 0 0.03464524 -0.1215282 -0.03637308
34 0.1276753 -0.04493672 0.1773828 -2.301136 0.7722511 -1.172402
35 -0.1374712 0 0 -0.003631278 0.5571113 -0.6107717
36 -0.06898984 0 0 -0.2419293 -0.3016277 -0.3887888
37 -0.1247 0 0 -0.2580067 0.1773795 -0.1235297
38 -0.1734369 0 0 -0.1343206 0.5053579 0.5659192
39 0.1008042 0.1711765 -0.001435529 -0.09941911 0.1394306 1.500389
40 0.128564 0.1071712 -0.1867254 -1.644704 0.9944949 -0.196272
41 0.0984958 0.02850619 0.1872715 -1.215627 0.9279523 -2.821009
42 0.1708579 0.009936064 0 0.05379581 -0.04552467 0.2882498
43 0.0049 0 0 0 0 0
44 0.5171545 -0.2663316 0.2896972 2.511954 -0.7438575 -0.4160759
45 0.1972673 0 0 0.3015748 0.1193744 -1.395375
46 0.05363192 -0.1692977 0 -0.05800343 5.587935E-09 -1.257275
47 0.0006023012 -0.03346459 -0.04911327 0.005272497 -0.1130012 -1.505699
48 0.000602576 -0.03346451 0.0491133 -0.005573522 -0.2655443 -1.503561
49 0 -0.00544714 0 -1.543634 0.04284671 -1.565506
50 0.1349337 0.007935909 0.1169305 -0.1309654 -0.3884962 -1.046992
51 0.06775701 0 0 0 0 1.556213
52 0.07025615 0 0 0.02763849 0.09792085 -0.5061935
53 0.05538215 -0.1613821 0 -1.818989E-12 4.908495E-05 -1.435881
54 0.1349336 0.007935909 -0.116931 0.3162719 0.3648107 -0.7026742
55 0.067757 0 0 0 0 1.647524
56 0.0702562 0 0 -0.01877481 -0.07194561 -0.9129382
57 0.0553822 -0.161382 0 1.818989E-12 -5.42615E-05 -1.435881
time 36
0 0 0 0 0 0 0
1 0.01700985 0.3340775 0.007142675 -1.103428E-09 -0.3190626 0.004194852
2 0 0.002591992 0 -1.391259 0.01811723 1.537392
3 0.152 0 0 0.02484393 0.03077876 0.05230958
4 0.05880687 0.02725044 -0.08225372 2.743291 1.32223 1.166527
5 0.159303 0.002208193 0.0009686507 -0.3808359 0.06241389 -0.787758
6 0.122 0 0 0 0 -1.307249
7 0.1347621 0 0 -0.4804021 0 0
8 0.1343401 0 0 0.8884769 -0.5785519 -0.4762307
9 0.1197383 0 6.123017E-05 0.001768601 -0.005259709 -0.3728327
10 0.04880161 0 0 0 0 -0.2194141
11 0.04874135 -0.0476583 0.06862446 0.797745 -0.5614887 0.1499991
12 0.06127064 0 0 0.07454634 0.2180856 -0.09955539
13 0.1028249 0 0 -0.1176855 -0.09469986 -0.01050035
14 0.05880699 0.02725041 0.0822537 -1.782303 1.390232 -0.2485406
15 -0.1009997 0 0 -1.925431 0.9220302 -1.078065
16 -0.1219999 0 0 1.365969E-06 -3.730286E-06 -0.988543
17 -0.1347622 0 0 -0.1368622 0 0
18 -0.1343399 0 0 1.323985 0.1189984 0.2430589
19 -0.1197386 0 -6.123033E-05 -0.001372244 -0.005376858 0.2012115
20 -0.04880161 0 0 0 0 -0.707715
21 -0.1889133 0.06475638 -0.0265498 -3.139415 -0.005103788 -0.4518085
22 -0.04874142 0.04765864 -0.06862451 1.787741 -0.276586 -0.7554917
23 -0.06127064 0 0 -0.06257772 0.2217633 -0.7094637
24 -0.1028246 0 0 -0.1176855 -0.09469986 -0.01050035
25 0.1304068 0.1682832 0 -3.018575 0.1871318 2.442591
26 0.08318153 0 0 -3.959203E-08 -0.02338484 -0.1361085
27 0.1212126 0 0 4.425774E-09 -0.02999797 -0.1719055
28 0.1593245 0 0 -1.130324E-08 -0.1502618 -0.2221918
29 0.1650175 -0.02714784 -0.1608419 -1.954543 1.271995 2.24827
30 0.1374714 0 0 0.08679721 0.551026 -0.4392093
31 0.0939494 0.006642963 -0.02764245 -0.2116345 -0.5879179 -0.4953095
32 0.1246999 0 0 -0.1785447 -0.2022162 -0.2044773
33 0.1734372 0 0 0.03387771 -0.1241571 -0.02859009
34 0.1276006 -0.04491168 0.1773828 -2.304115 0.7720105 -1.170682
35 -0.1374712 0 0 -0.003631278 0.5571113 -0.6107717
36 -0.06898984 0 0 -0.2428096 -0.3030337 -0.3866598
37 -0.1247 0 0 -0.258008 0.1777608 -0.1235565
38 -0.1734369 0 0 -0.1343856 0.5097246 0.5657258
39 0.09999314 0.1711765 -0.001501729 -0.09941915 0.1372845 1.511085
40 0.128564 0.1071712 -0.1867254 -1.641343 0.9945759 -0.192367
41 0.0984958 0.02850619 0.1872715 -1.211944 0.939618 -2.818412
42 0.1708579 0.009936064 0 0.05072254 -0.04623736 0.2896388
43 0.0049 0 0 0 0 0
44 0.5171545 -0.2663316 0.2896972 2.503444 -0.7390997 -0.4045213
45 0.1972673 0 0 0.299345 0.1220245 -1.406533
46 0.05363192 -0.1692977 0 -0.0535128 1.862645E-09 -1.257619
47 0.0006023012 -0.03346459 -0.04911327 0.004267638 -0.1144367 -1.515931
48 0.000602576 -0.03346451 0.0491133 -0.004539575 -0.2676229 -1.51418
49 0 -0.00544714 0 -1.542797 0.04115488 -1.567038
50 0.1349337 0.007935909 0.1169305 -0.1407131 -0.379876 -1.032091
51 0.06775701 0 0 0 0 1.542866
52 0.07025615 0 0 0.02533103 0.08954687 -0.5078516
53 0.05538215 -0.1613821 0 -1.818989E-12 4.908495E-05 -1.435881
54 0.1349336 0.007935909 -0.116931 0.3177529 0.3708576 -0.6869282
55 0.067757 0 0 0 0 1.624841
56 0.0702562 0 0 -0.02180037 -0.0823226 -0.900663
57 0.0553822 -0.161382 0 1.818989E-12 -5.42615E-05 -1.435881
time 37
0 0 0 0 0 0 0
1 0.01791178 0.3351651 0.00763284 1.225202E-09 -0.3170081 0.004937145
2 0 0.002591992 0 -1.390677 0.01629285 1.537514
3 0.152 0 0 0.02517364 0.02962146 0.05055748
4 0.05880687 0.02725044 -0.08225372 2.749455 1.324241 1.17227
5 0.159303 0.002208193 0.0009686507 -0.3804232 0.06335083 -0.7829678
6 0.122 0 0 0 0 -1.311859
7 0.1347621 0 0 -0.4804021 0 0
8 0.1343401 0 0 0.8884769 -0.5785519 -0.4762307
9 0.1197383 0 6.123017E-05 0.001768601 -0.005259709 -0.3728327
10 0.04880161 0 0 0 0 -0.2194141
11 0.04874135 -0.0476583 0.06862446 0.797745 -0.5614887 0.1499991
12 0.06127064 0 0 0.07454634 0.2180856 -0.09955539
13 0.1028249 0 0 -0.1176855 -0.09469986 -0.01050035
14 0.05880699 0.02725041 0.0822537 -1.772422 1.388352 -0.2386935
15 -0.1009997 0 0 -1.92543 0.9194461 -1.076029
16 -0.1219999 0 0 1.365968E-06 -3.730285E-06 -0.9813148
17 -0.1347622 0 0 -0.1364956 0 0
18 -0.1343399 0 0 1.32381 0.1192541 0.2329006
19 -0.1197386 0 -6.123033E-05 -0.001372244 -0.005376858 0.2012115
20 -0.04880161 0 0 0 0 -0.707715
21 -0.1889133 0.06475638 -0.0265498 -3.139415 -0.005103788 -0.4518085
22 -0.04874142 0.04765864 -0.06862451 1.787741 -0.276586 -0.7554917
23 -0.06127064 0 0 -0.06257772 0.2217633 -0.7094637
24 -0.1028246 0 0 -0.1176855 -0.09469986 -0.01050035
25 0.1304068 0.1682832 0 -3.016335 0.1848547 2.447777
26 0.08318153 0 0 5.472973E-09 -0.0230398 -0.132319
27 0.1212126 0 0 -6.405768E-08 -0.03022311 -0.1643975
28 0.1593245 0 0 -1.281545E-07 -0.1528756 -0.2131857
29 0.1649154 -0.02711527 -0.1609386 -1.944682 1.27365 2.259444
30 0.1374714 0 0 0.08679721 0.551026 -0.4392093
31 0.0939494 0.006642963 -0.02764245 -0.209036 -0.5876271 -0.5022255
32 0.1246999 0 0 -0.1785731 -0.2035963 -0.2048363
33 0.1734372 0 0 0.03317017 -0.1266502 -0.02127148
34 0.127514 -0.04490117 0.1773828 -2.30707 0.7717064 -1.169299
35 -0.1374712 0 0 -0.003631278 0.5571113 -0.6107717
36 -0.06898984 0 0 -0.2436285 -0.3045395 -0.3846942
37 -0.1247 0 0 -0.2580082 0.1780575 -0.1235653
38 -0.1734369 0 0 -0.1344481 0.5138804 0.565541
39 0.09920377 0.1711765 -0.001568569 -0.09941912 0.1344895 1.521003
40 0.128564 0.1071712 -0.1867254 -1.637431 0.994696 -0.1877862
41 0.0984958 0.02850619 0.1872715 -1.208618 0.9516512 -2.816302
42 0.1708579 0.009936064 0 0.04762523 -0.04702042 0.2900694
43 0.0049 0 0 0 0 0
44 0.5171545 -0.2663316 0.2896972 2.49534 -0.7347212 -0.3934188
45 0.1972673 0 0 0.2970451 0.1249494 -1.417908
46 0.05363192 -0.1692977 0 -0.04882895 5.587935E-09 -1.257882
47 0.0006023012 -0.03346459 -0.04911327 0.003114613 -0.1153503 -1.527269
48 0.000602576 -0.03346451 0.0491133 -0.003346157 -0.2690952 -1.525916
49 0 -0.00544714 0 -1.54197 0.03973853 -1.568553
50 0.1349337 0.007935909 0.1169305 -0.1509907 -0.3708352 -1.015728
51 0.06775701 0 0 0 0 1.526236
52 0.07025615 0 0 0.02305979 0.08123697 -0.5079165
53 0.05538215 -0.1613821 0 -1.818989E-12 4.908495E-05 -1.435881
54 0.1349336 0.007935909 -0.116931 0.3202279 0.3760618 -0.6702918
55 0.067757 0 0 0 0 1.599044
56 0.0702562 0 0 -0.02472272 -0.09216315 -0.8865601
57 0.0553822 -0.161382 0 1.818989E-12 -5.42615E-05 -1.435881
time 38
0 0 0 0 0 0 0
1 0.0188007 0.3363607 0.008131435 1.285612E-09 -0.3149851 0.005669837
2 0 0.002591992 0 -1.390088 0.01488326 1.537636
3 0.152 0 0 0.02556628 0.02844347 0.04882501
4 0.05880687 0.02725044 -0.08225372 2.755687 1.326393 1.178057
5 0.159303 0.002208193 0.0009686507 -0.3798173 0.06429266 -0.7779745
6 0.122 0 0 0 0 -1.316626
7 0.1347621 0 0 -0.4804021 0 0
8 0.1343401 0 0 0.8884769 -0.5785519 -0.4762307
9 0.1197383 0 6.123017E-05 0.001768601 -0.005259709 -0.3728327
10 0.04880161 0 0 0 0 -0.2194141
11 0.04874135 -0.0476583 0.06862446 0.797745 -0.5614887 0.1499991
12 0.06127064 0 0 0.07454634 0.2180856 -0.09955539
13 0.1028249 0 0 -0.1176855 -0.09469986 -0.01050035
14 0.05880699 0.02725041 0.0822537 -1.761796 1.386432 -0.2280988
15 -0.1009997 0 0 -1.924999 0.9164751 -1.073804
16 -0.1219999 0 0 1.365969E-06 -3.730286E-06 -0.9735046
17 -0.1347622 0 0 -0.136121 0 0
18 -0.1343399 0 0 1.323692 0.1194872 0.2229182
19 -0.1197386 0 -6.123033E-05 -0.001372244 -0.005376858 0.2012115
20 -0.04880161 0 0 0 0 -0.707715
21 -0.1889133 0.06475638 -0.0265498 -3.139415 -0.005103788 -0.4518085
22 -0.04874142 0.04765864 -0.06862451 1.787741 -0.276586 -0.7554917
23 -0.06127064 0 0 -0.06257772 0.2217633 -0.7094637
24 -0.1028246 0 0 -0.1176855 -0.09469986 -0.01050035
25 0.1304068 0.1682832 0 -3.014056 0.1825632 2.452683
26 0.08318153 0 0 3.842689E-09 -0.02262057 -0.1294442
27 0.1212126 0 0 -7.686963E-09 -0.03039967 -0.1570377
28 0.1593245 0 0 -3.770721E-08 -0.1553866 -0.2032251
29 0.1648021 -0.02710437 -0.1610339 -1.935555 1.275181 2.269641
30 0.1374714 0 0 0.08679721 0.551026 -0.4392093
31 0.0939494 0.006642963 -0.02764245 -0.2063388 -0.587169 -0.5093988
32 0.1246999 0 0 -0.1784567 -0.2046436 -0.2059267
33 0.1734372 0 0 0.03252862 -0.1290106 -0.01449746
34 0.1274151 -0.04490613 0.1773828 -2.30999 0.771338 -1.168289
35 -0.1374712 0 0 -0.003631278 0.5571113 -0.6107717
36 -0.06898984 0 0 -0.2443815 -0.30614 -0.3828869
37 -0.1247 0 0 -0.2580067 0.1782669 -0.1235554
38 -0.1734369 0 0 -0.1345081 0.5178147 0.5653654
39 0.09843843 0.1711765 -0.001635988 -0.09941915 0.1313298 1.529969
40 0.128564 0.1071712 -0.1867254 -1.632998 0.9948586 -0.1825546
41 0.0984958 0.02850619 0.1872715 -1.205686 0.9639582 -2.814706
42 0.1708579 0.009936064 0 0.04451157 -0.04787811 0.2896043
43 0.0049 0 0 0 0 0
44 0.5171545 -0.2663316 0.2896972 2.487737 -0.7307777 -0.382888
45 0.1972673 0 0 0.2946992 0.1281169 -1.429395
46 0.05363192 -0.1692977 0 -0.04396566 5.587935E-09 -1.25807
47 0.0006023012 -0.03346459 -0.04911327 0.001958553 -0.1157291 -1.538891
48 0.000602576 -0.03346451 0.0491133 -0.002152289 -0.2699144 -1.537987
49 0 -0.00544714 0 -1.541154 0.0386231 -1.570045
50 0.1349337 0.007935909 0.1169305 -0.1616437 -0.3613933 -0.9981576
51 0.06775701 0 0 0 0 1.506541
52 0.07025615 0 0 0.02082846 0.07301389 -0.5063246
53 0.05538215 -0.1613821 0 -1.818989E-12 4.908495E-05 -1.435881
54 0.1349336 0.007935909 -0.116931 0.3236898 0.380409 -0.6528983
55 0.067757 0 0 0 0 1.570353
56 0.0702562 0 0 -0.02752324 -0.1014526 -0.8707359
57 0.0553822 -0.161382 0 1.818989E-12 -5.42615E-05 -1.435881
time 39
0 0 0 0 0 0 0
1 0.01967465 0.3376513 0.008637438 7.586327E-09 -0.312995 0.00639132
2 0 0.002591992 0 -1.389494 0.01392329 1.537757
3 0.152 0 0 0.02603774 0.02726252 0.04715348
4 0.05880687 0.02725044 -0.08225372 2.761935 1.328665 1.183845
5 0.159303 0.002208193 0.0009686507 -0.3790014 0.06521784 -0.7728156
6 0.122 0 0 0 0 -1.321504
7 0.1347621 0 0 -0.4804021 0 0
8 0.1343401 0 0 0.8884769 -0.5785519 -0.4762307
9 0.1197383 0 6.123017E-05 0.001768601 -0.005259709 -0.3728327
10 0.04880161 0 0 0 0 -0.2194141
11 0.04874135 -0.0476583 0.06862446 0.797745 -0.5614887 0.1499991
12 0.06127064 0 0 0.07454634 0.2180856 -0.09955539
13 0.1028249 0 0 -0.1176855 -0.09469986 -0.01050035
14 0.05880699 0.02725041 0.0822537 -1.750556 1.384489 -0.2168909
15 -0.1009997 0 0 -1.924108 0.9131556 -1.071393
16 -0.1219999 0 0 1.365969E-06 -3.730286E-06 -0.9652
17 -0.1347622 0 0 -0.1357296 0 0
18 -0.1343399 0 0 1.323634 0.1196982 0.2132
19 -0.1197386 0 -6.123033E-05 -0.001372244 -0.005376858 0.2012115
20 -0.04880161 0 0 0 0 -0.707715
21 -0.1889133 0.06475638 -0.0265498 -3.139415 -0.005103788 -0.4518085
22 -0.04874142 0.04765864 -0.06862451 1.787741 -0.276586 -0.7554917
23 -0.06127064 0 0 -0.06257772 0.2217633 -0.7094637
24 -0.1028246 0 0 -0.1176855 -0.09469986 -0.01050035
25 0.1304068 0.1682832 0 -3.011745 0.1802645 2.457275
26 0.08318153 0 0 -3.691269E-08 -0.0221255 -0.1275602
27 0.1212126 0 0 -1.164696E-09 -0.03052425 -0.1498786
28 0.1593245 0 0 -7.921519E-08 -0.15779 -0.1924238
29 0.1646774 -0.02711655 -0.1611273 -1.92713 1.276575 2.278788
30 0.1374714 0 0 0.08679721 0.551026 -0.4392093
31 0.0939494 0.006642963 -0.02764245 -0.2035665 -0.5865459 -0.5167767
32 0.1246999 0 0 -0.1781868 -0.205363 -0.2078163
33 0.1734372 0 0 0.03195226 -0.1312163 -0.008343914
34 0.1273035 -0.04492753 0.1773828 -2.31286 0.7709039 -1.167685
35 -0.1374712 0 0 -0.003631278 0.5571113 -0.6107717
36 -0.06898984 0 0 -0.2450626 -0.3078279 -0.3812295
37 -0.1247 0 0 -0.2580083 0.1783892 -0.1235288
38 -0.1734369 0 0 -0.1345654 0.5215148 0.5651976
39 0.09769952 0.1711765 -0.001703924 -0.09941914 0.1278213 1.537808
40 0.128564 0.1071712 -0.1867254 -1.62807 0.9950678 -0.1766981
41 0.0984958 0.02850619 0.1872715 -1.203183 0.9764467 -2.813652
42 0.1708579 0.009936064 0 0.04138603 -0.04881033 0.2882819
43 0.0049 0 0 0 0 0
44 0.5171545 -0.2663316 0.2896972 2.48073 -0.7273228 -0.373048
45 0.1972673 0 0 0.2923309 0.1314943 -1.440884
46 0.05363192 -0.1692977 0 -0.03893676 5.587935E-09 -1.258192
47 0.0006023012 -0.03346459 -0.04911327 0.0008030187 -0.11556 -1.550625
48 0.000602576 -0.03346451 0.0491133 -0.0009615636 -0.2700341 -1.550179
49 0 -0.00544714 0 -1.540353 0.03783437 -1.571513
50 0.1349337 0.007935909 0.1169305 -0.1725174 -0.3515678 -0.979627
51 0.06775701 0 0 0 0 1.483998
52 0.07025615 0 0 0.01864076 0.0649022 -0.5030242
53 0.05538215 -0.1613821 0 -1.818989E-12 4.908495E-05 -1.435881
54 0.1349336 0.007935909 -0.116931 0.3280174 0.3838806 -0.6348749
55 0.067757 0 0 0 0 1.53899
56 0.0702562 0 0 -0.03018325 -0.1101763 -0.8532987
57 0.0553822 -0.161382 0 1.818989E-12 -5.42615E-05 -1.435881
time 40
0 0 0 0 0 0 0
1 0.02053166 0.3390235 0.009149829 3.913065E-09 -0.3110479 0.007100149
2 0 0.002591992 0 -1.388896 0.01344817 1.537878
3 0.152 0 0 0.02657121 0.02606209 0.04552346
4 0.05880687 0.02725044 -0.08225372 2.768155 1.331033 1.189589
5 0.159303 0.002208193 0.0009686507 -0.3779591 0.06610492 -0.7675285
6 0.122 0 0 0 0 -1.326449
7 0.1347621 0 0 -0.4804021 0 0
8 0.1343401 0 0 0.8884769 -0.5785519 -0.4762307
9 0.1197383 0 6.123017E-05 0.001768601 -0.005259709 -0.3728327
10 0.04880161 0 0 0 0 -0.2194141
11 0.04874135 -0.0476583 0.06862446 0.797745 -0.5614887 0.1499991
12 0.06127064 0 0 0.07454634 0.2180856 -0.09955539
13 0.1028249 0 0 -0.1176855 -0.09469986 -0.01050035
14 0.05880699 0.02725041 0.0822537 -1.738845 1.382538 -0.2052068
15 -0.1009997 0 0 -1.922722 0.9095262 -1.068794
16 -0.1219999 0 0 1.365968E-06 -3.730285E-06 -0.9564895
17 -0.1347622 0 0 -0.1353264 0 0
18 -0.1343399 0 0 1.32364 0.1198874 0.2038343
19 -0.1197386 0 -6.123033E-05 -0.001372244 -0.005376858 0.2012115
20 -0.04880161 0 0 0 0 -0.707715
21 -0.1889133 0.06475638 -0.0265498 -3.139415 -0.005103788 -0.4518085
22 -0.04874142 0.04765864 -0.06862451 1.787741 -0.276586 -0.7554917
23 -0.06127064 0 0 -0.06257772 0.2217633 -0.7094637
24 -0.1028246 0 0 -0.1176855 -0.09469986 -0.01050035
25 0.1304068 0.1682832 0 -3.009413 0.177966 2.461519
26 0.08318153 0 0 -1.187712E-08 -0.0215547 -0.1267537
27 0.1212126 0 0 -5.823491E-09 -0.03059577 -0.1429858
28 0.1593245 0 0 -3.396187E-08 -0.1600868 -0.1809037
29 0.1645411 -0.02715321 -0.1612183 -1.919372 1.277825 2.286807
30 0.1374714 0 0 0.08679721 0.551026 -0.4392093
31 0.0939494 0.006642963 -0.02764245 -0.2007428 -0.5857581 -0.5243044
32 0.1246999 0 0 -0.1777557 -0.2057603 -0.2102485
33 0.1734372 0 0 0.03144406 -0.1332584 -0.002889874
34 0.1271789 -0.04496629 0.1773828 -2.315666 0.7704036 -1.167523
35 -0.1374712 0 0 -0.003631278 0.5571113 -0.6107717
36 -0.06898984 0 0 -0.2456672 -0.309598 -0.3797166
37 -0.1247 0 0 -0.2580065 0.178418 -0.1234817
38 -0.1734369 0 0 -0.1346199 0.5249725 0.5650401
39 0.09698939 0.1711765 -0.001772315 -0.09941915 0.1239798 1.544345
40 0.128564 0.1071712 -0.1867254 -1.622676 0.9959201 -0.1702418
41 0.0984958 0.02850619 0.1872715 -1.201142 0.9890232 -2.813167
42 0.1708579 0.009936064 0 0.0382557 -0.04982054 0.2861598
43 0.0049 0 0 0 0 0
44 0.5171545 -0.2663316 0.2896972 2.474404 -0.724412 -0.3640185
45 0.1972673 0 0 0.2899639 0.1350497 -1.45227
46 0.05363192 -0.1692977 0 -0.03375605 1.862645E-09 -1.258253
47 0.0006023012 -0.03346459 -0.04911327 -0.00034828 -0.11483 -1.562403
48 0.000602576 -0.03346451 0.0491133 0.0002224518 -0.2694078 -1.562419
49 0 -0.00544714 0 -1.539566 0.03739791 -1.572953
50 0.1349337 0.007935909 0.1169305 -0.1834575 -0.3413774 -0.9603881
51 0.06775701 0 0 0 0 1.458825
52 0.07025615 0 0 0.01650036 0.05692529 -0.497955
53 0.05538215 -0.1613821 0 -1.818989E-12 4.908495E-05 -1.435881
54 0.1349336 0.007935909 -0.116931 0.3331207 0.3864613 -0.6163535
55 0.067757 0 0 0 0 1.505175
56 0.0702562 0 0 -0.03268411 -0.1183196 -0.8343551
57 0.0553822 -0.161382 0 1.818989E-12 -5.42615E-05 -1.435881
time 41
0 0 0 0 0 0 0
1 0.02136975 0.3404642 0.009667592 3.421843E-09 -0.309144 0.007794676
2 0 0.002591992 0 -1.388296 0.01349255 1.537997
3 0.152 0 0 0.0271773 0.02485419 0.04396614
4 0.05880687 0.02725044 -0.08225372 2.774295 1.333478 1.195243
5 0.159303 0.002208193 0.0009686507 -0.3766746 0.06693223 -0.7621521
6 0.122 0 0 0 0 -1.331416
7 0.1347621 0 0 -0.4804021 0 0
8 0.1343401 0 0 0.8884769 -0.5785519 -0.4762307
9 0.1197383 0 6.123017E-05 0.001768601 -0.005259709 -0.3728327
10 0.04880161 0 0 0 0 -0.2194141
11 0.04874135 -0.0476583 0.06862446 0.797745 -0.5614887 0.1499991
12 0.06127064 0 0 0.07454634 0.2180856 -0.09955539
13 0.1028249 0 0 -0.1176855 -0.09469986 -0.01050035
14 0.05880699 0.02725041 0.0822537 -1.726792 1.3806 -0.193179
15 -0.1009997 0 0 -1.920808 0.9056253 -1.06601
16 -0.1219999 0 0 1.365968E-06 -3.730285E-06 -0.947462
17 -0.1347622 0 0 -0.1349114 0 0
18 -0.1343399 0 0 1.323711 0.1200554 0.1949092
19 -0.1197386 0 -6.123033E-05 -0.001372244 -0.005376858 0.2012115
20 -0.04880161 0 0 0 0 -0.707715
21 -0.1889133 0.06475638 -0.0265498 -3.139415 -0.005103788 -0.4518085
22 -0.04874142 0.04765864 -0.06862451 1.787741 -0.276586 -0.7554917
23 -0.06127064 0 0 -0.06257772 0.2217633 -0.7094637
24 -0.1028246 0 0 -0.1176855 -0.09469986 -0.01050035
25 0.1304068 0.1682832 0 -3.007067 0.1756743 2.465379
26 0.08318153 0 0 -3.213765E-08 -0.02090491 -0.1270916
27 0.1212126 0 0 -2.352692E-08 -0.03061309 -0.1364244
28 0.1593245 0 0 -9.248382E-08 -0.1622199 -0.1687799
29 0.164393 -0.02721578 -0.1613064 -1.912249 1.278898 2.293619
30 0.1374714 0 0 0.08679721 0.551026 -0.4392093
31 0.0939494 0.006642963 -0.02764245 -0.1978911 -0.5848067 -0.5319284
32 0.1246999 0 0 -0.177183 -0.2058388 -0.213178
33 0.1734372 0 0 0.03100986 -0.1351405 0.001785683
34 0.1270408 -0.04502336 0.1773828 -2.318396 0.7698354 -1.167838
35 -0.1374712 0 0 -0.003631278 0.5571113 -0.6107717
36 -0.06898984 0 0 -0.2461898 -0.3114438 -0.3783409
37 -0.1247 0 0 -0.2580081 0.1782993 -0.1234174
38 -0.1734369 0 0 -0.1346713 0.5281765 0.5648929
39 0.09631043 0.1711765 -0.001841101 -0.09941915 0.1198212 1.549406
40 0.128564 0.1071712 -0.1867254 -1.616844 0.9981214 -0.1632112
41 0.0984958 0.02850619 0.1872715 -1.1996 1.001595 -2.813279
42 0.1708579 0.009936064 0 0.03512645 -0.05091036 0.2832863
43 0.0049 0 0 0 0 0
44 0.5171545 -0.2663316 0.2896972 2.468794 -0.7220993 -0.3559265
45 0.1972673 0 0 0.2876222 0.1387504 -1.463445
46 0.05363192 -0.1692977 0 -0.02843732 -9.313226E-10 -1.258261
47 0.0006023012 -0.03346459 -0.04911327 -0.001491713 -0.1135263 -1.574159
48 0.000602576 -0.03346451 0.0491133 0.001396233 -0.2679889 -1.574635
49 0 -0.00544714 0 -1.538796 0.03733883 -1.574361
50 0.1349337 0.007935909 0.1169305 -0.1943092 -0.33084 -0.94069
51 0.06775701 0 0 0 0 1.43124
52 0.07025615 0 0 0.01441095 0.04910694 -0.4910322
53 0.05538215 -0.1613821 0 -1.818989E-12 4.908495E-05 -1.435881
54 0.1349336 0.007935909 -0.116931 0.3389094 0.388135 -0.5974649
55 0.067757 0 0 0 0 1.469131
56 0.0702562 0 0 -0.03500718 -0.125868 -0.8140132
57 0.0553822 -0.161382 0 1.818989E-12 -5.42615E-05 -1.435881
time 42
0 0 0 0 0 0 0
1 0.02218698 0.34196 0.0101897 7.083916E-09 -0.3072872 0.008473328
2 0 0.002591992 0 -1.387696 0.01409145 1.538114
3 0.152 0 0 0.02785726 0.02364074 0.04249505
4 0.05880687 0.02725044 -0.08225372 2.780308 1.335977 1.200766
5 0.159303 0.002208193 0.0009686507 -0.3751317 0.06767824 -0.7567241
6 0.122 0 0 0 0 -1.33636
7 0.1347621 0 0 -0.4804021 0 0
8 0.1343401 0 0 0.8884769 -0.5785519 -0.4762307
9 0.1197383 0 6.123017E-05 0.001768601 -0.005259709 -0.3728327
10 0.04880161 0 0 0 0 -0.2194141
11 0.04874135 -0.0476583 0.06862446 0.797745 -0.5614887 0.1499991
12 0.06127064 0 0 0.07454634 0.2180856 -0.09955539
13 0.1028249 0 0 -0.1176855 -0.09469986 -0.01050035
14 0.05880699 0.02725041 0.0822537 -1.714533 1.378687 -0.180942
15 -0.1009997 0 0 -1.918334 0.9014909 -1.063041
16 -0.1219999 0 0 1.365968E-06 -3.730285E-06 -0.9382059
17 -0.1347622 0 0 -0.1344863 0 0
18 -0.1343399 0 0 1.323851 0.1202025 0.1865128
19 -0.1197386 0 -6.123033E-05 -0.001372244 -0.005376858 0.2012115
20 -0.04880161 0 0 0 0 -0.707715
21 -0.1889133 0.06475638 -0.0265498 -3.139415 -0.005103788 -0.4518085
22 -0.04874142 0.04765864 -0.06862451 1.787741 -0.276586 -0.7554917
23 -0.06127064 0 0 -0.06257772 0.2217633 -0.7094637
24 -0.1028246 0 0 -0.1176855 -0.09469986 -0.01050035
25 0.1304068 0.1682832 0 -3.004718 0.1733973 2.468822
26 0.08318153 0 0 -4.110297E-08 -0.02017558 -0.1286565
27 0.1212126 0 0 -5.078081E-08 -0.03057472 -0.1302573
28 0.1593245 0 0 -1.010092E-07 -0.1641451 -0.1561735
29 0.1642328 -0.02730565 -0.1613909 -1.905727 1.279932 2.299152
30 0.1374714 0 0 0.08679721 0.551026 -0.4392093
31 0.0939494 0.006642963 -0.02764245 -0.195035 -0.5836929 -0.5395243
32 0.1246999 0 0 -0.1765297 -0.2056011 -0.2165593
33 0.1734372 0 0 0.03065229 -0.1368539 0.005605156
34 0.1268889 -0.0450997 0.1773828 -2.321035 0.7691987 -1.168665
35 -0.1374712 0 0 -0.003631278 0.5571113 -0.6107717
36 -0.06898984 0 0 -0.2466254 -0.3133594 -0.3770962
37 -0.1247 0 0 -0.2580087 0.1779787 -0.1233329
38 -0.1734369 0 0 -0.1347198 0.5311152 0.5647553
39 0.09566504 0.1711765 -0.00191022 -0.09941914 0.1153615 1.552815
40 0.128564 0.1071712 -0.1867254 -1.6106 1.001694 -0.1556319
41 0.0984958 0.02850619 0.1872715 -1.19861 1.01407 -2.814014
42 0.1708579 0.009936064 0 0.03200497 -0.05208289 0.279717
43 0.0049 0 0 0 0 0
44 0.5171545 -0.2663316 0.2896972 2.463919 -0.7204396 -0.3488473
45 0.1972673 0 0 0.2853294 0.1425641 -1.474301
46 0.05363192 -0.1692977 0 -0.02299442 -1.862645E-09 -1.258224
47 0.0006023012 -0.03346459 -0.04911327 -0.002623598 -0.1116358 -1.585825
48 0.000602576 -0.03346451 0.0491133 0.002556239 -0.265731 -1.586754
49 0 -0.00544714 0 -1.538043 0.0376829 -1.575734
50 0.1349337 0.007935909 0.1169305 -0.2049181 -0.3199745 -0.9207847
51 0.06775701 0 0 0 0 1.40146
52 0.07025615 0 0 0.01237623 0.04147124 -0.4823678
53 0.05538215 -0.1613821 0 -1.818989E-12 4.908495E-05 -1.435881
54 0.1349336 0.007935909 -0.116931 0.3452933 0.3888862 -0.5783402
55 0.067757 0 0 0 0 1.431077
56 0.0702562 0 0 -0.03713386 -0.1328066 -0.7923788
57 0.0553822 -0.161382 0 1.818989E-12 -5.42615E-05 -1.435881
time 43
0 0 0 0 0 0 0
1 0.02298136 0.3434979 0.01071515 -6.103346E-10 -0.3054864 0.009134666
2 0 0.002591992 0 -1.387097 0.01528022 1.538229
3 0.152 0 0 0.02860808 0.02242068 0.04111777
4 0.05880687 0.02725044 -0.08225372 2.786144 1.338507 1.206112
5 0.159303 0.002208193 0.0009686507 -0.3733145 0.0683213 -0.7512832
6 0.122 0 0 0 0 -1.341236
7 0.1347621 0 0 -0.4804021 0 0
8 0.1343401 0 0 0.8884769 -0.5785519 -0.4762307
9 0.1197383 0 6.123017E-05 0.001768601 -0.005259709 -0.3728327
10 0.04880161 0 0 0 0 -0.2194141
11 0.04874135 -0.0476583 0.06862446 0.797745 -0.5614887 0.1499991
12 0.06127064 0 0 0.07454634 0.2180856 -0.09955539
13 0.1028249 0 0 -0.1176855 -0.09469986 -0.01050035
14 0.05880699 0.02725041 0.0822537 -1.702204 1.376818 -0.1686296
15 -0.1009997 0 0 -1.915267 0.897162 -1.059888
16 -0.1219999 0 0 1.365969E-06 -3.730286E-06 -0.9288095
17 -0.1347622 0 0 -0.1340492 0 0
18 -0.1343399 0 0 1.324064 0.1203291 0.1787335
19 -0.1197386 0 -6.123033E-05 -0.001372244 -0.005376858 0.2012115
20 -0.04880161 0 0 0 0 -0.707715
21 -0.1889133 0.06475638 -0.0265498 -3.139415 -0.005103788 -0.4518085
22 -0.04874142 0.04765864 -0.06862451 1.787741 -0.276586 -0.7554917
23 -0.06127064 0 0 -0.06257772 0.2217633 -0.7094637
24 -0.1028246 0 0 -0.1176855 -0.09469986 -0.01050035
25 0.1304068 0.1682832 0 -3.002373 0.1711415 2.471813
26 0.08318153 0 0 -1.292452E-08 -0.01936536 -0.1313544
27 0.1212126 0 0 -1.945039E-08 -0.0304803 -0.1245528
28 0.1593245 0 0 -1.189793E-07 -0.1658555 -0.1432015
29 0.1640604 -0.02742423 -0.1614714 -1.899772 1.280927 2.303558
30 0.1374714 0 0 0.08679721 0.551026 -0.4392093
31 0.0939494 0.006642963 -0.02764245 -0.1921982 -0.582417 -0.5469664
32 0.1246999 0 0 -0.1758053 -0.2050538 -0.2203501
33 0.1734372 0 0 0.0303713 -0.1383771 0.00848989
34 0.1267228 -0.04519624 0.1773828 -2.32357 0.7684921 -1.170037
35 -0.1374712 0 0 -0.003631278 0.5571113 -0.6107717
36 -0.06898984 0 0 -0.246969 -0.3153393 -0.3759763
37 -0.1247 0 0 -0.2580075 0.1774627 -0.1232274
38 -0.1734369 0 0 -0.1347651 0.5337788 0.5646286
39 0.09505558 0.1711765 -0.00197961 -0.09941915 0.1106164 1.554399
40 0.128564 0.1071712 -0.1867254 -1.603974 1.00666 -0.1475286
41 0.0984958 0.02850619 0.1872715 -1.198479 1.026354 -2.8154
42 0.1708579 0.009936064 0 0.02889732 -0.05334007 0.2755015
43 0.0049 0 0 0 0 0
44 0.5171545 -0.2663316 0.2896972 2.4598 -0.7194875 -0.3428213
45 0.1972673 0 0 0.2831093 0.1464586 -1.484731
46 0.05363192 -0.1692977 0 -0.01744111 9.313226E-10 -1.258149
47 0.0006023012 -0.03346459 -0.04911327 -0.003740315 -0.1086081 -1.597336
48 0.000602576 -0.03346451 0.0491133 0.00369903 -0.2625877 -1.598705
49 0 -0.00544714 0 -1.537311 0.03845522 -1.577069
50 0.1349337 0.007935909 0.1169305 -0.2151296 -0.3088046 -0.9009217
51 0.06775701 0 0 0 0 1.369703
52 0.07025615 0 0 0.01039989 0.03404176 -0.4721432
53 0.05538215 -0.1613821 0 -1.818989E-12 4.908495E-05 -1.435881
54 0.1349336 0.007935909 -0.116931 0.3521818 0.3886977 -0.5591093
55 0.067757 0 0 0 0 1.391234
56 0.0702562 0 0 -0.03904539 -0.1391211 -0.7695613
57 0.0553822 -0.161382 0 1.818989E-12 -5.42615E-05 -1.435881
time 44
0 0 0 0 0 0 0
1 0.02375095 0.3450645 0.0112429 2.805999E-09 -0.3037411 0.009776995
2 0 0.002591992 0 -1.386502 0.01698286 1.538343
3 0.152 0 0 0.02943098 0.02119676 0.039849
4 0.05880687 0.02725044 -0.08225372 2.791756 1.341048 1.211237
5 0.159303 0.002208193 0.0009686507 -0.3712063 0.06883996 -0.7458663
6 0.122 0 0 0 0 -1.345999
7 0.1347621 0 0 -0.4804021 0 0
8 0.1343401 0 0 0.8884769 -0.5785519 -0.4762307
9 0.1197383 0 6.123017E-05 0.001768601 -0.005259709 -0.3728327
10 0.04880161 0 0 0 0 -0.2194141
11 0.04874135 -0.0476583 0.06862446 0.797745 -0.5614887 0.1499991
12 0.06127064 0 0 0.07454634 0.2180856 -0.09955539
13 0.1028249 0 0 -0.1176855 -0.09469986 -0.01050035
14 0.05880699 0.02725041 0.0822537 -1.68994 1.37501 -0.1563775
15 -0.1009997 0 0 -1.911573 0.8926767 -1.056553
16 -0.1219999 0 0 1.365968E-06 -3.730286E-06 -0.9193616
17 -0.1347622 0 0 -0.1336035 0 0
18 -0.1343399 0 0 1.324352 0.1204358 0.1716592
19 -0.1197386 0 -6.123033E-05 -0.001372244 -0.005376858 0.2012115
20 -0.04880161 0 0 0 0 -0.707715
21 -0.1889133 0.06475638 -0.0265498 -3.139415 -0.005103788 -0.4518085
22 -0.04874142 0.04765864 -0.06862451 1.787741 -0.276586 -0.7554917
23 -0.06127064 0 0 -0.06257772 0.2217633 -0.7094637
24 -0.1028246 0 0 -0.1176855 -0.09469986 -0.01050035
25 0.1304068 0.1682832 0 -3.000041 0.1689143 2.474318
26 0.08318153 0 0 -2.736227E-08 -0.01847157 -0.1349806
27 0.1212126 0 0 -9.084572E-08 -0.03032587 -0.1193639
28 0.1593245 0 0 -9.445175E-10 -0.1673479 -0.1299842
29 0.1638755 -0.02757295 -0.1615473 -1.894351 1.281882 2.30707
30 0.1374714 0 0 0.08679721 0.551026 -0.4392093
31 0.0939494 0.006642963 -0.02764245 -0.1894041 -0.5809808 -0.5542013
32 0.1246999 0 0 -0.1750155 -0.2041983 -0.2245035
33 0.1734372 0 0 0.03017315 -0.1397165 0.01036223
34 0.1265591 -0.04531393 0.1773828 -2.325987 0.7677147 -1.17199
35 -0.1374712 0 0 -0.003631278 0.5571113 -0.6107717
36 -0.06898984 0 0 -0.2472721 -0.3173774 -0.3749746
37 -0.1247 0 0 -0.2580085 0.1767605 -0.1231027
38 -0.1734369 0 0 -0.1348072 0.5361564 0.5645133
39 0.09448445 0.1711765 -0.002049209 -0.09941915 0.1056019 1.553982
40 0.128564 0.1071712 -0.1867254 -1.596992 1.013044 -0.1389274
41 0.0984958 0.02850619 0.1872715 -1.199265 1.038355 -2.817734
42 0.1708579 0.009936064 0 0.0258099 -0.05468481 0.2706941
43 0.0049 0 0 0 0 0
44 0.5171545 -0.2663316 0.2896972 2.456456 -0.7192975 -0.3378889
45 0.1972673 0 0 0.2809857 0.1504013 -1.494628
46 0.05363192 -0.1692977 0 -0.01179124 2.328306E-09 -1.258042
47 0.0006023012 -0.03346459 -0.04911327 -0.004838162 -0.104073 -1.608622
48 0.000602576 -0.03346451 0.0491133 0.004820944 -0.2582893 -1.610414
49 0 -0.00544714 0 -1.536599 0.03968177 -1.578362
50 0.1349337 0.007935909 0.1169305 -0.2247891 -0.2974046 -0.881039
51 0.06775701 0 0 0 0 1.336187
52 0.07025615 0 0 0.008485621 0.02684245 -0.4605436
53 0.05538215 -0.1613821 0 -1.818989E-12 4.908495E-05 -1.435881
54 0.1349336 0.007935909 -0.116931 0.3594845 0.3875535 -0.5399025
55 0.067757 0 0 0 0 1.349826
56 0.0702562 0 0 -0.04072322 -0.1447965 -0.7456415
57 0.0553822 -0.161382 0 1.818989E-12 -5.42615E-05 -1.435881
time 45
0 0 0 0 0 0 0
1 0.02449377 0.3466466 0.01177195 -4.877433E-10 -0.3020589 0.01039884
2 0 0.002591992 0 -1.385911 0.01907557 1.538454
3 0.152 0 0 0.03032755 0.01997209 0.03870388
4 0.05880687 0.02725044 -0.08225372 2.797095 1.343577 1.216099
5 0.159303 0.002208193 0.0009686507 -0.3687912 0.06921264 -0.7405117
6 0.122 0 0 0 0 -1.350605
7 0.1347621 0 0 -0.4804021 0 0
8 0.1343401 0 0 0.8884769 -0.5785519 -0.4762307
9 0.1197383 0 6.123017E-05 0.001768601 -0.005259709 -0.3728327
10 0.04880161 0 0 0 0 -0.2194141
11 0.04874135 -0.0476583 0.06862446 0.797745 -0.5614887 0.1499991
12 0.06127064 0 0 0.07454634 0.2180856 -0.09955539
13 0.1028249 0 0 -0.1176855 -0.09469986 -0.01050035
14 0.05880699 0.02725041 0.0822537 -1.677874 1.373279 -0.1443192
15 -0.1009997 0 0 -1.907334 0.8880736 -1.053035
16 -0.1219999 0 0 1.365969E-06 -3.730286E-06 -0.9099507
17 -0.1347622 0 0 -0.1331491 0 0
18 -0.1343399 0 0 1.32472 0.1205229 0.1653784
19 -0.1197386 0 -6.123033E-05 -0.001372244 -0.005376858 0.2012115
20 -0.04880161 0 0 0 0 -0.707715
21 -0.1889133 0.06475638 -0.0265498 -3.139415 -0.005103788 -0.4518085
22 -0.04874142 0.04765864 -0.06862451 1.787741 -0.276586 -0.7554917
23 -0.06127064 0 0 -0.06257772 0.2217633 -0.7094637
24 -0.1028246 0 0 -0.1176855 -0.09469986 -0.01050035
25 0.1304068 0.1682832 0 -2.997733 0.1667227 2.476303
26 0.08318153 0 0 -2.829325E-08 -0.01747857 -0.1394646
27 0.1212126 0 0 -5.147891E-08 -0.03011347 -0.1147679
28 0.1593245 0 0 3.967825E-08 -0.1686139 -0.1166376
29 0.1636955 -0.0277532 -0.1616181 -1.889432 1.282794 2.309732
30 0.1374714 0 0 0.08679721 0.551026 -0.4392093
31 0.0939494 0.006642963 -0.02764245 -0.1866764 -0.5793845 -0.5611739
32 0.1246999 0 0 -0.1741694 -0.2030405 -0.2289768
33 0.1734372 0 0 0.03005763 -0.1408497 0.01114305
34 0.1264141 -0.04545372 0.1773828 -2.328272 0.7668655 -1.174502
35 -0.1374712 0 0 -0.003631278 0.5571113 -0.6107717
36 -0.06898984 0 0 -0.2475891 -0.3194668 -0.3740297
37 -0.1247 0 0 -0.2580095 0.175878 -0.1229573
38 -0.1734369 0 0 -0.1348457 0.5382362 0.5644082
39 0.09395401 0.1711765 -0.002118957 -0.09941915 0.1003339 1.55181
40 0.128564 0.1071712 -0.1867254 -1.589683 1.020867 -0.1298534
41 0.0984958 0.02850619 0.1872715 -1.201027 1.04998 -2.82111
42 0.1708579 0.009936064 0 0.0227485 -0.05611788 0.2653395
43 0.0049 0 0 0 0 0
44 0.5171545 -0.2663316 0.2896972 2.453907 -0.7199242 -0.3340902
45 0.1972673 0 0 0.2789824 0.1543601 -1.503884
46 0.05363192 -0.1692977 0 -0.006058588 0 -1.257911
47 0.0006023012 -0.03346459 -0.04911327 -0.005913524 -0.09812038 -1.619619
48 0.000602576 -0.03346451 0.0491133 0.005918577 -0.2526638 -1.62181
49 0 -0.00544714 0 -1.53591 0.04128177 -1.579611
50 0.1349337 0.007935909 0.1169305 -0.2338405 -0.2858695 -0.8610144
51 0.06775701 0 0 0 0 1.301129
52 0.07025615 0 0 0.006637109 0.01989699 -0.4477513
53 0.05538215 -0.1613821 0 -1.818989E-12 4.908495E-05 -1.435881
54 0.1349336 0.007935909 -0.116931 0.3671114 0.3854381 -0.5205761
55 0.067757 0 0 0 0 1.30707
56 0.0702562 0 0 -0.04214865 -0.1498185 -0.7207982
57 0.0553822 -0.161382 0 1.818989E-12 -5.42615E-05 -1.435881
time 46
0 0 0 0 0 0 0
1 0.02520785 0.348231 0.01230127 1.596556E-08 -0.3004401 0.01099851
2 0 0.002591992 0 -1.385326 0.02152392 1.538563
3 0.152 0 0 0.03130245 0.0187539 0.03770639
4 0.05880687 0.02725044 -0.08225372 2.80211 1.346071 1.220649
5 0.159303 0.002208193 0.0009686507 -0.366053 0.06941771 -0.7352577
6 0.122 0 0 0 0 -1.355009
7 0.1347621 0 0 -0.4804021 0 0
8 0.1343401 0 0 0.8884769 -0.5785519 -0.4762307
9 0.1197383 0 6.123017E-05 0.001768601 -0.005259709 -0.3728327
10 0.04880161 0 0 0 0 -0.2194141
11 0.04874135 -0.0476583 0.06862446 0.797745 -0.5614887 0.1499991
12 0.06127064 0 0 0.07454634 0.2180856 -0.09955539
13 0.1028249 0 0 -0.1176855 -0.09469986 -0.01050035
14 0.05880699 0.02725041 0.0822537 -1.666144 1.371642 -0.1325889
15 -0.1009997 0 0 -1.902755 0.8833909 -1.049444
16 -0.1219999 0 0 1.365969E-06 -3.730286E-06 -0.9006651
17 -0.1347622 0 0 -0.132686 0 0
18 -0.1343399 0 0 1.325169 0.1205909 0.1599791
19 -0.1197386 0 -6.123033E-05 -0.001372244 -0.005376858 0.2012115
20 -0.04880161 0 0 0 0 -0.707715
21 -0.1889133 0.06475638 -0.0265498 -3.139415 -0.005103788 -0.4518085
22 -0.04874142 0.04765864 -0.06862451 1.787741 -0.276586 -0.7554917
23 -0.06127064 0 0 -0.06257772 0.2217633 -0.7094637
24 -0.1028246 0 0 -0.1176855 -0.09469986 -0.01050035
25 0.1304068 0.1682832 0 -2.995456 0.1645741 2.477732
26 0.08318153 0 0 -9.314486E-10 -0.01644734 -0.1447313
27 0.1212126 0 0 -1.444193E-08 -0.02984006 -0.1108218
28 0.1593245 0 0 -4.535457E-08 -0.1696467 -0.1032794
29 0.1635369 -0.02796639 -0.1616833 -1.884979 1.283663 2.311588
30 0.1374714 0 0 0.08679721 0.551026 -0.4392093
31 0.0939494 0.006642963 -0.02764245 -0.1840387 -0.5776301 -0.5678309
32 0.1246999 0 0 -0.1732743 -0.2015836 -0.2337248
33 0.1734372 0 0 0.03003092 -0.1417836 0.01075513
34 0.1262871 -0.04561655 0.1773828 -2.330412 0.7659431 -1.177502
35 -0.1374712 0 0 -0.003631278 0.5571113 -0.6107717
36 -0.06898984 0 0 -0.2479189 -0.3216024 -0.373089
37 -0.1247 0 0 -0.2580088 0.174821 -0.1227895
38 -0.1734369 0 0 -0.1348809 0.5400089 0.5643154
39 0.09346667 0.1711765 -0.002188791 -0.09941914 0.0948282 1.548322
40 0.128564 0.1071712 -0.1867254 -1.582074 1.030153 -0.120332
41 0.0984958 0.02850619 0.1872715 -1.203823 1.061136 -2.825571
42 0.1708579 0.009936064 0 0.01971963 -0.05764239 0.2594928
43 0.0049 0 0 0 0 0
44 0.5171545 -0.2663316 0.2896972 2.452172 -0.7214223 -0.3314656
45 0.1972673 0 0 0.2771233 0.1583024 -1.512393
46 0.05363192 -0.1692977 0 -0.0002569705 0 -1.257763
47 0.0006023012 -0.03346459 -0.04911327 -0.00696271 -0.09083976 -1.630258
48 0.000602576 -0.03346451 0.0491133 0.006988305 -0.2458043 -1.632821
49 0 -0.00544714 0 -1.535245 0.04314086 -1.580811
50 0.1349337 0.007935909 0.1169305 -0.2423311 -0.2742945 -0.8410046
51 0.06775701 0 0 0 0 1.264747
52 0.07025615 0 0 0.004858051 0.01322924 -0.4339505
53 0.05538215 -0.1613821 0 -1.818989E-12 4.908495E-05 -1.435881
54 0.1349336 0.007935909 -0.116931 0.3749713 0.3823342 -0.5010084
55 0.067757 0 0 0 0 1.263189
56 0.0702562 0 0 -0.04338526 -0.1541723 -0.6952776
57 0.0553822 -0.161382 0 1.818989E-12 -5.42615E-05 -1.435881
time 47
0 0 0 0 0 0 0
1 0.02589125 0.3498044 0.01282984 1.461798E-09 -0.298898 0.01157476
2 0 0.002591992 0 -1.38475 0.02429233 1.53867
3 0.152 0 0 0.03230562 0.01753768 0.03685642
4 0.05880687 0.02725044 -0.08225372 2.806757 1.34851 1.224849
5 0.159303 0.002208193 0.0009686507 -0.3629757 0.06943365 -0.7301426
6 0.122 0 0 0 0 -1.359165
7 0.1347621 0 0 -0.4804021 0 0
8 0.1343401 0 0 0.8884769 -0.5785519 -0.4762307
9 0.1197383 0 6.123017E-05 0.001768601 -0.005259709 -0.3728327
10 0.04880161 0 0 0 0 -0.2194141
11 0.04874135 -0.0476583 0.06862446 0.797745 -0.5614887 0.1499991
12 0.06127064 0 0 0.07454634 0.2180856 -0.09955539
13 0.1028249 0 0 -0.1176855 -0.09469986 -0.01050035
14 0.05880699 0.02725041 0.0822537 -1.654882 1.370116 -0.1213206
15 -0.1009997 0 0 -1.897878 0.8786672 -1.04591
16 -0.1219999 0 0 1.365969E-06 -3.730286E-06 -0.8915933
17 -0.1347622 0 0 -0.1322122 0 0
18 -0.1343399 0 0 1.325703 0.1206401 0.1555496
19 -0.1197386 0 -6.123033E-05 -0.001372244 -0.005376858 0.2012115
20 -0.04880161 0 0 0 0 -0.707715
21 -0.1889133 0.06475638 -0.0265498 -3.139415 -0.005103788 -0.4518085
22 -0.04874142 0.04765864 -0.06862451 1.787741 -0.276586 -0.7554917
23 -0.06127064 0 0 -0.06257772 0.2217633 -0.7094637
24 -0.1028246 0 0 -0.1176855 -0.09469986 -0.01050035
25 0.1304068 0.1682832 0 -2.993219 0.1624754 2.478572
26 0.08318153 0 0 3.492873E-10 -0.01537961 -0.1506961
27 0.1212126 0 0 -2.049802E-08 -0.02950335 -0.1075861
28 0.1593245 0 0 -1.063143E-07 -0.1704433 -0.09002984
29 0.1633992 -0.02819257 -0.1617422 -1.880961 1.284487 2.31268
30 0.1374714 0 0 0.08679721 0.551026 -0.4392093
31 0.0939494 0.006642963 -0.02764245 -0.1815146 -0.5757178 -0.5741175
32 0.1246999 0 0 -0.1723384 -0.1998327 -0.2387038
33 0.1734372 0 0 0.03009461 -0.1425039 0.009119703
34 0.1261775 -0.04578394 0.1773828 -2.332393 0.7649467 -1.180947
35 -0.1374712 0 0 -0.003631278 0.5571113 -0.6107717
36 -0.06898984 0 0 -0.2482592 -0.3237769 -0.372153
37 -0.1247 0 0 -0.2580078 0.1735972 -0.1225999
38 -0.1734369 0 0 -0.1349123 0.5414628 0.5642341
39 0.09300118 0.1711765 -0.002258651 -0.09941914 0.08910073 1.543632
40 0.128564 0.1071712 -0.1867254 -1.573752 1.040371 -0.1096377
41 0.0984958 0.02850619 0.1872715 -1.207713 1.07173 -2.831161
42 0.1708579 0.009936064 0 0.01672974 -0.05920016 0.2532091
43 0.0049 0 0 0 0 0
44 0.5171545 -0.2663316 0.2896972 2.451272 -0.7238948 -0.3300554
45 0.1972673 0 0 0.2754319 0.162196 -1.520046
46 0.05363192 -0.1692977 0 0.005599774 -2.328306E-10 -1.257606
47 0.0006023012 -0.03346459 -0.04911327 -0.00798209 -0.08232082 -1.640474
48 0.000602576 -0.03346451 0.0491133 0.008026625 -0.2378041 -1.643374
49 0 -0.00544714 0 -1.534605 0.04523362 -1.58196
50 0.1349337 0.007935909 0.1169305 -0.250262 -0.2627749 -0.8211684
51 0.06775701 0 0 0 0 1.227258
52 0.07025615 0 0 0.003152139 0.006863054 -0.4193265
53 0.05538215 -0.1613821 0 -1.818989E-12 4.908495E-05 -1.435881
54 0.1349336 0.007935909 -0.116931 0.3829748 0.3782253 -0.4813706
55 0.067757 0 0 0 0 1.218405
56 0.0702562 0 0 -0.04452564 -0.1579337 -0.6693265
57 0.0553822 -0.161382 0 1.818989E-12 -5.42615E-05 -1.435881
time 48
0 0 0 0 0 0 0
1 0.02654198 0.3513537 0.01335665 -1.095854E-09 -0.2974292 0.01212574
2 0 0.002591992 0 -1.384183 0.0273462 1.538773
3 0.152 0 0 0.03334385 0.01633109 0.03617919
4 0.05880687 0.02725044 -0.08225372 2.810983 1.350871 1.228649
5 0.159303 0.002208193 0.0009686507 -0.3595558 0.06923886 -0.7252041
6 0.122 0 0 0 0 -1.363029
7 0.1347621 0 0 -0.4804021 0 0
8 0.1343401 0 0 0.8884769 -0.5785519 -0.4762307
9 0.1197383 0 6.123017E-05 0.001768601 -0.005259709 -0.3728327
10 0.04880161 0 0 0 0 -0.2194141
11 0.04874135 -0.0476583 0.06862446 0.797745 -0.5614887 0.1499991
12 0.06127064 0 0 0.07454634 0.2180856 -0.09955539
13 0.1028249 0 0 -0.1176855 -0.09469986 -0.01050035
14 0.05880699 0.02725041 0.0822537 -1.644135 1.368716 -0.1105619
15 -0.1009997 0 0 -1.892739 0.8739408 -1.042468
16 -0.1219999 0 0 1.365969E-06 -3.730285E-06 -0.8828238
17 -0.1347622 0 0 -0.1317367 0 0
18 -0.1343399 0 0 1.326326 0.1206711 0.1521781
19 -0.1197386 0 -6.123033E-05 -0.001372244 -0.005376858 0.2012115
20 -0.04880161 0 0 0 0 -0.707715
21 -0.1889133 0.06475638 -0.0265498 -3.139415 -0.005103788 -0.4518085
22 -0.04874142 0.04765864 -0.06862451 1.787741 -0.276586 -0.7554917
23 -0.06127064 0 0 -0.06257772 0.2217633 -0.7094637
24 -0.1028246 0 0 -0.1176855 -0.09469986 -0.01050035
25 0.1304068 0.1682832 0 -2.991031 0.1604341 2.478788
26 0.08318153 0 0 -3.411317E-08 -0.014278 -0.1572804
27 0.1212126 0 0 9.550101E-09 -0.02910354 -0.1051303
28 0.1593245 0 0 -6.379472E-08 -0.1709998 -0.07700806
29 0.1632814 -0.02841054 -0.1617943 -1.877344 1.285265 2.313052
30 0.1374714 0 0 0.08679721 0.551026 -0.4392093
31 0.0939494 0.006642963 -0.02764245 -0.1791275 -0.5736488 -0.5799789
32 0.1246999 0 0 -0.1713691 -0.1977912 -0.243869
33 0.1734372 0 0 0.03025083 -0.1429981 0.00628367
34 0.1260845 -0.04593699 0.1773828 -2.334202 0.7638752 -1.184798
35 -0.1374712 0 0 -0.003631278 0.5571113 -0.6107717
36 -0.06898984 0 0 -0.2486099 -0.3259874 -0.3712258
37 -0.1247 0 0 -0.258009 0.172215 -0.1223893
38 -0.1734369 0 0 -0.13494 0.5425881 0.5641655
39 0.09253499 0.1711765 -0.002328474 -0.09941915 0.0831674 1.537854
40 0.128564 0.1071712 -0.1867254 -1.564548 1.051197 -0.09803306
41 0.0984958 0.02850619 0.1872715 -1.212756 1.08167 -2.837924
42 0.1708579 0.009936064 0 0.01378479 -0.06071366 0.2465355
43 0.0049 0 0 0 0 0
44 0.5171545 -0.2663316 0.2896972 2.451225 -0.7273567 -0.3298999
45 0.1972673 0 0 0.2739322 0.1660085 -1.526738
46 0.05363192 -0.1692977 0 0.01149788 -4.656613E-10 -1.257446
47 0.0006023012 -0.03346459 -0.04911327 -0.008967995 -0.07265317 -1.650197
48 0.000602576 -0.03346451 0.0491133 0.009029971 -0.2287566 -1.653395
49 0 -0.00544714 0 -1.533993 0.04753431 -1.583055
50 0.1349337 0.007935909 0.1169305 -0.2576341 -0.2514054 -0.8016629
51 0.06775701 0 0 0 0 1.188881
52 0.07025615 0 0 0.001523056 0.0008221409 -0.404059
53 0.05538215 -0.1613821 0 -1.818989E-12 4.908495E-05 -1.435881
54 0.1349336 0.007935909 -0.116931 0.3910308 0.3732273 -0.461832
55 0.067757 0 0 0 0 1.172937
56 0.0702562 0 0 -0.04557404 -0.1613249 -0.6431924
57 0.0553822 -0.161382 0 1.818989E-12 -5.42615E-05 -1.435881
time 49
0 0 0 0 0 0 0
1 0.02715808 0.3528655 0.01388067 1.131901E-08 -0.296039 0.01264991
2 0 0.002591992 0 -1.383628 0.03065038 1.538874
3 0.152 0 0 0.03441574 0.01513649 0.03568945
4 0.05880687 0.02725044 -0.08225372 2.814741 1.353132 1.232008
5 0.159303 0.002208193 0.0009686507 -0.3558972 0.06881186 -0.7204984
6 0.122 0 0 0 0 -1.366557
7 0.1347621 0 0 -0.4804021 0 0
8 0.1343401 0 0 0.8884769 -0.5785519 -0.4762307
9 0.1197383 0 6.123017E-05 0.001768601 -0.005259709 -0.3728327
10 0.04880161 0 0 0 0 -0.2194141
11 0.04874135 -0.0476583 0.06862446 0.797745 -0.5614887 0.1499991
12 0.06127064 0 0 0.07454634 0.2180856 -0.09955539
13 0.1028249 0 0 -0.1176855 -0.09469986 -0.01050035
14 0.05880699 0.02725041 0.0822537 -1.6339 1.367462 -0.1003127
15 -0.1009997 0 0 -1.887379 0.8692504 -1.039158
16 -0.1219999 0 0 1.365969E-06 -3.730286E-06 -0.8744455
17 -0.1347622 0 0 -0.1312541 0 0
18 -0.1343399 0 0 1.32704 0.1206842 0.1499527
19 -0.1197386 0 -6.123033E-05 -0.001372244 -0.005376858 0.2012115
20 -0.04880161 0 0 0 0 -0.707715
21 -0.1889133 0.06475638 -0.0265498 -3.139415 -0.005103788 -0.4518085
22 -0.04874142 0.04765864 -0.06862451 1.787741 -0.276586 -0.7554917
23 -0.06127064 0 0 -0.06257772 0.2217633 -0.7094637
24 -0.1028246 0 0 -0.1176855 -0.09469986 -0.01050035
25 0.1304068 0.1682832 0 -2.988902 0.1584566 2.478346
26 0.08318153 0 0 -8.033352E-09 -0.01314637 -0.1644206
27 0.1212126 0 0 -4.483828E-08 -0.02863702 -0.1035099
28 0.1593245 0 0 -9.02625E-08 -0.1713071 -0.06433058
29 0.1631827 -0.02861996 -0.1618392 -1.874093 1.285995 2.312749
30 0.1374714 0 0 0.08679721 0.551026 -0.4392093
31 0.0939494 0.006642963 -0.02764245 -0.1769012 -0.5714237 -0.5853611
32 0.1246999 0 0 -0.1703741 -0.1954632 -0.2491759
33 0.1734372 0 0 0.03050236 -0.1432577 0.002497033
34 0.1260075 -0.04607602 0.1773828 -2.335824 0.7627276 -1.189015
35 -0.1374712 0 0 -0.003631278 0.5571113 -0.6107717
36 -0.06898984 0 0 -0.248968 -0.3282251 -0.3703063
37 -0.1247 0 0 -0.2580074 0.1706788 -0.1221547
38 -0.1734369 0 0 -0.1349639 0.5432926 0.564109
39 0.09206861 0.1711765 -0.002398199 -0.09941915 0.07704403 1.531103
40 0.128564 0.1071712 -0.1867254 -1.55449 1.062405 -0.08556769
41 0.0984958 0.02850619 0.1872715 -1.21901 1.090862 -2.845902
42 0.1708579 0.009936064 0 0.01089111 -0.06217117 0.239525
43 0.0049 0 0 0 0 0
44 0.5171545 -0.2663316 0.2896972 2.452052 -0.731729 -0.3310395
45 0.1972673 0 0 0.2726479 0.1697075 -1.532359
46 0.05363192 -0.1692977 0 0.01742352 -2.793968E-09 -1.257291
47 0.0006023012 -0.03346459 -0.04911327 -0.00991677 -0.06192647 -1.659363
48 0.000602576 -0.03346451 0.0491133 0.009994846 -0.2187552 -1.662815
49 0 -0.00544714 0 -1.533454 0.05001777 -1.584091
50 0.1349337 0.007935909 0.1169305 -0.2644482 -0.2402817 -0.7826463
51 0.06775701 0 0 0 0 1.149783
52 0.07025615 0 0 -2.549526E-05 -0.004869623 -0.388334
53 0.05538215 -0.1613821 0 -1.818989E-12 4.908495E-05 -1.435881
54 0.1349336 0.007935909 -0.116931 0.3990494 0.3675244 -0.4425635
55 0.067757 0 0 0 0 1.127007
56 0.0702562 0 0 -0.04653473 -0.1643694 -0.6171244
57 0.0553822 -0.161382 0 1.818989E-12 -5.42615E-05 -1.435881
time 50
0 0 0 0 0 0 0
1 0.02773759 0.3543267 0.01440089 5.961414E-09 -0.2947358 0.0131459
2 0 0.002591992 0 -1.383086 0.0341698 1.53897
3 0.152 0 0 0.03550331 0.01394989 0.03538538
4 0.05880687 0.02725044 -0.08225372 2.817983 1.355273 1.234882
5 0.159303 0.002208193 0.0009686507 -0.3520275 0.06813106 -0.7161171
6 0.122 0 0 0 0 -1.369702
7 0.1347621 0 0 -0.4804021 0 0
8 0.1343401 0 0 0.8884769 -0.5785519 -0.4762307
9 0.1197383 0 6.123017E-05 0.001768601 -0.005259709 -0.3728327
10 0.04880161 0 0 0 0 -0.2194141
11 0.04874135 -0.0476583 0.06862446 0.797745 -0.5614887 0.1499991
12 0.06127064 0 0 0.07454634 0.2180856 -0.09955539
13 0.1028249 0 0 -0.1176855 -0.09469986 -0.01050035
14 0.05880699 0.02725041 0.0822537 -1.624232 1.366368 -0.09063032
15 -0.1009997 0 0 -1.881837 0.8646341 -1.036014
16 -0.1219999 0 0 1.365968E-06 -3.730285E-06 -0.8665463
17 -0.1347622 0 0 -0.1307642 0 0
18 -0.1343399 0 0 1.327849 0.12068 0.1489616
19 -0.1197386 0 -6.123033E-05 -0.001372244 -0.005376858 0.2012115
20 -0.04880161 0 0 0 0 -0.707715
21 -0.1889133 0.06475638 -0.0265498 -3.139415 -0.005103788 -0.4518085
22 -0.04874142 0.04765864 -0.06862451 1.787741 -0.276586 -0.7554917
23 -0.06127064 0 0 -0.06257772 0.2217633 -0.7094637
24 -0.1028246 0 0 -0.1176855 -0.09469986 -0.01050035
25 0.1304068 0.1682832 0 -2.98684 0.1565508 2.477229
26 0.08318153 0 0 -3.841981E-09 -0.01198626 -0.1720276
27 0.1212126 0 0 -9.561474E-08 -0.02810384 -0.1027938
28 0.1593245 0 0 -1.41775E-08 -0.1713644 -0.05211765
29 0.1631024 -0.02882047 -0.1618762 -1.871177 1.286677 2.311811
30 0.1374714 0 0 0.08679721 0.551026 -0.4392093
31 0.0939494 0.006642963 -0.02764245 -0.1748593 -0.569045 -0.5902109
32 0.1246999 0 0 -0.1693622 -0.1928545 -0.2545818
33 0.1734372 0 0 0.03085361 -0.1432811 -0.002161026
34 0.1259457 -0.04620137 0.1773828 -2.337332 0.7615032 -1.193557
35 -0.1374712 0 0 -0.003631278 0.5571113 -0.6107717
36 -0.06898984 0 0 -0.2493322 -0.3304846 -0.3693965
37 -0.1247 0 0 -0.2580087 0.1689983 -0.1218986
38 -0.1734369 0 0 -0.1349837 0.5435075 0.5640668
39 0.09160256 0.1711765 -0.002467765 -0.09941914 0.07074656 1.523492
40 0.128564 0.1071712 -0.1867254 -1.543604 1.073765 -0.07228991
41 0.0984958 0.02850619 0.1872715 -1.226534 1.099214 -2.855139
42 0.1708579 0.009936064 0 0.008054957 -0.06356005 0.2322276
43 0.0049 0 0 0 0 0
44 0.5171545 -0.2663316 0.2896972 2.453772 -0.7369325 -0.3335144
45 0.1972673 0 0 0.2716028 0.1732606 -1.536803
46 0.05363192 -0.1692977 0 0.02336289 -2.793968E-09 -1.257149
47 0.0006023012 -0.03346459 -0.04911327 -0.01082477 -0.05023035 -1.667903
48 0.000602576 -0.03346451 0.0491133 0.01091776 -0.2078931 -1.67156
49 0 -0.00544714 0 -1.53298 0.05265833 -1.585066
50 0.1349337 0.007935909 0.1169305 -0.2707053 -0.2294985 -0.7642763
51 0.06775701 0 0 0 0 1.110422
52 0.07025615 0 0 -0.001489828 -0.01018843 -0.3723352
53 0.05538215 -0.1613821 0 -1.818989E-12 4.908495E-05 -1.435881
54 0.1349336 0.007935909 -0.116931 0.4069396 0.361299 -0.4237342
55 0.067757 0 0 0 0 1.080744
56 0.0702562 0 0 -0.04741208 -0.1670885 -0.591366
57 0.0553822 -0.161382 0 1.818989E-12 -5.42615E-05 -1.435881
time 51
0 0 0 0 0 0 0
1 0.02827855 0.3557239 0.01491628 1.653987E-08 -0.2935197 0.01361194
2 0 0.002591992 0 -1.382559 0.03786974 1.539064
3 0.152 0 0 0.0366218 0.01278102 0.03529942
4 0.05880687 0.02725044 -0.08225372 2.820677 1.357269 1.237241
5 0.159303 0.002208193 0.0009686507 -0.3479742 0.06717481 -0.7121486
6 0.122 0 0 0 0 -1.372421
7 0.1347621 0 0 -0.4804021 0 0
8 0.1343401 0 0 0.8884769 -0.5785519 -0.4762307
9 0.1197383 0 6.123017E-05 0.001768601 -0.005259709 -0.3728327
10 0.04880161 0 0 0 0 -0.2194141
11 0.04874135 -0.0476583 0.06862446 0.797745 -0.5614887 0.1499991
12 0.06127064 0 0 0.07454634 0.2180856 -0.09955539
13 0.1028249 0 0 -0.1176855 -0.09469986 -0.01050035
14 0.05880699 0.02725041 0.0822537 -1.615191 1.365451 -0.08157378
15 -0.1009997 0 0 -1.876152 0.8601304 -1.033077
16 -0.1219999 0 0 1.365969E-06 -3.730286E-06 -0.8592152
17 -0.1347622 0 0 -0.130267 0 0
18 -0.1343399 0 0 1.328756 0.1206587 0.1491284
19 -0.1197386 0 -6.123033E-05 -0.001372244 -0.005376858 0.2012115
20 -0.04880161 0 0 0 0 -0.707715
21 -0.1889133 0.06475638 -0.0265498 -3.139415 -0.005103788 -0.4518085
22 -0.04874142 0.04765864 -0.06862451 1.787741 -0.276586 -0.7554917
23 -0.06127064 0 0 -0.06257772 0.2217633 -0.7094637
24 -0.1028246 0 0 -0.1176855 -0.09469986 -0.01050035
25 0.1304068 0.1682832 0 -2.984854 0.1547235 2.475476
26 0.08318153 0 0 -1.292285E-08 -0.01080048 -0.1800258
27 0.1212126 0 0 -4.204183E-08 -0.02750457 -0.1030529
28 0.1593245 0 0 -2.079293E-08 -0.1711603 -0.04048546
29 0.1630397 -0.02901172 -0.1619048 -1.868561 1.287308 2.310284
30 0.1374714 0 0 0.08679721 0.551026 -0.4392093
31 0.0939494 0.006642963 -0.02764245 -0.1730251 -0.5665115 -0.5944718
32 0.1246999 0 0 -0.1683399 -0.1899671 -0.2600401
33 0.1734372 0 0 0.031307 -0.1430579 -0.007611707
34 0.1258986 -0.04631335 0.1773828 -2.338735 0.7602381 -1.198383
35 -0.1374712 0 0 -0.003631278 0.5571113 -0.6107717
36 -0.06898984 0 0 -0.2497015 -0.332761 -0.3684989
37 -0.1247 0 0 -0.2580077 0.1671779 -0.1216179
38 -0.1734369 0 0 -0.1349993 0.5432462 0.5640363
39 0.09113739 0.1711765 -0.00253711 -0.09941913 0.06429084 1.515137
40 0.128564 0.1071712 -0.1867254 -1.531914 1.085052 -0.05824893
41 0.0984958 0.02850619 0.1872715 -1.235388 1.106632 -2.865678
42 0.1708579 0.009936064 0 0.005282543 -0.06486879 0.2246972
43 0.0049 0 0 0 0 0
44 0.5171545 -0.2663316 0.2896972 2.456406 -0.7428882 -0.3373649
45 0.1972673 0 0 0.2708206 0.1766357 -1.539963
46 0.05363192 -0.1692977 0 0.02930216 -5.587935E-09 -1.257025
47 0.0006023012 -0.03346459 -0.04911327 -0.01168834 -0.03765444 -1.67575
48 0.000602576 -0.03346451 0.0491133 0.01179508 -0.1962636 -1.679557
49 0 -0.00544714 0 -1.532572 0.05543066 -1.585976
50 0.1349337 0.007935909 0.1169305 -0.2764066 -0.2191517 -0.7467116
51 0.06775701 0 0 0 0 1.071447
52 0.07025615 0 0 -0.002866245 -0.01511059 -0.356249
53 0.05538215 -0.1613821 0 -1.818989E-12 4.908495E-05 -1.435881
54 0.1349336 0.007935909 -0.116931 0.4146122 0.3547364 -0.4055157
55 0.067757 0 0 0 0 1.034643
56 0.0702562 0 0 -0.04821029 -0.1695056 -0.5661662
57 0.0553822 -0.161382 0 1.818989E-12 -5.42615E-05 -1.435881
time 52
0 0 0 0 0 0 0
1 0.02877898 0.3570441 0.01542583 -2.917816E-09 -0.2924016 0.01404677
2 0 0.002591992 0 -1.382049 0.04171493 1.539154
3 0.152 0 0 0.03775368 0.01162711 0.03543098
4 0.05880687 0.02725044 -0.08225372 2.822648 1.3591 1.238911
5 0.159303 0.002208193 0.0009686507 -0.3437653 0.06592162 -0.7086827
6 0.122 0 0 0 0 -1.374669
7 0.1347621 0 0 -0.4804021 0 0
8 0.1343401 0 0 0.8884769 -0.5785519 -0.4762307
9 0.1197383 0 6.123017E-05 0.001768601 -0.005259709 -0.3728327
10 0.04880161 0 0 0 0 -0.2194141
11 0.04874135 -0.0476583 0.06862446 0.797745 -0.5614887 0.1499991
12 0.06127064 0 0 0.07454634 0.2180856 -0.09955539
13 0.1028249 0 0 -0.1176855 -0.09469986 -0.01050035
14 0.05880699 0.02725041 0.0822537 -1.606837 1.364729 -0.07320283
15 -0.1009997 0 0 -1.870363 0.8557779 -1.03038
16 -0.1219999 0 0 1.365969E-06 -3.730285E-06 -0.8525403
17 -0.1347622 0 0 -0.1297678 0 0
18 -0.1343399 0 0 1.329764 0.1206209 0.1500738
19 -0.1197386 0 -6.123033E-05 -0.001372244 -0.005376858 0.2012115
20 -0.04880161 0 0 0 0 -0.707715
21 -0.1889133 0.06475638 -0.0265498 -3.139415 -0.005103788 -0.4518085
22 -0.04874142 0.04765864 -0.06862451 1.787741 -0.276586 -0.7554917
23 -0.06127064 0 0 -0.06257772 0.2217633 -0.7094637
24 -0.1028246 0 0 -0.1176855 -0.09469986 -0.01050035
25 0.1304068 0.1682832 0 -2.982952 0.152982 2.473137
26 0.08318153 0 0 -1.105996E-09 -0.009591988 -0.1883435
27 0.1212126 0 0 -5.811217E-08 -0.0268347 -0.1043394
28 0.1593245 0 0 -3.780226E-08 -0.1706906 -0.02955329
29 0.1629937 -0.02919336 -0.1619245 -1.866212 1.287888 2.308212
30 0.1374714 0 0 0.08679721 0.551026 -0.4392093
31 0.0939494 0.006642963 -0.02764245 -0.1714224 -0.5638261 -0.5980915
32 0.1246999 0 0 -0.1673152 -0.1868057 -0.2655069
33 0.1734372 0 0 0.03186523 -0.1425786 -0.01377597
34 0.1258654 -0.04641227 0.1773828 -2.340039 0.7589484 -1.203453
35 -0.1374712 0 0 -0.003631278 0.5571113 -0.6107717
36 -0.06898984 0 0 -0.2500733 -0.3350467 -0.3676135
37 -0.1247 0 0 -0.2580087 0.1652268 -0.1213144
38 -0.1734369 0 0 -0.1350109 0.5425262 0.5640203
39 0.09067359 0.1711765 -0.002606173 -0.09941915 0.05769281 1.506151
40 0.128564 0.1071712 -0.1867254 -1.519449 1.096038 -0.04349433
41 0.0984958 0.02850619 0.1872715 -1.245628 1.113024 -2.877561
42 0.1708579 0.009936064 0 0.002580137 -0.06608463 0.2169833
43 0.0049 0 0 0 0 0
44 0.5171545 -0.2663316 0.2896972 2.459973 -0.7495171 -0.3425223
45 0.1972673 0 0 0.2703253 0.1798002 -1.54173
46 0.05363192 -0.1692977 0 0.03522756 0 -1.256928
47 0.0006023012 -0.03346459 -0.04911327 -0.01250381 -0.0242884 -1.68284
48 0.000602576 -0.03346451 0.0491133 0.01262334 -0.18396 -1.686734
49 0 -0.00544714 0 -1.532226 0.05830924 -1.586819
50 0.1349337 0.007935909 0.1169305 -0.2815528 -0.2093359 -0.7301096
51 0.06775701 0 0 0 0 1.033504
52 0.07025615 0 0 -0.004151061 -0.01961207 -0.3402529
53 0.05538215 -0.1613821 0 -1.818989E-12 4.908495E-05 -1.435881
54 0.1349336 0.007935909 -0.116931 0.4219753 0.3480183 -0.3880765
55 0.067757 0 0 0 0 0.9894794
56 0.0702562 0 0 -0.04893364 -0.1716432 -0.5417726
57 0.0553822 -0.161382 0 1.818989E-12 -5.42615E-05 -1.435881
time 53
0 0 0 0 0 0 0
1 0.02923693 0.3582739 0.01592852 2.18769E-09 -0.2913788 0.01444849
2 0 0.002591992 0 -1.381556 0.04567041 1.539239
3 0.152 0 0 0.03892452 0.01049855 0.03582053
4 0.05880687 0.02725044 -0.08225372 2.823628 1.360744 1.239634
5 0.159303 0.002208193 0.0009686507 -0.339428 0.06434989 -0.7058075
6 0.122 0 0 0 0 -1.3764
7 0.1347621 0 0 -0.4804021 0 0
8 0.1343401 0 0 0.8884769 -0.5785519 -0.4762307
9 0.1197383 0 6.123017E-05 0.001768601 -0.005259709 -0.3728327
10 0.04880161 0 0 0 0 -0.2194141
11 0.04874135 -0.0476583 0.06862446 0.797745 -0.5614887 0.1499991
12 0.06127064 0 0 0.07454634 0.2180856 -0.09955539
13 0.1028249 0 0 -0.1176855 -0.09469986 -0.01050035
14 0.05880699 0.02725041 0.0822537 -1.599227 1.364218 -0.06557605
15 -0.1009997 0 0 -1.86451 0.8516147 -1.027962
16 -0.1219999 0 0 1.365969E-06 -3.730286E-06 -0.8466105
17 -0.1347622 0 0 -0.1292686 0 0
18 -0.1343399 0 0 1.330875 0.120567 0.1517688
19 -0.1197386 0 -6.123033E-05 -0.001372244 -0.005376858 0.2012115
20 -0.04880161 0 0 0 0 -0.707715
21 -0.1889133 0.06475638 -0.0265498 -3.139415 -0.005103788 -0.4518085
22 -0.04874142 0.04765864 -0.06862451 1.787741 -0.276586 -0.7554917
23 -0.06127064 0 0 -0.06257772 0.2217633 -0.7094637
24 -0.1028246 0 0 -0.1176855 -0.09469986 -0.01050035
25 0.1304068 0.1682832 0 -2.981145 0.1513331 2.470259
26 0.08318153 0 0 -2.048981E-08 -0.008362907 -0.1968938
27 0.1212126 0 0 -4.192379E-09 -0.02609527 -0.1065071
28 0.1593245 0 0 -4.665623E-08 -0.169951 -0.01943987
29 0.1629636 -0.02936505 -0.1619347 -1.864172 1.288415 2.305635
30 0.1374714 0 0 0.08679721 0.551026 -0.4392093
31 0.0939494 0.006642963 -0.02764245 -0.1700747 -0.560989 -0.6010151
32 0.1246999 0 0 -0.1662963 -0.1833747 -0.2709384
33 0.1734372 0 0 0.03253033 -0.1418313 -0.02057418
34 0.1258455 -0.04649847 0.1773828 -2.34125 0.7576377 -1.208726
35 -0.1374712 0 0 -0.003631278 0.5571113 -0.6107717
36 -0.06898984 0 0 -0.2504464 -0.3373364 -0.3667424
37 -0.1247 0 0 -0.2580084 0.1631502 -0.1209858
38 -0.1734369 0 0 -0.1350181 0.5413633 0.5640185
39 0.09021169 0.1711765 -0.002674891 -0.09941913 0.05096825 1.496649
40 0.128564 0.1071712 -0.1867254 -1.506234 1.106495 -0.02807446
41 0.0984958 0.02850619 0.1872715 -1.257317 1.118297 -2.890833
42 0.1708579 0.009936064 0 -4.602459E-05 -0.06719584 0.2091387
43 0.0049 0 0 0 0 0
44 0.5171545 -0.2663316 0.2896972 2.464433 -0.7567403 -0.3487994
45 0.1972673 0 0 0.2701404 0.1827218 -1.541999
46 0.05363192 -0.1692977 0 0.04112525 3.72529E-09 -1.256864
47 0.0006023012 -0.03346459 -0.04911327 -0.01326752 -0.01022185 -1.689101
48 0.000602576 -0.03346451 0.0491133 0.013399 -0.1710757 -1.693019
49 0 -0.00544714 0 -1.531943 0.06126866 -1.58759
50 0.1349337 0.007935909 0.1169305 -0.2861449 -0.2001462 -0.7146276
51 0.06775701 0 0 0 0 0.9972398
52 0.07025615 0 0 -0.005340591 -0.02366947 -0.3245378
53 0.05538215 -0.1613821 0 -1.818989E-12 4.908495E-05 -1.435881
54 0.1349336 0.007935909 -0.116931 0.42894 0.3413295 -0.371588
55 0.067757 0 0 0 0 0.9460269
56 0.0702562 0 0 -0.04958645 -0.1735242 -0.5184321
57 0.0553822 -0.161382 0 1.818989E-12 -5.42615E-05 -1.435881
time 54
0 0 0 0 0 0 0
1 0.02965043 0.3594001 0.01642332 5.346214E-09 -0.290459 0.01481571
2 0 0.002591992 0 -1.381084 0.04970117 1.539321
3 0.152 0 0 0.04009308 0.009387307 0.03644619
4 0.05880687 0.02725044 -0.08225372 2.823354 1.362179 1.239153
5 0.159303 0.002208193 0.0009686507 -0.3349899 0.06243813 -0.7036116
6 0.122 0 0 0 0 -1.37757
7 0.1347621 0 0 -0.4804021 0 0
8 0.1343401 0 0 0.8884769 -0.5785519 -0.4762307
9 0.1197383 0 6.123017E-05 0.001768601 -0.005259709 -0.3728327
10 0.04880161 0 0 0 0 -0.2194141
11 0.04874135 -0.0476583 0.06862446 0.797745 -0.5614887 0.1499991
12 0.06127064 0 0 0.07454634 0.2180856 -0.09955539
13 0.1028249 0 0 -0.1176855 -0.09469986 -0.01050035
14 0.05880699 0.02725041 0.0822537 -1.59242 1.363935 -0.05875256
15 -0.1009997 0 0 -1.858631 0.8476796 -1.02586
16 -0.1219999 0 0 1.365969E-06 -3.730285E-06 -0.8415141
17 -0.1347622 0 0 -0.1287638 0 0
18 -0.1343399 0 0 1.332093 0.1204974 0.1541845
19 -0.1197386 0 -6.123033E-05 -0.001372244 -0.005376858 0.2012115
20 -0.04880161 0 0 0 0 -0.707715
21 -0.1889133 0.06475638 -0.0265498 -3.139415 -0.005103788 -0.4518085
22 -0.04874142 0.04765864 -0.06862451 1.787741 -0.276586 -0.7554917
23 -0.06127064 0 0 -0.06257772 0.2217633 -0.7094637
24 -0.1028246 0 0 -0.1176855 -0.09469986 -0.01050035
25 0.1304068 0.1682832 0 -2.97944 0.1497844 2.466891
26 0.08318153 0 0 -3.608966E-09 -0.007116498 -0.2056139
27 0.1212126 0 0 -8.803811E-08 -0.02528106 -0.1093486
28 0.1593245 0 0 -1.653353E-09 -0.1689431 -0.010264
29 0.1629486 -0.02952643 -0.1619349 -1.862497 1.288888 2.3026
30 0.1374714 0 0 0.08679721 0.551026 -0.4392093
31 0.0939494 0.006642963 -0.02764245 -0.1690057 -0.5580009 -0.6031877
32 0.1246999 0 0 -0.1652913 -0.1796791 -0.276291
33 0.1734372 0 0 0.03330589 -0.1408109 -0.02792737
34 0.1258381 -0.04657226 0.1773828 -2.342374 0.7563095 -1.214162
35 -0.1374712 0 0 -0.003631278 0.5571113 -0.6107717
36 -0.06898984 0 0 -0.2508192 -0.339624 -0.3658869
37 -0.1247 0 0 -0.2580086 0.1609559 -0.1206328
38 -0.1734369 0 0 -0.1350208 0.5397726 0.5640309
39 0.08975221 0.1711765 -0.002743204 -0.09941912 0.04413314 1.486744
40 0.128564 0.1071712 -0.1867254 -1.492293 1.116196 -0.01203908
41 0.0984958 0.02850619 0.1872715 -1.27051 1.122358 -2.905537
42 0.1708579 0.009936064 0 -0.002589813 -0.06819107 0.2014003
43 0.0049 0 0 0 0 0
44 0.5171545 -0.2663316 0.2896972 2.469666 -0.7644781 -0.3560605
45 0.1972673 0 0 0.2702898 0.185368 -1.540662
46 0.05363192 -0.1692977 0 0.04698145 -7.450581E-09 -1.256841
47 0.0006023012 -0.03346459 -0.04911327 -0.01397583 0.004455569 -1.694874
48 0.000602576 -0.03346451 0.0491133 0.01411854 -0.157704 -1.698488
49 0 -0.00544714 0 -1.531718 0.06428332 -1.588287
50 0.1349337 0.007935909 0.1169305 -0.2901837 -0.191678 -0.7004238
51 0.06775701 0 0 0 0 0.9633
52 0.07025615 0 0 -0.006431101 -0.02725824 -0.3097754
53 0.05538215 -0.1613821 0 -1.818989E-12 4.908495E-05 -1.435881
54 0.1349336 0.007935909 -0.116931 0.4354153 0.3348532 -0.3562198
55 0.067757 0 0 0 0 0.905059
56 0.0702562 0 0 -0.05017301 -0.1751705 -0.4963901
57 0.0553822 -0.161382 0 1.818989E-12 -5.42615E-05 -1.435881
time 55
0 0 0 0 0 0 0
1 0.03001751 0.3604095 0.01690922 -4.859018E-10 -0.2896477 0.01514691
2 0 0.002591992 0 -1.380633 0.05377225 1.539398
3 0.152 0 0 0.04127997 0.008301933 0.03734356
4 0.05880687 0.02725044 -0.08225372 2.82156 1.363383 1.237209
5 0.159303 0.002208193 0.0009686507 -0.3304785 0.06016578 -0.7021839
6 0.122 0 0 0 0 -1.378134
7 0.1347621 0 0 -0.4804021 0 0
8 0.1343401 0 0 0.8884769 -0.5785519 -0.4762307
9 0.1197383 0 6.123017E-05 0.001768601 -0.005259709 -0.3728327
10 0.04880161 0 0 0 0 -0.2194141
11 0.04874135 -0.0476583 0.06862446 0.797745 -0.5614887 0.1499991
12 0.06127064 0 0 0.07454634 0.2180856 -0.09955539
13 0.1028249 0 0 -0.1176855 -0.09469986 -0.01050035
14 0.05880699 0.02725041 0.0822537 -1.586474 1.363896 -0.05279084
15 -0.1009997 0 0 -1.852767 0.8440108 -1.024112
16 -0.1219999 0 0 1.365969E-06 -3.730286E-06 -0.8373396
17 -0.1347622 0 0 -0.1282569 0 0
18 -0.1343399 0 0 1.333423 0.1204125 0.1572919
19 -0.1197386 0 -6.123033E-05 -0.001372244 -0.005376858 0.2012115
20 -0.04880161 0 0 0 0 -0.707715
21 -0.1889133 0.06475638 -0.0265498 -3.139415 -0.005103788 -0.4518085
22 -0.04874142 0.04765864 -0.06862451 1.787741 -0.276586 -0.7554917
23 -0.06127064 0 0 -0.06257772 0.2217633 -0.7094637
24 -0.1028246 0 0 -0.1176855 -0.09469986 -0.01050035
25 0.1304068 0.1682832 0 -2.977848 0.1483427 2.463083
26 0.08318153 0 0 8.731299E-10 -0.005854927 -0.2144159
27 0.1212126 0 0 -1.14121E-08 -0.02439636 -0.1128382
28 0.1593245 0 0 -2.553278E-09 -0.1676475 -0.002142833
29 0.1629479 -0.02967715 -0.1619246 -1.861164 1.289305 2.299149
30 0.1374714 0 0 0.08679721 0.551026 -0.4392093
31 0.0939494 0.006642963 -0.02764245 -0.1682389 -0.5548632 -0.6045554
32 0.1246999 0 0 -0.1643076 -0.1757223 -0.2815197
33 0.1734372 0 0 0.03419602 -0.1395139 -0.03575762
34 0.1258426 -0.04663397 0.1773828 -2.343415 0.7549671 -1.219721
35 -0.1374712 0 0 -0.003631278 0.5571113 -0.6107717
36 -0.06898984 0 0 -0.25119 -0.3419036 -0.3650485
37 -0.1247 0 0 -0.2580079 0.1586502 -0.1202542
38 -0.1734369 0 0 -0.1350189 0.5377696 0.5640574
39 0.08929568 0.1711765 -0.002811051 -0.09941914 0.03720333 1.476552
40 0.128564 0.1071712 -0.1867254 -1.477654 1.124914 0.004564065
41 0.0984958 0.02850619 0.1872715 -1.285268 1.125114 -2.921714
42 0.1708579 0.009936064 0 -0.004992342 -0.06905507 0.1939198
43 0.0049 0 0 0 0 0
44 0.5171545 -0.2663316 0.2896972 2.475565 -0.7726518 -0.3641699
45 0.1972673 0 0 0.2707973 0.1877067 -1.53761
46 0.05363192 -0.1692977 0 0.0527823 0 -1.256245
47 0.0006023012 -0.03346459 -0.04911327 -0.01462508 0.01965423 -1.700269
48 0.000602576 -0.03346451 0.0491133 0.01477839 -0.1439382 -1.703493
49 0 -0.00544714 0 -1.531553 0.06732799 -1.588905
50 0.1349337 0.007935909 0.1169305 -0.2936704 -0.1840265 -0.6876568
51 0.06775701 0 0 0 0 0.932332
52 0.07025615 0 0 -0.00741899 -0.03035564 -0.2963888
53 0.05538215 -0.1613821 0 -1.818989E-12 4.908495E-05 -1.435881
54 0.1349336 0.007935909 -0.116931 0.4413109 0.3287727 -0.3421417
55 0.067757 0 0 0 0 0.8673512
56 0.0702562 0 0 -0.05069757 -0.176605 -0.4758948
57 0.0553822 -0.161382 0 1.818989E-12 -5.42615E-05 -1.435881
time 56
0 0 0 0 0 0 0
1 0.03033621 0.3612888 0.0173852 1.020181E-08 -0.2889467 0.0154404
2 0 0.002591992 0 -1.380206 0.05784841 1.539471
3 0.152 0 0 0.04248571 0.007244947 0.03845531
4 0.05880687 0.02725044 -0.08225372 2.817982 1.364334 1.233547
5 0.159303 0.002208193 0.0009686507 -0.3259215 0.05758904 -0.7016134
6 0.122 0 0 0 0 -1.377772
7 0.1347621 0 0 -0.4804021 0 0
8 0.1343401 0 0 0.8884769 -0.5785519 -0.4762307
9 0.1197383 0 6.123017E-05 0.001768601 -0.005259709 -0.3728327
10 0.04880161 0 0 0 0 -0.2194141
11 0.04874135 -0.0476583 0.06862446 0.797745 -0.5614887 0.1499991
12 0.06127064 0 0 0.07454634 0.2180856 -0.09955539
13 0.1028249 0 0 -0.1176855 -0.09469986 -0.01050035
14 0.05880699 0.02725041 0.0822537 -1.58145 1.364254 -0.04775053
15 -0.1009997 0 0 -1.846956 0.8406466 -1.022754
16 -0.1219999 0 0 1.365969E-06 -3.730286E-06 -0.8341756
17 -0.1347622 0 0 -0.1277462 0 0
18 -0.1343399 0 0 1.334866 0.1203128 0.1610621
19 -0.1197386 0 -6.123033E-05 -0.001372244 -0.005376858 0.2012115
20 -0.04880161 0 0 0 0 -0.707715
21 -0.1889133 0.06475638 -0.0265498 -3.139415 -0.005103788 -0.4518085
22 -0.04874142 0.04765864 -0.06862451 1.787741 -0.276586 -0.7554917
23 -0.06127064 0 0 -0.06257772 0.2217633 -0.7094637
24 -0.1028246 0 0 -0.1176855 -0.09469986 -0.01050035
25 0.1304068 0.1682832 0 -2.976376 0.1470153 2.458882
26 0.08318153 0 0 8.149158E-10 -0.00458089 -0.2232238
27 0.1212126 0 0 -5.298356E-08 -0.02346493 -0.1169032
28 0.1593245 0 0 6.433139E-09 -0.1660673 0.004804535
29 0.1629608 -0.02981685 -0.1619032 -1.860159 1.289665 2.295324
30 0.1374714 0 0 0.08679721 0.551026 -0.4392093
31 0.0939494 0.006642963 -0.02764245 -0.167798 -0.5515766 -0.6050636
32 0.1246999 0 0 -0.1633519 -0.1715071 -0.2865781
33 0.1734372 0 0 0.03515706 -0.1379317 -0.04398653
34 0.1258584 -0.04668391 0.1773828 -2.34438 0.7536139 -1.225361
35 -0.1374712 0 0 -0.003631278 0.5571113 -0.6107717
36 -0.06898984 0 0 -0.2515572 -0.3441689 -0.3642286
37 -0.1247 0 0 -0.258007 0.1562404 -0.1198498
38 -0.1734369 0 0 -0.1350123 0.5353721 0.5641005
39 0.08884262 0.1711765 -0.002878369 -0.09941914 0.03019466 1.466187
40 0.128564 0.1071712 -0.1867254 -1.462343 1.132422 0.02168439
41 0.0984958 0.02850619 0.1872715 -1.301109 1.126273 -2.939411
42 0.1708579 0.009936064 0 -0.007201232 -0.06977885 0.1867555
43 0.0049 0 0 0 0 0
44 0.5171545 -0.2663316 0.2896972 2.482025 -0.7811824 -0.3729919
45 0.1972673 0 0 0.2716867 0.1897054 -1.532738
46 0.05363192 -0.1692977 0 0.05851406 0 -1.25447
47 0.0006023012 -0.03346459 -0.04911327 -0.01521161 0.03518902 -1.705262
48 0.000602576 -0.03346451 0.0491133 0.01537503 -0.1298715 -1.708016
49 0 -0.00544714 0 -1.531444 0.0703769 -1.589443
50 0.1349337 0.007935909 0.1169305 -0.2966061 -0.1772872 -0.6767969
51 0.06775701 0 0 0 0 0.9049824
52 0.07025615 0 0 -0.008300486 -0.03303773 -0.2846892
53 0.05538215 -0.1613821 0 -1.818989E-12 4.908495E-05 -1.435881
54 0.1349336 0.007935909 -0.116931 0.4465354 0.3232707 -0.329875
55 0.067757 0 0 0 0 0.8336755
56 0.0702562 0 0 -0.0511644 -0.1778506 -0.4575809
57 0.0553822 -0.161382 0 1.818989E-12 -5.42615E-05 -1.435881
time 57
0 0 0 0 0 0 0
1 0.03060457 0.3620249 0.01785024 1.894292E-08 -0.288362 0.01569469
2 0 0.002591992 0 -1.379804 0.06189525 1.539538
3 0.152 0 0 0.04370037 0.006217172 0.0396962
4 0.05880687 0.02725044 -0.08225372 2.812353 1.36501 1.227907
5 0.159303 0.002208193 0.0009686507 -0.3213465 0.05473978 -0.7019891
6 0.122 0 0 0 0 -1.376333
7 0.1347621 0 0 -0.4804021 0 0
8 0.1343401 0 0 0.8884769 -0.5785519 -0.4762307
9 0.1197383 0 6.123017E-05 0.001768601 -0.005259709 -0.3728327
10 0.04880161 0 0 0 0 -0.2194141
11 0.04874135 -0.0476583 0.06862446 0.797745 -0.5614887 0.1499991
12 0.06127064 0 0 0.07454634 0.2180856 -0.09955539
13 0.1028249 0 0 -0.1176855 -0.09469986 -0.01050035
14 0.05880699 0.02725041 0.0822537 -1.577407 1.365079 -0.04369271
15 -0.1009997 0 0 -1.841238 0.8376257 -1.021824
16 -0.1219999 0 0 1.365967E-06 -3.730284E-06 -0.8320909
17 -0.1347622 0 0 -0.1272372 0 0
18 -0.1343399 0 0 1.336426 0.1201987 0.165466
19 -0.1197386 0 -6.123033E-05 -0.001372244 -0.005376858 0.2012115
20 -0.04880161 0 0 0 0 -0.707715
21 -0.1889133 0.06475638 -0.0265498 -3.139415 -0.005103788 -0.4518085
22 -0.04874142 0.04765864 -0.06862451 1.787741 -0.276586 -0.7554917
23 -0.06127064 0 0 -0.06257772 0.2217633 -0.7094637
24 -0.1028246 0 0 -0.1176855 -0.09469986 -0.01050035
25 0.1304068 0.1682832 0 -2.974952 0.1458092 2.454338
26 0.08318153 0 0 -2.211903E-09 -0.00329705 -0.2319606
27 0.1212126 0 0 -3.295388E-08 -0.02250005 -0.1215081
28 0.1593245 0 0 1.905739E-08 -0.1641948 0.0104598
29 0.1629863 -0.0299452 -0.1618701 -1.859463 1.289967 2.29117
30 0.1374714 0 0 0.08679721 0.551026 -0.4392093
31 0.0939494 0.006642963 -0.02764245 -0.1677062 -0.5481419 -0.6046579
32 0.1246999 0 0 -0.1624333 -0.1670392 -0.2914242
33 0.1734372 0 0 0.03611866 -0.13605 -0.05253317
34 0.1258846 -0.04672241 0.1773828 -2.345276 0.7522538 -1.231043
35 -0.1374712 0 0 -0.003631278 0.5571113 -0.6107717
36 -0.06898984 0 0 -0.2519197 -0.3464153 -0.3634297
37 -0.1247 0 0 -0.2580078 0.1537346 -0.1194204
38 -0.1734369 0 0 -0.135001 0.5325932 0.5641577
39 0.08839354 0.1711765 -0.002945097 -0.09941914 0.0231231 1.455761
40 0.128564 0.1071712 -0.1867254 -1.446384 1.138492 0.03927331
41 0.0984958 0.02850619 0.1872715 -1.317893 1.125682 -2.95807
42 0.1708579 0.009936064 0 -0.009218412 -0.07034862 0.1799516
43 0.0049 0 0 0 0 0
44 0.5171545 -0.2663316 0.2896972 2.488941 -0.7899905 -0.3823911
45 0.1972673 0 0 0.2729817 0.1913319 -1.526206
46 0.05363192 -0.1692977 0 0.06416289 0 -1.25154
47 0.0006023012 -0.03346459 -0.04911327 -0.01573178 0.05060098 -1.709829
48 0.000602576 -0.03346451 0.0491133 0.01590497 -0.1155974 -1.712044
49 0 -0.00544714 0 -1.53139 0.07340489 -1.589896
50 0.1349337 0.007935909 0.1169305 -0.2989911 -0.1715543 -0.6683406
51 0.06775701 0 0 0 0 0.881899
52 0.07025615 0 0 -0.009071885 -0.03530018 -0.2749965
53 0.05538215 -0.1613821 0 -1.818989E-12 4.908495E-05 -1.435881
54 0.1349336 0.007935909 -0.116931 0.4510006 0.3185327 -0.3199981
55 0.067757 0 0 0 0 0.8048075
56 0.0702562 0 0 -0.05157784 -0.1789305 -0.4421609
57 0.0553822 -0.161382 0 1.818989E-12 -5.42615E-05 -1.435881
time 58
0 0 0 0 0 0 0
1 0.03082062 0.3626044 0.01830331 1.044147E-08 -0.2879003 0.01590835
2 0 0.002591992 0 -1.379428 0.06587704 1.539601
3 0.152 0 0 0.04491581 0.005220633 0.04104692
4 0.05880687 0.02725044 -0.08225372 2.804411 1.365389 1.220033
5 0.159303 0.002208193 0.0009686507 -0.3167815 0.05164981 -0.7034009
6 0.122 0 0 0 0 -1.373962
7 0.1347621 0 0 -0.4804021 0 0
8 0.1343401 0 0 0.8884769 -0.5785519 -0.4762307
9 0.1197383 0 6.123017E-05 0.001768601 -0.005259709 -0.3728327
10 0.04880161 0 0 0 0 -0.2194141
11 0.04874135 -0.0476583 0.06862446 0.797745 -0.5614887 0.1499991
12 0.06127064 0 0 0.07454634 0.2180856 -0.09955539
13 0.1028249 0 0 -0.1176855 -0.09469986 -0.01050035
14 0.05880699 0.02725041 0.0822537 -1.5744 1.366306 -0.04067286
15 -0.1009997 0 0 -1.835652 0.8349865 -1.021358
16 -0.1219999 0 0 1.365967E-06 -3.730284E-06 -0.8312793
17 -0.1347622 0 0 -0.12673 0 0
18 -0.1343399 0 0 1.338066 0.1200706 0.1704747
19 -0.1197386 0 -6.123033E-05 -0.001372244 -0.005376858 0.2012115
20 -0.04880161 0 0 0 0 -0.707715
21 -0.1889133 0.06475638 -0.0265498 -3.139415 -0.005103788 -0.4518085
22 -0.04874142 0.04765864 -0.06862451 1.787741 -0.276586 -0.7554917
23 -0.06127064 0 0 -0.06257772 0.2217633 -0.7094637
24 -0.1028246 0 0 -0.1176855 -0.09469986 -0.01050035
25 0.1304068 0.1682832 0 -2.973608 0.1447316 2.449498
26 0.08318153 0 0 -2.080928E-09 -0.002006072 -0.2405516
27 0.1212126 0 0 -2.980921E-08 -0.02150301 -0.1265967
28 0.1593245 0 0 3.538811E-09 -0.1620286 0.01470502
29 0.1630238 -0.03006184 -0.1618248 -1.859058 1.290209 2.28673
30 0.1374714 0 0 0.08679721 0.551026 -0.4392093
31 0.0939494 0.006642963 -0.02764245 -0.1679875 -0.5445608 -0.6032852
32 0.1246999 0 0 -0.1615593 -0.1623226 -0.2960133
33 0.1734372 0 0 0.03707589 -0.1338602 -0.06131794
34 0.1259207 -0.04674978 0.1773828 -2.346106 0.7508898 -1.236726
35 -0.1374712 0 0 -0.003631278 0.5571113 -0.6107717
36 -0.06898984 0 0 -0.2522753 -0.3486356 -0.3626523
37 -0.1247 0 0 -0.2580061 0.1511373 -0.1189632
38 -0.1734369 0 0 -0.1349847 0.5294505 0.5642313
39 0.08794897 0.1711765 -0.003011173 -0.09941913 0.01600447 1.445392
40 0.128564 0.1071712 -0.1867254 -1.430588 1.142897 0.05681721
41 0.0984958 0.02850619 0.1872715 -1.335408 1.123462 -2.977426
42 0.1708579 0.009936064 0 -0.01104646 -0.07075411 0.1735617
43 0.0049 0 0 0 0 0
44 0.5171545 -0.2663316 0.2896972 2.496207 -0.7989975 -0.3922317
45 0.1972673 0 0 0.2747062 0.1925536 -1.518337
46 0.05363192 -0.1692977 0 0.06971493 0 -1.247477
47 0.0006023012 -0.03346459 -0.04911327 -0.01618189 0.06581043 -1.713946
48 0.000602576 -0.03346451 0.0491133 0.0163646 -0.1012091 -1.71556
49 0 -0.00544714 0 -1.531391 0.0763863 -1.590262
50 0.1349337 0.007935909 0.1169305 -0.300827 -0.166924 -0.6624947
51 0.06775701 0 0 0 0 0.8641855
52 0.07025615 0 0 -0.009729542 -0.03713791 -0.2676357
53 0.05538215 -0.1613821 0 -1.818989E-12 4.908495E-05 -1.435881
54 0.1349336 0.007935909 -0.116931 0.4543593 0.3147403 -0.3127757
55 0.067757 0 0 0 0 0.7820985
56 0.0702562 0 0 -0.05194216 -0.1798661 -0.4299956
57 0.0553822 -0.161382 0 1.818989E-12 -5.42615E-05 -1.435881
time 59
0 0 0 0 0 0 0
1 0.03098239 0.3630143 0.01874341 4.613212E-09 -0.287564 0.01607971
2 0 0.002591992 0 -1.379081 0.0697594 1.539658
3 0.152 0 0 0.04614207 0.004259079 0.04250468
4 0.05880687 0.02725044 -0.08225372 2.794928 1.365448 1.21069
5 0.159303 0.002208193 0.0009686507 -0.3122528 0.04835131 -0.7059346
6 0.122 0 0 0 0 -1.370804
7 0.1347621 0 0 -0.4804021 0 0
8 0.1343401 0 0 0.8884769 -0.5785519 -0.4762307
9 0.1197383 0 6.123017E-05 0.001768601 -0.005259709 -0.3728327
10 0.04880161 0 0 0 0 -0.2194141
11 0.04874135 -0.0476583 0.06862446 0.797745 -0.5614887 0.1499991
12 0.06127064 0 0 0.07454634 0.2180856 -0.09955539
13 0.1028249 0 0 -0.1176855 -0.09469986 -0.01050035
14 0.05880699 0.02725041 0.0822537 -1.572491 1.367877 -0.03875217
15 -0.1009997 0 0 -1.830237 0.8327672 -1.021395
16 -0.1219999 0 0 1.365969E-06 -3.730286E-06 -0.8318552
17 -0.1347622 0 0 -0.1262339 0 0
18 -0.1343399 0 0 1.339784 0.1199291 0.1760593
19 -0.1197386 0 -6.123033E-05 -0.001372244 -0.005376858 0.2012115
20 -0.04880161 0 0 0 0 -0.707715
21 -0.1889133 0.06475638 -0.0265498 -3.139415 -0.005103788 -0.4518085
22 -0.04874142 0.04765864 -0.06862451 1.787741 -0.276586 -0.7554917
23 -0.06127064 0 0 -0.06257772 0.2217633 -0.7094637
24 -0.1028246 0 0 -0.1176855 -0.09469986 -0.01050035
25 0.1304068 0.1682832 0 -2.972341 0.1437898 2.444413
26 0.08318153 0 0 -1.74623E-10 -0.0007105721 -0.2489206
27 0.1212126 0 0 -6.753504E-09 -0.02047698 -0.132123
28 0.1593245 0 0 7.782262E-09 -0.1595565 0.01742115
29 0.1630723 -0.03016641 -0.1617668 -1.858925 1.290391 2.282048
30 0.1374714 0 0 0.08679721 0.551026 -0.4392093
31 0.0939494 0.006642963 -0.02764245 -0.1686652 -0.5408342 -0.6010691
32 0.1246999 0 0 -0.1607375 -0.1573612 -0.3003003
33 0.1734372 0 0 0.03802648 -0.1313623 -0.07026562
34 0.125966 -0.04676636 0.1773828 -2.346878 0.7495256 -1.242369
35 -0.1374712 0 0 -0.003631278 0.5571113 -0.6107717
36 -0.06898984 0 0 -0.2526224 -0.3508236 -0.3618976
37 -0.1247 0 0 -0.2580073 0.1484584 -0.1184806
38 -0.1734369 0 0 -0.1349633 0.5259593 0.5643213
39 0.08750944 0.1711765 -0.003076537 -0.09941914 0.008854687 1.435191
40 0.128564 0.1071712 -0.1867254 -1.415098 1.14541 0.07399877
41 0.0984958 0.02850619 0.1872715 -1.353441 1.119732 -2.997293
42 0.1708579 0.009936064 0 -0.01268687 -0.07098034 0.1676274
43 0.0049 0 0 0 0 0
44 0.5171545 -0.2663316 0.2896972 2.503718 -0.8081237 -0.4023778
45 0.1972673 0 0 0.2767203 0.1934453 -1.509271
46 0.05363192 -0.1692977 0 0.07515646 -3.72529E-09 -1.242304
47 0.0006023012 -0.03346459 -0.04911327 -0.01655832 0.08073766 -1.717588
48 0.000602576 -0.03346451 0.0491133 0.01675048 -0.08679996 -1.718549
49 0 -0.00544714 0 -1.531442 0.0792958 -1.590536
50 0.1349337 0.007935909 0.1169305 -0.3021143 -0.1636806 -0.6594629
51 0.06775701 0 0 0 0 0.8527147
52 0.07025615 0 0 -0.01026985 -0.03854579 -0.2629302
53 0.05538215 -0.1613821 0 -1.818989E-12 4.908495E-05 -1.435881
54 0.1349336 0.007935909 -0.116931 0.4563835 0.3124672 -0.3084745
55 0.067757 0 0 0 0 0.7666655
56 0.0702562 0 0 -0.05226156 -0.1806805 -0.4214491
57 0.0553822 -0.161382 0 1.818989E-12 -5.42615E-05 -1.435881
time 60
0 0 0 0 0 0 0
1 0.03108792 0.363241 0.01916951 3.641787E-09 -0.2873572 0.0162072
2 0 0.002591992 0 -1.378764 0.07350682 1.539709
3 0.152 0 0 0.04736404 0.00333388 0.04404372
4 0.05880687 0.02725044 -0.08225372 2.785039 1.365167 1.200992
5 0.159303 0.002208193 0.0009686507 -0.3077893 0.04487593 -0.7091671
6 0.122 0 0 0 0 -1.367002
7 0.1347621 0 0 -0.4804021 0 0
8 0.1343401 0 0 0.8884769 -0.5785519 -0.4762307
9 0.1197383 0 6.123017E-05 0.001768601 -0.005259709 -0.3728327
10 0.04880161 0 0 0 0 -0.2194141
11 0.04874135 -0.0476583 0.06862446 0.797745 -0.5614887 0.1499991
12 0.06127064 0 0 0.07454634 0.2180856 -0.09955539
13 0.1028249 0 0 -0.1176855 -0.09469986 -0.01050035
14 0.05880699 0.02725041 0.0822537 -1.571736 1.369731 -0.03798874
15 -0.1009997 0 0 -1.825031 0.8310063 -1.02197
16 -0.1219999 0 0 1.365969E-06 -3.730286E-06 -0.8339316
17 -0.1347622 0 0 -0.1257643 0 0
18 -0.1343399 0 0 1.341567 0.1197744 0.1821907
19 -0.1197386 0 -6.123033E-05 -0.001372244 -0.005376858 0.2012115
20 -0.04880161 0 0 0 0 -0.707715
21 -0.1889133 0.06475638 -0.0265498 -3.139415 -0.005103788 -0.4518085
22 -0.04874142 0.04765864 -0.06862451 1.787741 -0.276586 -0.7554917
23 -0.06127064 0 0 -0.06257772 0.2217633 -0.7094637
24 -0.1028246 0 0 -0.1176855 -0.09469986 -0.01050035
25 0.1304068 0.1682832 0 -2.971148 0.1429908 2.43913
26 0.08318153 0 0 5.748008E-10 0.0005868495 -0.2569851
27 0.1212126 0 0 -3.446544E-08 -0.01942346 -0.13803
28 0.1593245 0 0 -9.428864E-10 -0.1567765 0.01849021
29 0.1631312 -0.03025857 -0.1616956 -1.859048 1.29051 2.277167
30 0.1374714 0 0 0.08679721 0.551026 -0.4392093
31 0.0939494 0.006642963 -0.02764245 -0.1696907 -0.5369627 -0.5982083
32 0.1246999 0 0 -0.1599766 -0.15216 -0.304243
33 0.1734372 0 0 0.03896408 -0.1285901 -0.07929499
34 0.1260198 -0.04677245 0.1773828 -2.347596 0.7481644 -1.247932
35 -0.1374712 0 0 -0.003631278 0.5571113 -0.6107717
36 -0.06898984 0 0 -0.2529593 -0.3529733 -0.3611671
37 -0.1247 0 0 -0.2580087 0.1457033 -0.1179708
38 -0.1734369 0 0 -0.1349368 0.5221354 0.5644276
39 0.08707545 0.1711765 -0.003141126 -0.09941914 0.001689617 1.425274
40 0.128564 0.1071712 -0.1867254 -1.399934 1.145803 0.09079976
41 0.0984958 0.02850619 0.1872715 -1.371781 1.114611 -3.017492
42 0.1708579 0.009936064 0 -0.01414204 -0.07101618 0.1622005
43 0.0049 0 0 0 0 0
44 0.5171545 -0.2663316 0.2896972 2.511368 -0.8172903 -0.4126944
45 0.1972673 0 0 0.2788938 0.1940933 -1.499147
46 0.05363192 -0.1692977 0 0.08047357 -3.72529E-09 -1.236043
47 0.0006023012 -0.03346459 -0.04911327 -0.01685744 0.09530304 -1.720734
48 0.000602576 -0.03346451 0.0491133 0.01705899 -0.07246325 -1.720995
49 0 -0.00544714 0 -1.531545 0.08210771 -1.590715
50 0.1349337 0.007935909 0.1169305 -0.3028542 -0.161985 -0.6594511
51 0.06775701 0 0 0 0 0.847777
52 0.07025615 0 0 -0.01068893 -0.03951678 -0.2611909
53 0.05538215 -0.1613821 0 -1.818989E-12 4.908495E-05 -1.435881
54 0.1349336 0.007935909 -0.116931 0.4571544 0.3120458 -0.3073596
55 0.067757 0 0 0 0 0.758923
56 0.0702562 0 0 -0.05254036 -0.181396 -0.4168846
57 0.0553822 -0.161382 0 1.818989E-12 -5.42615E-05 -1.435881
time 61
0 0 0 0 0 0 0
1 0.03113524 0.3632717 0.01958059 8.254538E-09 -0.2872843 0.01628922
2 0 0.002591992 0 -1.378478 0.07708444 1.539755
3 0.152 0 0 0.04858224 0.00244797 0.04565249
4 0.05880687 0.02725044 -0.08225372 2.775012 1.364524 1.1912
5 0.159303 0.002208193 0.0009686507 -0.3034176 0.0412557 -0.7125979
6 0.122 0 0 0 0 -1.362701
7 0.1347621 0 0 -0.4804021 0 0
8 0.1343401 0 0 0.8884769 -0.5785519 -0.4762307
9 0.1197383 0 6.123017E-05 0.001768601 -0.005259709 -0.3728327
10 0.04880161 0 0 0 0 -0.2194141
11 0.04874135 -0.0476583 0.06862446 0.797745 -0.5614887 0.1499991
12 0.06127064 0 0 0.07454634 0.2180856 -0.09955539
13 0.1028249 0 0 -0.1176855 -0.09469986 -0.01050035
14 0.05880699 0.02725041 0.0822537 -1.572196 1.371807 -0.03844236
15 -0.1009997 0 0 -1.820076 0.8299013 -1.022796
16 -0.1219999 0 0 1.365968E-06 -3.730286E-06 -0.8376237
17 -0.1347622 0 0 -0.1253177 0 0
18 -0.1343399 0 0 1.343406 0.119607 0.1888401
19 -0.1197386 0 -6.123033E-05 -0.001372244 -0.005376858 0.2012115
20 -0.04880161 0 0 0 0 -0.707715
21 -0.1889133 0.06475638 -0.0265498 -3.139415 -0.005103788 -0.4518085
22 -0.04874142 0.04765864 -0.06862451 1.787741 -0.276586 -0.7554917
23 -0.06127064 0 0 -0.06257772 0.2217633 -0.7094637
24 -0.1028246 0 0 -0.1176855 -0.09469986 -0.01050035
25 0.1304068 0.1682832 0 -2.970028 0.1423419 2.433698
26 0.08318153 0 0 1.717129E-09 0.001883551 -0.2646736
27 0.1212126 0 0 -2.596499E-08 -0.01834609 -0.1442752
28 0.1593245 0 0 2.22649E-08 -0.1536797 0.01779342
29 0.1631995 -0.03033797 -0.1616105 -1.859408 1.290565 2.27213
30 0.1374714 0 0 0.08679721 0.551026 -0.4392093
31 0.0939494 0.006642963 -0.02764245 -0.1709119 -0.5329475 -0.5947596
32 0.1246999 0 0 -0.1592824 -0.1467211 -0.307793
33 0.1734372 0 0 0.03988213 -0.125632 -0.08832347
34 0.1260813 -0.04676839 0.1773828 -2.348267 0.74681 -1.253374
35 -0.1374712 0 0 -0.003631278 0.5571113 -0.6107717
36 -0.06898984 0 0 -0.2532854 -0.3550808 -0.360464
37 -0.1247 0 0 -0.2580073 0.1428778 -0.1174319
38 -0.1734369 0 0 -0.134905 0.517994 0.5645504
39 0.08664754 0.1711765 -0.003204879 -0.09941914 -0.005474863 1.415754
40 0.128564 0.1071712 -0.1867254 -1.385117 1.144903 0.107202
41 0.0984958 0.02850619 0.1872715 -1.390213 1.10822 -3.037837
42 0.1708579 0.009936064 0 -0.01541439 -0.07085053 0.1573321
43 0.0049 0 0 0 0 0
44 0.5171545 -0.2663316 0.2896972 2.519052 -0.8264182 -0.423045
45 0.1972673 0 0 0.2812031 0.1945297 -1.488105
46 0.05363192 -0.1692977 0 0.08551267 3.72529E-09 -1.228716
47 0.0006023012 -0.03346459 -0.04911327 -0.01707553 0.1094269 -1.723356
48 0.000602576 -0.03346451 0.0491133 0.01728664 -0.05829227 -1.722883
49 0 -0.00544714 0 -1.531696 0.08479702 -1.590797
50 0.1349337 0.007935909 0.1169305 -0.3030474 -0.1617477 -0.6626639
51 0.06775701 0 0 0 0 0.8496624
52 0.07025615 0 0 -0.01098323 -0.04004636 -0.2627458
53 0.05538215 -0.1613821 0 -1.818989E-12 4.908495E-05 -1.435881
54 0.1349336 0.007935909 -0.116931 0.4567546 0.3133033 -0.3096972
55 0.067757 0 0 0 0 0.7592815
56 0.0702562 0 0 -0.05278289 -0.1820355 -0.4166657
57 0.0553822 -0.161382 0 1.818989E-12 -5.42615E-05 -1.435881
time 62
0 0 0 0 0 0 0
1 0.03112239 0.3630928 0.01997563 3.15621E-09 -0.2873514 0.01632434
2 0 0.002591992 0 -1.378226 0.08045777 1.539795
3 0.152 0 0 0.0498053 0.001604066 0.04732728
4 0.05880687 0.02725044 -0.08225372 2.765116 1.363497 1.181577
5 0.159303 0.002208193 0.0009686507 -0.2991661 0.03752245 -0.7162042
6 0.122 0 0 0 0 -1.358045
7 0.1347621 0 0 -0.4804021 0 0
8 0.1343401 0 0 0.8884769 -0.5785519 -0.4762307
9 0.1197383 0 6.123017E-05 0.001768601 -0.005259709 -0.3728327
10 0.04880161 0 0 0 0 -0.2194141
11 0.04874135 -0.0476583 0.06862446 0.797745 -0.5614887 0.1499991
12 0.06127064 0 0 0.07454634 0.2180856 -0.09955539
13 0.1028249 0 0 -0.1176855 -0.09469986 -0.01050035
14 0.05880699 0.02725041 0.0822537 -1.573929 1.374044 -0.0401721
15 -0.1009997 0 0 -1.815409 0.8295799 -1.023647
16 -0.1219999 0 0 1.365969E-06 -3.730286E-06 -0.8430457
17 -0.1347622 0 0 -0.1248982 0 0
18 -0.1343399 0 0 1.345291 0.1194274 0.1959783
19 -0.1197386 0 -6.123033E-05 -0.001372244 -0.005376858 0.2012115
20 -0.04880161 0 0 0 0 -0.707715
21 -0.1889133 0.06475638 -0.0265498 -3.139415 -0.005103788 -0.4518085
22 -0.04874142 0.04765864 -0.06862451 1.787741 -0.276586 -0.7554917
23 -0.06127064 0 0 -0.06257772 0.2217633 -0.7094637
24 -0.1028246 0 0 -0.1176855 -0.09469986 -0.01050035
25 0.1304068 0.1682832 0 -2.968979 0.14185 2.428166
26 0.08318153 0 0 -5.820796E-11 0.003176925 -0.271908
27 0.1212126 0 0 -2.223863E-08 -0.01724706 -0.1508063
28 0.1593245 0 0 1.777896E-08 -0.1502281 0.01522452
29 0.1632766 -0.03040426 -0.1615111 -1.859988 1.290556 2.266981
30 0.1374714 0 0 0.08679721 0.551026 -0.4392093
31 0.0939494 0.006642963 -0.02764245 -0.1723099 -0.5287894 -0.5907806
32 0.1246999 0 0 -0.1586644 -0.1410504 -0.3109097
33 0.1734372 0 0 0.04077821 -0.1225047 -0.09727625
34 0.12615 -0.04675449 0.1773828 -2.348897 0.7454659 -1.258655
35 -0.1374712 0 0 -0.003631278 0.5571113 -0.6107717
36 -0.06898984 0 0 -0.2535975 -0.3571367 -0.359787
37 -0.1247 0 0 -0.2580069 0.1399903 -0.1168652
38 -0.1734369 0 0 -0.1348678 0.513552 0.5646907
39 0.08622622 0.1711765 -0.003267735 -0.09941915 -0.01262286 1.406747
40 0.128564 0.1071712 -0.1867254 -1.37067 1.143576 0.1231859
41 0.0984958 0.02850619 0.1872715 -1.408527 1.100677 -3.058145
42 0.1708579 0.009936064 0 -0.01650607 -0.07047097 0.1530703
43 0.0049 0 0 0 0 0
44 0.5171545 -0.2663316 0.2896972 2.526665 -0.8354287 -0.4332947
45 0.1972673 0 0 0.2836248 0.1947861 -1.476283
46 0.05363192 -0.1692977 0 0.09038386 3.72529E-09 -1.220346
47 0.0006023012 -0.03346459 -0.04911327 -0.017209 0.1230295 -1.725434
48 0.000602576 -0.03346451 0.0491133 0.01742991 -0.0443804 -1.724196
49 0 -0.00544714 0 -1.531894 0.08733795 -1.590778
50 0.1349337 0.007935909 0.1169305 -0.3026949 -0.1628793 -0.669306
51 0.06775701 0 0 0 0 0.8586621
52 0.07025615 0 0 -0.01114899 -0.04012816 -0.2679107
53 0.05538215 -0.1613821 0 -1.818989E-12 4.908495E-05 -1.435881
54 0.1349336 0.007935909 -0.116931 0.4552666 0.3160664 -0.3157534
55 0.067757 0 0 0 0 0.7681545
56 0.0702562 0 0 -0.05299349 -0.182623 -0.4211587
57 0.0553822 -0.161382 0 1.818989E-12 -5.42615E-05 -1.435881
time 63
0 0 0 0 0 0 0
1 0.03104742 0.3626913 0.02035361 3.156406E-09 -0.2875619 0.01631094
2 0 0.002591992 0 -1.378009 0.08359087 1.539829
3 0.152 0 0 0.05102196 0.0008041905 0.04904573
4 0.05880687 0.02725044 -0.08225372 2.755619 1.362151 1.172385
5 0.159303 0.002208193 0.0009686507 -0.2950615 0.0337082 -0.7199604
6 0.122 0 0 0 0 -1.353178
7 0.1347621 0 0 -0.4804021 0 0
8 0.1343401 0 0 0.8884769 -0.5785519 -0.4762307
9 0.1197383 0 6.123017E-05 0.001768601 -0.005259709 -0.3728327
10 0.04880161 0 0 0 0 -0.2194141
11 0.04874135 -0.0476583 0.06862446 0.797745 -0.5614887 0.1499991
12 0.06127064 0 0 0.07454634 0.2180856 -0.09955539
13 0.1028249 0 0 -0.1176855 -0.09469986 -0.01050035
14 0.05880699 0.02725041 0.0822537 -1.576994 1.376383 -0.04323661
15 -0.1009997 0 0 -1.81107 0.8299756 -1.024532
16 -0.1219999 0 0 1.365968E-06 -3.730285E-06 -0.8503115
17 -0.1347622 0 0 -0.1245041 0 0
18 -0.1343399 0 0 1.347213 0.1192359 0.2035767
19 -0.1197386 0 -6.123033E-05 -0.001372244 -0.005376858 0.2012115
20 -0.04880161 0 0 0 0 -0.707715
21 -0.1889133 0.06475638 -0.0265498 -3.139415 -0.005103788 -0.4518085
22 -0.04874142 0.04765864 -0.06862451 1.787741 -0.276586 -0.7554917
23 -0.06127064 0 0 -0.06257772 0.2217633 -0.7094637
24 -0.1028246 0 0 -0.1176855 -0.09469986 -0.01050035
25 0.1304068 0.1682832 0 -2.967998 0.1414492 2.422583
26 0.08318153 0 0 1.920872E-09 0.004464304 -0.2786069
27 0.1212126 0 0 -2.71283E-08 -0.01612876 -0.157572
28 0.1593245 0 0 2.000506E-09 -0.1465554 0.01111704
29 0.1633614 -0.03045708 -0.1613967 -1.860768 1.29048 2.261903
30 0.1374714 0 0 0.08679721 0.551026 -0.4392093
31 0.0939494 0.006642963 -0.02764245 -0.1738655 -0.5245735 -0.5863286
32 0.1246999 0 0 -0.158129 -0.1351508 -0.3135454
33 0.1734372 0 0 0.04164679 -0.1192162 -0.1060728
34 0.1262251 -0.04673108 0.1773828 -2.34949 0.744135 -1.263735
35 -0.1374712 0 0 -0.003631278 0.5571113 -0.6107717
36 -0.06898984 0 0 -0.2538947 -0.3591369 -0.3591388
37 -0.1247 0 0 -0.2580068 0.1370478 -0.1162701
38 -0.1734369 0 0 -0.1348252 0.5088239 0.5648478
39 0.08581202 0.1711765 -0.003329631 -0.09941914 -0.01973848 1.398366
40 0.128564 0.1071712 -0.1867254 -1.356613 1.141847 0.1387336
41 0.0984958 0.02850619 0.1872715 -1.426509 1.092103 -3.078233
42 0.1708579 0.009936064 0 -0.01741877 -0.06986376 0.1494606
43 0.0049 0 0 0 0 0
44 0.5171545 -0.2663316 0.2896972 2.5341 -0.844242 -0.4433072
45 0.1972673 0 0 0.2861356 0.1948949 -1.463822
46 0.05363192 -0.1692977 0 0.09507842 0 -1.211292
47 0.0006023012 -0.03346459 -0.04911327 -0.01725412 0.1360312 -1.72694
48 0.000602576 -0.03346451 0.0491133 0.01748526 -0.03082093 -1.724921
49 0 -0.00544714 0 -1.532139 0.08970461 -1.590655
50 0.1349337 0.007935909 0.1169305 -0.3017977 -0.1652904 -0.679014
51 0.06775701 0 0 0 0 0.8742779
52 0.07025615 0 0 -0.01118251 -0.03975678 -0.2758106
53 0.05538215 -0.1613821 0 -1.818989E-12 4.908495E-05 -1.435881
54 0.1349336 0.007935909 -0.116931 0.4527729 0.3201616 -0.3251644
55 0.067757 0 0 0 0 0.7849434
56 0.0702562 0 0 -0.0531763 -0.1831791 -0.4299839
57 0.0553822 -0.161382 0 1.818989E-12 -5.42615E-05 -1.435881
time 64
0 0 0 0 0 0 0
1 0.03090834 0.3620538 0.02071352 1.286978E-08 -0.2879189 0.01624734
2 0 0.002591992 0 -1.37783 0.08644944 1.539856
3 0.152 0 0 0.05222785 5.093333E-05 0.05079174
4 0.05880687 0.02725044 -0.08225372 2.74679 1.360616 1.163886
5 0.159303 0.002208193 0.0009686507 -0.2911322 0.02984462 -0.723844
6 0.122 0 0 0 0 -1.348245
7 0.1347621 0 0 -0.4804021 0 0
8 0.1343401 0 0 0.8884769 -0.5785519 -0.4762307
9 0.1197383 0 6.123017E-05 0.001768601 -0.005259709 -0.3728327
10 0.04880161 0 0 0 0 -0.2194141
11 0.04874135 -0.0476583 0.06862446 0.797745 -0.5614887 0.1499991
12 0.06127064 0 0 0.07454634 0.2180856 -0.09955539
13 0.1028249 0 0 -0.1176855 -0.09469986 -0.01050035
14 0.05880699 0.02725041 0.0822537 -1.581449 1.378762 -0.04769429
15 -0.1009997 0 0 -1.807098 0.8310223 -1.025458
16 -0.1219999 0 0 1.365969E-06 -3.730286E-06 -0.859536
17 -0.1347622 0 0 -0.1241337 0 0
18 -0.1343399 0 0 1.349158 0.1190331 0.2116059
19 -0.1197386 0 -6.123033E-05 -0.001372244 -0.005376858 0.2012115
20 -0.04880161 0 0 0 0 -0.707715
21 -0.1889133 0.06475638 -0.0265498 -3.139415 -0.005103788 -0.4518085
22 -0.04874142 0.04765864 -0.06862451 1.787741 -0.276586 -0.7554917
23 -0.06127064 0 0 -0.06257772 0.2217633 -0.7094637
24 -0.1028246 0 0 -0.1176855 -0.09469986 -0.01050035
25 0.1304068 0.1682832 0 -2.967083 0.1411042 2.416996
26 0.08318153 0 0 4.889524E-09 0.005743082 -0.2846963
27 0.1212126 0 0 -1.210856E-08 -0.01499406 -0.1645256
28 0.1593245 0 0 -8.820771E-11 -0.1426714 0.005588033
29 0.1634534 -0.03049609 -0.161267 -1.861732 1.290336 2.257076
30 0.1374714 0 0 0.08679721 0.551026 -0.4392093
31 0.0939494 0.006642963 -0.02764245 -0.1755596 -0.5203164 -0.5814604
32 0.1246999 0 0 -0.1576857 -0.129028 -0.3156597
33 0.1734372 0 0 0.04248437 -0.1157795 -0.1146372
34 0.126306 -0.04669847 0.1773828 -2.350053 0.7428213 -1.268572
35 -0.1374712 0 0 -0.003631278 0.5571113 -0.6107717
36 -0.06898984 0 0 -0.2541759 -0.3610759 -0.3585218
37 -0.1247 0 0 -0.2580076 0.1340572 -0.1156465
38 -0.1734369 0 0 -0.1347769 0.5038264 0.5650234
39 0.08540547 0.1711765 -0.003390507 -0.09941914 -0.02680588 1.390726
40 0.128564 0.1071712 -0.1867254 -1.342969 1.139742 0.1538266
41 0.0984958 0.02850619 0.1872715 -1.443948 1.082616 -3.097919
42 0.1708579 0.009936064 0 -0.01815517 -0.06901851 0.1465556
43 0.0049 0 0 0 0 0
44 0.5171545 -0.2663316 0.2896972 2.541254 -0.8527796 -0.4529474
45 0.1972673 0 0 0.2887119 0.194888 -1.45086
46 0.05363192 -0.1692977 0 0.09958769 -3.72529E-09 -1.201917
47 0.0006023012 -0.03346459 -0.04911327 -0.01720728 0.1483522 -1.727853
48 0.000602576 -0.03346451 0.0491133 0.01744913 -0.01770716 -1.72504
49 0 -0.00544714 0 -1.532427 0.09187254 -1.590424
50 0.1349337 0.007935909 0.1169305 -0.3003574 -0.1688924 -0.6910528
51 0.06775701 0 0 0 0 0.8953708
52 0.07025615 0 0 -0.01108021 -0.03892709 -0.2861952
53 0.05538215 -0.1613821 0 -1.818989E-12 4.908495E-05 -1.435881
54 0.1349336 0.007935909 -0.116931 0.4493549 0.325415 -0.3371128
55 0.067757 0 0 0 0 0.8082017
56 0.0702562 0 0 -0.0533356 -0.1837265 -0.4422811
57 0.0553822 -0.161382 0 1.818989E-12 -5.42615E-05 -1.435881
time 65
0 0 0 0 0 0 0
1 0.0307032 0.3612222 0.02105433 9.95738E-09 -0.2884301 0.01613221
2 0 0.002591992 0 -1.377688 0.08899816 1.539876
3 0.152 0 0 0.05342445 -0.0006533226 0.05255497
4 0.05880687 0.02725044 -0.08225372 2.738895 1.358907 1.156343
5 0.159303 0.002208193 0.0009686507 -0.2874047 0.02596398 -0.7278283
6 0.122 0 0 0 0 -1.343389
7 0.1347621 0 0 -0.4804021 0 0
8 0.1343401 0 0 0.8884769 -0.5785519 -0.4762307
9 0.1197383 0 6.123017E-05 0.001768601 -0.005259709 -0.3728327
10 0.04880161 0 0 0 0 -0.2194141
11 0.04874135 -0.0476583 0.06862446 0.797745 -0.5614887 0.1499991
12 0.06127064 0 0 0.07454634 0.2180856 -0.09955539
13 0.1028249 0 0 -0.1176855 -0.09469986 -0.01050035
14 0.05880699 0.02725041 0.0822537 -1.587274 1.38112 -0.05352476
15 -0.1009997 0 0 -1.803533 0.8326536 -1.026432
16 -0.1219999 0 0 1.365969E-06 -3.730286E-06 -0.8700225
17 -0.1347622 0 0 -0.1237892 0 0
18 -0.1343399 0 0 1.351118 0.1188193 0.2200371
19 -0.1197386 0 -6.123033E-05 -0.001372244 -0.005376858 0.2012115
20 -0.04880161 0 0 0 0 -0.707715
21 -0.1889133 0.06475638 -0.0265498 -3.139415 -0.005103788 -0.4518085
22 -0.04874142 0.04765864 -0.06862451 1.787741 -0.276586 -0.7554917
23 -0.06127064 0 0 -0.06257772 0.2217633 -0.7094637
24 -0.1028246 0 0 -0.1176855 -0.09469986 -0.01050035
25 0.1304068 0.1682832 0 -2.966233 0.1408141 2.411456
26 0.08318153 0 0 0 0.007010702 -0.2901017
27 0.1212126 0 0 4.424206E-09 -0.01384534 -0.1716159
28 0.1593245 0 0 -1.175423E-10 -0.1385874 -0.001245074
29 0.1635516 -0.03052093 -0.1611381 -1.862862 1.290124 2.252532
30 0.1374714 0 0 0.08679721 0.551026 -0.4392093
31 0.0939494 0.006642963 -0.02764245 -0.1773731 -0.5160345 -0.5762332
32 0.1246999 0 0 -0.1573399 -0.1227411 -0.3172031
33 0.1734372 0 0 0.04328538 -0.1122025 -0.1228886
34 0.126392 -0.04665698 0.1773828 -2.350592 0.7415283 -1.273127
35 -0.1374712 0 0 -0.003631278 0.5571113 -0.6107717
36 -0.06898984 0 0 -0.254439 -0.362947 -0.3579366
37 -0.1247 0 0 -0.2580076 0.1310249 -0.1149969
38 -0.1734369 0 0 -0.1347228 0.4985752 0.5652171
39 0.08500706 0.1711765 -0.003450301 -0.09941914 -0.03380913 1.383941
40 0.128564 0.1071712 -0.1867254 -1.329757 1.137284 0.1684462
41 0.0984958 0.02850619 0.1872715 -1.46063 1.072337 -3.117017
42 0.1708579 0.009936064 0 -0.01871748 -0.0679231 0.1444042
43 0.0049 0 0 0 0 0
44 0.5171545 -0.2663316 0.2896972 2.548019 -0.860962 -0.4620793
45 0.1972673 0 0 0.2913304 0.1947972 -1.437536
46 0.05363192 -0.1692977 0 0.1039029 3.72529E-09 -1.192395
47 0.0006023012 -0.03346459 -0.04911327 -0.01706483 0.1599131 -1.728147
48 0.000602576 -0.03346451 0.0491133 0.01731802 -0.005132378 -1.724539
49 0 -0.00544714 0 -1.532757 0.09381547 -1.590082
50 0.1349337 0.007935909 0.1169305 -0.298374 -0.1735949 -0.7050721
51 0.06775701 0 0 0 0 0.9212763
52 0.07025615 0 0 -0.01083826 -0.03763272 -0.2987962
53 0.05538215 -0.1613821 0 -1.818989E-12 4.908495E-05 -1.435881
54 0.1349336 0.007935909 -0.116931 0.4450953 0.3316532 -0.3511825
55 0.067757 0 0 0 0 0.8370796
56 0.0702562 0 0 -0.0534758 -0.1842887 -0.4576961
57 0.0553822 -0.161382 0 1.818989E-12 -5.42615E-05 -1.435881
time 66
0 0 0 0 0 0 0
1 0.03043003 0.3602561 0.02137502 7.773157E-09 -0.2890989 0.01596391
2 0 0.002591992 0 -1.377572 0.09120207 1.53989
3 0.152 0 0 0.05460278 -0.001305888 0.05431478
4 0.05880687 0.02725044 -0.08225372 2.731855 1.357044 1.149673
5 0.159303 0.002208193 0.0009686507 -0.2839079 0.02209776 -0.7318923
6 0.122 0 0 0 0 -1.338755
7 0.1347621 0 0 -0.4804021 0 0
8 0.1343401 0 0 0.8884769 -0.5785519 -0.4762307
9 0.1197383 0 6.123017E-05 0.001768601 -0.005259709 -0.3728327
10 0.04880161 0 0 0 0 -0.2194141
11 0.04874135 -0.0476583 0.06862446 0.797745 -0.5614887 0.1499991
12 0.06127064 0 0 0.07454634 0.2180856 -0.09955539
13 0.1028249 0 0 -0.1176855 -0.09469986 -0.01050035
14 0.05880699 0.02725041 0.0822537 -1.594333 1.383397 -0.06058518
15 -0.1009997 0 0 -1.800413 0.8348034 -1.027464
16 -0.1219999 0 0 1.365967E-06 -3.730285E-06 -0.881642
17 -0.1347622 0 0 -0.1234688 0 0
18 -0.1343399 0 0 1.353082 0.1185951 0.2288414
19 -0.1197386 0 -6.123033E-05 -0.001372244 -0.005376858 0.2012115
20 -0.04880161 0 0 0 0 -0.707715
21 -0.1889133 0.06475638 -0.0265498 -3.139415 -0.005103788 -0.4518085
22 -0.04874142 0.04765864 -0.06862451 1.787741 -0.276586 -0.7554917
23 -0.06127064 0 0 -0.06257772 0.2217633 -0.7094637
24 -0.1028246 0 0 -0.1176855 -0.09469986 -0.01050035
25 0.1304068 0.1682832 0 -2.965446 0.140578 2.40601
26 0.08318153 0 0 2.561225E-09 0.00826441 -0.2947406
27 0.1212126 0 0 -1.280672E-09 -0.01268486 -0.178789
28 0.1593245 0 0 -9.632818E-09 -0.1343166 -0.009264688
29 0.1636553 -0.03053126 -0.1610264 -1.86414 1.289841 2.248307
30 0.1374714 0 0 0.08679721 0.551026 -0.4392093
31 0.0939494 0.006642963 -0.02764245 -0.1792869 -0.5117447 -0.570705
32 0.1246999 0 0 -0.1571026 -0.1162997 -0.3181378
33 0.1734372 0 0 0.04404367 -0.1084923 -0.1307446
34 0.1264823 -0.04660694 0.1773828 -2.351112 0.7402591 -1.277358
35 -0.1374712 0 0 -0.003631278 0.5571113 -0.6107717
36 -0.06898984 0 0 -0.2546826 -0.3647448 -0.3573851
37 -0.1247 0 0 -0.2580077 0.1279581 -0.1143258
38 -0.1734369 0 0 -0.1346629 0.493086 0.5654294
39 0.08461734 0.1711765 -0.003508952 -0.09941914 -0.04073236 1.378124
40 0.128564 0.1071712 -0.1867254 -1.317 1.134498 0.1825741
41 0.0984958 0.02850619 0.1872715 -1.476343 1.061384 -3.135346
42 0.1708579 0.009936064 0 -0.01910714 -0.06656323 0.1430506
43 0.0049 0 0 0 0 0
44 0.5171545 -0.2663316 0.2896972 2.554291 -0.8687105 -0.4705674
45 0.1972673 0 0 0.2939675 0.1946548 -1.423991
46 0.05363192 -0.1692977 0 0.1080154 0 -1.1829
47 0.0006023012 -0.03346459 -0.04911327 -0.01682307 0.1706339 -1.7278
48 0.000602576 -0.03346451 0.0491133 0.01708838 0.006810041 -1.723401
49 0 -0.00544714 0 -1.533129 0.09550825 -1.589625
50 0.1349337 0.007935909 0.1169305 -0.2958487 -0.1793088 -0.7207251
51 0.06775701 0 0 0 0 0.9513306
52 0.07025615 0 0 -0.01045303 -0.03586826 -0.313352
53 0.05538215 -0.1613821 0 -1.818989E-12 4.908495E-05 -1.435881
54 0.1349336 0.007935909 -0.116931 0.4400764 0.3387031 -0.3669578
55 0.067757 0 0 0 0 0.8707238
56 0.0702562 0 0 -0.05360113 -0.1848891 -0.4758739
57 0.0553822 -0.161382 0 1.818989E-12 -5.42615E-05 -1.435881
time 67
0 0 0 0 0 0 0
1 0.03008687 0.3591686 0.02167458 9.232906E-09 -0.2899283 0.01574081
2 0 0.002591992 0 -1.377467 0.09302632 1.539896
3 0.152 0 0 0.05576845 -0.001904569 0.05606496
4 0.05880687 0.02725044 -0.08225372 2.725403 1.355048 1.143615
5 0.159303 0.002208193 0.0009686507 -0.2806686 0.0182781 -0.7360101
6 0.122 0 0 0 0 -1.334313
7 0.1347621 0 0 -0.4804021 0 0
8 0.1343401 0 0 0.8884769 -0.5785519 -0.4762307
9 0.1197383 0 6.123017E-05 0.001768601 -0.005259709 -0.3728327
10 0.04880161 0 0 0 0 -0.2194141
11 0.04874135 -0.0476583 0.06862446 0.797745 -0.5614887 0.1499991
12 0.06127064 0 0 0.07454634 0.2180856 -0.09955539
13 0.1028249 0 0 -0.1176855 -0.09469986 -0.01050035
14 0.05880699 0.02725041 0.0822537 -1.602508 1.385534 -0.06875992
15 -0.1009997 0 0 -1.797779 0.8374053 -1.028559
16 -0.1219999 0 0 1.365969E-06 -3.730286E-06 -0.8942645
17 -0.1347622 0 0 -0.1231709 0 0
18 -0.1343399 0 0 1.355041 0.1183607 0.2379899
19 -0.1197386 0 -6.123033E-05 -0.001372244 -0.005376858 0.2012115
20 -0.04880161 0 0 0 0 -0.707715
21 -0.1889133 0.06475638 -0.0265498 -3.139415 -0.005103788 -0.4518085
22 -0.04874142 0.04765864 -0.06862451 1.787741 -0.276586 -0.7554917
23 -0.06127064 0 0 -0.06257772 0.2217633 -0.7094637
24 -0.1028246 0 0 -0.1176855 -0.09469986 -0.01050035
25 0.1304068 0.1682832 0 -2.964718 0.1403952 2.400708
26 0.08318153 0 0 1.397047E-09 0.009501665 -0.2985388
27 0.1212126 0 0 -9.430266E-09 -0.01151541 -0.1859978
28 0.1593245 0 0 4.696165E-10 -0.1298763 -0.0183539
29 0.1637637 -0.03052672 -0.1609312 -1.865546 1.289487 2.244434
30 0.1374714 0 0 0.08679721 0.551026 -0.4392093
31 0.0939494 0.006642963 -0.02764245 -0.1812818 -0.5074627 -0.5649326
32 0.1246999 0 0 -0.1569787 -0.1097211 -0.3184138
33 0.1734372 0 0 0.04475485 -0.1046601 -0.1381269
34 0.1265764 -0.04654868 0.1773828 -2.351619 0.7390176 -1.281226
35 -0.1374712 0 0 -0.003631278 0.5571113 -0.6107717
36 -0.06898984 0 0 -0.2549044 -0.3664618 -0.3568676
37 -0.1247 0 0 -0.2580083 0.124864 -0.1136359
38 -0.1734369 0 0 -0.1345969 0.4873754 0.5656618
39 0.08423682 0.1711765 -0.003566397 -0.09941913 -0.04755966 1.373391
40 0.128564 0.1071712 -0.1867254 -1.304719 1.131412 0.196191
41 0.0984958 0.02850619 0.1872715 -1.490875 1.049878 3.130463
42 0.1708579 0.009936064 0 -0.01932722 -0.06492935 0.1425494
43 0.0049 0 0 0 0 0
44 0.5171545 -0.2663316 0.2896972 2.559964 -0.8759456 -0.478276
45 0.1972673 0 0 0.2965998 0.1944927 -1.410363
46 0.05363192 -0.1692977 0 0.1119164 -1.862645E-08 -1.173606
47 0.0006023012 -0.03346459 -0.04911327 -0.01647842 0.1804352 -1.724928
48 0.000602576 -0.03346451 0.0491133 0.01675669 0.01802686 -1.720266
49 0 -0.00544714 0 -1.53354 0.09692534 -1.589051
50 0.1349337 0.007935909 0.1169305 -0.2927824 -0.1859447 -0.7376633
51 0.06775701 0 0 0 0 0.9848692
52 0.07025615 0 0 -0.009920827 -0.03362814 -0.3296001
53 0.05538215 -0.1613821 0 -1.818989E-12 4.908495E-05 -1.435881
54 0.1349336 0.007935909 -0.116931 0.434381 0.3463916 -0.3840227
55 0.067757 0 0 0 0 0.9082847
56 0.0702562 0 0 -0.05371583 -0.1855486 -0.4964539
57 0.0553822 -0.161382 0 1.818989E-12 -5.42615E-05 -1.435881
time 68
0 0 0 0 0 0 0
1 0.02967174 0.3579729 0.02195198 2.916497E-09 -0.2908957 0.01546147
2 0 0.002591992 0 -1.377373 0.09443577 1.539895
3 0.152 0 0 0.05691672 -0.002446944 0.05778912
4 0.05880687 0.02725044 -0.08225372 2.719524 1.352936 1.138149
5 0.159303 0.002208193 0.0009686507 -0.2777143 0.01453695 -0.7401575
6 0.122 0 0 0 0 -1.329902
7 0.1347621 0 0 -0.4804021 0 0
8 0.1343401 0 0 0.8884769 -0.5785519 -0.4762307
9 0.1197383 0 6.123017E-05 0.001768601 -0.005259709 -0.3728327
10 0.04880161 0 0 0 0 -0.2194141
11 0.04874135 -0.0476583 0.06862446 0.797745 -0.5614887 0.1499991
12 0.06127064 0 0 0.07454634 0.2180856 -0.09955539
13 0.1028249 0 0 -0.1176855 -0.09469986 -0.01050035
14 0.05880699 0.02725041 0.0822537 -1.61168 1.387469 -0.07792924
15 -0.1009997 0 0 -1.795669 0.8403926 -1.029727
16 -0.1219999 0 0 1.365968E-06 -3.730285E-06 -0.9077572
17 -0.1347622 0 0 -0.1228956 0 0
18 -0.1343399 0 0 1.356983 0.1181167 0.2474534
19 -0.1197386 0 -6.123033E-05 -0.001372244 -0.005376858 0.2012115
20 -0.04880161 0 0 0 0 -0.707715
21 -0.1889133 0.06475638 -0.0265498 -3.139415 -0.005103788 -0.4518085
22 -0.04874142 0.04765864 -0.06862451 1.787741 -0.276586 -0.7554917
23 -0.06127064 0 0 -0.06257772 0.2217633 -0.7094637
24 -0.1028246 0 0 -0.1176855 -0.09469986 -0.01050035
25 0.1304068 0.1682832 0 -2.964048 0.140265 2.395597
26 0.08318153 0 0 7.334587E-09 0.01071978 -0.301418
27 0.1212126 0 0 1.047794E-09 -0.01033976 -0.1931962
28 0.1593245 0 0 -4.693392E-09 -0.1252729 -0.02839491
29 0.1638758 -0.03050696 -0.1608517 -1.867065 1.289059 2.240945
30 0.1374714 0 0 0.08679721 0.551026 -0.4392093
31 0.0939494 0.006642963 -0.02764245 -0.1833389 -0.5032045 -0.5589724
32 0.1246999 0 0 -0.1569774 -0.1030265 -0.3180346
33 0.1734372 0 0 0.04541688 -0.1007212 -0.1449637
34 0.1266735 -0.0464825 0.1773828 -2.352119 0.7378067 -1.28469
35 -0.1374712 0 0 -0.003631278 0.5571113 -0.6107717
36 -0.06898984 0 0 -0.2551033 -0.368093 -0.3563864
37 -0.1247 0 0 -0.2580078 0.1217489 -0.1129294
38 -0.1734369 0 0 -0.134525 0.4814572 0.5659119
39 0.08386603 0.1711765 -0.003622576 -0.09941913 -0.05427523 1.369856
40 0.128564 0.1071712 -0.1867254 -1.292936 1.128048 0.2092785
41 0.0984958 0.02850619 0.1872715 -1.504501 1.037938 3.114222
42 0.1708579 0.009936064 0 -0.01937904 -0.06300701 0.1429442
43 0.0049 0 0 0 0 0
44 0.5171545 -0.2663316 0.2896972 2.564933 -0.8825883 -0.4850695
45 0.1972673 0 0 0.299204 0.1943429 -1.396791
46 0.05363192 -0.1692977 0 0.1155973 0 -1.164689
47 0.0006023012 -0.03346459 -0.04911327 -0.01592787 0.1892372 -1.718329
48 0.000602576 -0.03346451 0.0491133 0.01619358 0.02842467 -1.713537
49 0 -0.00544714 0 -1.533989 0.09804129 -1.588357
50 0.1349337 0.007935909 0.1169305 -0.2891628 -0.1934138 -0.7555407
51 0.06775701 0 0 0 0 1.021228
52 0.07025615 0 0 -0.00923797 -0.03090683 -0.3472786
53 0.05538215 -0.1613821 0 -1.818989E-12 4.908495E-05 -1.435881
54 0.1349336 0.007935909 -0.116931 0.4280907 0.3545446 -0.4019608
55 0.067757 0 0 0 0 0.9489089
56 0.0702562 0 0 -0.05382421 -0.1862906 -0.5190821
57 0.0553822 -0.161382 0 1.818989E-12 -5.42615E-05 -1.435881
time 69
0 0 0 0 0 0 0
1 0.02919701 0.3566824 0.02220621 1.483029E-08 -0.2919666 0.01512416
2 0 0.002591992 0 -1.377292 0.09539565 1.539887
3 0.152 0 0 0.05804797 -0.002930807 0.05947602
4 0.05880687 0.02725044 -0.08225372 2.714205 1.350726 1.133259
5 0.159303 0.002208193 0.0009686507 -0.275073 0.01090601 -0.7443112
6 0.122 0 0 0 0 -1.325542
7 0.1347621 0 0 -0.4804021 0 0
8 0.1343401 0 0 0.8884769 -0.5785519 -0.4762307
9 0.1197383 0 6.123017E-05 0.001768601 -0.005259709 -0.3728327
10 0.04880161 0 0 0 0 -0.2194141
11 0.04874135 -0.0476583 0.06862446 0.797745 -0.5614887 0.1499991
12 0.06127064 0 0 0.07454634 0.2180856 -0.09955539
13 0.1028249 0 0 -0.1176855 -0.09469986 -0.01050035
14 0.05880699 0.02725041 0.0822537 -1.621732 1.389218 -0.08797691
15 -0.1009997 0 0 -1.794177 0.8436995 -1.030974
16 -0.1219999 0 0 1.365969E-06 -3.730286E-06 -0.9219891
17 -0.1347622 0 0 -0.1226488 0 0
18 -0.1343399 0 0 1.358899 0.1178634 0.2572033
19 -0.1197386 0 -6.123033E-05 -0.001372244 -0.005376858 0.2012115
20 -0.04880161 0 0 0 0 -0.707715
21 -0.1889133 0.06475638 -0.0265498 -3.139415 -0.005103788 -0.4518085
22 -0.04874142 0.04765864 -0.06862451 1.787741 -0.276586 -0.7554917
23 -0.06127064 0 0 -0.06257772 0.2217633 -0.7094637
24 -0.1028246 0 0 -0.1176855 -0.09469986 -0.01050035
25 0.1304068 0.1682832 0 -2.963435 0.1401866 2.390874
26 0.08318153 0 0 5.588332E-09 0.01191622 -0.3033033
27 0.1212126 0 0 4.656808E-10 -0.009160147 -0.200329
28 0.1593245 0 0 -1.993521E-08 -0.1205196 -0.03927009
29 0.1639911 -0.03047163 -0.1607873 -1.868677 1.288558 2.237875
30 0.1374714 0 0 0.08679721 0.551026 -0.4392093
31 0.0939494 0.006642963 -0.02764245 -0.185439 -0.4989873 -0.5528831
32 0.1246999 0 0 -0.1571058 -0.09623527 -0.3171792
33 0.1734372 0 0 0.04602225 -0.09668025 -0.1511687
34 0.126773 -0.04640873 0.1773828 -2.352618 0.7366304 -1.287709
35 -0.1374712 0 0 -0.003631278 0.5571113 -0.6107717
36 -0.06898984 0 0 -0.2552779 -0.369633 -0.3559432
37 -0.1247 0 0 -0.2580088 0.1186209 -0.1122103
38 -0.1734369 0 0 -0.1344467 0.4753492 0.5661828
39 0.08350548 0.1711765 -0.003677427 -0.09941912 -0.06086307 1.367633
40 0.128564 0.1071712 -0.1867254 -1.281671 1.124432 0.2218191
41 0.0984958 0.02850619 0.1872715 -1.517149 1.025684 3.098705
42 0.1708579 0.009936064 0 -0.01926558 -0.0607861 0.1442218
43 0.0049 0 0 0 0 0
44 0.5171545 -0.2663316 0.2896972 2.569092 -0.8885601 -0.4905087
45 0.1972673 0 0 0.3017565 0.1942375 -1.383416
46 0.05363192 -0.1692977 0 0.1190494 7.450581E-09 -1.156322
47 0.0006023012 -0.03346459 -0.04911327 -0.01504385 0.1970106 -1.708396
48 0.000602576 -0.03346451 0.0491133 0.0153054 0.03791026 -1.703611
49 0 -0.00544714 0 -1.534473 0.09883066 -1.587563
50 0.1349337 0.007935909 0.1169305 -0.2850016 -0.201626 -0.7740075
51 0.06775701 0 0 0 0 1.059744
52 0.07025615 0 0 -0.008400742 -0.02769842 -0.3661217
53 0.05538215 -0.1613821 0 -1.818989E-12 4.908495E-05 -1.435881
54 0.1349336 0.007935909 -0.116931 0.4212873 0.3629881 -0.4203557
55 0.067757 0 0 0 0 0.9917467
56 0.0702562 0 0 -0.05393056 -0.1871358 -0.5434023
57 0.0553822 -0.161382 0 1.818989E-12 -5.42615E-05 -1.435881
time 70
0 0 0 0 0 0 0
1 0.02867777 0.3553101 0.02243624 -7.296168E-10 -0.2931415 0.01472759
2 0 0.002591992 0 -1.377222 0.09587051 1.539871
3 0.152 0 0 0.05915149 -0.003353034 0.06110302
4 0.05880687 0.02725044 -0.08225372 2.709431 1.348438 1.128927
5 0.159303 0.002208193 0.0009686507 -0.2727719 0.007417307 -0.7484466
6 0.122 0 0 0 0 -1.321259
7 0.1347621 0 0 -0.4804021 0 0
8 0.1343401 0 0 0.8884769 -0.5785519 -0.4762307
9 0.1197383 0 6.123017E-05 0.001768601 -0.005259709 -0.3728327
10 0.04880161 0 0 0 0 -0.2194141
11 0.04874135 -0.0476583 0.06862446 0.797745 -0.5614887 0.1499991
12 0.06127064 0 0 0.07454634 0.2180856 -0.09955539
13 0.1028249 0 0 -0.1176855 -0.09469986 -0.01050035
14 0.05880699 0.02725041 0.0822537 -1.632546 1.390868 -0.09878357
15 -0.1009997 0 0 -1.793327 0.8472597 -1.032308
16 -0.1219999 0 0 1.365968E-06 -3.730285E-06 -0.9368287
17 -0.1347622 0 0 -0.122423 0 0
18 -0.1343399 0 0 1.360777 0.1176014 0.2672101
19 -0.1197386 0 -6.123033E-05 -0.001372244 -0.005376858 0.2012115
20 -0.04880161 0 0 0 0 -0.707715
21 -0.1889133 0.06475638 -0.0265498 -3.139415 -0.005103788 -0.4518085
22 -0.04874142 0.04765864 -0.06862451 1.787741 -0.276586 -0.7554917
23 -0.06127064 0 0 -0.06257772 0.2217633 -0.7094637
24 -0.1028246 0 0 -0.1176855 -0.09469986 -0.01050035
25 0.1304068 0.1682832 0 -2.962875 0.1401592 2.386699
26 0.08318153 0 0 1.862805E-09 0.01308831 -0.304116
27 0.1212126 0 0 -7.800075E-09 -0.007979156 -0.2073465
28 0.1593245 0 0 3.047147E-09 -0.1156324 -0.0508632
29 0.1641085 -0.03042039 -0.1607372 -1.870367 1.28798 2.235256
30 0.1374714 0 0 0.08679721 0.551026 -0.4392093
31 0.0939494 0.006642963 -0.02764245 -0.187563 -0.4948269 -0.546721
32 0.1246999 0 0 -0.157372 -0.08936744 -0.3158849
33 0.1734372 0 0 0.04656688 -0.09254865 -0.1566648
34 0.1268741 -0.04632769 0.1773828 -2.35312 0.7354919 -1.290242
35 -0.1374712 0 0 -0.003631278 0.5571113 -0.6107717
36 -0.06898984 0 0 -0.2554262 -0.3710747 -0.3555389
37 -0.1247 0 0 -0.2580083 0.1154855 -0.1114799
38 -0.1734369 0 0 -0.1343622 0.4690657 0.5664728
39 0.08315569 0.1711765 -0.003730888 -0.09941911 -0.06730742 1.366836
40 0.128564 0.1071712 -0.1867254 -1.270947 1.120589 0.2337927
41 0.0984958 0.02850619 0.1872715 -1.52886 1.013234 3.084054
42 0.1708579 0.009936064 0 -0.01898843 -0.05825311 0.1463892
43 0.0049 0 0 0 0 0
44 0.5171545 -0.2663316 0.2896972 2.572062 -0.8937811 -0.4942711
45 0.1972673 0 0 0.3042338 0.1942082 -1.370375
46 0.05363192 -0.1692977 0 0.1222639 3.72529E-09 -1.148677
47 0.0006023012 -0.03346459 -0.04911327 -0.01386623 0.2039568 -1.695518
48 0.000602576 -0.03346451 0.0491133 0.01413073 0.0464243 -1.690879
49 0 -0.00544714 0 -1.534993 0.09926801 -1.586694
50 0.1349337 0.007935909 0.1169305 -0.2803352 -0.2104921 -0.7927165
51 0.06775701 0 0 0 0 1.099752
52 0.07025615 0 0 -0.007405464 -0.02399741 -0.3858678
53 0.05538215 -0.1613821 0 -1.818989E-12 4.908495E-05 -1.435881
54 0.1349336 0.007935909 -0.116931 0.4140544 0.3715501 -0.4387923
55 0.067757 0 0 0 0 1.035945
56 0.0702562 0 0 -0.05403913 -0.1879754 -0.5690563
57 0.0553822 -0.161382 0 1.818989E-12 -5.42615E-05 -1.435881
time 71
0 0 0 0 0 0 0
1 0.02811614 0.3538695 0.02264107 5.352577E-09 -0.2944102 0.01426991
2 0 0.002591992 0 -1.377164 0.09582557 1.539846
3 0.152 0 0 0.06023317 -0.003711951 0.06266457
4 0.05880687 0.02725044 -0.08225372 2.705189 1.346091 1.125134
5 0.159303 0.002208193 0.0009686507 -0.2708383 0.004102935 -0.7525379
6 0.122 0 0 0 0 -1.317073
7 0.1347621 0 0 -0.4804021 0 0
8 0.1343401 0 0 0.8884769 -0.5785519 -0.4762307
9 0.1197383 0 6.123017E-05 0.001768601 -0.005259709 -0.3728327
10 0.04880161 0 0 0 0 -0.2194141
11 0.04874135 -0.0476583 0.06862446 0.797745 -0.5614887 0.1499991
12 0.06127064 0 0 0.07454634 0.2180856 -0.09955539
13 0.1028249 0 0 -0.1176855 -0.09469986 -0.01050035
14 0.05880699 0.02725041 0.0822537 -1.644008 1.392419 -0.1102355
15 -0.1009997 0 0 -1.793094 0.8510068 -1.033737
16 -0.1219999 0 0 1.365969E-06 -3.730285E-06 -0.9521446
17 -0.1347622 0 0 -0.1222162 0 0
18 -0.1343399 0 0 1.362608 0.117331 0.2774454
19 -0.1197386 0 -6.123033E-05 -0.001372244 -0.005376858 0.2012115
20 -0.04880161 0 0 0 0 -0.707715
21 -0.1889133 0.06475638 -0.0265498 -3.139415 -0.005103788 -0.4518085
22 -0.04874142 0.04765864 -0.06862451 1.787741 -0.276586 -0.7554917
23 -0.06127064 0 0 -0.06257772 0.2217633 -0.7094637
24 -0.1028246 0 0 -0.1176855 -0.09469986 -0.01050035
25 0.1304068 0.1682832 0 -2.962367 0.140182 2.383066
26 0.08318153 0 0 2.095688E-09 0.0142334 -0.3037783
27 0.1212126 0 0 -1.105971E-09 -0.006799552 -0.2142042
28 0.1593245 0 0 -1.13383E-07 -0.1106172 -0.06305405
29 0.1642275 -0.03035288 -0.1607007 -1.872113 1.287326 2.233124
30 0.1374714 0 0 0.08679721 0.551026 -0.4392093
31 0.0939494 0.006642963 -0.02764245 -0.1896917 -0.4907394 -0.5405436
32 0.1246999 0 0 -0.1577842 -0.08244336 -0.31419
33 0.1734372 0 0 0.04704523 -0.08833526 -0.1613705
34 0.1269763 -0.04623971 0.1773828 -2.353633 0.7343944 -1.29225
35 -0.1374712 0 0 -0.003631278 0.5571113 -0.6107717
36 -0.06898984 0 0 -0.2555466 -0.3724127 -0.3551752
37 -0.1247 0 0 -0.2580068 0.11235 -0.1107412
38 -0.1734369 0 0 -0.1342712 0.4626237 0.5667838
39 0.0828172 0.1711765 -0.003782898 -0.09941911 -0.07359231 1.36758
40 0.128564 0.1071712 -0.1867254 -1.260784 1.116544 0.2451812
41 0.0984958 0.02850619 0.1872715 -1.539678 1.000709 3.070252
42 0.1708579 0.009936064 0 -0.01854892 -0.05543264 0.1493703
43 0.0049 0 0 0 0 0
44 0.5171545 -0.2663316 0.2896972 2.573597 -0.8981726 -0.496395
45 0.1972673 0 0 0.3066126 0.1942876 -1.35781
46 0.05363192 -0.1692977 0 0.1252322 -2.607703E-08 -1.141931
47 0.0006023012 -0.03346459 -0.04911327 -0.01243494 0.2101319 -1.680086
48 0.000602576 -0.03346451 0.0491133 0.01270811 0.05400579 -1.675736
49 0 -0.00544714 0 -1.535545 0.09932791 -1.585755
50 0.1349337 0.007935909 0.1169305 -0.2751998 -0.2199229 -0.8113201
51 0.06775701 0 0 0 0 1.140589
52 0.07025615 0 0 -0.006196909 -0.01979817 -0.4062539
53 0.05538215 -0.1613821 0 -1.818989E-12 4.908495E-05 -1.435881
54 0.1349336 0.007935909 -0.116931 0.4064738 0.3800567 -0.4568543
55 0.067757 0 0 0 0 1.080654
56 0.0702562 0 0 -0.05415426 -0.1887766 -0.5956885
57 0.0553822 -0.161382 0 1.818989E-12 -5.42615E-05 -1.435881
time 72
0 0 0 0 0 0 0
1 0.02751421 0.3523736 0.02281966 9.979382E-09 -0.2957704 0.01376438
2 0 0.002591992 0 -1.377119 0.0952259 1.539814
3 0.152 0 0 0.06128215 -0.004004284 0.06413776
4 0.05880687 0.02725044 -0.08225372 2.701465 1.343704 1.121864
5 0.159303 0.002208193 0.0009686507 -0.2693006 0.0009943844 -0.7565643
6 0.122 0 0 0 0 -1.313008
7 0.1347621 0 0 -0.4804021 0 0
8 0.1343401 0 0 0.8884769 -0.5785519 -0.4762307
9 0.1197383 0 6.123017E-05 0.001768601 -0.005259709 -0.3728327
10 0.04880161 0 0 0 0 -0.2194141
11 0.04874135 -0.0476583 0.06862446 0.797745 -0.5614887 0.1499991
12 0.06127064 0 0 0.07454634 0.2180856 -0.09955539
13 0.1028249 0 0 -0.1176855 -0.09469986 -0.01050035
14 0.05880699 0.02725041 0.0822537 -1.655994 1.393867 -0.1222108
15 -0.1009997 0 0 -1.793452 0.8548742 -1.035269
16 -0.1219999 0 0 1.365969E-06 -3.730286E-06 -0.9678053
17 -0.1347622 0 0 -0.1220385 0 0
18 -0.1343399 0 0 1.364382 0.1170526 0.2878798
19 -0.1197386 0 -6.123033E-05 -0.001372244 -0.005376858 0.2012115
20 -0.04880161 0 0 0 0 -0.707715
21 -0.1889133 0.06475638 -0.0265498 -3.139415 -0.005103788 -0.4518085
22 -0.04874142 0.04765864 -0.06862451 1.787741 -0.276586 -0.7554917
23 -0.06127064 0 0 -0.06257772 0.2217633 -0.7094637
24 -0.1028246 0 0 -0.1176855 -0.09469986 -0.01050035
25 0.1304068 0.1682832 0 -2.961909 0.1402543 2.379968
26 0.08318153 0 0 1.373863E-08 0.0153488 -0.3022124
27 0.1212126 0 0 -6.402944E-10 -0.005623672 -0.2208467
28 0.1593245 0 0 -2.903241E-08 -0.1054962 -0.07573053
29 0.164347 -0.03026875 -0.1606773 -1.8739 1.286593 2.231509
30 0.1374714 0 0 0.08679721 0.551026 -0.4392093
31 0.0939494 0.006642963 -0.02764245 -0.1918061 -0.4867411 -0.5344079
32 0.1246999 0 0 -0.1583484 -0.07548157 -0.3121276
33 0.1734372 0 0 0.04745537 -0.08405453 -0.1652154
34 0.1270787 -0.0461451 0.1773828 -2.354161 0.7333421 -1.293692
35 -0.1374712 0 0 -0.003631278 0.5571113 -0.6107717
36 -0.06898984 0 0 -0.2556376 -0.3736407 -0.3548535
37 -0.1247 0 0 -0.2580086 0.109223 -0.1099991
38 -0.1734369 0 0 -0.1341736 0.4560376 0.5671144
39 0.08249051 0.1711765 -0.003833396 -0.09941912 -0.07970187 1.369979
40 0.128564 0.1071712 -0.1867254 -1.251203 1.112322 0.255967
41 0.0984958 0.02850619 0.1872715 -1.549646 0.9882286 3.057278
42 0.1708579 0.009936064 0 -0.01795135 -0.05243676 0.153109
43 0.0049 0 0 0 0 0
44 0.5171545 -0.2663316 0.2896972 2.573789 -0.901682 -0.4969199
45 0.1972673 0 0 0.3088696 0.194507 -1.345858
46 0.05363192 -0.1692977 0 0.1279455 -5.587935E-08 -1.136257
47 0.0006023012 -0.03346459 -0.04911327 -0.01078983 0.2155921 -1.66249
48 0.000602576 -0.03346451 0.0491133 0.01107609 0.06071026 -1.658577
49 0 -0.00544714 0 -1.536128 0.09898479 -1.584749
50 0.1349337 0.007935909 0.1169305 -0.2696318 -0.229829 -0.8294703
51 0.06775701 0 0 0 0 1.181589
52 0.07025615 0 0 -0.004765782 -0.01509505 -0.4270169
53 0.05538215 -0.1613821 0 -1.818989E-12 4.908495E-05 -1.435881
54 0.1349336 0.007935909 -0.116931 0.3987489 0.3883335 -0.4741249
55 0.067757 0 0 0 0 1.125287
56 0.0702562 0 0 -0.05428018 -0.1895065 -0.6229427
57 0.0553822 -0.161382 0 1.818989E-12 -5.42615E-05 -1.435881
time 73
0 0 0 0 0 0 0
1 0.02687409 0.3508357 0.02297099 -1.33929E-09 -0.2972193 0.01322655
2 0 0.002591992 0 -1.377086 0.09403653 1.539773
3 0.152 0 0 0.062305 -0.00422852 0.06551788
4 0.05880687 0.02725044 -0.08225372 2.698244 1.341295 1.119099
5 0.159303 0.002208193 0.0009686507 -0.2681858 -0.001876184 -0.7604994
6 0.122 0 0 0 0 -1.309086
7 0.1347621 0 0 -0.4804021 0 0
8 0.1343401 0 0 0.8884769 -0.5785519 -0.4762307
9 0.1197383 0 6.123017E-05 0.001768601 -0.005259709 -0.3728327
10 0.04880161 0 0 0 0 -0.2194141
11 0.04874135 -0.0476583 0.06862446 0.797745 -0.5614887 0.1499991
12 0.06127064 0 0 0.07454634 0.2180856 -0.09955539
13 0.1028249 0 0 -0.1176855 -0.09469986 -0.01050035
14 0.05880699 0.02725041 0.0822537 -1.668389 1.395208 -0.1345929
15 -0.1009997 0 0 -1.794375 0.8587959 -1.03691
16 -0.1219999 0 0 1.365969E-06 -3.730286E-06 -0.9836794
17 -0.1347622 0 0 -0.121882 0 0
18 -0.1343399 0 0 1.366087 0.1167667 0.2984845
19 -0.1197386 0 -6.123033E-05 -0.001372244 -0.005376858 0.2012115
20 -0.04880161 0 0 0 0 -0.707715
21 -0.1889133 0.06475638 -0.0265498 -3.139415 -0.005103788 -0.4518085
22 -0.04874142 0.04765864 -0.06862451 1.787741 -0.276586 -0.7554917
23 -0.06127064 0 0 -0.06257772 0.2217633 -0.7094637
24 -0.1028246 0 0 -0.1176855 -0.09469986 -0.01050035
25 0.1304068 0.1682832 0 -2.961498 0.1403755 2.377401
26 0.08318153 0 0 2.328621E-09 0.01643212 -0.2995186
27 0.1212126 0 0 -7.101405E-09 -0.00445408 -0.2272235
28 0.1593245 0 0 -1.17471E-07 -0.1002715 -0.08876875
29 0.1644663 -0.03016765 -0.160666 -1.87571 1.28578 2.230448
30 0.1374714 0 0 0.08679721 0.551026 -0.4392093
31 0.0939494 0.006642963 -0.02764245 -0.1938871 -0.4828483 -0.5283712
32 0.1246999 0 0 -0.1590182 -0.06850345 -0.3097389
33 0.1734372 0 0 0.04778996 -0.07971241 -0.1681128
34 0.1271808 -0.04604419 0.1773828 -2.354711 0.7323377 -1.294527
35 -0.1374712 0 0 -0.003631278 0.5571113 -0.6107717
36 -0.06898984 0 0 -0.2556976 -0.3747531 -0.3545754
37 -0.1247 0 0 -0.2580076 0.1061092 -0.1092535
38 -0.1734369 0 0 -0.1340694 0.4493243 0.5674607
39 0.08217616 0.1711765 -0.003882319 -0.09941912 -0.0856202 1.374146
40 0.128564 0.1071712 -0.1867254 -1.242227 1.107948 0.2661301
41 0.0984958 0.02850619 0.1872715 -1.558805 0.9759114 3.045115
42 0.1708579 0.009936064 0 -0.01719617 -0.04928215 0.1575237
43 0.0049 0 0 0 0 0
44 0.5171545 -0.2663316 0.2896972 2.572731 -0.9043364 -0.4958843
45 0.1972673 0 0 0.310981 0.1948989 -1.334659
46 0.05363192 -0.1692977 0 0.1303953 3.72529E-09 -1.13183
47 0.0006023012 -0.03346459 -0.04911327 -0.008970817 0.2203934 -1.643122
48 0.000602576 -0.03346451 0.0491133 0.009273235 0.0665933 -1.639793
49 0 -0.00544714 0 -1.536742 0.09821321 -1.583679
50 0.1349337 0.007935909 0.1169305 -0.2636676 -0.240121 -0.8468192
51 0.06775701 0 0 0 0 1.222248
52 0.07025615 0 0 -0.003126761 -0.009882368 -0.4478936
53 0.05538215 -0.1613821 0 -1.818989E-12 4.908495E-05 -1.435881
54 0.1349336 0.007935909 -0.116931 0.3910734 0.3962084 -0.4903811
55 0.067757 0 0 0 0 1.169664
56 0.0702562 0 0 -0.05442117 -0.1901319 -0.6504623
57 0.0553822 -0.161382 0 1.818989E-12 -5.42615E-05 -1.435881
time 74
0 0 0 0 0 0 0
1 0.02619788 0.3492692 0.02309406 1.108478E-08 -0.2987471 0.01265796
2 0 0.002591992 0 -1.377066 0.09233237 1.539723
3 0.152 0 0 0.06329381 -0.004381633 0.06678499
4 0.05880687 0.02725044 -0.08225372 2.695514 1.338884 1.116822
5 0.159303 0.002208193 0.0009686507 -0.2675214 -0.004476845 -0.7643189
6 0.122 0 0 0 0 -1.305331
7 0.1347621 0 0 -0.4804021 0 0
8 0.1343401 0 0 0.8884769 -0.5785519 -0.4762307
9 0.1197383 0 6.123017E-05 0.001768601 -0.005259709 -0.3728327
10 0.04880161 0 0 0 0 -0.2194141
11 0.04874135 -0.0476583 0.06862446 0.797745 -0.5614887 0.1499991
12 0.06127064 0 0 0.07454634 0.2180856 -0.09955539
13 0.1028249 0 0 -0.1176855 -0.09469986 -0.01050035
14 0.05880699 0.02725041 0.0822537 -1.681075 1.396443 -0.1472653
15 -0.1009997 0 0 -1.795838 0.8627056 -1.038669
16 -0.1219999 0 0 1.365968E-06 -3.730285E-06 -0.9996352
17 -0.1347622 0 0 -0.1217449 0 0
18 -0.1343399 0 0 1.367715 0.1164738 0.308564
19 -0.1197386 0 -6.123033E-05 -0.001372244 -0.005376858 0.2012115
20 -0.04880161 0 0 0 0 -0.707715
21 -0.1889133 0.06475638 -0.0265498 -3.139415 -0.005103788 -0.4518085
22 -0.04874142 0.04765864 -0.06862451 1.787741 -0.276586 -0.7554917
23 -0.06127064 0 0 -0.06257772 0.2217633 -0.7094637
24 -0.1028246 0 0 -0.1176855 -0.09469986 -0.01050035
25 0.1304068 0.1682832 0 -2.961133 0.1405444 2.375359
26 0.08318153 0 0 2.095796E-09 0.01748051 -0.2958903
27 0.1212126 0 0 -3.201439E-09 -0.003293457 -0.2332909
28 0.1593245 0 0 -8.045625E-08 -0.09496383 -0.1020579
29 0.1645847 -0.03004923 -0.1606663 -1.877523 1.284886 2.229972
30 0.1374714 0 0 0.08679721 0.551026 -0.4392093
31 0.0939494 0.006642963 -0.02764245 -0.1959155 -0.4790774 -0.5224908
32 0.1246999 0 0 -0.1597309 -0.06152864 -0.3070605
33 0.1734372 0 0 0.0480432 -0.07531784 -0.1699803
34 0.1272819 -0.04593729 0.1773828 -2.355288 0.7313851 -1.294716
35 -0.1374712 0 0 -0.003631278 0.5571113 -0.6107717
36 -0.06898984 0 0 -0.2557252 -0.3757442 -0.3543429
37 -0.1247 0 0 -0.2580067 0.1030165 -0.1085083
38 -0.1734369 0 0 -0.1339583 0.4424995 0.5678092
39 0.08187465 0.1711765 -0.003929608 -0.09941912 -0.09133147 1.379939
40 0.128564 0.1071712 -0.1867254 -1.233876 1.103447 0.2756528
41 0.0984958 0.02850619 0.1872715 -1.5672 0.9638776 3.033743
42 0.1708579 0.009936064 0 -0.01628654 -0.04599199 0.1625515
43 0.0049 0 0 0 0 0
44 0.5171545 -0.2663316 0.2896972 2.570515 -0.9061765 -0.4933272
45 0.1972673 0 0 0.3129237 0.1954953 -1.324353
46 0.05363192 -0.1692977 0 0.1325726 -2.980232E-08 -1.128823
47 0.0006023012 -0.03346459 -0.04911327 -0.007017826 0.2245919 -1.62237
48 0.000602576 -0.03346451 0.0491133 0.007338081 0.07171043 -1.61978
49 0 -0.00544714 0 -1.537383 0.09698778 -1.58255
50 0.1349337 0.007935909 0.1169305 -0.2573433 -0.2507095 -0.8632318
51 0.06775701 0 0 0 0 1.262348
52 0.07025615 0 0 -0.001294515 -0.004154479 -0.4686189
53 0.05538215 -0.1613821 0 -1.818989E-12 4.908495E-05 -1.435881
54 0.1349336 0.007935909 -0.116931 0.3835123 0.4035067 -0.5056348
55 0.067757 0 0 0 0 1.21354
56 0.0702562 0 0 -0.05458152 -0.1906196 -0.678147
57 0.0553822 -0.161382 0 1.818989E-12 -5.42615E-05 -1.435881
time 75
0 0 0 0 0 0 0
1 0.02548768 0.347687 0.02318784 4.509238E-09 -0.3003542 0.01206065
2 0 0.002591992 0 -1.377058 0.09023506 1.539665
3 0.152 0 0 0.06424297 -0.004460913 0.06792162
4 0.05880687 0.02725044 -0.08225372 2.693258 1.336488 1.115013
5 0.159303 0.002208193 0.0009686507 -0.2673353 -0.006775774 -0.7679996
6 0.122 0 0 0 0 -1.301764
7 0.1347621 0 0 -0.4804021 0 0
8 0.1343401 0 0 0.8884769 -0.5785519 -0.4762307
9 0.1197383 0 6.123017E-05 0.001768601 -0.005259709 -0.3728327
10 0.04880161 0 0 0 0 -0.2194141
11 0.04874135 -0.0476583 0.06862446 0.797745 -0.5614887 0.1499991
12 0.06127064 0 0 0.07454634 0.2180856 -0.09955539
13 0.1028249 0 0 -0.1176855 -0.09469986 -0.01050035
14 0.05880699 0.02725041 0.0822537 -1.693935 1.397564 -0.1601093
15 -0.1009997 0 0 -1.797815 0.866537 -1.040555
16 -0.1219999 0 0 1.365968E-06 -3.730285E-06 -1.015542
17 -0.1347622 0 0 -0.1216312 0 0
18 -0.1343399 0 0 1.369253 0.1161743 0.3185996
19 -0.1197386 0 -6.123033E-05 -0.001372244 -0.005376858 0.2012115
20 -0.04880161 0 0 0 0 -0.707715
21 -0.1889133 0.06475638 -0.0265498 -3.139415 -0.005103788 -0.4518085
22 -0.04874142 0.04765864 -0.06862451 1.787741 -0.276586 -0.7554917
23 -0.06127064 0 0 -0.06257772 0.2217633 -0.7094637
24 -0.1028246 0 0 -0.1176855 -0.09469986 -0.01050035
25 0.1304068 0.1682832 0 -2.960812 0.1407603 2.373835
26 0.08318153 0 0 3.958798E-09 0.01849138 -0.2914056
27 0.1212126 0 0 -2.037273E-09 -0.002144258 -0.2389945
28 0.1593245 0 0 -9.724747E-08 -0.08958021 -0.1154758
29 0.1647013 -0.02991314 -0.1606775 -1.879323 1.28391 2.230117
30 0.1374714 0 0 0.08679721 0.551026 -0.4392093
31 0.0939494 0.006642963 -0.02764245 -0.1978723 -0.4754444 -0.5168236
32 0.1246999 0 0 -0.1604809 -0.05457711 -0.3041295
33 0.1734372 0 0 0.04821399 -0.07088564 -0.1707503
34 0.1273812 -0.04582473 0.1773828 -2.355898 0.7304878 -1.294265
35 -0.1374712 0 0 -0.003631278 0.5571113 -0.6107717
36 -0.06898984 0 0 -0.2557183 -0.3766066 -0.3541559
37 -0.1247 0 0 -0.2580065 0.09995226 -0.107767
38 -0.1734369 0 0 -0.1338404 0.4355784 0.5681585
39 0.08158652 0.1711765 -0.003975198 -0.09941912 -0.09681977 1.387037
40 0.128564 0.1071712 -0.1867254 -1.226171 1.098843 0.2845165
41 0.0984958 0.02850619 0.1872715 -1.574873 0.9522468 3.023144
42 0.1708579 0.009936064 0 -0.01522406 -0.04258577 0.1681181
43 0.0049 0 0 0 0 0
44 0.5171545 -0.2663316 0.2896972 2.567235 -0.9072441 -0.4892875
45 0.1972673 0 0 0.3146739 0.196328 -1.315079
46 0.05363192 -0.1692977 0 0.1344689 -1.117587E-08 -1.127412
47 0.0006023012 -0.03346459 -0.04911327 -0.004970777 0.2282438 -1.600627
48 0.000602576 -0.03346451 0.0491133 0.005309187 0.07611721 -1.59893
49 0 -0.00544714 0 -1.538052 0.09538499 -1.581364
50 0.1349337 0.007935909 0.1169305 -0.2506953 -0.2615052 -0.8787483
51 0.06775701 0 0 0 0 1.301648
52 0.07025615 0 0 0.0007162849 0.002094225 -0.4889349
53 0.05538215 -0.1613821 0 -1.818989E-12 4.908495E-05 -1.435881
54 0.1349336 0.007935909 -0.116931 0.3761318 0.4100558 -0.5198241
55 0.067757 0 0 0 0 1.256668
56 0.0702562 0 0 -0.05467904 -0.1909363 -0.7060203
57 0.0553822 -0.161382 0 1.818989E-12 -5.42615E-05 -1.435881
time 76
0 0 0 0 0 0 0
1 0.02474559 0.3461027 0.0232513 2.560633E-09 -0.3020335 0.01143627
2 0 0.002591992 0 -1.377064 0.08778003 1.539597
3 0.152 0 0 0.06516089 -0.004464995 0.06892511
4 0.05880687 0.02725044 -0.08225372 2.691466 1.334129 1.113657
5 0.159303 0.002208193 0.0009686507 -0.2675962 -0.008741044 -0.771517
6 0.122 0 0 0 0 -1.298409
7 0.1347621 0 0 -0.4804021 0 0
8 0.1343401 0 0 0.8884769 -0.5785519 -0.4762307
9 0.1197383 0 6.123017E-05 0.001768601 -0.005259709 -0.3728327
10 0.04880161 0 0 0 0 -0.2194141
11 0.04874135 -0.0476583 0.06862446 0.797745 -0.5614887 0.1499991
12 0.06127064 0 0 0.07454634 0.2180856 -0.09955539
13 0.1028249 0 0 -0.1176855 -0.09469986 -0.01050035
14 0.05880699 0.02725041 0.0822537 -1.706849 1.398572 -0.1730072
15 -0.1009997 0 0 -1.800282 0.8702238 -1.042573
16 -0.1219999 0 0 1.365968E-06 -3.730285E-06 -1.031267
17 -0.1347622 0 0 -0.121539 0 0
18 -0.1343399 0 0 1.370693 0.1158685 0.3285474
19 -0.1197386 0 -6.123033E-05 -0.001372244 -0.005376858 0.2012115
20 -0.04880161 0 0 0 0 -0.707715
21 -0.1889133 0.06475638 -0.0265498 -3.139415 -0.005103788 -0.4518085
22 -0.04874142 0.04765864 -0.06862451 1.787741 -0.276586 -0.7554917
23 -0.06127064 0 0 -0.06257772 0.2217633 -0.7094637
24 -0.1028246 0 0 -0.1176855 -0.09469986 -0.01050035
25 0.1304068 0.1682832 0 -2.960532 0.1410229 2.372825
26 0.08318153 0 0 1.653411E-08 0.0194621 -0.2861415
27 0.1212126 0 0 -2.401067E-10 -0.001009042 -0.2442865
28 0.1593245 0 0 -1.229037E-07 -0.08413464 -0.1289064
29 0.1648152 -0.02975903 -0.1606988 -1.881091 1.28285 2.230914
30 0.1374714 0 0 0.08679721 0.551026 -0.4392093
31 0.0939494 0.006642963 -0.02764245 -0.1997383 -0.4719662 -0.5114276
32 0.1246999 0 0 -0.1612606 -0.04766798 -0.3009806
33 0.1734372 0 0 0.04829378 -0.06642109 -0.170332
34 0.127478 -0.04570683 0.1773828 -2.356547 0.7296488 -1.293239
35 -0.1374712 0 0 -0.003631278 0.5571113 -0.6107717
36 -0.06898984 0 0 -0.2556755 -0.3773357 -0.3540173
37 -0.1247 0 0 -0.2580078 0.09692346 -0.1070323
38 -0.1734369 0 0 -0.1337153 0.428578 0.5685095
39 0.08131229 0.1711765 -0.00401903 -0.09941912 -0.1020693 1.395286
40 0.128564 0.1071712 -0.1867254 -1.219136 1.094162 0.2927023
41 0.0984958 0.02850619 0.1872715 -1.581865 0.9411384 3.013299
42 0.1708579 0.009936064 0 -0.01401012 -0.03908281 0.1741458
43 0.0049 0 0 0 0 0
44 0.5171545 -0.2663316 0.2896972 2.562983 -0.9075797 -0.4838041
45 0.1972673 0 0 0.3162085 0.197429 -1.306975
46 0.05363192 -0.1692977 0 0.1360755 3.72529E-09 -1.127769
47 0.0006023012 -0.03346459 -0.04911327 -0.002869481 0.231405 -1.578281
48 0.000602576 -0.03346451 0.0491133 0.003225111 0.0798692 -1.577639
49 0 -0.00544714 0 -1.538745 0.09351697 -1.580125
50 0.1349337 0.007935909 0.1169305 -0.2437599 -0.2724187 -0.8932782
51 0.06775701 0 0 0 0 1.339907
52 0.07025615 0 0 0.002890968 0.008869415 -0.508572
53 0.05538215 -0.1613821 0 -1.818989E-12 4.908495E-05 -1.435881
54 0.1349336 0.007935909 -0.116931 0.3689972 0.4157792 -0.5328854
55 0.067757 0 0 0 0 1.298801
56 0.0702562 0 0 -0.05466761 -0.1910494 -0.7339164
57 0.0553822 -0.161382 0 1.818989E-12 -5.42615E-05 -1.435881
time 77
0 0 0 0 0 0 0
1 0.02397373 0.3445292 0.02328344 0 -0.3037805 0.01078661
2 0 0.002591992 0 -1.377083 0.08500238 1.53952
3 0.152 0 0 0.06603325 -0.004390279 0.0697687
4 0.05880687 0.02725044 -0.08225372 2.690121 1.331823 1.112736
5 0.159303 0.002208193 0.0009686507 -0.2682214 -0.0103409 -0.7748477
6 0.122 0 0 0 0 -1.295288
7 0.1347621 0 0 -0.4804021 0 0
8 0.1343401 0 0 0.8884769 -0.5785519 -0.4762307
9 0.1197383 0 6.123017E-05 0.001768601 -0.005259709 -0.3728327
10 0.04880161 0 0 0 0 -0.2194141
11 0.04874135 -0.0476583 0.06862446 0.797745 -0.5614887 0.1499991
12 0.06127064 0 0 0.07454634 0.2180856 -0.09955539
13 0.1028249 0 0 -0.1176855 -0.09469986 -0.01050035
14 0.05880699 0.02725041 0.0822537 -1.719702 1.399463 -0.1858428
15 -0.1009997 0 0 -1.803211 0.8736995 -1.044731
16 -0.1219999 0 0 1.365968E-06 -3.730285E-06 -1.04668
17 -0.1347622 0 0 -0.1214683 0 0
18 -0.1343399 0 0 1.372024 0.1155569 0.3383631
19 -0.1197386 0 -6.123033E-05 -0.001372244 -0.005376858 0.2012115
20 -0.04880161 0 0 0 0 -0.707715
21 -0.1889133 0.06475638 -0.0265498 -3.139415 -0.005103788 -0.4518085
22 -0.04874142 0.04765864 -0.06862451 1.787741 -0.276586 -0.7554917
23 -0.06127064 0 0 -0.06257772 0.2217633 -0.7094637
24 -0.1028246 0 0 -0.1176855 -0.09469986 -0.01050035
25 0.1304068 0.1682832 0 -2.960291 0.1413309 2.372323
26 0.08318153 0 0 6.054856E-09 0.02039022 -0.2801779
27 0.1212126 0 0 9.276846E-11 0.0001096495 -0.2486458
28 0.1593245 0 0 -1.91513E-08 -0.07864139 -0.1422358
29 0.1649258 -0.02958655 -0.1607296 -1.882895 1.281704 2.232301
30 0.1374714 0 0 0.08679721 0.551026 -0.4392093
31 0.0939494 0.006642963 -0.02764245 -0.2014944 -0.4686579 -0.5063587
32 0.1246999 0 0 -0.1620661 -0.0408221 -0.2976541
33 0.1734372 0 0 0.04828109 -0.06193817 -0.1686568
34 0.1275719 -0.04558392 0.1773828 -2.35724 0.7288721 -1.291673
35 -0.1374712 0 0 -0.003631278 0.5571113 -0.6107717
36 -0.06898984 0 0 -0.2555951 -0.3779249 -0.3539278
37 -0.1247 0 0 -0.2580073 0.09393611 -0.1063058
38 -0.1734369 0 0 -0.1335832 0.4215122 0.5688591
39 0.08105247 0.1711765 -0.004061042 -0.09941913 -0.107064 1.404534
40 0.128564 0.1071712 -0.1867254 -1.212789 1.08943 0.3001917
41 0.0984958 0.02850619 0.1872715 -1.588222 0.9306715 3.004189
42 0.1708579 0.009936064 0 -0.01264856 -0.03550745 0.1805796
43 0.0049 0 0 0 0 0
44 0.5171545 -0.2663316 0.2896972 2.557854 -0.9072247 -0.4769165
45 0.1972673 0 0 0.3175038 0.1988304 -1.300182
46 0.05363192 -0.1692977 0 0.1373835 -2.235174E-08 -1.130068
47 0.0006023012 -0.03346459 -0.04911327 -0.0007539614 0.2341318 -1.556031
48 0.000602576 -0.03346451 0.0491133 0.001124407 0.08302192 -1.556298
49 0 -0.00544714 0 -1.539461 0.09140931 -1.578836
50 0.1349337 0.007935909 0.1169305 -0.2365733 -0.2833605 -0.9067312
51 0.06775701 0 0 0 0 1.376884
52 0.07025615 0 0 0.005214866 0.01617673 -0.5280261
53 0.05538215 -0.1613821 0 -1.818989E-12 4.908495E-05 -1.435881
54 0.1349336 0.007935909 -0.116931 0.3621741 0.4207023 -0.5447563
55 0.067757 0 0 0 0 1.339693
56 0.0702562 0 0 -0.05454563 -0.1909254 -0.7616644
57 0.0553822 -0.161382 0 1.818989E-12 -5.42615E-05 -1.435881
time 78
0 0 0 0 0 0 0
1 0.02317418 0.34298 0.02328322 -7.324255E-10 -0.3055898 0.01011344
2 0 0.002591992 0 -1.377116 0.08193757 1.539433
3 0.152 0 0 0.06686117 -0.004234671 0.07044207
4 0.05880687 0.02725044 -0.08225372 2.689211 1.32959 1.112232
5 0.159303 0.002208193 0.0009686507 -0.2691914 -0.0115948 -0.7779661
6 0.122 0 0 0 0 -1.292423
7 0.1347621 0 0 -0.4804021 0 0
8 0.1343401 0 0 0.8884769 -0.5785519 -0.4762307
9 0.1197383 0 6.123017E-05 0.001768601 -0.005259709 -0.3728327
10 0.04880161 0 0 0 0 -0.2194141
11 0.04874135 -0.0476583 0.06862446 0.797745 -0.5614887 0.1499991
12 0.06127064 0 0 0.07454634 0.2180856 -0.09955539
13 0.1028249 0 0 -0.1176855 -0.09469986 -0.01050035
14 0.05880699 0.02725041 0.0822537 -1.732375 1.400234 -0.1984967
15 -0.1009997 0 0 -1.806579 0.876898 -1.047039
16 -0.1219999 0 0 1.365969E-06 -3.730286E-06 -1.061649
17 -0.1347622 0 0 -0.1214192 0 0
18 -0.1343399 0 0 1.373235 0.11524 0.3480032
19 -0.1197386 0 -6.123033E-05 -0.001372244 -0.005376858 0.2012115
20 -0.04880161 0 0 0 0 -0.707715
21 -0.1889133 0.06475638 -0.0265498 -3.139415 -0.005103788 -0.4518085
22 -0.04874142 0.04765864 -0.06862451 1.787741 -0.276586 -0.7554917
23 -0.06127064 0 0 -0.06257772 0.2217633 -0.7094637
24 -0.1028246 0 0 -0.1176855 -0.09469986 -0.01050035
25 0.1304068 0.1682832 0 -2.960088 0.1416839 2.372323
26 0.08318153 0 0 1.490453E-08 0.02127283 -0.2735878
27 0.1212126 0 0 1.455193E-10 0.001209265 -0.2517756
28 0.1593245 0 0 -3.174978E-08 -0.07310962 -0.1553412
29 0.1650322 -0.02939534 -0.1607691 -1.884817 1.280472 2.234149
30 0.1374714 0 0 0.08679721 0.551026 -0.4392093
31 0.0939494 0.006642963 -0.02764245 -0.2031217 -0.4655376 -0.5016761
32 0.1246999 0 0 -0.1628891 -0.0340584 -0.294183
33 0.1734372 0 0 0.04816815 -0.05744353 -0.1656374
34 0.1276619 -0.0454563 0.1773828 -2.357983 0.728161 -1.289606
35 -0.1374712 0 0 -0.003631278 0.5571113 -0.6107717
36 -0.06898984 0 0 -0.2554757 -0.3783682 -0.3538892
37 -0.1247 0 0 -0.2580083 0.09099811 -0.1055915
38 -0.1734369 0 0 -0.1334438 0.4143987 0.5692093
39 0.0808076 0.1711765 -0.004101172 -0.09941912 -0.1117881 1.414629
40 0.128564 0.1071712 -0.1867254 -1.207154 1.08467 0.306966
41 0.0984958 0.02850619 0.1872715 -1.593984 0.9209666 2.995795
42 0.1708579 0.009936064 0 -0.01114089 -0.03187923 0.187345
43 0.0049 0 0 0 0 0
44 0.5171545 -0.2663316 0.2896972 2.551938 -0.9062203 -0.4688647
45 0.1972673 0 0 0.3185366 0.2005645 -1.294839
46 0.05363192 -0.1692977 0 0.1383845 7.450581E-09 -1.134211
47 0.0006023012 -0.03346459 -0.04911327 0.001335998 0.2364801 -1.534249
48 0.000602576 -0.03346451 0.0491133 -0.0009544109 0.08563101 -1.535083
49 0 -0.00544714 0 -1.5402 0.08908795 -1.577501
50 0.1349337 0.007935909 0.1169305 -0.2291719 -0.2943341 -0.9190178
51 0.06775701 0 0 0 0 1.412337
52 0.07025615 0 0 0.007673304 0.02402179 -0.5467586
53 0.05538215 -0.1613821 0 -1.818989E-12 4.908495E-05 -1.435881
54 0.1349336 0.007935909 -0.116931 0.355728 0.4248015 -0.5553727
55 0.067757 0 0 0 0 1.379099
56 0.0702562 0 0 -0.05431132 -0.1905311 -0.7890959
57 0.0553822 -0.161382 0 1.818989E-12 -5.42615E-05 -1.435881
time 79
0 0 0 0 0 0 0
1 0.02234905 0.3414682 0.02324964 4.885722E-10 -0.3074569 0.00941855
2 0 0.002591992 0 -1.377162 0.07862052 1.539336
3 0.152 0 0 0.06765178 -0.003996694 0.07094114
4 0.05880687 0.02725044 -0.08225372 2.68872 1.327448 1.112127
5 0.159303 0.002208193 0.0009686507 -0.2704871 -0.0125283 -0.7808492
6 0.122 0 0 0 0 -1.289838
7 0.1347621 0 0 -0.4804021 0 0
8 0.1343401 0 0 0.8884769 -0.5785519 -0.4762307
9 0.1197383 0 6.123017E-05 0.001768601 -0.005259709 -0.3728327
10 0.04880161 0 0 0 0 -0.2194141
11 0.04874135 -0.0476583 0.06862446 0.797745 -0.5614887 0.1499991
12 0.06127064 0 0 0.07454634 0.2180856 -0.09955539
13 0.1028249 0 0 -0.1176855 -0.09469986 -0.01050035
14 0.05880699 0.02725041 0.0822537 -1.744749 1.400881 -0.2108516
15 -0.1009997 0 0 -1.810358 0.8797529 -1.049502
16 -0.1219999 0 0 1.365969E-06 -3.730286E-06 -1.076043
17 -0.1347622 0 0 -0.1213877 0 0
18 -0.1343399 0 0 1.374316 0.1149182 0.3574235
19 -0.1197386 0 -6.123033E-05 -0.001372244 -0.005376858 0.2012115
20 -0.04880161 0 0 0 0 -0.707715
21 -0.1889133 0.06475638 -0.0265498 -3.139415 -0.005103788 -0.4518085
22 -0.04874142 0.04765864 -0.06862451 1.787741 -0.276586 -0.7554917
23 -0.06127064 0 0 -0.06257772 0.2217633 -0.7094637
24 -0.1028246 0 0 -0.1176855 -0.09469986 -0.01050035
25 0.1304068 0.1682832 0 -2.959919 0.1420809 2.372819
26 0.08318153 0 0 1.583635E-08 0.02210752 -0.2664515
27 0.1212126 0 0 -2.037274E-10 0.002287249 -0.2537363
28 0.1593245 0 0 -4.853948E-08 -0.06755289 -0.168107
29 0.1651336 -0.02918507 -0.1608167 -1.88687 1.279153 2.236392
30 0.1374714 0 0 0.08679721 0.551026 -0.4392093
31 0.0939494 0.006642963 -0.02764245 -0.2046009 -0.4626208 -0.497436
32 0.1246999 0 0 -0.1637269 -0.02739794 -0.2906099
33 0.1734372 0 0 0.04795326 -0.05295046 -0.1616474
34 0.1277474 -0.04532431 0.1773828 -2.358782 0.7275187 -1.287075
35 -0.1374712 0 0 -0.003631278 0.5571113 -0.6107717
36 -0.06898984 0 0 -0.255316 -0.3786611 -0.3539037
37 -0.1247 0 0 -0.2580073 0.08811548 -0.1048909
38 -0.1734369 0 0 -0.133303 0.4072524 0.5695583
39 0.08057818 0.1711765 -0.00413936 -0.09941912 -0.1162256 1.425417
40 0.128564 0.1071712 -0.1867254 -1.20225 1.079908 0.3130071
41 0.0984958 0.02850619 0.1872715 -1.599195 0.9121422 2.988098
42 0.1708579 0.009936064 0 -0.009488605 -0.02821746 0.1943623
43 0.0049 0 0 0 0 0
44 0.5171545 -0.2663316 0.2896972 2.545329 -0.9046079 -0.4599359
45 0.1972673 0 0 0.3192833 0.2026628 -1.291085
46 0.05363192 -0.1692977 0 0.1390696 1.490116E-08 -1.139686
47 0.0006023012 -0.03346459 -0.04911327 0.003360455 0.2385061 -1.513367
48 0.000602576 -0.03346451 0.0491133 -0.002972732 0.08775192 -1.514757
49 0 -0.00544714 0 -1.540959 0.08657917 -1.576124
50 0.1349337 0.007935909 0.1169305 -0.2215919 -0.3053667 -0.9300471
51 0.06775701 0 0 0 0 1.446027
52 0.07025615 0 0 0.01025161 0.03241018 -0.5646619
53 0.05538215 -0.1613821 0 -1.818989E-12 4.908495E-05 -1.435881
54 0.1349336 0.007935909 -0.116931 0.349725 0.4280555 -0.5646729
55 0.067757 0 0 0 0 1.416771
56 0.0702562 0 0 -0.05396293 -0.1898339 -0.8160447
57 0.0553822 -0.161382 0 1.818989E-12 -5.42615E-05 -1.435881
time 80
0 0 0 0 0 0 0
1 0.02150046 0.340007 0.02318167 1.09996E-09 -0.3093776 0.008703736
2 0 0.002591992 0 -1.377222 0.07508697 1.53923
3 0.152 0 0 0.06839481 -0.003673119 0.07124344
4 0.05880687 0.02725044 -0.08225372 2.688635 1.325418 1.112403
5 0.159303 0.002208193 0.0009686507 -0.2720893 -0.01314445 -0.7834727
6 0.122 0 0 0 0 -1.287556
7 0.1347621 0 0 -0.4804021 0 0
8 0.1343401 0 0 0.8884769 -0.5785519 -0.4762307
9 0.1197383 0 6.123017E-05 0.001768601 -0.005259709 -0.3728327
10 0.04880161 0 0 0 0 -0.2194141
11 0.04874135 -0.0476583 0.06862446 0.797745 -0.5614887 0.1499991
12 0.06127064 0 0 0.07454634 0.2180856 -0.09955539
13 0.1028249 0 0 -0.1176855 -0.09469986 -0.01050035
14 0.05880699 0.02725041 0.0822537 -1.756708 1.401405 -0.222791
15 -0.1009997 0 0 -1.814525 0.8822406 -1.052129
16 -0.1219999 0 0 1.365967E-06 -3.730285E-06 -1.08973
17 -0.1347622 0 0 -0.1213799 0 0
18 -0.1343399 0 0 1.375256 0.1145919 0.3665799
19 -0.1197386 0 -6.123033E-05 -0.001372244 -0.005376858 0.2012115
20 -0.04880161 0 0 0 0 -0.707715
21 -0.1889133 0.06475638 -0.0265498 -3.139415 -0.005103788 -0.4518085
22 -0.04874142 0.04765864 -0.06862451 1.787741 -0.276586 -0.7554917
23 -0.06127064 0 0 -0.06257772 0.2217633 -0.7094637
24 -0.1028246 0 0 -0.1176855 -0.09469986 -0.01050035
25 0.1304068 0.1682832 0 -2.959784 0.1425212 2.373806
26 0.08318153 0 0 -2.328917E-09 0.02289173 -0.2588464
27 0.1212126 0 0 5.820799E-11 0.003341047 -0.254591
28 0.1593245 0 0 -6.251867E-08 -0.06198397 -0.1804163
29 0.1652291 -0.02895536 -0.1608717 -1.889066 1.277744 2.23897
30 0.1374714 0 0 0.08679721 0.551026 -0.4392093
31 0.0939494 0.006642963 -0.02764245 -0.2059128 -0.4599225 -0.4936946
32 0.1246999 0 0 -0.1645707 -0.02085965 -0.286967
33 0.1734372 0 0 0.04762988 -0.0484671 -0.1567634
34 0.1278279 -0.04518826 0.1773828 -2.359533 0.726949 -1.284117
35 -0.1374712 0 0 -0.003631278 0.5571113 -0.6107717
36 -0.06898984 0 0 -0.2551133 -0.3787949 -0.353971
37 -0.1247 0 0 -0.2580066 0.08529577 -0.1042075
38 -0.1734369 0 0 -0.1331658 0.4000889 0.5699051
39 0.08036473 0.1711765 -0.004175542 -0.09941909 -0.1203608 1.436748
40 0.128564 0.1071712 -0.1867254 -1.198101 1.075169 0.3182964
41 0.0984958 0.02850619 0.1872715 -1.603897 0.9043179 2.98108
42 0.1708579 0.009936064 0 -0.007694447 -0.02454431 0.2015689
43 0.0049 0 0 0 0 0
44 0.5171545 -0.2663316 0.2896972 2.53812 -0.9024282 -0.4502399
45 0.1972673 0 0 0.3197205 0.2051576 -1.289059
46 0.05363192 -0.1692977 0 0.13943 -2.235174E-08 -1.146306
47 0.0006023012 -0.03346459 -0.04911327 0.00527935 0.240266 -1.493819
48 0.000602576 -0.03346451 0.0491133 -0.004892063 0.08944028 -1.495745
49 0 -0.00544714 0 -1.541736 0.08390885 -1.574707
50 0.1349337 0.007935909 0.1169305 -0.2138696 -0.3164077 -0.9397286
51 0.06775701 0 0 0 0 1.477711
52 0.07025615 0 0 0.01293513 0.04134781 -0.5816314
53 0.05538215 -0.1613821 0 -1.818989E-12 4.908495E-05 -1.435881
54 0.1349336 0.007935909 -0.116931 0.3442301 0.43044 -0.5725924
55 0.067757 0 0 0 0 1.452463
56 0.0702562 0 0 -0.05349878 -0.1888004 -0.8423399
57 0.0553822 -0.161382 0 1.818989E-12 -5.42615E-05 -1.435881
time 81
0 0 0 0 0 0 0
1 0.02063049 0.3386097 0.02307829 2.4459E-09 -0.3113463 0.007970749
2 0 0.002591992 0 -1.377296 0.07137217 1.539113
3 0.152 0 0 0.06908096 -0.003260885 0.07132768
4 0.05880687 0.02725044 -0.08225372 2.688943 1.323518 1.113044
5 0.159303 0.002208193 0.0009686507 -0.2739784 -0.0134461 -0.7858113
6 0.122 0 0 0 0 -1.285598
7 0.1347621 0 0 -0.4804021 0 0
8 0.1343401 0 0 0.8884769 -0.5785519 -0.4762307
9 0.1197383 0 6.123017E-05 0.001768601 -0.005259709 -0.3728327
10 0.04880161 0 0 0 0 -0.2194141
11 0.04874135 -0.0476583 0.06862446 0.797745 -0.5614887 0.1499991
12 0.06127064 0 0 0.07454634 0.2180856 -0.09955539
13 0.1028249 0 0 -0.1176855 -0.09469986 -0.01050035
14 0.05880699 0.02725041 0.0822537 -1.768132 1.401799 -0.2341955
15 -0.1009997 0 0 -1.819052 0.8843826 -1.054927
16 -0.1219999 0 0 1.365969E-06 -3.730285E-06 -1.102601
17 -0.1347622 0 0 -0.1213956 0 0
18 -0.1343399 0 0 1.376046 0.1142615 0.3754289
19 -0.1197386 0 -6.123033E-05 -0.001372244 -0.005376858 0.2012115
20 -0.04880161 0 0 0 0 -0.707715
21 -0.1889133 0.06475638 -0.0265498 -3.139415 -0.005103788 -0.4518085
22 -0.04874142 0.04765864 -0.06862451 1.787741 -0.276586 -0.7554917
23 -0.06127064 0 0 -0.06257772 0.2217633 -0.7094637
24 -0.1028246 0 0 -0.1176855 -0.09469986 -0.01050035
25 0.1304068 0.1682832 0 -2.95968 0.143004 2.375278
26 0.08318153 0 0 2.328956E-10 0.02362253 -0.2508462
27 0.1212126 0 0 -6.402904E-10 0.004368134 -0.2544056
28 0.1593245 0 0 -2.052175E-08 -0.0564157 -0.1921535
29 0.165318 -0.02870589 -0.1609332 -1.891416 1.276245 2.241816
30 0.1374714 0 0 0.08679721 0.551026 -0.4392093
31 0.0939494 0.006642963 -0.02764245 -0.2070386 -0.4574606 -0.4905106
32 0.1246999 0 0 -0.1654151 -0.01446363 -0.2832922
33 0.1734372 0 0 0.04719125 -0.04400194 -0.151062
34 0.1279025 -0.04504847 0.1773828 -2.360237 0.7264552 -1.280772
35 -0.1374712 0 0 -0.003631278 0.5571113 -0.6107717
36 -0.06898984 0 0 -0.2548671 -0.3788863 -0.354266
37 -0.1247 0 0 -0.2580085 0.08254656 -0.1035453
38 -0.1734369 0 0 -0.1330321 0.3929241 0.5702494
39 0.0801678 0.1711765 -0.004209658 -0.09941916 -0.1241778 1.448467
40 0.128564 0.1071712 -0.1867254 -1.194742 1.070478 0.3228143
41 0.0984958 0.02850619 0.1872715 -1.608134 0.8977571 2.974722
42 0.1708579 0.009936064 0 -0.005760554 -0.02088053 0.2088944
43 0.0049 0 0 0 0 0
44 0.5171545 -0.2663316 0.2896972 2.530404 -0.8997227 -0.4398874
45 0.1972673 0 0 0.3198247 0.2080807 -1.288638
46 0.05363192 -0.1692977 0 0.1394573 -2.235174E-08 -1.153887
47 0.0006023012 -0.03346459 -0.04911327 0.007052981 0.2418157 -1.476037
48 0.000602576 -0.03346451 0.0491133 -0.006673837 0.09075165 -1.478468
49 0 -0.00544714 0 -1.542531 0.08110358 -1.573255
50 0.1349337 0.007935909 0.1169305 -0.2060414 -0.3274068 -0.9479726
51 0.06775701 0 0 0 0 1.507149
52 0.07025615 0 0 0.01570917 0.05084002 -0.5975547
53 0.05538215 -0.1613821 0 -1.818989E-12 4.908495E-05 -1.435881
54 0.1349336 0.007935909 -0.116931 0.3393093 0.4319339 -0.5790695
55 0.067757 0 0 0 0 1.485929
56 0.0702562 0 0 -0.05291718 -0.1873973 -0.8678135
57 0.0553822 -0.161382 0 1.818989E-12 -5.42615E-05 -1.435881
time 82
0 0 0 0 0 0 0
1 0.01974126 0.3372896 0.02293848 5.13973E-09 -0.3133586 0.007221393
2 0 0.002591992 0 -1.377384 0.06751088 1.538986
3 0.152 0 0 0.0697172 -0.002781954 0.07118959
4 0.05880687 0.02725044 -0.08225372 2.689629 1.321764 1.114033
5 0.159303 0.002208193 0.0009686507 -0.2761357 -0.01343651 -0.7878425
6 0.122 0 0 0 0 -1.283988
7 0.1347621 0 0 -0.4804021 0 0
8 0.1343401 0 0 0.8884769 -0.5785519 -0.4762307
9 0.1197383 0 6.123017E-05 0.001768601 -0.005259709 -0.3728327
10 0.04880161 0 0 0 0 -0.2194141
11 0.04874135 -0.0476583 0.06862446 0.797745 -0.5614887 0.1499991
12 0.06127064 0 0 0.07454634 0.2180856 -0.09955539
13 0.1028249 0 0 -0.1176855 -0.09469986 -0.01050035
14 0.05880699 0.02725041 0.0822537 -1.778906 1.402061 -0.2449479
15 -0.1009997 0 0 -1.823915 0.8861827 -1.057905
16 -0.1219999 0 0 1.365968E-06 -3.730285E-06 -1.114703
17 -0.1347622 0 0 -0.121425 0 0
18 -0.1343399 0 0 1.376675 0.1139275 0.383926
19 -0.1197386 0 -6.123033E-05 -0.001372244 -0.005376858 0.2012115
20 -0.04880161 0 0 0 0 -0.707715
21 -0.1889133 0.06475638 -0.0265498 -3.139415 -0.005103788 -0.4518085
22 -0.04874142 0.04765864 -0.06862451 1.787741 -0.276586 -0.7554917
23 -0.06127064 0 0 -0.06257772 0.2217633 -0.7094637
24 -0.1028246 0 0 -0.1176855 -0.09469986 -0.01050035
25 0.1304068 0.1682832 0 -2.959605 0.1435286 2.377229
26 0.08318153 0 0 -3.260591E-09 0.02429753 -0.2425309
27 0.1212126 0 0 -5.82085E-11 0.005365924 -0.2532412
28 0.1593245 0 0 -1.631925E-08 -0.05085967 -0.2031989
29 0.1653995 -0.02845982 -0.1610008 -1.893931 1.274654 2.244868
30 0.1374714 0 0 0.08679721 0.551026 -0.4392093
31 0.0939494 0.006642963 -0.02764245 -0.2079588 -0.4552498 -0.4879398
32 0.1246999 0 0 -0.1662558 -0.008230251 -0.2796255
33 0.1734372 0 0 0.04663744 -0.03956907 -0.1446402
34 0.1279706 -0.04490527 0.1773828 -2.360886 0.7260407 -1.277076
35 -0.1374712 0 0 -0.003631278 0.5571113 -0.6107717
36 -0.06898984 0 0 -0.2545749 -0.3790477 -0.3549469
37 -0.1247 0 0 -0.2580079 0.07987341 -0.1029048
38 -0.1734369 0 0 -0.132902 0.3857743 0.5705913
39 0.07998788 0.1711765 -0.004241647 -0.09941913 -0.1276605 1.460423
40 0.128564 0.1071712 -0.1867254 -1.192124 1.06586 0.3265437
41 0.0984958 0.02850619 0.1872715 -1.611948 0.8926401 2.969005
42 0.1708579 0.009936064 0 -0.003689018 -0.01724683 0.2162682
43 0.0049 0 0 0 0 0
44 0.5171545 -0.2663316 0.2896972 2.522274 -0.8965325 -0.4289879
45 0.1972673 0 0 0.3196969 0.2114643 -1.289553
46 0.05363192 -0.1692977 0 0.1391426 7.450581E-09 -1.162243
47 0.0006023012 -0.03346459 -0.04911327 0.008641409 0.2432114 -1.460454
48 0.000602576 -0.03346451 0.0491133 -0.008279474 0.09174149 -1.463347
49 0 -0.00544714 0 -1.543341 0.07818837 -1.571771
50 0.1349337 0.007935909 0.1169305 -0.1981435 -0.3383142 -0.9546896
51 0.06775701 0 0 0 0 1.534099
52 0.07025615 0 0 0.01855908 0.06089257 -0.6123258
53 0.05538215 -0.1613821 0 -1.818989E-12 4.908495E-05 -1.435881
54 0.1349336 0.007935909 -0.116931 0.3350278 0.4325135 -0.5840399
55 0.067757 0 0 0 0 1.516923
56 0.0702562 0 0 -0.05221644 -0.1855916 -0.8922966
57 0.0553822 -0.161382 0 1.818989E-12 -5.42615E-05 -1.435881
time 83
0 0 0 0 0 0 0
1 0.01883486 0.3360597 0.02276124 1.836843E-09 -0.3154113 0.006457477
2 0 0.002591992 0 -1.377487 0.06353904 1.538848
3 0.152 0 0 0.0702948 -0.002249941 0.07080851
4 0.05880687 0.02725044 -0.08225372 2.690679 1.320179 1.115349
5 0.159303 0.002208193 0.0009686507 -0.2785417 -0.01311866 -0.7895415
6 0.122 0 0 0 0 -1.282748
7 0.1347621 0 0 -0.4804021 0 0
8 0.1343401 0 0 0.8884769 -0.5785519 -0.4762307
9 0.1197383 0 6.123017E-05 0.001768601 -0.005259709 -0.3728327
10 0.04880161 0 0 0 0 -0.2194141
11 0.04874135 -0.0476583 0.06862446 0.797745 -0.5614887 0.1499991
12 0.06127064 0 0 0.07454634 0.2180856 -0.09955539
13 0.1028249 0 0 -0.1176855 -0.09469986 -0.01050035
14 0.05880699 0.02725041 0.0822537 -1.788665 1.40219 -0.2546891
15 -0.1009997 0 0 -1.829088 0.8876441 -1.061069
16 -0.1219999 0 0 1.365968E-06 -3.730285E-06 -1.125987
17 -0.1347622 0 0 -0.12148 0 0
18 -0.1343399 0 0 1.377133 0.1135903 0.39227
19 -0.1197386 0 -6.123033E-05 -0.001372244 -0.005376858 0.2012115
20 -0.04880161 0 0 0 0 -0.707715
21 -0.1889133 0.06475638 -0.0265498 -3.139415 -0.005103788 -0.4518085
22 -0.04874142 0.04765864 -0.06862451 1.787741 -0.276586 -0.7554917
23 -0.06127064 0 0 -0.06257772 0.2217633 -0.7094637
24 -0.1028246 0 0 -0.1176855 -0.09469986 -0.01050035
25 0.1304068 0.1682832 0 -2.959556 0.1440941 2.379654
26 0.08318153 0 0 2.352319E-08 0.02491374 -0.233974
27 0.1212126 0 0 3.085068E-09 0.006331888 -0.251163
28 0.1593245 0 0 -6.386119E-08 -0.04532804 -0.2134336
29 0.1654728 -0.02824005 -0.1610735 -1.896624 1.27297 2.248062
30 0.1374714 0 0 0.08679721 0.551026 -0.4392093
31 0.0939494 0.006642963 -0.02764245 -0.2086548 -0.4533085 -0.4860413
32 0.1246999 0 0 -0.1670853 -0.002178961 -0.276001
33 0.1734372 0 0 0.04596011 -0.03517554 -0.1375697
34 0.1280316 -0.04475898 0.1773828 -2.361472 0.7257093 -1.273066
35 -0.1374712 0 0 -0.003631278 0.5571113 -0.6107717
36 -0.06898984 0 0 -0.254236 -0.379274 -0.3559959
37 -0.1247 0 0 -0.2580077 0.07728411 -0.1022901
38 -0.1734369 0 0 -0.1327756 0.3786543 0.5709287
39 0.07982552 0.1711765 -0.004271447 -0.09941916 -0.1307933 1.472463
40 0.128564 0.1071712 -0.1867254 -1.19023 1.061339 0.329465
41 0.0984958 0.02850619 0.1872715 -1.615381 0.8889657 2.963911
42 0.1708579 0.009936064 0 -0.001481962 -0.01366392 0.2236179
43 0.0049 0 0 0 0 0
44 0.5171545 -0.2663316 0.2896972 2.513821 -0.8928984 -0.417652
45 0.1972673 0 0 0.3193249 0.2151166 -1.291716
46 0.05363192 -0.1692977 0 0.1384772 -1.490116E-08 -1.171188
47 0.0006023012 -0.03346459 -0.04911327 0.01000467 0.244509 -1.447502
48 0.000602576 -0.03346451 0.0491133 -0.009670448 0.09246545 -1.450805
49 0 -0.00544714 0 -1.544165 0.07519027 -1.570258
50 0.1349337 0.007935909 0.1169305 -0.1902123 -0.3490785 -0.9597883
51 0.06775701 0 0 0 0 1.558321
52 0.07025615 0 0 0.02147018 0.07138094 -0.6258354
53 0.05538215 -0.1613821 0 -1.818989E-12 4.908495E-05 -1.435881
54 0.1349336 0.007935909 -0.116931 0.3314517 0.4321567 -0.5874415
55 0.067757 0 0 0 0 1.545198
56 0.0702562 0 0 -0.05139471 -0.1833505 -0.9156219
57 0.0553822 -0.161382 0 1.818989E-12 -5.42615E-05 -1.435881
time 84
0 0 0 0 0 0 0
1 0.01791339 0.3349335 0.02256114 3.614926E-09 -0.3174968 0.005680715
2 0 0.002591992 0 -1.377604 0.05949161 1.538699
3 0.152 0 0 0.0708226 -0.001667654 0.07018168
4 0.05880687 0.02725044 -0.08225372 2.692079 1.318781 1.116977
5 0.159303 0.002208193 0.0009686507 -0.2811771 -0.01249548 -0.790884
6 0.122 0 0 0 0 -1.281901
7 0.1347621 0 0 -0.4804021 0 0
8 0.1343401 0 0 0.8884769 -0.5785519 -0.4762307
9 0.1197383 0 6.123017E-05 0.001768601 -0.005259709 -0.3728327
10 0.04880161 0 0 0 0 -0.2194141
11 0.04874135 -0.0476583 0.06862446 0.797745 -0.5614887 0.1499991
12 0.06127064 0 0 0.07454634 0.2180856 -0.09955539
13 0.1028249 0 0 -0.1176855 -0.09469986 -0.01050035
14 0.05880699 0.02725041 0.0822537 -1.797092 1.402181 -0.263105
15 -0.1009997 0 0 -1.834547 0.8887701 -1.06428
16 -0.1219999 0 0 1.365969E-06 -3.730286E-06 -1.136402
17 -0.1347622 0 0 -0.1215527 0 0
18 -0.1343399 0 0 1.37741 0.1132674 0.3986115
19 -0.1197386 0 -6.123033E-05 -0.001372244 -0.005376858 0.2012115
20 -0.04880161 0 0 0 0 -0.707715
21 -0.1889133 0.06475638 -0.0265498 -3.139415 -0.005103788 -0.4518085
22 -0.04874142 0.04765864 -0.06862451 1.787741 -0.276586 -0.7554917
23 -0.06127064 0 0 -0.06257772 0.2217633 -0.7094637
24 -0.1028246 0 0 -0.1176855 -0.09469986 -0.01050035
25 0.1304068 0.1682832 0 -2.959532 0.1446999 2.382547
26 0.08318153 0 0 1.51389E-08 0.02546918 -0.2252588
27 0.1212126 0 0 5.297037E-09 0.007263468 -0.2482343
28 0.1593245 0 0 -2.796186E-09 -0.03983461 -0.2227467
29 0.165537 -0.02804573 -0.1611508 -1.899506 1.271237 2.251334
30 0.1374714 0 0 0.08679721 0.551026 -0.4392093
31 0.0939494 0.006642963 -0.02764245 -0.2091069 -0.4516511 -0.4848708
32 0.1246999 0 0 -0.1678969 0.003670358 -0.2724549
33 0.1734372 0 0 0.0451554 -0.03083215 -0.1299356
34 0.1280846 -0.04460992 0.1773828 -2.361986 0.7254642 -1.268781
35 -0.1374712 0 0 -0.003631278 0.5571113 -0.6107717
36 -0.06898984 0 0 -0.2537845 -0.3795566 -0.3573921
37 -0.1247 0 0 -0.2580086 0.07478569 -0.1017041
38 -0.1734369 0 0 -0.132653 0.3715813 0.571263
39 0.07968122 0.1711765 -0.004298995 -0.0994191 -0.13356 1.484434
40 0.128564 0.1071712 -0.1867254 -1.189042 1.056941 0.331524
41 0.0984958 0.02850619 0.1872715 -1.618477 0.8867322 2.959419
42 0.1708579 0.009936064 0 0.0008584127 -0.01015282 0.2308766
43 0.0049 0 0 0 0 0
44 0.5171545 -0.2663316 0.2896972 2.505141 -0.8888624 -0.4059897
45 0.1972673 0 0 0.3187254 0.2189609 -1.29504
46 0.05363192 -0.1692977 0 0.1374523 0 -1.180536
47 0.0006023012 -0.03346459 -0.04911327 0.01110293 0.2457648 -1.437614
48 0.000602576 -0.03346451 0.0491133 -0.01080818 0.09297901 -1.441263
49 0 -0.00544714 0 -1.545001 0.07213463 -1.56872
50 0.1349337 0.007935909 0.1169305 -0.1824786 -0.3596498 -0.9631787
51 0.06775701 0 0 0 0 1.579574
52 0.07025615 0 0 0.02442777 0.08212912 -0.6379783
53 0.05538215 -0.1613821 0 -1.818989E-12 4.908495E-05 -1.435881
54 0.1349336 0.007935909 -0.116931 0.3286465 0.4308415 -0.5892115
55 0.067757 0 0 0 0 1.570508
56 0.0702562 0 0 -0.0504504 -0.1806406 -0.93762
57 0.0553822 -0.161382 0 1.818989E-12 -5.42615E-05 -1.435881
time 85
0 0 0 0 0 0 0
1 0.01697897 0.3339241 0.02235331 1.532818E-09 -0.3196128 0.004892939
2 0 0.002591992 0 -1.377736 0.05540398 1.538544
3 0.152 0 0 0.07128248 -0.001036223 0.06927924
4 0.05880687 0.02725044 -0.08225372 2.693816 1.317586 1.118898
5 0.159303 0.002208193 0.0009686507 -0.2840223 -0.01156993 -0.7918448
6 0.122 0 0 0 0 -1.281469
7 0.1347621 0 0 -0.4804021 0 0
8 0.1343401 0 0 0.8884769 -0.5785519 -0.4762307
9 0.1197383 0 6.123017E-05 0.001768601 -0.005259709 -0.3728327
10 0.04880161 0 0 0 0 -0.2194141
11 0.04874135 -0.0476583 0.06862446 0.797745 -0.5614887 0.1499991
12 0.06127064 0 0 0.07454634 0.2180856 -0.09955539
13 0.1028249 0 0 -0.1176855 -0.09469986 -0.01050035
14 0.05880699 0.02725041 0.0822537 -1.804144 1.402033 -0.2701507
15 -0.1009997 0 0 -1.840264 0.8895648 -1.067427
16 -0.1219999 0 0 1.365969E-06 -3.730286E-06 -1.145894
17 -0.1347622 0 0 -0.121641 0 0
18 -0.1343399 0 0 1.377519 0.1130009 0.4029502
19 -0.1197386 0 -6.123033E-05 -0.001372244 -0.005376858 0.2012115
20 -0.04880161 0 0 0 0 -0.707715
21 -0.1889133 0.06475638 -0.0265498 -3.139415 -0.005103788 -0.4518085
22 -0.04874142 0.04765864 -0.06862451 1.787741 -0.276586 -0.7554917
23 -0.06127064 0 0 -0.06257772 0.2217633 -0.7094637
24 -0.1028246 0 0 -0.1176855 -0.09469986 -0.01050035
25 0.1304068 0.1682832 0 -2.959531 0.1453449 2.385903
26 0.08318153 0 0 5.124001E-09 0.02596084 -0.2164587
27 0.1212126 0 0 5.82096E-09 0.008158154 -0.2445198
28 0.1593245 0 0 -6.989052E-09 -0.03439033 -0.231014
29 0.1655914 -0.02787602 -0.161232 -1.902587 1.269488 2.254622
30 0.1374714 0 0 0.08679721 0.551026 -0.4392093
31 0.0939494 0.006642963 -0.02764245 -0.2092966 -0.4502957 -0.4844869
32 0.1246999 0 0 -0.1686872 0.009297479 -0.2690281
33 0.1734372 0 0 0.04426154 -0.02654921 -0.1218217
34 0.1281292 -0.0444584 0.1773828 -2.362422 0.7253084 -1.264259
35 -0.1374712 0 0 -0.003631278 0.5571113 -0.6107717
36 -0.06898984 0 0 -0.2532201 -0.3798894 -0.3591171
37 -0.1247 0 0 -0.2580074 0.07238439 -0.1011483
38 -0.1734369 0 0 -0.1325343 0.3645701 0.5715923
39 0.07955551 0.1711765 -0.004324231 -0.09941912 -0.135945 1.496185
40 0.128564 0.1071712 -0.1867254 -1.188543 1.052667 0.3327311
41 0.0984958 0.02850619 0.1872715 -1.621279 0.8859382 2.955513
42 0.1708579 0.009936064 0 0.003301175 -0.006734269 0.2379728
43 0.0049 0 0 0 0 0
44 0.5171545 -0.2663316 0.2896972 2.496324 -0.8844651 -0.3941109
45 0.1972673 0 0 0.317915 0.2229661 -1.299438
46 0.05363192 -0.1692977 0 0.1360596 7.450581E-09 -1.190101
47 0.0006023012 -0.03346459 -0.04911327 0.01189621 0.2470037 -1.431224
48 0.000602576 -0.03346451 0.0491133 -0.01165415 0.09333779 -1.435144
49 0 -0.00544714 0 -1.545848 0.06904782 -1.56716
50 0.1349337 0.007935909 0.1169305 -0.1752197 -0.3699774 -0.9647703
51 0.06775701 0 0 0 0 1.597616
52 0.07025615 0 0 0.02741725 0.0930554 -0.6486433
53 0.05538215 -0.1613821 0 -1.818989E-12 4.908495E-05 -1.435881
54 0.1349336 0.007935909 -0.116931 0.3266777 0.4285446 -0.5892863
55 0.067757 0 0 0 0 1.592607
56 0.0702562 0 0 -0.04938173 -0.1774288 -0.9581223
57 0.0553822 -0.161382 0 1.818989E-12 -5.42615E-05 -1.435881
time 86
0 0 0 0 0 0 0
1 0.0160337 0.3330448 0.02213746 2.82239E-09 -0.3217526 0.004095897
2 0 0.002591992 0 -1.377884 0.05131133 1.538388
3 0.152 0 0 0.07168355 -0.0003583857 0.06816426
4 0.05880687 0.02725044 -0.08225372 2.696034 1.316616 1.121241
5 0.159303 0.002208193 0.0009686507 -0.2870591 -0.01034544 -0.7924025
6 0.122 0 0 0 0 -1.281476
7 0.1347621 0 0 -0.4804021 0 0
8 0.1343401 0 0 0.8884769 -0.5785519 -0.4762307
9 0.1197383 0 6.123017E-05 0.001768601 -0.005259709 -0.3728327
10 0.04880161 0 0 0 0 -0.2194141
11 0.04874135 -0.0476583 0.06862446 0.797745 -0.5614887 0.1499991
12 0.06127064 0 0 0.07454634 0.2180856 -0.09955539
13 0.1028249 0 0 -0.1176855 -0.09469986 -0.01050035
14 0.05880699 0.02725041 0.0822537 -1.809775 1.401742 -0.2757812
15 -0.1009997 0 0 -1.846214 0.8900309 -1.070496
16 -0.1219999 0 0 1.365969E-06 -3.730286E-06 -1.154414
17 -0.1347622 0 0 -0.1217547 0 0
18 -0.1343399 0 0 1.377447 0.1127882 0.4052866
19 -0.1197386 0 -6.123033E-05 -0.001372244 -0.005376858 0.2012115
20 -0.04880161 0 0 0 0 -0.707715
21 -0.1889133 0.06475638 -0.0265498 -3.139415 -0.005103788 -0.4518085
22 -0.04874142 0.04765864 -0.06862451 1.787741 -0.276586 -0.7554917
23 -0.06127064 0 0 -0.06257772 0.2217633 -0.7094637
24 -0.1028246 0 0 -0.1176855 -0.09469986 -0.01050035
25 0.1304068 0.1682832 0 -2.95955 0.1460288 2.389715
26 0.08318153 0 0 1.39747E-09 0.02638611 -0.207651
27 0.1212126 0 0 6.868783E-09 0.009013345 -0.2400814
28 0.1593245 0 0 -1.863429E-08 -0.02900811 -0.2381203
29 0.1656352 -0.02773006 -0.1613163 -1.905882 1.267722 2.25786
30 0.1374714 0 0 0.08679721 0.551026 -0.4392093
31 0.0939494 0.006642963 -0.02764245 -0.2092044 -0.4492563 -0.484945
32 0.1246999 0 0 -0.1694484 0.0146827 -0.2657548
33 0.1734372 0 0 0.04334012 -0.02233601 -0.1133065
34 0.1281645 -0.04431945 0.1773828 -2.362772 0.7252464 -1.259536
35 -0.1374712 0 0 -0.003631278 0.5571113 -0.6107717
36 -0.06898984 0 0 -0.2525488 -0.3802639 -0.3611503
37 -0.1247 0 0 -0.2580083 0.07008813 -0.1006273
38 -0.1734369 0 0 -0.1324194 0.3576366 0.5719159
39 0.07944891 0.1711765 -0.004347094 -0.09941915 -0.1379323 1.507561
40 0.128564 0.1071712 -0.1867254 -1.188716 1.048519 0.3331128
41 0.0984958 0.02850619 0.1872715 -1.623829 0.8865829 2.952172
42 0.1708579 0.009936064 0 0.005813124 -0.003429005 0.2448319
43 0.0049 0 0 0 0 0
44 0.5171545 -0.2663316 0.2896972 2.487464 -0.8797476 -0.3821256
45 0.1972673 0 0 0.3169106 0.2271008 -1.30482
46 0.05363192 -0.1692977 0 0.1342899 7.450581E-09 -1.199698
47 0.0006023012 -0.03346459 -0.04911327 0.01234471 0.2480162 -1.428762
48 0.000602576 -0.03346451 0.0491133 -0.01216977 0.09359726 -1.43287
49 0 -0.00544714 0 -1.546704 0.06595594 -1.565582
50 0.1349337 0.007935909 0.1169305 -0.1685397 -0.3800108 -0.9644729
51 0.06775701 0 0 0 0 1.612206
52 0.07025615 0 0 0.03042387 0.1040785 -0.6577235
53 0.05538215 -0.1613821 0 -1.818989E-12 4.908495E-05 -1.435881
54 0.1349336 0.007935909 -0.116931 0.3256106 0.4252428 -0.5876901
55 0.067757 0 0 0 0 1.611225
56 0.0702562 0 0 -0.04818707 -0.1736818 -0.9769588
57 0.0553822 -0.161382 0 1.818989E-12 -5.42615E-05 -1.435881
time 87
0 0 0 0 0 0 0
1 0.01507967 0.3323087 0.02191333 1.780619E-09 -0.3239128 0.00329139
2 0 0.002591992 0 -1.378046 0.04724899 1.538231
3 0.152 0 0 0.0720172 0.0003640591 0.06690238
4 0.05880687 0.02725044 -0.08225372 2.698853 1.315889 1.124113
5 0.159303 0.002208193 0.0009686507 -0.2902671 -0.008824582 -0.792442
6 0.122 0 0 0 0 -1.281944
7 0.1347621 0 0 -0.4804021 0 0
8 0.1343401 0 0 0.8884769 -0.5785519 -0.4762307
9 0.1197383 0 6.123017E-05 0.001768601 -0.005259709 -0.3728327
10 0.04880161 0 0 0 0 -0.2194141
11 0.04874135 -0.0476583 0.06862446 0.797745 -0.5614887 0.1499991
12 0.06127064 0 0 0.07454634 0.2180856 -0.09955539
13 0.1028249 0 0 -0.1176855 -0.09469986 -0.01050035
14 0.05880699 0.02725041 0.0822537 -1.813938 1.401306 -0.27995
15 -0.1009997 0 0 -1.852373 0.8901719 -1.073473
16 -0.1219999 0 0 1.365969E-06 -3.730286E-06 -1.16191
17 -0.1347622 0 0 -0.1218839 0 0
18 -0.1343399 0 0 1.377204 0.1126264 0.4043114
19 -0.1197386 0 -6.123033E-05 -0.001372244 -0.005376858 0.2012115
20 -0.04880161 0 0 0 0 -0.707715
21 -0.1889133 0.06475638 -0.0265498 -3.139415 -0.005103788 -0.4518085
22 -0.04874142 0.04765864 -0.06862451 1.787741 -0.276586 -0.7554917
23 -0.06127064 0 0 -0.06257772 0.2217633 -0.7094637
24 -0.1028246 0 0 -0.1176855 -0.09469986 -0.01050035
25 0.1304068 0.1682832 0 -2.959588 0.1467506 2.393979
26 0.08318153 0 0 1.863311E-08 0.0267421 -0.198911
27 0.1212126 0 0 5.355363E-09 0.009826558 -0.2349846
28 0.1593245 0 0 -2.119354E-08 -0.02370037 -0.2439486
29 0.1656675 -0.02760702 -0.1614031 -1.909401 1.265945 2.260986
30 0.1374714 0 0 0.08679721 0.551026 -0.4392093
31 0.0939494 0.006642963 -0.02764245 -0.2088112 -0.4485504 -0.4863033
32 0.1246999 0 0 -0.1701746 0.01980606 -0.2626721
33 0.1734372 0 0 0.0424007 -0.01820381 -0.1044794
34 0.1281899 -0.04420708 0.1773828 -2.363026 0.7252421 -1.254651
35 -0.1374712 0 0 -0.003631278 0.5571113 -0.6107717
36 -0.06898984 0 0 -0.251778 -0.3806753 -0.363474
37 -0.1247 0 0 -0.2580083 0.06790318 -0.1001426
38 -0.1734369 0 0 -0.1323086 0.3507966 0.5722333
39 0.07936193 0.1711765 -0.004367522 -0.09941913 -0.1395061 1.518412
40 0.128564 0.1071712 -0.1867254 -1.189541 1.044497 0.3326957
41 0.0984958 0.02850619 0.1872715 -1.626169 0.888664 2.949378
42 0.1708579 0.009936064 0 0.008389452 -0.0002580262 0.2513882
43 0.0049 0 0 0 0 0
44 0.5171545 -0.2663316 0.2896972 2.478655 -0.8747511 -0.3701444
45 0.1972673 0 0 0.3157287 0.2313342 -1.311101
46 0.05363192 -0.1692977 0 0.1320776 -7.450581E-09 -1.20914
47 0.0006023012 -0.03346459 -0.04911327 0.01240834 0.2487899 -1.429836
48 0.000602576 -0.03346451 0.0491133 -0.01231656 0.09381311 -1.433865
49 0 -0.00544714 0 -1.547568 0.06288479 -1.563989
50 0.1349337 0.007935909 0.1169305 -0.162543 -0.3897002 -0.9621974
51 0.06775701 0 0 0 0 1.623104
52 0.07025615 0 0 0.03343303 0.1151171 -0.6651105
53 0.05538215 -0.1613821 0 -1.818989E-12 4.908495E-05 -1.435881
54 0.1349336 0.007935909 -0.116931 0.3255115 0.4209149 -0.5845842
55 0.067757 0 0 0 0 1.626217
56 0.0702562 0 0 -0.04686456 -0.1693671 -0.9939642
57 0.0553822 -0.161382 0 1.818989E-12 -5.42615E-05 -1.435881
time 88
0 0 0 0 0 0 0
1 0.01411898 0.3317292 0.02168066 1.413251E-09 -0.3260885 0.002481189
2 0 0.002591992 0 -1.378224 0.04325236 1.538072
3 0.152 0 0 0.07228044 0.001128927 0.06550953
4 0.05880687 0.02725044 -0.08225372 2.702226 1.315423 1.12747
5 0.159303 0.002208193 0.0009686507 -0.2936277 -0.007010674 -0.7918983
6 0.122 0 0 0 0 -1.282896
7 0.1347621 0 0 -0.4804021 0 0
8 0.1343401 0 0 0.8884769 -0.5785519 -0.4762307
9 0.1197383 0 6.123017E-05 0.001768601 -0.005259709 -0.3728327
10 0.04880161 0 0 0 0 -0.2194141
11 0.04874135 -0.0476583 0.06862446 0.797745 -0.5614887 0.1499991
12 0.06127064 0 0 0.07454634 0.2180856 -0.09955539
13 0.1028249 0 0 -0.1176855 -0.09469986 -0.01050035
14 0.05880699 0.02725041 0.0822537 -1.816592 1.400722 -0.2826132
15 -0.1009997 0 0 -1.858714 0.8899917 -1.076345
16 -0.1219999 0 0 1.365969E-06 -3.730286E-06 -1.168331
17 -0.1347622 0 0 -0.1220326 0 0
18 -0.1343399 0 0 1.376799 0.1125129 0.402698
19 -0.1197386 0 -6.123033E-05 -0.001372244 -0.005376858 0.2012115
20 -0.04880161 0 0 0 0 -0.707715
21 -0.1889133 0.06475638 -0.0265498 -3.139415 -0.005103788 -0.4518085
22 -0.04874142 0.04765864 -0.06862451 1.787741 -0.276586 -0.7554917
23 -0.06127064 0 0 -0.06257772 0.2217633 -0.7094637
24 -0.1028246 0 0 -0.1176855 -0.09469986 -0.01050035
25 0.1304068 0.1682832 0 -2.959642 0.1475094 2.398687
26 0.08318153 0 0 3.190945E-08 0.02702656 -0.1903188
27 0.1212126 0 0 6.868889E-09 0.01059518 -0.2292914
28 0.1593245 0 0 -3.493056E-09 -0.0184797 -0.2483836
29 0.1656875 -0.02750604 -0.1614916 -1.913155 1.264158 2.263936
30 0.1374714 0 0 0.08679721 0.551026 -0.4392093
31 0.0939494 0.006642963 -0.02764245 -0.2080981 -0.4481949 -0.4884953
32 0.1246999 0 0 -0.1708612 0.02464764 -0.2598191
33 0.1734372 0 0 0.04144528 -0.01416089 -0.09541109
34 0.1282048 -0.04412008 0.1773828 -2.363178 0.7252901 -1.249641
35 -0.1374712 0 0 -0.003631278 0.5571113 -0.6107717
36 -0.06898984 0 0 -0.2509131 -0.3811142 -0.3660673
37 -0.1247 0 0 -0.2580079 0.0658366 -0.09969722
38 -0.1734369 0 0 -0.1322019 0.3440659 0.5725442
39 0.07929511 0.1711765 -0.004385452 -0.09941914 -0.1406504 1.528584
40 0.128564 0.1071712 -0.1867254 -1.191003 1.040603 0.3315061
41 0.0984958 0.02850619 0.1872715 -1.628343 0.8921812 2.947112
42 0.1708579 0.009936064 0 0.01102558 0.002757883 0.2575766
43 0.0049 0 0 0 0 0
44 0.5171545 -0.2663316 0.2896972 2.469988 -0.8695167 -0.3582771
45 0.1972673 0 0 0.3143863 0.2356347 -1.318193
46 0.05363192 -0.1692977 0 0.129692 -1.490116E-08 -1.218243
47 0.0006023012 -0.03346459 -0.04911327 0.01204741 0.249312 -1.433547
48 0.000602576 -0.03346451 0.0491133 -0.01205589 0.09387502 -1.437412
49 0 -0.00544714 0 -1.548438 0.05986066 -1.562385
50 0.1349337 0.007935909 0.1169305 -0.1573335 -0.3989946 -0.9578522
51 0.06775701 0 0 0 0 1.630068
52 0.07025615 0 0 0.03643001 0.1260899 -0.6706969
53 0.05538215 -0.1613821 0 -1.818989E-12 4.908495E-05 -1.435881
54 0.1349336 0.007935909 -0.116931 0.3263 0.4155376 -0.5801108
55 0.067757 0 0 0 0 1.637528
56 0.0702562 0 0 -0.04541257 -0.164451 -1.008968
57 0.0553822 -0.161382 0 1.818989E-12 -5.42615E-05 -1.435881
time 89
0 0 0 0 0 0 0
1 0.01315375 0.3313194 0.02143918 -3.074566E-10 -0.3282756 0.001667081
2 0 0.002591992 0 -1.378418 0.03935659 1.537913
3 0.152 0 0 0.07247588 0.001934061 0.06400668
4 0.05880687 0.02725044 -0.08225372 2.706104 1.315238 1.131271
5 0.159303 0.002208193 0.0009686507 -0.2971218 -0.004906704 -0.790814
6 0.122 0 0 0 0 -1.284353
7 0.1347621 0 0 -0.4804021 0 0
8 0.1343401 0 0 0.8884769 -0.5785519 -0.4762307
9 0.1197383 0 6.123017E-05 0.001768601 -0.005259709 -0.3728327
10 0.04880161 0 0 0 0 -0.2194141
11 0.04874135 -0.0476583 0.06862446 0.797745 -0.5614887 0.1499991
12 0.06127064 0 0 0.07454634 0.2180856 -0.09955539
13 0.1028249 0 0 -0.1176855 -0.09469986 -0.01050035
14 0.05880699 0.02725041 0.0822537 -1.817687 1.399986 -0.2837243
15 -0.1009997 0 0 -1.865211 0.8894931 -1.079098
16 -0.1219999 0 0 1.365968E-06 -3.730285E-06 -1.173626
17 -0.1347622 0 0 -0.1221986 0 0
18 -0.1343399 0 0 1.376243 0.1124449 0.4004912
19 -0.1197386 0 -6.123033E-05 -0.001372244 -0.005376858 0.2012115
20 -0.04880161 0 0 0 0 -0.707715
21 -0.1889133 0.06475638 -0.0265498 -3.139415 -0.005103788 -0.4518085
22 -0.04874142 0.04765864 -0.06862451 1.787741 -0.276586 -0.7554917
23 -0.06127064 0 0 -0.06257772 0.2217633 -0.7094637
24 -0.1028246 0 0 -0.1176855 -0.09469986 -0.01050035
25 0.1304068 0.1682832 0 -2.959711 0.1483045 2.403759
26 0.08318153 0 0 5.590008E-08 0.02723661 -0.1819496
27 0.1212126 0 0 1.432E-08 0.01131664 -0.2230652
28 0.1593245 0 0 -4.657029E-10 -0.01335818 -0.251305
29 0.1656944 -0.02742629 -0.1615812 -1.917155 1.262364 2.266646
30 0.1374714 0 0 0.08679721 0.551026 -0.4392093
31 0.0939494 0.006642963 -0.02764245 -0.2070458 -0.4482048 -0.4913764
32 0.1246999 0 0 -0.1715005 0.02918756 -0.2572301
33 0.1734372 0 0 0.04048666 -0.0102193 -0.08619827
34 0.1282084 -0.04405726 0.1773828 -2.363221 0.7253889 -1.244544
35 -0.1374712 0 0 -0.003631278 0.5571113 -0.6107717
36 -0.06898984 0 0 -0.2499615 -0.3815758 -0.3689121
37 -0.1247 0 0 -0.2580067 0.06389523 -0.09929368
38 -0.1734369 0 0 -0.1320992 0.3374602 0.5728474
39 0.07924897 0.1711765 -0.004400825 -0.09941913 -0.1413493 1.537924
40 0.128564 0.1071712 -0.1867254 -1.193082 1.036838 0.3295715
41 0.0984958 0.02850619 0.1872715 -1.630394 0.8971321 2.945356
42 0.1708579 0.009936064 0 0.01371612 0.005597859 0.2631427
43 0.0049 0 0 0 0 0
44 0.5171545 -0.2663316 0.2896972 2.461556 -0.864086 -0.3466338
45 0.1972673 0 0 0.3129 0.2399715 -1.326009
46 0.05363192 -0.1692977 0 0.1271366 -2.235174E-08 -1.22682
47 0.0006023012 -0.03346459 -0.04911327 0.01145227 0.2495701 -1.439581
48 0.000602576 -0.03346451 0.0491133 -0.01147972 0.09363528 -1.443216
49 0 -0.00544714 0 -1.549312 0.05690916 -1.560774
50 0.1349337 0.007935909 0.1169305 -0.1530158 -0.4078437 -0.9513479
51 0.06775701 0 0 0 0 1.632857
52 0.07025615 0 0 0.03940016 0.1369154 -0.6743744
53 0.05538215 -0.1613821 0 -1.818989E-12 4.908495E-05 -1.435881
54 0.1349336 0.007935909 -0.116931 0.3277979 0.409088 -0.5744119
55 0.067757 0 0 0 0 1.645104
56 0.0702562 0 0 -0.04382941 -0.1589007 -1.021801
57 0.0553822 -0.161382 0 1.818989E-12 -5.42615E-05 -1.435881
time 90
0 0 0 0 0 0 0
1 0.01218608 0.3310926 0.02118862 5.076832E-10 -0.3304651 0.000850825
2 0 0.002591992 0 -1.378628 0.03559694 1.537754
3 0.152 0 0 0.07260516 0.00277742 0.06241346
4 0.05880687 0.02725044 -0.08225372 2.710438 1.315352 1.135469
5 0.159303 0.002208193 0.0009686507 -0.3007297 -0.002515646 -0.7892326
6 0.122 0 0 0 0 -1.28634
7 0.1347621 0 0 -0.4804021 0 0
8 0.1343401 0 0 0.8884769 -0.5785519 -0.4762307
9 0.1197383 0 6.123017E-05 0.001768601 -0.005259709 -0.3728327
10 0.04880161 0 0 0 0 -0.2194141
11 0.04874135 -0.0476583 0.06862446 0.797745 -0.5614887 0.1499991
12 0.06127064 0 0 0.07454634 0.2180856 -0.09955539
13 0.1028249 0 0 -0.1176855 -0.09469986 -0.01050035
14 0.05880699 0.02725041 0.0822537 -1.817181 1.399097 -0.2832377
15 -0.1009997 0 0 -1.871728 0.8886797 -1.081719
16 -0.1219999 0 0 1.365969E-06 -3.730285E-06 -1.177744
17 -0.1347622 0 0 -0.122384 0 0
18 -0.1343399 0 0 1.375545 0.1124197 0.3977363
19 -0.1197386 0 -6.123033E-05 -0.001372244 -0.005376858 0.2012115
20 -0.04880161 0 0 0 0 -0.707715
21 -0.1889133 0.06475638 -0.0265498 -3.139415 -0.005103788 -0.4518085
22 -0.04874142 0.04765864 -0.06862451 1.787741 -0.276586 -0.7554917
23 -0.06127064 0 0 -0.06257772 0.2217633 -0.7094637
24 -0.1028246 0 0 -0.1176855 -0.09469986 -0.01050035
25 0.1304068 0.1682832 0 -2.959791 0.1491354 2.409078
26 0.08318153 0 0 7.220454E-09 0.02737058 -0.1738869
27 0.1212126 0 0 1.618289E-08 0.01198849 -0.2164029
28 0.1593245 0 0 -5.58813E-09 -0.008348238 -0.2525946
29 0.1656875 -0.0273669 -0.1616711 -1.921415 1.260565 2.269053
30 0.1374714 0 0 0.08679721 0.551026 -0.4392093
31 0.0939494 0.006642963 -0.02764245 -0.2057942 -0.4485972 -0.4948871
32 0.1246999 0 0 -0.1720887 0.03340596 -0.2549454
33 0.1734372 0 0 0.03952805 -0.006387922 -0.07691491
34 0.1282 -0.04401746 0.1773828 -2.363145 0.7255383 -1.239398
35 -0.1374712 0 0 -0.003631278 0.5571113 -0.6107717
36 -0.06898984 0 0 -0.2489291 -0.3820519 -0.3719885
37 -0.1247 0 0 -0.2580074 0.06208665 -0.09893595
38 -0.1734369 0 0 -0.1320009 0.3309957 0.5731432
39 0.07922402 0.1711765 -0.004413578 -0.09941911 -0.141587 1.546281
40 0.128564 0.1071712 -0.1867254 -1.195762 1.033202 0.3269171
41 0.0984958 0.02850619 0.1872715 -1.632105 0.9035161 2.944405
42 0.1708579 0.009936064 0 0.01645692 0.008241182 0.267953
43 0.0049 0 0 0 0 0
44 0.5171545 -0.2663316 0.2896972 2.453452 -0.8585001 -0.3353244
45 0.1972673 0 0 0.3112866 0.2443131 -1.33446
46 0.05363192 -0.1692977 0 0.124415 -2.980232E-08 -1.234685
47 0.0006023012 -0.03346459 -0.04911327 0.0107448 0.2495515 -1.44762
48 0.000602576 -0.03346451 0.0491133 -0.01079267 0.09309001 -1.450978
49 0 -0.00544714 0 -1.550188 0.05405698 -1.559158
50 0.1349337 0.007935909 0.1169305 -0.1496939 -0.4161972 -0.9425941
51 0.06775701 0 0 0 0 1.63123
52 0.07025615 0 0 0.04232881 0.1475124 -0.6760351
53 0.05538215 -0.1613821 0 -1.818989E-12 4.908495E-05 -1.435881
54 0.1349336 0.007935909 -0.116931 0.3299245 0.4015439 -0.5676306
55 0.067757 0 0 0 0 1.64889
56 0.0702562 0 0 -0.04211331 -0.152683 -1.032026
57 0.0553822 -0.161382 0 1.818989E-12 -5.42615E-05 -1.435881
time 91
0 0 0 0 0 0 0
1 0.01121807 0.331062 0.0209287 2.646179E-11 -0.3326572 3.422502E-05
2 0 0.002591992 0 -1.378853 0.03200884 1.537594
3 0.152 0 0 0.0726533 0.003656944 0.06073523
4 0.05880687 0.02725044 -0.08225372 2.715178 1.315784 1.140019
5 0.159303 0.002208193 0.0009686507 -0.3044321 0.0001595393 -0.7871966
6 0.122 0 0 0 0 -1.288879
7 0.1347621 0 0 -0.4804021 0 0
8 0.1343401 0 0 0.8884769 -0.5785519 -0.4762307
9 0.1197383 0 6.123017E-05 0.001768601 -0.005259709 -0.3728327
10 0.04880161 0 0 0 0 -0.2194141
11 0.04874135 -0.0476583 0.06862446 0.797745 -0.5614887 0.1499991
12 0.06127064 0 0 0.07454634 0.2180856 -0.09955539
13 0.1028249 0 0 -0.1176855 -0.09469986 -0.01050035
14 0.05880699 0.02725041 0.0822537 -1.815027 1.39805 -0.2811089
15 -0.1009997 0 0 -1.878081 0.887555 -1.084195
16 -0.1219999 0 0 1.365969E-06 -3.730286E-06 -1.180633
17 -0.1347622 0 0 -0.1225826 0 0
18 -0.1343399 0 0 1.374714 0.1124348 0.3944782
19 -0.1197386 0 -6.123033E-05 -0.001372244 -0.005376858 0.2012115
20 -0.04880161 0 0 0 0 -0.707715
21 -0.1889133 0.06475638 -0.0265498 -3.139415 -0.005103788 -0.4518085
22 -0.04874142 0.04765864 -0.06862451 1.787741 -0.276586 -0.7554917
23 -0.06127064 0 0 -0.06257772 0.2217633 -0.7094637
24 -0.1028246 0 0 -0.1176855 -0.09469986 -0.01050035
25 0.1304068 0.1682832 0 -2.95991 0.1500008 2.414586
26 0.08318153 0 0 3.027937E-08 0.02742425 -0.1661973
27 0.1212126 0 0 1.618302E-08 0.01260811 -0.2093758
28 0.1593245 0 0 6.111841E-10 -0.003462468 -0.25214
29 0.165666 -0.02732704 -0.1617606 -1.925945 1.258764 2.271093
30 0.1374714 0 0 0.08679721 0.551026 -0.4392093
31 0.0939494 0.006642963 -0.02764245 -0.2043003 -0.4493886 -0.4989682
32 0.1246999 0 0 -0.1726176 0.03728283 -0.2529989
33 0.1734372 0 0 0.03857728 -0.002677111 -0.06764566
34 0.128179 -0.04399946 0.1773828 -2.362943 0.7257368 -1.23424
35 -0.1374712 0 0 -0.003631278 0.5571113 -0.6107717
36 -0.06898984 0 0 -0.2478225 -0.3825352 -0.3752767
37 -0.1247 0 0 -0.2580073 0.06041722 -0.09862568
38 -0.1734369 0 0 -0.1319069 0.3246882 0.5734308
39 0.07922079 0.1711765 -0.004423649 -0.09941915 -0.1413476 1.553502
40 0.128564 0.1071712 -0.1867254 -1.199025 1.029698 0.3235706
41 0.0984958 0.02850619 0.1872715 -1.633362 0.9111615 2.944188
42 0.1708579 0.009936064 0 0.01924249 0.01066683 0.2720029
43 0.0049 0 0 0 0 0
44 0.5171545 -0.2663316 0.2896972 2.445771 -0.8527994 -0.3244597
45 0.1972673 0 0 0.3095627 0.2486285 -1.343461
46 0.05363192 -0.1692977 0 0.121531 3.72529E-09 -1.241654
47 0.0006023012 -0.03346459 -0.04911327 0.009935291 0.2492436 -1.457347
48 0.000602576 -0.03346451 0.0491133 -0.01000462 0.09223516 -1.460405
49 0 -0.00544714 0 -1.551067 0.05132974 -1.557542
50 0.1349337 0.007935909 0.1169305 -0.1474722 -0.4240042 -0.9315
51 0.06775701 0 0 0 0 1.625103
52 0.07025615 0 0 0.04520129 0.1577992 -0.67557
53 0.05538215 -0.1613821 0 -1.818989E-12 4.908495E-05 -1.435881
54 0.1349336 0.007935909 -0.116931 0.3325987 0.3928823 -0.5599098
55 0.067757 0 0 0 0 1.64883
56 0.0702562 0 0 -0.04026257 -0.1457648 -1.039395
57 0.0553822 -0.161382 0 1.818989E-12 -5.42615E-05 -1.435881
time 92
0 0 0 0 0 0 0
1 0.01025181 0.3312408 0.02065917 -4.622294E-11 -0.3348467 -0.0007809508
2 0 0.002591992 0 -1.379095 0.02862734 1.537435
3 0.152 0 0 0.07262861 0.004570666 0.05899744
4 0.05880687 0.02725044 -0.08225372 2.720277 1.316555 1.144878
5 0.159303 0.002208193 0.0009686507 -0.3082102 0.003115667 -0.7847505
6 0.122 0 0 0 0 -1.291992
7 0.1347621 0 0 -0.4804021 0 0
8 0.1343401 0 0 0.8884769 -0.5785519 -0.4762307
9 0.1197383 0 6.123017E-05 0.001768601 -0.005259709 -0.3728327
10 0.04880161 0 0 0 0 -0.2194141
11 0.04874135 -0.0476583 0.06862446 0.797745 -0.5614887 0.1499991
12 0.06127064 0 0 0.07454634 0.2180856 -0.09955539
13 0.1028249 0 0 -0.1176855 -0.09469986 -0.01050035
14 0.05880699 0.02725041 0.0822537 -1.81118 1.396843 -0.2772917
15 -0.1009997 0 0 -1.884252 0.8861226 -1.086511
16 -0.1219999 0 0 1.365968E-06 -3.730285E-06 -1.182242
17 -0.1347622 0 0 -0.1228063 0 0
18 -0.1343399 0 0 1.37376 0.1124872 0.3907621
19 -0.1197386 0 -6.123033E-05 -0.001372244 -0.005376858 0.2012115
20 -0.04880161 0 0 0 0 -0.707715
21 -0.1889133 0.06475638 -0.0265498 -3.139415 -0.005103788 -0.4518085
22 -0.04874142 0.04765864 -0.06862451 1.787741 -0.276586 -0.7554917
23 -0.06127064 0 0 -0.06257772 0.2217633 -0.7094637
24 -0.1028246 0 0 -0.1176855 -0.09469986 -0.01050035
25 0.1304068 0.1682832 0 -2.960137 0.1509004 2.420224
26 0.08318153 0 0 3.493771E-09 0.02739637 -0.1589666
27 0.1212126 0 0 1.397105E-09 0.01317315 -0.2020585
28 0.1593245 0 0 2.182789E-10 0.001286922 -0.2496442
29 0.1656289 -0.02730585 -0.1618491 -1.930757 1.256964 2.272702
30 0.1374714 0 0 0.08679721 0.551026 -0.4392093
31 0.0939494 0.006642963 -0.02764245 -0.2025897 -0.4505943 -0.5035598
32 0.1246999 0 0 -0.1730836 0.04079841 -0.2514307
33 0.1734372 0 0 0.03763822 0.0008910467 -0.05846826
34 0.1281447 -0.04400207 0.1773828 -2.362608 0.7259841 -1.229109
35 -0.1374712 0 0 -0.003631278 0.5571113 -0.6107717
36 -0.06898984 0 0 -0.246648 -0.3830188 -0.3787577
37 -0.1247 0 0 -0.258007 0.05889397 -0.09836583
38 -0.1734369 0 0 -0.1318172 0.3185529 0.5737087
39 0.07923979 0.1711765 -0.004430979 -0.09941913 -0.1406152 1.559433
40 0.128564 0.1071712 -0.1867254 -1.202854 1.026325 0.3195579
41 0.0984958 0.02850619 0.1872715 -1.634141 0.919805 2.944696
42 0.1708579 0.009936064 0 0.02206847 0.0128541 0.2753068
43 0.0049 0 0 0 0 0
44 0.5171545 -0.2663316 0.2896972 2.438603 -0.8470258 -0.3141492
45 0.1972673 0 0 0.3077453 0.2528863 -1.352921
46 0.05363192 -0.1692977 0 0.1184881 0 -1.24754
47 0.0006023012 -0.03346459 -0.04911327 0.009033852 0.248634 -1.468447
48 0.000602576 -0.03346451 0.0491133 -0.009125426 0.09106684 -1.471198
49 0 -0.00544714 0 -1.551944 0.04875344 -1.555928
50 0.1349337 0.007935909 0.1169305 -0.1464549 -0.4312148 -0.9182766
51 0.06775701 0 0 0 0 1.61468
52 0.07025615 0 0 0.04800291 0.1676952 -0.6728731
53 0.05538215 -0.1613821 0 -1.818989E-12 4.908495E-05 -1.435881
54 0.1349336 0.007935909 -0.116931 0.3357401 0.3830808 -0.551392
55 0.067757 0 0 0 0 1.644871
56 0.0702562 0 0 -0.03827547 -0.138113 -1.04402
57 0.0553822 -0.161382 0 1.818989E-12 -5.42615E-05 -1.435881
time 93
0 0 0 0 0 0 0
1 0.009289423 0.3316424 0.02037976 -1.295227E-09 -0.3370251 -0.001592914
2 0 0.002591992 0 -1.379353 0.02548822 1.537277
3 0.152 0 0 0.07251882 0.005516232 0.05720832
4 0.05880687 0.02725044 -0.08225372 2.725688 1.31768 1.150004
5 0.159303 0.002208193 0.0009686507 -0.3120443 0.006349867 -0.7819366
6 0.122 0 0 0 0 -1.295497
7 0.1347621 0 0 -0.4804021 0 0
8 0.1343401 0 0 0.8884769 -0.5785519 -0.4762307
9 0.1197383 0 6.123017E-05 0.001768601 -0.005259709 -0.3728327
10 0.04880161 0 0 0 0 -0.2194141
11 0.04874135 -0.0476583 0.06862446 0.797745 -0.5614887 0.1499991
12 0.06127064 0 0 0.07454634 0.2180856 -0.09955539
13 0.1028249 0 0 -0.1176855 -0.09469986 -0.01050035
14 0.05880699 0.02725041 0.0822537 -1.805594 1.395475 -0.2717404
15 -0.1009997 0 0 -1.890221 0.8843853 -1.088654
16 -0.1219999 0 0 1.365969E-06 -3.730285E-06 -1.182521
17 -0.1347622 0 0 -0.1230391 0 0
18 -0.1343399 0 0 1.372694 0.1125742 0.3866333
19 -0.1197386 0 -6.123033E-05 -0.001372244 -0.005376858 0.2012115
20 -0.04880161 0 0 0 0 -0.707715
21 -0.1889133 0.06475638 -0.0265498 -3.139415 -0.005103788 -0.4518085
22 -0.04874142 0.04765864 -0.06862451 1.787741 -0.276586 -0.7554917
23 -0.06127064 0 0 -0.06257772 0.2217633 -0.7094637
24 -0.1028246 0 0 -0.1176855 -0.09469986 -0.01050035
25 0.1304068 0.1682832 0 -2.960471 0.1518332 2.425938
26 0.08318153 0 0 1.700296E-08 0.02728318 -0.1522654
27 0.1212126 0 0 1.827892E-08 0.01368056 -0.194516
28 0.1593245 0 0 7.567127E-09 0.005887422 -0.2455892
29 0.1655755 -0.0273025 -0.1619359 -1.935861 1.255167 2.273817
30 0.1374714 0 0 0.08679721 0.551026 -0.4392093
31 0.0939494 0.006642963 -0.02764245 -0.2006884 -0.452122 -0.5086034
32 0.1246999 0 0 -0.1734785 0.04393263 -0.2502749
33 0.1734372 0 0 0.03671954 0.004401424 -0.04946938
34 0.1280964 -0.04402413 0.1773828 -2.362132 0.7262787 -1.224041
35 -0.1374712 0 0 -0.003631278 0.5571113 -0.6107717
36 -0.06898984 0 0 -0.2454119 -0.3834955 -0.3824115
37 -0.1247 0 0 -0.2580089 0.05752437 -0.09816027
38 -0.1734369 0 0 -0.131732 0.3126057 0.5739768
39 0.07928156 0.1711765 -0.004435503 -0.09941915 -0.1393739 1.563924
40 0.128564 0.1071712 -0.1867254 -1.20723 1.023086 0.314906
41 0.0984958 0.02850619 0.1872715 -1.634423 0.9292933 2.945926
42 0.1708579 0.009936064 0 0.02493017 0.01478226 0.2778726
43 0.0049 0 0 0 0 0
44 0.5171545 -0.2663316 0.2896972 2.432042 -0.8412206 -0.3045031
45 0.1972673 0 0 0.3058508 0.2570558 -1.362757
46 0.05363192 -0.1692977 0 0.11529 3.72529E-09 -1.252157
47 0.0006023012 -0.03346459 -0.04911327 0.008050736 0.2477099 -1.480602
48 0.000602576 -0.03346451 0.0491133 -0.008165016 0.08958113 -1.483062
49 0 -0.00544714 0 -1.55282 0.04635423 -1.554321
50 0.1349337 0.007935909 0.1169305 -0.146746 -0.4377785 -0.9032952
51 0.06775701 0 0 0 0 1.600164
52 0.07025615 0 0 0.05066403 0.1771182 -0.6678342
53 0.05538215 -0.1613821 0 -1.818989E-12 4.908495E-05 -1.435881
54 0.1349336 0.007935909 -0.116931 0.3392676 0.372347 -0.5422208
55 0.067757 0 0 0 0 1.636958
56 0.0702562 0 0 -0.03615031 -0.1298686 -1.046011
57 0.0553822 -0.161382 0 1.818989E-12 -5.42615E-05 -1.435881
time 94
0 0 0 0 0 0 0
1 0.008332999 0.3322799 0.0200902 2.46898E-10 -0.3391927 -0.002399903
2 0 0.002591992 0 -1.379628 0.02262606 1.537119
3 0.152 0 0 0.07232403 0.006491495 0.05538642
4 0.05880687 0.02725044 -0.08225372 2.731359 1.319146 1.15535
5 0.159303 0.002208193 0.0009686507 -0.3159156 0.009858827 -0.7787994
6 0.122 0 0 0 0 -1.299347
7 0.1347621 0 0 -0.4804021 0 0
8 0.1343401 0 0 0.8884769 -0.5785519 -0.4762307
9 0.1197383 0 6.123017E-05 0.001768601 -0.005259709 -0.3728327
10 0.04880161 0 0 0 0 -0.2194141
11 0.04874135 -0.0476583 0.06862446 0.797745 -0.5614887 0.1499991
12 0.06127064 0 0 0.07454634 0.2180856 -0.09955539
13 0.1028249 0 0 -0.1176855 -0.09469986 -0.01050035
14 0.05880699 0.02725041 0.0822537 -1.798578 1.39394 -0.2647599
15 -0.1009997 0 0 -1.895972 0.8823473 -1.090611
16 -0.1219999 0 0 1.365968E-06 -3.730286E-06 -1.181418
17 -0.1347622 0 0 -0.1232968 0 0
18 -0.1343399 0 0 1.371524 0.1126933 0.3821366
19 -0.1197386 0 -6.123033E-05 -0.001372244 -0.005376858 0.2012115
20 -0.04880161 0 0 0 0 -0.707715
21 -0.1889133 0.06475638 -0.0265498 -3.139415 -0.005103788 -0.4518085
22 -0.04874142 0.04765864 -0.06862451 1.787741 -0.276586 -0.7554917
23 -0.06127064 0 0 -0.06257772 0.2217633 -0.7094637
24 -0.1028246 0 0 -0.1176855 -0.09469986 -0.01050035
25 0.1304068 0.1682832 0 -2.960912 0.1527986 2.431667
26 0.08318153 0 0 3.260825E-09 0.02708302 -0.1461762
27 0.1212126 0 0 1.81626E-08 0.01412827 -0.186828
28 0.1593245 0 0 1.08272E-08 0.01032672 -0.2400975
29 0.1655051 -0.02731613 -0.1620201 -1.941272 1.253375 2.274373
30 0.1374714 0 0 0.08679721 0.551026 -0.4392093
31 0.0939494 0.006642963 -0.02764245 -0.1986215 -0.4538755 -0.514038
32 0.1246999 0 0 -0.1737985 0.0466658 -0.2495716
33 0.1734372 0 0 0.03583547 0.007838327 -0.04074052
34 0.1280334 -0.04406443 0.1773828 -2.361506 0.7266202 -1.219074
35 -0.1374712 0 0 -0.003631278 0.5571113 -0.6107717
36 -0.06898984 0 0 -0.2441214 -0.3839593 -0.3862202
37 -0.1247 0 0 -0.2580071 0.05631426 -0.09800929
38 -0.1734369 0 0 -0.1316514 0.3068632 0.5742353
39 0.0793466 0.1711765 -0.00442131 -0.09941911 -0.1376079 1.56682
40 0.128564 0.1071712 -0.1867254 -1.212136 1.019981 0.309641
41 0.0984958 0.02850619 0.1872715 -1.634185 0.9394744 2.947871
42 0.1708579 0.009936064 0 0.02782225 0.01643023 0.2797016
43 0.0049 0 0 0 0 0
44 0.5171545 -0.2663316 0.2896972 2.426142 -0.8354242 -0.2956318
45 0.1972673 0 0 0.3038962 0.2611052 -1.372879
46 0.05363192 -0.1692977 0 0.1119401 -3.352761E-08 -1.255319
47 0.0006023012 -0.03346459 -0.04911327 0.006996339 0.2464588 -1.493496
48 0.000602576 -0.03346451 0.0491133 -0.007133239 0.08777408 -1.495701
49 0 -0.00544714 0 -1.553692 0.04415821 -1.552723
50 0.1349337 0.007935909 0.1169305 -0.1484501 -0.4436446 -0.8867023
51 0.06775701 0 0 0 0 1.581755
52 0.07025615 0 0 0.05312039 0.1859869 -0.6603481
53 0.05538215 -0.1613821 0 -1.818989E-12 4.908495E-05 -1.435881
54 0.1349336 0.007935909 -0.116931 0.3431008 0.3609517 -0.5325386
55 0.067757 0 0 0 0 1.625342
56 0.0702562 0 0 -0.03388531 -0.1212355 -1.04548
57 0.0553822 -0.161382 0 1.818989E-12 -5.42615E-05 -1.435881
time 95
0 0 0 0 0 0 0
1 0.007384645 0.3331141 0.01979021 -2.285543E-09 -0.3413393 -0.003200106
2 0 0.002591992 0 -1.379919 0.02007667 1.536963
3 0.152 0 0 0.07204972 0.007494865 0.05355413
4 0.05880687 0.02725044 -0.08225372 2.737243 1.320828 1.160872
5 0.159303 0.002208193 0.0009686507 -0.3198046 0.01363982 -0.7753814
6 0.122 0 0 0 0 -1.303495
7 0.1347621 0 0 -0.4804021 0 0
8 0.1343401 0 0 0.8884769 -0.5785519 -0.4762307
9 0.1197383 0 6.123017E-05 0.001768601 -0.005259709 -0.3728327
10 0.04880161 0 0 0 0 -0.2194141
11 0.04874135 -0.0476583 0.06862446 0.797745 -0.5614887 0.1499991
12 0.06127064 0 0 0.07454634 0.2180856 -0.09955539
13 0.1028249 0 0 -0.1176855 -0.09469986 -0.01050035
14 0.05880699 0.02725041 0.0822537 -1.790536 1.392277 -0.2567534
15 -0.1009997 0 0 -1.901484 0.8800111 -1.092368
16 -0.1219999 0 0 1.365969E-06 -3.730285E-06 -1.178996
17 -0.1347622 0 0 -0.1235674 0 0
18 -0.1343399 0 0 1.37026 0.1128416 0.3773174
19 -0.1197386 0 -6.123033E-05 -0.001372244 -0.005376858 0.2012115
20 -0.04880161 0 0 0 0 -0.707715
21 -0.1889133 0.06475638 -0.0265498 -3.139415 -0.005103788 -0.4518085
22 -0.04874142 0.04765864 -0.06862451 1.787741 -0.276586 -0.7554917
23 -0.06127064 0 0 -0.06257772 0.2217633 -0.7094637
24 -0.1028246 0 0 -0.1176855 -0.09469986 -0.01050035
25 0.1304068 0.1682832 0 -2.961458 0.1537957 2.437356
26 0.08318153 0 0 1.851668E-08 0.02679243 -0.1407716
27 0.1212126 0 0 -6.985655E-10 0.01451378 -0.1790667
28 0.1593245 0 0 1.036207E-08 0.01459238 -0.2332848
29 0.1654168 -0.0273459 -0.1621013 -1.946999 1.251593 2.274308
30 0.1374714 0 0 0.08679721 0.551026 -0.4392093
31 0.0939494 0.006642963 -0.02764245 -0.1964153 -0.4558396 -0.519806
32 0.1246999 0 0 -0.1740349 0.04897767 -0.2493536
33 0.1734372 0 0 0.0349842 0.01118348 -0.03235207
34 0.1279551 -0.04412179 0.1773828 -2.360722 0.7270079 -1.214246
35 -0.1374712 0 0 -0.003631278 0.5571113 -0.6107717
36 -0.06898984 0 0 -0.2427822 -0.3844018 -0.3901629
37 -0.1247 0 0 -0.2580063 0.05527144 -0.09791764
38 -0.1734369 0 0 -0.1315754 0.3013403 0.5744826
39 0.07943545 0.1711765 -0.00437425 -0.09941912 -0.1353012 1.56797
40 0.128564 0.1071712 -0.1867254 -1.217555 1.017011 0.3037899
41 0.0984958 0.02850619 0.1872715 -1.633406 0.9501959 2.950525
42 0.1708579 0.009936064 0 0.03074001 0.01777725 0.2808028
43 0.0049 0 0 0 0 0
44 0.5171545 -0.2663316 0.2896972 2.420897 -0.8296784 -0.2876452
45 0.1972673 0 0 0.3018981 0.2650037 -1.383199
46 0.05363192 -0.1692977 0 0.1084424 7.450581E-09 -1.256841
47 0.0006023012 -0.03346459 -0.04911327 0.005880741 0.2448681 -1.506811
48 0.000602576 -0.03346451 0.0491133 -0.006040008 0.08564171 -1.508819
49 0 -0.00544714 0 -1.554559 0.04219139 -1.551139
50 0.1349337 0.007935909 0.1169305 -0.1516711 -0.4487633 -0.8686478
51 0.06775701 0 0 0 0 1.559654
52 0.07025615 0 0 0.05537833 0.1942208 -0.650708
53 0.05538215 -0.1613821 0 -1.818989E-12 4.908495E-05 -1.435881
54 0.1349336 0.007935909 -0.116931 0.3471578 0.3489682 -0.5224869
55 0.067757 0 0 0 0 1.610462
56 0.0702562 0 0 -0.03147886 -0.1122743 -1.042537
57 0.0553822 -0.161382 0 1.818989E-12 -5.42615E-05 -1.435881
time 96
0 0 0 0 0 0 0
1 0.006446462 0.3340878 0.01947954 -1.916366E-09 -0.3434645 -0.003991773
2 0 0.002591992 0 -1.380228 0.01787531 1.536808
3 0.152 0 0 0.07168572 0.008523792 0.05172175
4 0.05880687 0.02725044 -0.08225372 2.743292 1.322705 1.166527
5 0.159303 0.002208193 0.0009686507 -0.3236922 0.01768966 -0.7717263
6 0.122 0 0 0 0 -1.307896
7 0.1347621 0 0 -0.4804021 0 0
8 0.1343401 0 0 0.8884769 -0.5785519 -0.4762307
9 0.1197383 0 6.123017E-05 0.001768601 -0.005259709 -0.3728327
10 0.04880161 0 0 0 0 -0.2194141
11 0.04874135 -0.0476583 0.06862446 0.797745 -0.5614887 0.1499991
12 0.06127064 0 0 0.07454634 0.2180856 -0.09955539
13 0.1028249 0 0 -0.1176855 -0.09469986 -0.01050035
14 0.05880699 0.02725041 0.0822537 -1.781583 1.390495 -0.2478337
15 -0.1009997 0 0 -1.906739 0.877381 -1.093911
16 -0.1219999 0 0 1.365968E-06 -3.730285E-06 -1.175428
17 -0.1347622 0 0 -0.1238547 0 0
18 -0.1343399 0 0 1.368912 0.1130164 0.3722207
19 -0.1197386 0 -6.123033E-05 -0.001372244 -0.005376858 0.2012115
20 -0.04880161 0 0 0 0 -0.707715
21 -0.1889133 0.06475638 -0.0265498 -3.139415 -0.005103788 -0.4518085
22 -0.04874142 0.04765864 -0.06862451 1.787741 -0.276586 -0.7554917
23 -0.06127064 0 0 -0.06257772 0.2217633 -0.7094637
24 -0.1028246 0 0 -0.1176855 -0.09469986 -0.01050035
25 0.1304068 0.1682832 0 -2.962109 0.1548237 2.442946
26 0.08318153 0 0 3.377222E-08 0.02640922 -0.1361311
27 0.1212126 0 0 1.373852E-08 0.01483403 -0.1712981
28 0.1593245 0 0 2.072554E-08 0.01867196 -0.2252697
29 0.1653097 -0.02739095 -0.1621785 -1.953054 1.249822 2.273558
30 0.1374714 0 0 0.08679721 0.551026 -0.4392093
31 0.0939494 0.006642963 -0.02764245 -0.194095 -0.4579964 -0.5258461
32 0.1246999 0 0 -0.174185 0.05084877 -0.2496629
33 0.1734372 0 0 0.03416374 0.01441517 -0.02438161
34 0.1278608 -0.04419502 0.1773828 -2.359774 0.7274401 -1.209596
35 -0.1374712 0 0 -0.003631278 0.5571113 -0.6107717
36 -0.06898984 0 0 -0.2414011 -0.3848164 -0.3942206
37 -0.1247 0 0 -0.2580064 0.05440288 -0.09788804
38 -0.1734369 0 0 -0.131504 0.2960524 0.5747166
39 0.07972998 0.1711765 -0.00429688 -0.09941917 -0.132438 1.567689
40 0.128564 0.1071712 -0.1867254 -1.223468 1.014178 0.2973789
41 0.0984958 0.02850619 0.1872715 -1.632065 0.9613053 2.953882
42 0.1708579 0.009936064 0 0.03367888 0.01880256 0.2811855
43 0.0049 0 0 0 0 0
44 0.5171545 -0.2663316 0.2896972 2.416307 -0.824024 -0.2806253
45 0.1972673 0 0 0.2998734 0.2687199 -1.393631
46 0.05363192 -0.1692977 0 0.1048003 -3.72529E-09 -1.257222
47 0.0006023012 -0.03346459 -0.04911327 0.004714199 0.242925 -1.520233
48 0.000602576 -0.03346451 0.0491133 -0.00489519 0.08318013 -1.522119
49 0 -0.00544714 0 -1.55542 0.04047986 -1.549571
50 0.1349337 0.007935909 0.1169305 -0.1563347 -0.4530833 -0.8492777
51 0.06775701 0 0 0 0 1.534063
52 0.07025615 0 0 0.05744429 0.2017374 -0.6390188
53 0.05538215 -0.1613821 0 -1.818989E-12 4.908495E-05 -1.435881
54 0.1349336 0.007935909 -0.116931 0.3513586 0.3364718 -0.51221
55 0.067757 0 0 0 0 1.592546
56 0.0702562 0 0 -0.02892917 -0.1030458 -1.037293
57 0.0553822 -0.161382 0 1.818989E-12 -5.42615E-05 -1.435881
time 97
0 0 0 0 0 0 0
1 0.005520558 0.3351876 0.01915791 -4.949184E-10 -0.3455626 -0.004773123
2 0 0.002591992 0 -1.380554 0.01605699 1.536656
3 0.152 0 0 0.07123762 0.00957696 0.04991138
4 0.05880687 0.02725044 -0.08225372 2.749455 1.324752 1.17227
5 0.159303 0.002208193 0.0009686507 -0.3275587 0.02200537 -0.7678764
6 0.122 0 0 0 0 -1.312503
7 0.1347621 0 0 -0.4804021 0 0
8 0.1343401 0 0 0.8884769 -0.5785519 -0.4762307
9 0.1197383 0 6.123017E-05 0.001768601 -0.005259709 -0.3728327
10 0.04880161 0 0 0 0 -0.2194141
11 0.04874135 -0.0476583 0.06862446 0.797745 -0.5614887 0.1499991
12 0.06127064 0 0 0.07454634 0.2180856 -0.09955539
13 0.1028249 0 0 -0.1176855 -0.09469986 -0.01050035
14 0.05880699 0.02725041 0.0822537 -1.771836 1.388615 -0.2381165
15 -0.1009997 0 0 -1.911718 0.8744597 -1.095228
16 -0.1219999 0 0 1.365969E-06 -3.730286E-06 -1.17077
17 -0.1347622 0 0 -0.1241548 0 0
18 -0.1343399 0 0 1.36749 0.1132151 0.3668914
19 -0.1197386 0 -6.123033E-05 -0.001372244 -0.005376858 0.2012115
20 -0.04880161 0 0 0 0 -0.707715
21 -0.1889133 0.06475638 -0.0265498 -3.139415 -0.005103788 -0.4518085
22 -0.04874142 0.04765864 -0.06862451 1.787741 -0.276586 -0.7554917
23 -0.06127064 0 0 -0.06257772 0.2217633 -0.7094637
24 -0.1028246 0 0 -0.1176855 -0.09469986 -0.01050035
25 0.1304068 0.1682832 0 -2.962865 0.1558818 2.448379
26 0.08318153 0 0 2.445544E-09 0.02593131 -0.1323347
27 0.1212126 0 0 8.732143E-09 0.01508696 -0.1636005
28 0.1593245 0 0 2.119298E-08 0.02255321 -0.2161723
29 0.1651832 -0.02745045 -0.1622513 -1.95945 1.248064 2.272059
30 0.1374714 0 0 0.08679721 0.551026 -0.4392093
31 0.0939494 0.006642963 -0.02764245 -0.1916867 -0.4603311 -0.5321009
32 0.1246999 0 0 -0.1742404 0.05225889 -0.2505329
33 0.1734372 0 0 0.03340496 0.01752579 -0.01693051
34 0.1277497 -0.04428292 0.1773828 -2.358652 0.727917 -1.205159
35 -0.1374712 0 0 -0.003631278 0.5571113 -0.6107717
36 -0.06898984 0 0 -0.2399844 -0.3851959 -0.3983739
37 -0.1247 0 0 -0.2580073 0.05371541 -0.09792312
38 -0.1734369 0 0 -0.1314376 0.2910174 0.5749416
39 0.080391 0.1711765 -0.00419176 -0.09941913 -0.1290981 1.566446
40 0.128564 0.1071712 -0.1867254 -1.229858 1.011481 0.2904354
41 0.0984958 0.02850619 0.1872715 -1.630139 0.9726504 2.957937
42 0.1708579 0.009936064 0 0.0366341 0.01948538 0.280857
43 0.0049 0 0 0 0 0
44 0.5171545 -0.2663316 0.2896972 2.412374 -0.8186695 -0.2745859
45 0.1972673 0 0 0.2978386 0.2722227 -1.404087
46 0.05363192 -0.1692977 0 0.1010175 0 -1.257516
47 0.0006023012 -0.03346459 -0.04911327 0.003506853 0.2406174 -1.533492
48 0.000602576 -0.03346451 0.0491133 -0.003708665 0.08038534 -1.534878
49 0 -0.00544714 0 -1.556272 0.03904948 -1.548024
50 0.1349337 0.007935909 0.1169305 -0.1622221 -0.4565548 -0.8287411
51 0.06775701 0 0 0 0 1.505183
52 0.07025615 0 0 0.05932458 0.2084564 -0.6253925
53 0.05538215 -0.1613821 0 -1.818989E-12 4.908495E-05 -1.435881
54 0.1349336 0.007935909 -0.116931 0.3556224 0.3235367 -0.5018503
55 0.067757 0 0 0 0 1.571823
56 0.0702562 0 0 -0.02623455 -0.09361088 -1.029859
57 0.0553822 -0.161382 0 1.818989E-12 -5.42615E-05 -1.435881
time 98
0 0 0 0 0 0 0
1 0.004609033 0.3363994 0.01882507 -4.209942E-09 -0.347626 -0.005542335
2 0 0.002591992 0 -1.380897 0.01465713 1.536505
3 0.152 0 0 0.07069218 0.01065125 0.04813157
4 0.05880687 0.02725044 -0.08225372 2.755686 1.326946 1.178056
5 0.159303 0.002208193 0.0009686507 -0.3313856 0.02654108 -0.7638772
6 0.122 0 0 0 0 -1.31727
7 0.1347621 0 0 -0.4804021 0 0
8 0.1343401 0 0 0.8884769 -0.5785519 -0.4762307
9 0.1197383 0 6.123017E-05 0.001768601 -0.005259709 -0.3728327
10 0.04880161 0 0 0 0 -0.2194141
11 0.04874135 -0.0476583 0.06862446 0.797745 -0.5614887 0.1499991
12 0.06127064 0 0 0.07454634 0.2180856 -0.09955539
13 0.1028249 0 0 -0.1176855 -0.09469986 -0.01050035
14 0.05880699 0.02725041 0.0822537 -1.761403 1.386662 -0.2277126
15 -0.1009997 0 0 -1.916403 0.8713698 -1.096305
16 -0.1219999 0 0 1.365968E-06 -3.730285E-06 -1.16508
17 -0.1347622 0 0 -0.1244772 0 0
18 -0.1343399 0 0 1.366002 0.1134349 0.3613748
19 -0.1197386 0 -6.123033E-05 -0.001372244 -0.005376858 0.2012115
20 -0.04880161 0 0 0 0 -0.707715
21 -0.1889133 0.06475638 -0.0265498 -3.139415 -0.005103788 -0.4518085
22 -0.04874142 0.04765864 -0.06862451 1.787741 -0.276586 -0.7554917
23 -0.06127064 0 0 -0.06257772 0.2217633 -0.7094637
24 -0.1028246 0 0 -0.1176855 -0.09469986 -0.01050035
25 0.1304068 0.1682832 0 -2.963725 0.1569692 2.4536
26 0.08318153 0 0 1.47895E-08 0.02535506 -0.1294542
27 0.1212126 0 0 -5.355729E-09 0.01526989 -0.1560445
28 0.1593245 0 0 1.211136E-08 0.02622369 -0.2061106
29 0.1650363 -0.02752355 -0.1623187 -1.966197 1.246322 2.269748
30 0.1374714 0 0 0.08679721 0.551026 -0.4392093
31 0.0939494 0.006642963 -0.02764245 -0.1892156 -0.4628245 -0.5385084
32 0.1246999 0 0 -0.174196 0.0531881 -0.2519458
33 0.1734372 0 0 0.03271116 0.02049978 -0.01007204
34 0.1276213 -0.04438432 0.1773828 -2.357351 0.7284369 -1.200975
35 -0.1374712 0 0 -0.003631278 0.5571113 -0.6107717
36 -0.06898984 0 0 -0.238539 -0.3855346 -0.4026045
37 -0.1247 0 0 -0.2580056 0.05321553 -0.09802447
38 -0.1734369 0 0 -0.1313758 0.2862489 0.5751519
39 0.08138701 0.1711765 -0.004061448 -0.09941917 -0.1253859 1.564325
40 0.128564 0.1071712 -0.1867254 -1.23675 1.008924 0.2829847
41 0.0984958 0.02850619 0.1872715 -1.627609 0.9840785 2.962682
42 0.1708579 0.009936064 0 0.03960038 0.01980469 0.279821
43 0.0049 0 0 0 0 0
44 0.5171545 -0.2663316 0.2896972 2.409099 -0.8137935 -0.2695334
45 0.1972673 0 0 0.2958105 0.2754809 -1.41448
46 0.05363192 -0.1692977 0 0.09709754 0 -1.25773
47 0.0006023012 -0.03346459 -0.04911327 0.002269145 0.2379323 -1.546662
48 0.000602576 -0.03346451 0.0491133 -0.002490347 0.0772535 -1.547553
49 0 -0.00544714 0 -1.557114 0.03792656 -1.5465
50 0.1349337 0.007935909 0.1169305 -0.1692205 -0.4591268 -0.8071855
51 0.06775701 0 0 0 0 1.473215
52 0.07025615 0 0 0.06102566 0.2142953 -0.6099352
53 0.05538215 -0.1613821 0 -1.818989E-12 4.908495E-05 -1.435881
54 0.1349336 0.007935909 -0.116931 0.3598682 0.3102374 -0.4915509
55 0.067757 0 0 0 0 1.548519
56 0.0702562 0 0 -0.02352202 -0.08403022 -1.020347
57 0.0553822 -0.161382 0 1.818989E-12 -5.42615E-05 -1.435881
time 99
0 0 0 0 0 0 0
1 0.003713986 0.3377097 0.01848072 -7.434791E-10 -0.3496547 -0.006297704
2 0 0.002591992 0 -1.381258 0.01371117 1.536358
3 0.152 0 0 0.07004541 0.01174406 0.04639788
4 0.05880687 0.02725044 -0.08225372 2.761936 1.329264 1.183846
5 0.159303 0.002208193 0.0009686507 -0.3351531 0.03116558 -0.7597697
6 0.122 0 0 0 0 -1.322151
7 0.1347621 0 0 -0.4804021 0 0
8 0.1343401 0 0 0.8884769 -0.5785519 -0.4762307
9 0.1197383 0 6.123017E-05 0.001768601 -0.005259709 -0.3728327
10 0.04880161 0 0 0 0 -0.2194141
11 0.04874135 -0.0476583 0.06862446 0.797745 -0.5614887 0.1499991
12 0.06127064 0 0 0.07454634 0.2180856 -0.09955539
13 0.1028249 0 0 -0.1176855 -0.09469986 -0.01050035
14 0.05880699 0.02725041 0.0822537 -1.7504 1.384657 -0.2167355
15 -0.1009997 0 0 -1.920775 0.8682413 -1.097126
16 -0.1219999 0 0 1.365968E-06 -3.730286E-06 -1.158414
17 -0.1347622 0 0 -0.1248122 0 0
18 -0.1343399 0 0 1.36446 0.1136731 0.3557163
19 -0.1197386 0 -6.123033E-05 -0.001372244 -0.005376858 0.2012115
20 -0.04880161 0 0 0 0 -0.707715
21 -0.1889133 0.06475638 -0.0265498 -3.139415 -0.005103788 -0.4518085
22 -0.04874142 0.04765864 -0.06862451 1.787741 -0.276586 -0.7554917
23 -0.06127064 0 0 -0.06257772 0.2217633 -0.7094637
24 -0.1028246 0 0 -0.1176855 -0.09469986 -0.01050035
25 0.1304068 0.1682832 0 -2.964688 0.1580855 2.458549
26 0.08318153 0 0 5.310156E-08 0.02467765 -0.1275658
27 0.1212126 0 0 4.075018E-09 0.01538006 -0.1487001
28 0.1593245 0 0 1.048199E-08 0.02967091 -0.1952026
29 0.1648683 -0.0276094 -0.1623802 -1.973306 1.2446 2.26656
30 0.1374714 0 0 0.08679721 0.551026 -0.4392093
31 0.0939494 0.006642963 -0.02764245 -0.1867078 -0.465463 -0.545012
32 0.1246999 0 0 -0.1740455 0.05361662 -0.2535346
33 0.1734372 0 0 0.03205211 0.0232956 -0.003879289
34 0.1274747 -0.04449802 0.1773828 -2.35586 0.7289995 -1.19708
35 -0.1374712 0 0 -0.003631278 0.5571113 -0.6107717
36 -0.06898984 0 0 -0.2370708 -0.3858237 -0.4068915
37 -0.1247 0 0 -0.2580071 0.05291113 -0.09819708
38 -0.1734369 0 0 -0.131319 0.2817634 0.5753493
39 0.08268651 0.1711765 -0.003908503 -0.09941915 -0.1213225 1.561408
40 0.128564 0.1071712 -0.1867254 -1.243866 1.006506 0.2750539
41 0.0984958 0.02850619 0.1872715 -1.624451 0.9954371 2.968114
42 0.1708579 0.009936064 0 0.04257325 0.01978064 0.2780871
43 0.0049 0 0 0 0 0
44 0.5171545 -0.2663316 0.2896972 2.406481 -0.8093927 -0.2654746
45 0.1972673 0 0 0.2938061 0.2784635 -1.424722
46 0.05363192 -0.1692977 0 0.09304415 3.72529E-09 -1.257874
47 0.0006023012 -0.03346459 -0.04911327 0.001011146 0.2348573 -1.559659
48 0.000602576 -0.03346451 0.0491133 -0.001250081 0.07378057 -1.560057
49 0 -0.00544714 0 -1.557945 0.03713704 -1.545003
50 0.1349337 0.007935909 0.1169305 -0.1772171 -0.4607495 -0.7847596
51 0.06775701 0 0 0 0 1.43836
52 0.07025615 0 0 0.06255387 0.2194175 -0.5927578
53 0.05538215 -0.1613821 0 -1.818989E-12 4.908495E-05 -1.435881
54 0.1349336 0.007935909 -0.116931 0.3640146 0.2966467 -0.4814531
55 0.067757 0 0 0 0 1.522864
56 0.0702562 0 0 -0.02087522 -0.07436461 -1.008867
57 0.0553822 -0.161382 0 1.818989E-12 -5.42615E-05 -1.435881
time 100
0 0 0 0 0 0 0
1 0.002837522 0.3391047 0.01812463 -8.680223E-10 -0.3516398 -0.007037375
2 0 0.002591992 0 -1.381637 0.01325399 1.536213
3 0.152 0 0 0.06930604 0.01285477 0.04473415
4 0.05880687 0.02725044 -0.08225372 2.768155 1.331683 1.189589
5 0.159303 0.002208193 0.0009686507 -0.3388115 0.03585295 -0.7555977
6 0.122 0 0 0 0 -1.3271
7 0.1347621 0 0 -0.4804021 0 0
8 0.1343401 0 0 0.8884769 -0.5785519 -0.4762307
9 0.1197383 0 6.123017E-05 0.001768601 -0.005259709 -0.3728327
10 0.04880161 0 0 0 0 -0.2194141
11 0.04874135 -0.0476583 0.06862446 0.797745 -0.5614887 0.1499991
12 0.06127064 0 0 0.07454634 0.2180856 -0.09955539
13 0.1028249 0 0 -0.1176855 -0.09469986 -0.01050035
14 0.05880699 0.02725041 0.0822537 -1.738939 1.382622 -0.2052972
15 -0.1009997 0 0 -1.924816 0.8650855 -1.097681
16 -0.1219999 0 0 1.365969E-06 -3.730286E-06 -1.15083
17 -0.1347622 0 0 -0.1251596 0 0
18 -0.1343399 0 0 1.362873 0.1139268 0.3499607
19 -0.1197386 0 -6.123033E-05 -0.001372244 -0.005376858 0.2012115
20 -0.04880161 0 0 0 0 -0.707715
21 -0.1889133 0.06475638 -0.0265498 -3.139415 -0.005103788 -0.4518085
22 -0.04874142 0.04765864 -0.06862451 1.787741 -0.276586 -0.7554917
23 -0.06127064 0 0 -0.06257772 0.2217633 -0.7094637
24 -0.1028246 0 0 -0.1176855 -0.09469986 -0.01050035
25 0.1304068 0.1682832 0 -2.965753 0.1592296 2.463169
26 0.08318153 0 0 3.062598E-08 0.02389821 -0.1267557
27 0.1212126 0 0 2.247083E-08 0.01541486 -0.1416395
28 0.1593245 0 0 3.797192E-08 0.03288227 -0.183566
29 0.1646785 -0.02770715 -0.1624351 -1.980791 1.242898 2.262433
30 0.1374714 0 0 0.08679721 0.551026 -0.4392093
31 0.0939494 0.006642963 -0.02764245 -0.1841887 -0.4682276 -0.5515499
32 0.1246999 0 0 -0.1737852 0.05352479 -0.255295
33 0.1734372 0 0 0.03149359 0.02593673 0.00155422
34 0.1273095 -0.04462283 0.1773828 -2.354173 0.7296034 -1.193513
35 -0.1374712 0 0 -0.003631278 0.5571113 -0.6107717
36 -0.06898984 0 0 -0.2355864 -0.3860566 -0.4112161
37 -0.1247 0 0 -0.2580063 0.05310775 -0.09844156
38 -0.1734369 0 0 -0.1312673 0.277577 0.5755327
39 0.08425803 0.1711765 -0.003735484 -0.09941914 -0.116929 1.557778
40 0.128564 0.1071712 -0.1867254 -1.251199 1.004228 0.2666242
41 0.0984958 0.02850619 0.1872715 -1.620646 1.006574 2.974224
42 0.1708579 0.009936064 0 0.04554746 0.01949625 0.2756599
43 0.0049 0 0 0 0 0
44 0.5171545 -0.2663316 0.2896972 2.404523 -0.8054633 -0.262416
45 0.1972673 0 0 0.2918417 0.2811389 -1.434726
46 0.05363192 -0.1692977 0 0.08886091 -7.450581E-09 -1.257954
47 0.0006023012 -0.03346459 -0.04911327 -0.0002568872 0.2313797 -1.572394
48 0.000602576 -0.03346451 0.0491133 2.233186E-06 0.06996264 -1.572303
49 0 -0.00544714 0 -1.558762 0.03670688 -1.543537
50 0.1349337 0.007935909 0.1169305 -0.1860993 -0.461372 -0.7616107
51 0.06775701 0 0 0 0 1.400819
52 0.07025615 0 0 0.06391563 0.2239557 -0.5739676
53 0.05538215 -0.1613821 0 -1.818989E-12 4.908495E-05 -1.435881
54 0.1349336 0.007935909 -0.116931 0.3679819 0.2828406 -0.4717016
55 0.067757 0 0 0 0 1.495086
56 0.0702562 0 0 -0.01829218 -0.06467478 -0.9955296
57 0.0553822 -0.161382 0 1.818989E-12 -5.42615E-05 -1.435881
time 101
0 0 0 0 0 0 0
1 0.001981748 0.3405706 0.0177565 -1.116825E-09 -0.3535783 -0.007759603
2 0 0.002591992 0 -1.382034 0.0133215 1.536072
3 0.152 0 0 0.06847209 0.01398183 0.04315722
4 0.05880687 0.02725044 -0.08225372 2.774294 1.33418 1.195243
5 0.159303 0.002208193 0.0009686507 -0.342333 0.04057707 -0.7514063
6 0.122 0 0 0 0 -1.332072
7 0.1347621 0 0 -0.4804021 0 0
8 0.1343401 0 0 0.8884769 -0.5785519 -0.4762307
9 0.1197383 0 6.123017E-05 0.001768601 -0.005259709 -0.3728327
10 0.04880161 0 0 0 0 -0.2194141
11 0.04874135 -0.0476583 0.06862446 0.797745 -0.5614887 0.1499991
12 0.06127064 0 0 0.07454634 0.2180856 -0.09955539
13 0.1028249 0 0 -0.1176855 -0.09469986 -0.01050035
14 0.05880699 0.02725041 0.0822537 -1.727133 1.380581 -0.1935127
15 -0.1009997 0 0 -1.928506 0.8619141 -1.097955
16 -0.1219999 0 0 1.365969E-06 -3.730286E-06 -1.142385
17 -0.1347622 0 0 -0.1255288 0 0
18 -0.1343399 0 0 1.361249 0.1141937 0.3441531
19 -0.1197386 0 -6.123033E-05 -0.001372244 -0.005376858 0.2012115
20 -0.04880161 0 0 0 0 -0.707715
21 -0.1889133 0.06475638 -0.0265498 -3.139415 -0.005103788 -0.4518085
22 -0.04874142 0.04765864 -0.06862451 1.787741 -0.276586 -0.7554917
23 -0.06127064 0 0 -0.06257772 0.2217633 -0.7094637
24 -0.1028246 0 0 -0.1176855 -0.09469986 -0.01050035
25 0.1304068 0.1682832 0 -2.96692 0.1604373 2.467403
26 0.08318153 0 0 2.957733E-08 0.02302558 -0.1270935
27 0.1212126 0 0 2.270367E-08 0.01537219 -0.134939
28 0.1593245 0 0 4.706202E-08 0.03584573 -0.1713219
29 0.1644767 -0.02781595 -0.1624826 -1.988662 1.241222 2.257302
30 0.1374714 0 0 0.08679721 0.551026 -0.4392093
31 0.0939494 0.006642963 -0.02764245 -0.1816842 -0.4711038 -0.5580646
32 0.1246999 0 0 -0.1734068 0.05289237 -0.257216
33 0.1734372 0 0 0.03098885 0.02836572 0.006149724
34 0.1271247 -0.04475756 0.1773828 -2.352283 0.7302481 -1.190312
35 -0.1374712 0 0 -0.003631278 0.5571113 -0.6107717
36 -0.06898984 0 0 -0.234092 -0.3862259 -0.4155584
37 -0.1247 0 0 -0.258007 0.05406497 -0.09876218
38 -0.1734369 0 0 -0.1312206 0.2737051 0.5757013
39 0.08607007 0.1711765 -0.003544949 -0.09941913 -0.1122264 1.553518
40 0.128564 0.1071712 -0.1867254 -1.258744 1.002092 0.2579218
41 0.0984958 0.02850619 0.1872715 -1.616172 1.017337 2.981008
42 0.1708579 0.009936064 0 0.04851883 0.01896616 0.2725504
43 0.0049 0 0 0 0 0
44 0.5171545 -0.2663316 0.2896972 2.403225 -0.8020023 -0.2603645
45 0.1972673 0 0 0.2899344 0.2834761 -1.444404
46 0.05363192 -0.1692977 0 0.08455149 -1.117587E-08 -1.257979
47 0.0006023012 -0.03346459 -0.04911327 -0.001524644 0.227487 -1.58478
48 0.000602576 -0.03346451 0.0491133 0.001256697 0.06579576 -1.584207
49 0 -0.00544714 0 -1.559565 0.03666209 -1.542105
50 0.1349337 0.007935909 0.1169305 -0.1957542 -0.4609755 -0.7378874
51 0.06775701 0 0 0 0 1.360793
52 0.07025615 0 0 0.06511731 0.2279358 -0.5536755
53 0.05538215 -0.1613821 0 -1.818989E-12 4.908495E-05 -1.435881
54 0.1349336 0.007935909 -0.116931 0.3716882 0.2688923 -0.4619776
55 0.067757 0 0 0 0 1.465412
56 0.0702562 0 0 -0.01577095 -0.05502158 -0.9804467
57 0.0553822 -0.161382 0 1.818989E-12 -5.42615E-05 -1.435881
time 102
0 0 0 0 0 0 0
1 0.001148764 0.3420938 0.01737608 -3.973707E-09 -0.3554648 -0.008462593
2 0 0.002591992 0 -1.382449 0.01394845 1.535934
3 0.152 0 0 0.06758292 0.01512137 0.04167664
4 0.05880687 0.02725044 -0.08225372 2.780308 1.336732 1.200766
5 0.159303 0.002208193 0.0009686507 -0.3457132 0.04531228 -0.7472364
6 0.122 0 0 0 0 -1.337019
7 0.1347621 0 0 -0.4804021 0 0
8 0.1343401 0 0 0.8884769 -0.5785519 -0.4762307
9 0.1197383 0 6.123017E-05 0.001768601 -0.005259709 -0.3728327
10 0.04880161 0 0 0 0 -0.2194141
11 0.04874135 -0.0476583 0.06862446 0.797745 -0.5614887 0.1499991
12 0.06127064 0 0 0.07454634 0.2180856 -0.09955539
13 0.1028249 0 0 -0.1176855 -0.09469986 -0.01050035
14 0.05880699 0.02725041 0.0822537 -1.715098 1.378555 -0.1814945
15 -0.1009997 0 0 -1.931827 0.8587385 -1.097934
16 -0.1219999 0 0 1.365969E-06 -3.730286E-06 -1.133136
17 -0.1347622 0 0 -0.1259103 0 0
18 -0.1343399 0 0 1.359599 0.1144708 0.3383384
19 -0.1197386 0 -6.123033E-05 -0.001372244 -0.005376858 0.2012115
20 -0.04880161 0 0 0 0 -0.707715
21 -0.1889133 0.06475638 -0.0265498 -3.139415 -0.005103788 -0.4518085
22 -0.04874142 0.04765864 -0.06862451 1.787741 -0.276586 -0.7554917
23 -0.06127064 0 0 -0.06257772 0.2217633 -0.7094637
24 -0.1028246 0 0 -0.1176855 -0.09469986 -0.01050035
25 0.1304068 0.1682832 0 -2.968189 0.1617239 2.471194
26 0.08318153 0 0 3.353581E-08 0.02210405 -0.1286572
27 0.1212126 0 0 4.901655E-08 0.01524897 -0.1286662
28 0.1593245 0 0 3.425155E-08 0.03854925 -0.15859
29 0.1642752 -0.02793496 -0.162522 -1.996932 1.239571 2.251284
30 0.1374714 0 0 0.08679721 0.551026 -0.4392093
31 0.0939494 0.006642963 -0.02764245 -0.17922 -0.4740741 -0.5644959
32 0.1246999 0 0 -0.1729039 0.05169936 -0.2592894
33 0.1734372 0 0 0.0305762 0.03059081 0.009826005
34 0.1269308 -0.04490104 0.1773828 -2.35018 0.7309326 -1.187513
35 -0.1374712 0 0 -0.003631278 0.5571113 -0.6107717
36 -0.06898984 0 0 -0.232595 -0.3863264 -0.4199006
37 -0.1247 0 0 -0.2580077 0.05571898 -0.09916121
38 -0.1734369 0 0 -0.1311791 0.2701637 0.5758549
39 0.08809114 0.1711765 -0.003339456 -0.09941911 -0.1072358 1.548711
40 0.128564 0.1071712 -0.1867254 -1.266496 1.000099 0.2489538
41 0.0984958 0.02850619 0.1872715 -1.611006 1.027574 2.98846
42 0.1708579 0.009936064 0 0.05148281 0.01820482 0.2687667
43 0.0049 0 0 0 0 0
44 0.5171545 -0.2663316 0.2896972 2.402589 -0.7990055 -0.2593266
45 0.1972673 0 0 0.2881007 0.2854441 -1.453669
46 0.05363192 -0.1692977 0 0.08011951 0 -1.257957
47 0.0006023012 -0.03346459 -0.04911327 -0.002782018 0.2231665 -1.59673
48 0.000602576 -0.03346451 0.0491133 0.002503443 0.06135813 -1.595683
49 0 -0.00544714 0 -1.560352 0.03688552 -1.540712
50 0.1349337 0.007935909 0.1169305 -0.2060693 -0.4596152 -0.7137379
51 0.06775701 0 0 0 0 1.318484
52 0.07025615 0 0 0.06616526 0.2313814 -0.5319877
53 0.05538215 -0.1613821 0 -1.818989E-12 4.908495E-05 -1.435881
54 0.1349336 0.007935909 -0.116931 0.3750533 0.2548765 -0.4519462
55 0.067757 0 0 0 0 1.43407
56 0.0702562 0 0 -0.01330954 -0.04546576 -0.9637293
57 0.0553822 -0.161382 0 1.818989E-12 -5.42615E-05 -1.435881
time 103
0 0 0 0 0 0 0
1 0.0003406722 0.3436606 0.01698311 -3.230838E-09 -0.3572956 -0.009144591
2 0 0.002591992 0 -1.382882 0.01497855 1.5358
3 0.152 0 0 0.06664568 0.01627195 0.04031122
4 0.05880687 0.02725044 -0.08225372 2.786145 1.339315 1.206113
5 0.159303 0.002208193 0.0009686507 -0.3489495 0.05003245 -0.7431332
6 0.122 0 0 0 0 -1.341895
7 0.1347621 0 0 -0.4804021 0 0
8 0.1343401 0 0 0.8884769 -0.5785519 -0.4762307
9 0.1197383 0 6.123017E-05 0.001768601 -0.005259709 -0.3728327
10 0.04880161 0 0 0 0 -0.2194141
11 0.04874135 -0.0476583 0.06862446 0.797745 -0.5614887 0.1499991
12 0.06127064 0 0 0.07454634 0.2180856 -0.09955539
13 0.1028249 0 0 -0.1176855 -0.09469986 -0.01050035
14 0.05880699 0.02725041 0.0822537 -1.702945 1.376567 -0.1693549
15 -0.1009997 0 0 -1.934761 0.8555707 -1.097605
16 -0.1219999 0 0 1.365968E-06 -3.730285E-06 -1.12314
17 -0.1347622 0 0 -0.1263057 0 0
18 -0.1343399 0 0 1.357933 0.1147553 0.3325623
19 -0.1197386 0 -6.123033E-05 -0.001372244 -0.005376858 0.2012115
20 -0.04880161 0 0 0 0 -0.707715
21 -0.1889133 0.06475638 -0.0265498 -3.139415 -0.005103788 -0.4518085
22 -0.04874142 0.04765864 -0.06862451 1.787741 -0.276586 -0.7554917
23 -0.06127064 0 0 -0.06257772 0.2217633 -0.7094637
24 -0.1028246 0 0 -0.1176855 -0.09469986 -0.01050035
25 0.1304068 0.1682832 0 -2.969558 0.1630863 2.474483
26 0.08318153 0 0 4.657653E-10 0.02113715 -0.1313559
27 0.1212126 0 0 2.177213E-08 0.01504368 -0.122902
28 0.1593245 0 0 3.355578E-08 0.04097954 -0.1454853
29 0.1640759 -0.02806334 -0.1625527 -2.00549 1.237951 2.24456
30 0.1374714 0 0 0.08679721 0.551026 -0.4392093
31 0.0939494 0.006642963 -0.02764245 -0.1768215 -0.477121 -0.5707832
32 0.1246999 0 0 -0.1723466 0.04992612 -0.2615098
33 0.1734372 0 0 0.03024344 0.03257679 0.01249561
34 0.1267396 -0.04505206 0.1773828 -2.347857 0.7316562 -1.185154
35 -0.1374712 0 0 -0.003631278 0.5571113 -0.6107717
36 -0.06898984 0 0 -0.2311007 -0.3863485 -0.4242212
37 -0.1247 0 0 -0.2580076 0.05800604 -0.09964098
38 -0.1734369 0 0 -0.1311428 0.2669682 0.5759919
39 0.09028976 0.1711765 -0.003121566 -0.0994191 -0.1019783 1.54344
40 0.128564 0.1071712 -0.1867254 -1.274449 0.9982501 0.2397273
41 0.0984958 0.02850619 0.1872715 -1.605128 1.037132 2.996573
42 0.1708579 0.009936064 0 0.05443342 0.01722639 0.2643098
43 0.0049 0 0 0 0 0
44 0.5171545 -0.2663316 0.2896972 2.402615 -0.7964703 -0.2593087
45 0.1972673 0 0 0.2863575 0.2870115 -1.462434
46 0.05363192 -0.1692977 0 0.07556857 3.72529E-09 -1.257895
47 0.0006023012 -0.03346459 -0.04911327 -0.004018709 0.2184057 -1.608156
48 0.000602576 -0.03346451 0.0491133 0.003732592 0.05672264 -1.606646
49 0 -0.00544714 0 -1.561121 0.03724873 -1.539359
50 0.1349337 0.007935909 0.1169305 -0.2169317 -0.4573513 -0.6890367
51 0.06775701 0 0 0 0 1.274093
52 0.07025615 0 0 0.06706589 0.2343178 -0.5090142
53 0.05538215 -0.1613821 0 -1.818989E-12 4.908495E-05 -1.435881
54 0.1349336 0.007935909 -0.116931 0.3780795 0.240867 -0.4417221
55 0.067757 0 0 0 0 1.401289
56 0.0702562 0 0 -0.01090602 -0.03606807 -0.9455278
57 0.0553822 -0.161382 0 1.818989E-12 -5.42615E-05 -1.435881
time 104
0 0 0 0 0 0 0
1 -0.0004404243 0.3452571 0.0165773 -6.217266E-09 -0.3590645 -0.009803783
2 0 0.002591992 0 -1.383334 0.01623082 1.535671
3 0.152 0 0 0.06566086 0.01743074 0.03907559
4 0.05880687 0.02725044 -0.08225372 2.791756 1.341906 1.211237
5 0.159303 0.002208193 0.0009686507 -0.352038 0.0547118 -0.7391389
6 0.122 0 0 0 0 -1.346655
7 0.1347621 0 0 -0.4804021 0 0
8 0.1343401 0 0 0.8884769 -0.5785519 -0.4762307
9 0.1197383 0 6.123017E-05 0.001768601 -0.005259709 -0.3728327
10 0.04880161 0 0 0 0 -0.2194141
11 0.04874135 -0.0476583 0.06862446 0.797745 -0.5614887 0.1499991
12 0.06127064 0 0 0.07454634 0.2180856 -0.09955539
13 0.1028249 0 0 -0.1176855 -0.09469986 -0.01050035
14 0.05880699 0.02725041 0.0822537 -1.690786 1.374639 -0.1572065
15 -0.1009997 0 0 -1.937288 0.8524222 -1.096954
16 -0.1219999 0 0 1.365969E-06 -3.730286E-06 -1.112454
17 -0.1347622 0 0 -0.1267149 0 0
18 -0.1343399 0 0 1.35626 0.1150447 0.3268695
19 -0.1197386 0 -6.123033E-05 -0.001372244 -0.005376858 0.2012115
20 -0.04880161 0 0 0 0 -0.707715
21 -0.1889133 0.06475638 -0.0265498 -3.139415 -0.005103788 -0.4518085
22 -0.04874142 0.04765864 -0.06862451 1.787741 -0.276586 -0.7554917
23 -0.06127064 0 0 -0.06257772 0.2217633 -0.7094637
24 -0.1028246 0 0 -0.1176855 -0.09469986 -0.01050035
25 0.1304068 0.1682832 0 -2.971027 0.1645215 2.477214
26 0.08318153 0 0 1.176033E-08 0.02012635 -0.1349865
27 0.1212126 0 0 1.507743E-08 0.01475284 -0.1177107
28 0.1593245 0 0 3.262663E-09 0.04312521 -0.1321299
29 0.1638808 -0.02820023 -0.1625739 -2.014209 1.236362 2.237165
30 0.1374714 0 0 0.08679721 0.551026 -0.4392093
31 0.0939494 0.006642963 -0.02764245 -0.1745145 -0.4802298 -0.576869
32 0.1246999 0 0 -0.1717527 0.04755262 -0.2638682
33 0.1734372 0 0 0.03002105 0.03433113 0.01408555
34 0.1265531 -0.04520943 0.1773828 -2.345306 0.7324175 -1.183274
35 -0.1374712 0 0 -0.003631278 0.5571113 -0.6107717
36 -0.06898984 0 0 -0.2296165 -0.3862872 -0.4285026
37 -0.1247 0 0 -0.2580087 0.06086293 -0.1002186
38 -0.1734369 0 0 -0.1311118 0.2641349 0.5761126
39 0.09263444 0.1711765 -0.002893835 -0.09941914 -0.09647501 1.537789
40 0.128564 0.1071712 -0.1867254 -1.282596 0.9965459 0.2302493
41 0.0984958 0.02850619 0.1872715 -1.598517 1.045858 3.005342
42 0.1708579 0.009936064 0 0.05736624 0.01604543 0.2591892
43 0.0049 0 0 0 0 0
44 0.5171545 -0.2663316 0.2896972 2.403303 -0.7943926 -0.2603176
45 0.1972673 0 0 0.2847215 0.2881472 -1.47061
46 0.05363192 -0.1692977 0 0.07090233 7.450581E-09 -1.257802
47 0.0006023012 -0.03346459 -0.04911327 -0.00522449 0.213192 -1.618972
48 0.000602576 -0.03346451 0.0491133 0.004934253 0.05187741 -1.617009
49 0 -0.00544714 0 -1.56187 0.03776148 -1.538051
50 0.1349337 0.007935909 0.1169305 -0.2282288 -0.4542467 -0.6636975
51 0.06775701 0 0 0 0 1.22782
52 0.07025615 0 0 0.06782565 0.2367698 -0.484864
53 0.05538215 -0.1613821 0 -1.818989E-12 4.908495E-05 -1.435881
54 0.1349336 0.007935909 -0.116931 0.3808306 0.2269389 -0.431422
55 0.067757 0 0 0 0 1.367296
56 0.0702562 0 0 -0.008558414 -0.02688927 -0.9260628
57 0.0553822 -0.161382 0 1.818989E-12 -5.42615E-05 -1.435881
time 105
0 0 0 0 0 0 0
1 -0.001192421 0.3468697 0.01615839 -7.963203E-09 -0.3607679 -0.01043841
2 0 0.002591992 0 -1.383805 0.01770204 1.535545
3 0.152 0 0 0.06464238 0.01859832 0.03799241
4 0.05880687 0.02725044 -0.08225372 2.797095 1.344482 1.216099
5 0.159303 0.002208193 0.0009686507 -0.3549757 0.05932431 -0.7352974
6 0.122 0 0 0 0 -1.351252
7 0.1347621 0 0 -0.4804021 0 0
8 0.1343401 0 0 0.8884769 -0.5785519 -0.4762307
9 0.1197383 0 6.123017E-05 0.001768601 -0.005259709 -0.3728327
10 0.04880161 0 0 0 0 -0.2194141
11 0.04874135 -0.0476583 0.06862446 0.797745 -0.5614887 0.1499991
12 0.06127064 0 0 0.07454634 0.2180856 -0.09955539
13 0.1028249 0 0 -0.1176855 -0.09469986 -0.01050035
14 0.05880699 0.02725041 0.0822537 -1.678737 1.372794 -0.1451634
15 -0.1009997 0 0 -1.939391 0.8493046 -1.096064
16 -0.1219999 0 0 1.365969E-06 -3.730286E-06 -1.101136
17 -0.1347622 0 0 -0.1271359 0 0
18 -0.1343399 0 0 1.354589 0.1153362 0.3213051
19 -0.1197386 0 -6.123033E-05 -0.001372244 -0.005376858 0.2012115
20 -0.04880161 0 0 0 0 -0.707715
21 -0.1889133 0.06475638 -0.0265498 -3.139415 -0.005103788 -0.4518085
22 -0.04874142 0.04765864 -0.06862451 1.787741 -0.276586 -0.7554917
23 -0.06127064 0 0 -0.06257772 0.2217633 -0.7094637
24 -0.1028246 0 0 -0.1176855 -0.09469986 -0.01050035
25 0.1304068 0.1682832 0 -2.972595 0.1660269 2.479401
26 0.08318153 0 0 3.260222E-09 0.01907522 -0.1394781
27 0.1212126 0 0 3.615069E-08 0.0143736 -0.1131625
28 0.1593245 0 0 -5.127459E-09 0.04497328 -0.1186405
29 0.1636918 -0.02834479 -0.1625849 -2.023068 1.234807 2.229134
30 0.1374714 0 0 0.08679721 0.551026 -0.4392093
31 0.0939494 0.006642963 -0.02764245 -0.1723248 -0.4833815 -0.5826914
32 0.1246999 0 0 -0.1711243 0.04467453 -0.2663581
33 0.1734372 0 0 0.02988796 0.03580613 0.01450107
34 0.126373 -0.04537198 0.1773828 -2.34252 0.7332166 -1.181834
35 -0.1374712 0 0 -0.003631278 0.5571113 -0.6107717
36 -0.06898984 0 0 -0.2281482 -0.3861341 -0.4327243
37 -0.1247 0 0 -0.258007 0.06422528 -0.1009204
38 -0.1734369 0 0 -0.1310862 0.2616796 0.5762169
39 0.0950937 0.1711765 -0.002658823 -0.09941912 -0.0907469 1.53184
40 0.128564 0.1071712 -0.1867254 -1.290933 0.9949877 0.2205269
41 0.0984958 0.02850619 0.1872715 -1.59115 1.0536 3.01476
42 0.1708579 0.009936064 0 0.06027654 0.01467641 0.253515
43 0.0049 0 0 0 0 0
44 0.5171545 -0.2663316 0.2896972 2.404656 -0.7927694 -0.2623598
45 0.1972673 0 0 0.2832094 0.2888199 -1.478112
46 0.05363192 -0.1692977 0 0.06612439 0 -1.257684
47 0.0006023012 -0.03346459 -0.04911327 -0.006389103 0.2075128 -1.62909
48 0.000602576 -0.03346451 0.0491133 0.006098526 0.04681063 -1.626687
49 0 -0.00544714 0 -1.562589 0.03843264 -1.536791
50 0.1349337 0.007935909 0.1169305 -0.2398477 -0.4503607 -0.6379251
51 0.06775701 0 0 0 0 1.179867
52 0.07025615 0 0 0.06845087 0.2387632 -0.4596475
53 0.05538215 -0.1613821 0 -1.818989E-12 4.908495E-05 -1.435881
54 0.1349336 0.007935909 -0.116931 0.3833127 0.2131654 -0.4211604
55 0.067757 0 0 0 0 1.332321
56 0.0702562 0 0 -0.006264759 -0.01799017 -0.9055543
57 0.0553822 -0.161382 0 1.818989E-12 -5.42615E-05 -1.435881
time 106
0 0 0 0 0 0 0
1 -0.00191322 0.3484847 0.01572612 -4.980079E-10 -0.3624021 -0.01104675
2 0 0.002591992 0 -1.384295 0.01938983 1.535425
3 0.152 0 0 0.06357068 0.01976648 0.03706436
4 0.05880687 0.02725044 -0.08225372 2.802111 1.34702 1.220649
5 0.159303 0.002208193 0.0009686507 -0.3577589 0.06384411 -0.7316515
6 0.122 0 0 0 0 -1.355641
7 0.1347621 0 0 -0.4804021 0 0
8 0.1343401 0 0 0.8884769 -0.5785519 -0.4762307
9 0.1197383 0 6.123017E-05 0.001768601 -0.005259709 -0.3728327
10 0.04880161 0 0 0 0 -0.2194141
11 0.04874135 -0.0476583 0.06862446 0.797745 -0.5614887 0.1499991
12 0.06127064 0 0 0.07454634 0.2180856 -0.09955539
13 0.1028249 0 0 -0.1176855 -0.09469986 -0.01050035
14 0.05880699 0.02725041 0.0822537 -1.666909 1.371053 -0.1333368
15 -0.1009997 0 0 -1.941023 0.8462296 -1.094963
16 -0.1219999 0 0 1.365968E-06 -3.730286E-06 -1.089243
17 -0.1347622 0 0 -0.1275762 0 0
18 -0.1343399 0 0 1.352932 0.115627 0.3159145
19 -0.1197386 0 -6.123033E-05 -0.001372244 -0.005376858 0.2012115
20 -0.04880161 0 0 0 0 -0.707715
21 -0.1889133 0.06475638 -0.0265498 -3.139415 -0.005103788 -0.4518085
22 -0.04874142 0.04765864 -0.06862451 1.787741 -0.276586 -0.7554917
23 -0.06127064 0 0 -0.06257772 0.2217633 -0.7094637
24 -0.1028246 0 0 -0.1176855 -0.09469986 -0.01050035
25 0.1304068 0.1682832 0 -2.974262 0.1675995 2.481095
26 0.08318153 0 0 1.024621E-08 0.01798601 -0.1447514
27 0.1212126 0 0 1.466975E-08 0.01390459 -0.1093388
28 0.1593245 0 0 2.587218E-08 0.04651062 -0.105134
29 0.1635111 -0.02849617 -0.1625852 -2.032048 1.23329 2.220502
30 0.1374714 0 0 0.08679721 0.551026 -0.4392093
31 0.0939494 0.006642963 -0.02764245 -0.170278 -0.4865624 -0.588194
32 0.1246999 0 0 -0.1704608 0.04131179 -0.2689689
33 0.1734372 0 0 0.02987571 0.0370128 0.0133299
34 0.1262013 -0.04553851 0.1773828 -2.339592 0.7340515 -1.180765
35 -0.1374712 0 0 -0.003631278 0.5571113 -0.6107717
36 -0.06898984 0 0 -0.2267028 -0.3858835 -0.436868
37 -0.1247 0 0 -0.258008 0.06803057 -0.1017317
38 -0.1734369 0 0 -0.1310661 0.2596179 0.5763034
39 0.09763602 0.1711765 -0.002419089 -0.09941912 -0.08481511 1.525675
40 0.128564 0.1071712 -0.1867254 -1.299453 0.9935767 0.2105671
41 0.0984958 0.02850619 0.1872715 -1.583007 1.060207 3.024822
42 0.1708579 0.009936064 0 0.06315939 0.01313372 0.247428
43 0.0049 0 0 0 0 0
44 0.5171545 -0.2663316 0.2896972 2.406674 -0.7915971 -0.2654422
45 0.1972673 0 0 0.2818378 0.2889988 -1.484851
46 0.05363192 -0.1692977 0 0.06123842 1.862645E-09 -1.257552
47 0.0006023012 -0.03346459 -0.04911327 -0.007502417 0.2013556 -1.638424
48 0.000602576 -0.03346451 0.0491133 0.007215549 0.04151041 -1.635595
49 0 -0.00544714 0 -1.563267 0.03927197 -1.535582
50 0.1349337 0.007935909 0.1169305 -0.2516759 -0.4457552 -0.6119284
51 0.06775701 0 0 0 0 1.130435
52 0.07025615 0 0 0.06894793 0.2403212 -0.4334707
53 0.05538215 -0.1613821 0 -1.818989E-12 4.908495E-05 -1.435881
54 0.1349336 0.007935909 -0.116931 0.3855341 0.1996219 -0.4110541
55 0.067757 0 0 0 0 1.296591
56 0.0702562 0 0 -0.004023097 -0.009431506 -0.8842205
57 0.0553822 -0.161382 0 1.818989E-12 -5.42615E-05 -1.435881
time 107
0 0 0 0 0 0 0
1 -0.002600715 0.3500884 0.01528022 -6.976236E-09 -0.3639586 -0.01162688
2 0 0.002591992 0 -1.384804 0.02129155 1.53531
3 0.152 0 0 0.06248136 0.02094224 0.03632683
4 0.05880687 0.02725044 -0.08225372 2.806756 1.349497 1.224848
5 0.159303 0.002208193 0.0009686507 -0.3603843 0.06824533 -0.7282448
6 0.122 0 0 0 0 -1.359775
7 0.1347621 0 0 -0.4804021 0 0
8 0.1343401 0 0 0.8884769 -0.5785519 -0.4762307
9 0.1197383 0 6.123017E-05 0.001768601 -0.005259709 -0.3728327
10 0.04880161 0 0 0 0 -0.2194141
11 0.04874135 -0.0476583 0.06862446 0.797745 -0.5614887 0.1499991
12 0.06127064 0 0 0.07454634 0.2180856 -0.09955539
13 0.1028249 0 0 -0.1176855 -0.09469986 -0.01050035
14 0.05880699 0.02725041 0.0822537 -1.655418 1.369441 -0.1218429
15 -0.1009997 0 0 -1.942234 0.8432086 -1.093697
16 -0.1219999 0 0 1.365969E-06 -3.730286E-06 -1.076831
17 -0.1347622 0 0 -0.1280279 0 0
18 -0.1343399 0 0 1.351296 0.1159145 0.3107426
19 -0.1197386 0 -6.123033E-05 -0.001372244 -0.005376858 0.2012115
20 -0.04880161 0 0 0 0 -0.707715
21 -0.1889133 0.06475638 -0.0265498 -3.139415 -0.005103788 -0.4518085
22 -0.04874142 0.04765864 -0.06862451 1.787741 -0.276586 -0.7554917
23 -0.06127064 0 0 -0.06257772 0.2217633 -0.7094637
24 -0.1028246 0 0 -0.1176855 -0.09469986 -0.01050035
25 0.1304068 0.1682832 0 -2.976027 0.1692363 2.482296
26 0.08318153 0 0 2.806008E-08 0.01686159 -0.1507311
27 0.1212126 0 0 3.708158E-08 0.01334191 -0.1063014
28 0.1593245 0 0 9.99982E-08 0.04772419 -0.09172899
29 0.1633405 -0.02865352 -0.1625738 -2.041128 1.231812 2.211303
30 0.1374714 0 0 0.08679721 0.551026 -0.4392093
31 0.0939494 0.006642963 -0.02764245 -0.1683997 -0.4897542 -0.5933154
32 0.1246999 0 0 -0.1697663 0.03748939 -0.2716973
33 0.1734372 0 0 0.02998415 0.03792638 0.01062771
34 0.1260399 -0.04570784 0.1773828 -2.336554 0.7349223 -1.180055
35 -0.1374712 0 0 -0.003631278 0.5571113 -0.6107717
36 -0.06898984 0 0 -0.2252861 -0.3855263 -0.4409126
37 -0.1247 0 0 -0.2580079 0.07221443 -0.1026341
38 -0.1734369 0 0 -0.1310514 0.2579652 0.5763713
39 0.1002299 0.1711765 -0.002177192 -0.09941911 -0.0787007 1.519379
40 0.128564 0.1071712 -0.1867254 -1.308152 0.992314 0.200377
41 0.0984958 0.02850619 0.1872715 -1.574066 1.065525 3.035523
42 0.1708579 0.009936064 0 0.06601118 0.01143191 0.240987
43 0.0049 0 0 0 0 0
44 0.5171545 -0.2663316 0.2896972 2.409358 -0.7908721 -0.269571
45 0.1972673 0 0 0.2806238 0.2887429 -1.490739
46 0.05363192 -0.1692977 0 0.05624803 -3.72529E-09 -1.25741
47 0.0006023012 -0.03346459 -0.04911327 -0.008554072 0.1947076 -1.646884
48 0.000602576 -0.03346451 0.0491133 0.008275427 0.0359649 -1.643648
49 0 -0.00544714 0 -1.563903 0.04028865 -1.534429
50 0.1349337 0.007935909 0.1169305 -0.2636006 -0.4404908 -0.585914
51 0.06775701 0 0 0 0 1.079726
52 0.07025615 0 0 0.0693232 0.241469 -0.4064432
53 0.05538215 -0.1613821 0 -1.818989E-12 4.908495E-05 -1.435881
54 0.1349336 0.007935909 -0.116931 0.387501 0.1863817 -0.4012176
55 0.067757 0 0 0 0 1.260334
56 0.0702562 0 0 -0.001831468 -0.001274079 -0.8622813
57 0.0553822 -0.161382 0 1.818989E-12 -5.42615E-05 -1.435881
time 108
0 0 0 0 0 0 0
1 -0.003252797 0.3516669 0.01482042 0 -0.3654371 -0.01217717
2 0 0.002591992 0 -1.385332 0.02340432 1.535201
3 0.152 0 0 0.0613544 0.0221168 0.03578236
4 0.05880687 0.02725044 -0.08225372 2.810983 1.35189 1.228649
5 0.159303 0.002208193 0.0009686507 -0.3628486 0.07250202 -0.7251207
6 0.122 0 0 0 0 -1.363607
7 0.1347621 0 0 -0.4804021 0 0
8 0.1343401 0 0 0.8884769 -0.5785519 -0.4762307
9 0.1197383 0 6.123017E-05 0.001768601 -0.005259709 -0.3728327
10 0.04880161 0 0 0 0 -0.2194141
11 0.04874135 -0.0476583 0.06862446 0.797745 -0.5614887 0.1499991
12 0.06127064 0 0 0.07454634 0.2180856 -0.09955539
13 0.1028249 0 0 -0.1176855 -0.09469986 -0.01050035
14 0.05880699 0.02725041 0.0822537 -1.644374 1.367978 -0.1107914
15 -0.1009997 0 0 -1.943053 0.8402532 -1.09231
16 -0.1219999 0 0 1.365969E-06 -3.730286E-06 -1.063958
17 -0.1347622 0 0 -0.1284893 0 0
18 -0.1343399 0 0 1.349693 0.116196 0.3058344
19 -0.1197386 0 -6.123033E-05 -0.001372244 -0.005376858 0.2012115
20 -0.04880161 0 0 0 0 -0.707715
21 -0.1889133 0.06475638 -0.0265498 -3.139415 -0.005103788 -0.4518085
22 -0.04874142 0.04765864 -0.06862451 1.787741 -0.276586 -0.7554917
23 -0.06127064 0 0 -0.06257772 0.2217633 -0.7094637
24 -0.1028246 0 0 -0.1176855 -0.09469986 -0.01050035
25 0.1304068 0.1682832 0 -2.97789 0.1709348 2.483001
26 0.08318153 0 0 9.896523E-09 0.01570525 -0.1573465
27 0.1212126 0 0 1.513521E-09 0.0126847 -0.104136
28 0.1593245 0 0 1.030328E-07 0.04860426 -0.07854947
29 0.163182 -0.028816 -0.1625502 -2.050288 1.230377 2.201571
30 0.1374714 0 0 0.08679721 0.551026 -0.4392093
31 0.0939494 0.006642963 -0.02764245 -0.1667158 -0.4929399 -0.5979958
32 0.1246999 0 0 -0.1690402 0.03323172 -0.274533
33 0.1734372 0 0 0.03020625 0.03851217 0.006532865
34 0.1258906 -0.04587876 0.1773828 -2.333413 0.7358275 -1.17969
35 -0.1374712 0 0 -0.003631278 0.5571113 -0.6107717
36 -0.06898984 0 0 -0.2239047 -0.3850565 -0.4448393
37 -0.1247 0 0 -0.2580067 0.07671326 -0.1036104
38 -0.1734369 0 0 -0.1310425 0.2567382 0.5764207
39 0.102844 0.1711765 -0.001935689 -0.09941915 -0.07242474 1.513034
40 0.128564 0.1071712 -0.1867254 -1.317023 0.9912006 0.1899635
41 0.0984958 0.02850619 0.1872715 -1.564306 1.069401 3.046855
42 0.1708579 0.009936064 0 0.06882485 0.009585244 0.2342382
43 0.0049 0 0 0 0 0
44 0.5171545 -0.2663316 0.2896972 2.412709 -0.7905911 -0.2745582
45 0.1972673 0 0 0.2795837 0.2879952 -1.49569
46 0.05363192 -0.1692977 0 0.05115684 1.862645E-09 -1.25727
47 0.0006023012 -0.03346459 -0.04911327 -0.009533932 0.1876976 -1.654683
48 0.000602576 -0.03346451 0.0491133 0.009268268 0.03016226 -1.651381
49 0 -0.00544714 0 -1.564496 0.0414923 -1.533334
50 0.1349337 0.007935909 0.1169305 -0.2755088 -0.434629 -0.56009
51 0.06775701 0 0 0 0 1.02794
52 0.07025615 0 0 0.06958311 0.2422319 -0.3786747
53 0.05538215 -0.1613821 0 -1.818989E-12 4.908495E-05 -1.435881
54 0.1349336 0.007935909 -0.116931 0.38922 0.1735188 -0.3917659
55 0.067757 0 0 0 0 1.223777
56 0.0702562 0 0 0.0003120933 0.006421361 -0.8399552
57 0.0553822 -0.161382 0 1.818989E-12 -5.42615E-05 -1.435881
time 109
0 0 0 0 0 0 0
1 -0.003867377 0.3532066 0.01434645 -3.491951E-09 -0.3668288 -0.01269571
2 0 0.002591992 0 -1.38588 0.02572573 1.535098
3 0.152 0 0 0.06019555 0.02328854 0.03544865
4 0.05880687 0.02725044 -0.08225372 2.814741 1.354175 1.232008
5 0.159303 0.002208193 0.0009686507 -0.3651488 0.0765881 -0.7223232
6 0.122 0 0 0 0 -1.367093
7 0.1347621 0 0 -0.4804021 0 0
8 0.1343401 0 0 0.8884769 -0.5785519 -0.4762307
9 0.1197383 0 6.123017E-05 0.001768601 -0.005259709 -0.3728327
10 0.04880161 0 0 0 0 -0.2194141
11 0.04874135 -0.0476583 0.06862446 0.797745 -0.5614887 0.1499991
12 0.06127064 0 0 0.07454634 0.2180856 -0.09955539
13 0.1028249 0 0 -0.1176855 -0.09469986 -0.01050035
14 0.05880699 0.02725041 0.0822537 -1.633894 1.366687 -0.1002978
15 -0.1009997 0 0 -1.943512 0.8373753 -1.090846
16 -0.1219999 0 0 1.365968E-06 -3.730285E-06 -1.050682
17 -0.1347622 0 0 -0.1289674 0 0
18 -0.1343399 0 0 1.34813 0.1164687 0.3012351
19 -0.1197386 0 -6.123033E-05 -0.001372244 -0.005376858 0.2012115
20 -0.04880161 0 0 0 0 -0.707715
21 -0.1889133 0.06475638 -0.0265498 -3.139415 -0.005103788 -0.4518085
22 -0.04874142 0.04765864 -0.06862451 1.787741 -0.276586 -0.7554917
23 -0.06127064 0 0 -0.06257772 0.2217633 -0.7094637
24 -0.1028246 0 0 -0.1176855 -0.09469986 -0.01050035
25 0.1304068 0.1682832 0 -2.979849 0.1726918 2.483208
26 0.08318153 0 0 9.314207E-10 0.01451919 -0.1645173
27 0.1212126 0 0 2.252797E-08 0.01192841 -0.1028986
28 0.1593245 0 0 9.907262E-09 0.04914042 -0.06571563
29 0.1630378 -0.02898276 -0.1625136 -2.05951 1.228987 2.191342
30 0.1374714 0 0 0.08679721 0.551026 -0.4392093
31 0.0939494 0.006642963 -0.02764245 -0.1652518 -0.4961046 -0.6021776
32 0.1246999 0 0 -0.1682847 0.02856353 -0.2774697
33 0.1734372 0 0 0.03056656 0.03877508 0.001194543
34 0.1257553 -0.04605011 0.1773828 -2.330179 0.7367663 -1.179661
35 -0.1374712 0 0 -0.003631278 0.5571113 -0.6107717
36 -0.06898984 0 0 -0.2225659 -0.3844687 -0.4486308
37 -0.1247 0 0 -0.258008 0.08146434 -0.1046456
38 -0.1734369 0 0 -0.1310393 0.2559523 0.5764511
39 0.1054466 0.1711765 -0.00169714 -0.09941911 -0.0660083 1.506721
40 0.128564 0.1071712 -0.1867254 -1.32606 0.9902369 0.179334
41 0.0984958 0.02850619 0.1872715 -1.554121 1.071685 3.058813
42 0.1708579 0.009936064 0 0.07159793 0.007608251 0.2272442
43 0.0049 0 0 0 0 0
44 0.5171545 -0.2663316 0.2896972 2.416609 -0.7907508 -0.2801724
45 0.1972673 0 0 0.2787347 0.2867843 -1.499615
46 0.05363192 -0.1692977 0 0.04596851 -5.587935E-09 -1.257136
47 0.0006023012 -0.03346459 -0.04911327 -0.01043173 0.180427 -1.662127
48 0.000602576 -0.03346451 0.0491133 0.01018421 0.02409062 -1.658815
49 0 -0.00544714 0 -1.565045 0.04289175 -1.532302
50 0.1349337 0.007935909 0.1169305 -0.287288 -0.4282301 -0.534663
51 0.06775701 0 0 0 0 0.9752779
52 0.07025615 0 0 0.06973407 0.2426345 -0.3502738
53 0.05538215 -0.1613821 0 -1.818989E-12 4.908495E-05 -1.435881
54 0.1349336 0.007935909 -0.116931 0.3907006 0.1611091 -0.3828171
55 0.067757 0 0 0 0 1.18715
56 0.0702562 0 0 0.002409552 0.01370601 -0.8174616
57 0.0553822 -0.161382 0 1.818989E-12 -5.42615E-05 -1.435881
time 110
0 0 0 0 0 0 0
1 -0.004442338 0.3546937 0.01385805 -8.484702E-09 -0.3681306 -0.01318079
2 0 0.002591992 0 -1.386448 0.02825287 1.535001
3 0.152 0 0 0.05902043 0.02445996 0.03534932
4 0.05880687 0.02725044 -0.08225372 2.817983 1.356328 1.234883
5 0.159303 0.002208193 0.0009686507 -0.3672811 0.08047781 -0.7198948
6 0.122 0 0 0 0 -1.370185
7 0.1347621 0 0 -0.4804021 0 0
8 0.1343401 0 0 0.8884769 -0.5785519 -0.4762307
9 0.1197383 0 6.123017E-05 0.001768601 -0.005259709 -0.3728327
10 0.04880161 0 0 0 0 -0.2194141
11 0.04874135 -0.0476583 0.06862446 0.797745 -0.5614887 0.1499991
12 0.06127064 0 0 0.07454634 0.2180856 -0.09955539
13 0.1028249 0 0 -0.1176855 -0.09469986 -0.01050035
14 0.05880699 0.02725041 0.0822537 -1.624087 1.365591 -0.09047282
15 -0.1009997 0 0 -1.94364 0.8345864 -1.08935
16 -0.1219999 0 0 1.365969E-06 -3.730286E-06 -1.037059
17 -0.1347622 0 0 -0.1294623 0 0
18 -0.1343399 0 0 1.346619 0.1167299 0.2969903
19 -0.1197386 0 -6.123033E-05 -0.001372244 -0.005376858 0.2012115
20 -0.04880161 0 0 0 0 -0.707715
21 -0.1889133 0.06475638 -0.0265498 -3.139415 -0.005103788 -0.4518085
22 -0.04874142 0.04765864 -0.06862451 1.787741 -0.276586 -0.7554917
23 -0.06127064 0 0 -0.06257772 0.2217633 -0.7094637
24 -0.1028246 0 0 -0.1176855 -0.09469986 -0.01050035
25 0.1304068 0.1682832 0 -2.981904 0.1745046 2.482914
26 0.08318153 0 0 1.525176E-08 0.01330586 -0.1721639
27 0.1212126 0 0 2.049035E-08 0.01107202 -0.1026741
28 0.1593245 0 0 1.270449E-07 0.04895739 -0.05333178
29 0.1629096 -0.02915296 -0.1624634 -2.068772 1.227644 2.18065
30 0.1374714 0 0 0.08679721 0.551026 -0.4392093
31 0.0939494 0.006642963 -0.02764245 -0.1640333 -0.4992315 -0.605801
32 0.1246999 0 0 -0.1674999 0.02350933 -0.2804981
33 0.1734372 0 0 0.03105508 0.03867662 -0.00524549
34 0.1256359 -0.04622068 0.1773828 -2.32686 0.7377381 -1.179953
35 -0.1374712 0 0 -0.003631278 0.5571113 -0.6107717
36 -0.06898984 0 0 -0.2212752 -0.3837532 -0.4522649
37 -0.1247 0 0 -0.2580084 0.08640318 -0.1057212
38 -0.1734369 0 0 -0.1310417 0.2556225 0.5764599
39 0.1080064 0.1711765 -0.001464104 -0.09941914 -0.05947246 1.500527
40 0.128564 0.1071712 -0.1867254 -1.335259 0.9894251 0.1684953
41 0.0984958 0.02850619 0.1872715 -1.543639 1.072223 3.071046
42 0.1708579 0.009936064 0 0.07432347 0.005515354 0.2200524
43 0.0049 0 0 0 0 0
44 0.5171545 -0.2663316 0.2896972 2.420912 -0.7912342 -0.2863574
45 0.1972673 0 0 0.2781445 0.2851393 -1.502429
46 0.05363192 -0.1692977 0 0.04068663 -5.587935E-09 -1.257019
47 0.0006023012 -0.03346459 -0.04911327 -0.01123724 0.1729156 -1.669235
48 0.000602576 -0.03346451 0.0491133 0.01101335 0.01773813 -1.665965
49 0 -0.00544714 0 -1.565547 0.04449706 -1.531335
50 0.1349337 0.007935909 0.1169305 -0.2988258 -0.4213569 -0.5098422
51 0.06775701 0 0 0 0 0.9219418
52 0.07025615 0 0 0.06978234 0.2427011 -0.3213483
53 0.05538215 -0.1613821 0 -1.818989E-12 4.908495E-05 -1.435881
54 0.1349336 0.007935909 -0.116931 0.3919481 0.1492254 -0.3744847
55 0.067757 0 0 0 0 1.150705
56 0.0702562 0 0 0.004462861 0.0206468 -0.7950197
57 0.0553822 -0.161382 0 1.818989E-12 -5.42615E-05 -1.435881
time 111
0 0 0 0 0 0 0
1 -0.004975583 0.3561146 0.01335494 -1.772632E-08 -0.3693376 -0.01363059
2 0 0.002591992 0 -1.387036 0.03098322 1.53491
3 0.152 0 0 0.05781912 0.0256241 0.03549279
4 0.05880687 0.02725044 -0.08225372 2.820677 1.358329 1.23724
5 0.159303 0.002208193 0.0009686507 -0.3692416 0.0841453 -0.7178776
6 0.122 0 0 0 0 -1.372838
7 0.1347621 0 0 -0.4804021 0 0
8 0.1343401 0 0 0.8884769 -0.5785519 -0.4762307
9 0.1197383 0 6.123017E-05 0.001768601 -0.005259709 -0.3728327
10 0.04880161 0 0 0 0 -0.2194141
11 0.04874135 -0.0476583 0.06862446 0.797745 -0.5614887 0.1499991
12 0.06127064 0 0 0.07454634 0.2180856 -0.09955539
13 0.1028249 0 0 -0.1176855 -0.09469986 -0.01050035
14 0.05880699 0.02725041 0.0822537 -1.615016 1.364712 -0.08138154
15 -0.1009997 0 0 -1.94347 0.831898 -1.087868
16 -0.1219999 0 0 1.365967E-06 -3.730285E-06 -1.023401
17 -0.1347622 0 0 -0.1299644 0 0
18 -0.1343399 0 0 1.345169 0.1169769 0.2931443
19 -0.1197386 0 -6.123033E-05 -0.001372244 -0.005376858 0.2012115
20 -0.04880161 0 0 0 0 -0.707715
21 -0.1889133 0.06475638 -0.0265498 -3.139415 -0.005103788 -0.4518085
22 -0.04874142 0.04765864 -0.06862451 1.787741 -0.276586 -0.7554917
23 -0.06127064 0 0 -0.06257772 0.2217633 -0.7094637
24 -0.1028246 0 0 -0.1176855 -0.09469986 -0.01050035
25 0.1304068 0.1682832 0 -2.984054 0.1763703 2.482119
26 0.08318153 0 0 1.362158E-08 0.01206847 -0.180216
27 0.1212126 0 0 -1.397055E-09 0.01011263 -0.1039866
28 0.1593245 0 0 1.090889E-07 0.04771139 -0.0415325
29 0.1627996 -0.02932574 -0.1623987 -2.078055 1.226352 2.169529
30 0.1374714 0 0 0.08679721 0.551026 -0.4392093
31 0.0939494 0.006642963 -0.02764245 -0.1630862 -0.5023026 -0.6088049
32 0.1246999 0 0 -0.1666862 0.01809391 -0.2836089
33 0.1734372 0 0 0.0316979 0.03822375 -0.01264484
34 0.1255343 -0.04638929 0.1773828 -2.323465 0.7387419 -1.180555
35 -0.1374712 0 0 -0.003631278 0.5571113 -0.6107717
36 -0.06898984 0 0 -0.2200394 -0.3829047 -0.4557239
37 -0.1247 0 0 -0.2580081 0.09146629 -0.1068203
38 -0.1734369 0 0 -0.1310501 0.2559231 0.5764495
39 0.1104918 0.1711765 -0.001239137 -0.09941911 -0.05283826 1.494531
40 0.128564 0.1071712 -0.1867254 -1.344612 0.9887654 0.1574547
41 0.0984958 0.02850619 0.1872715 -1.532925 1.070411 3.083279
42 0.1708579 0.009936064 0 0.07699858 0.003320926 0.2127232
43 0.0049 0 0 0 0 0
44 0.5171545 -0.2663316 0.2896972 2.425583 -0.7919065 -0.2930578
45 0.1972673 0 0 0.2778218 0.283089 -1.504042
46 0.05363192 -0.1692977 0 0.03531488 -1.862645E-09 -1.256925
47 0.0006023012 -0.03346459 -0.04911327 -0.01194023 0.1651835 -1.676025
48 0.000602576 -0.03346451 0.0491133 0.01174581 0.01109294 -1.672848
49 0 -0.00544714 0 -1.566003 0.04631739 -1.530437
50 0.1349337 0.007935909 0.1169305 -0.3100089 -0.4140685 -0.4858331
51 0.06775701 0 0 0 0 0.8681321
52 0.07025615 0 0 0.06973448 0.2424576 -0.2920088
53 0.05538215 -0.1613821 0 -1.818989E-12 4.908495E-05 -1.435881
54 0.1349336 0.007935909 -0.116931 0.3929694 0.1379516 -0.3668841
55 0.067757 0 0 0 0 1.114952
56 0.0702562 0 0 0.006473993 0.02729016 -0.7728477
57 0.0553822 -0.161382 0 1.818989E-12 -5.42615E-05 -1.435881
time 112
0 0 0 0 0 0 0
1 -0.005465008 0.3574555 0.01283686 -7.243445E-09 -0.3704477 -0.01404346
2 0 0.002591992 0 -1.387644 0.03391403 1.534827
3 0.152 0 0 0.05659872 0.02678025 0.03589759
4 0.05880687 0.02725044 -0.08225372 2.822647 1.360152 1.23891
5 0.159303 0.002208193 0.0009686507 -0.3710279 0.0875645 -0.7163174
6 0.122 0 0 0 0 -1.375006
7 0.1347621 0 0 -0.4804021 0 0
8 0.1343401 0 0 0.8884769 -0.5785519 -0.4762307
9 0.1197383 0 6.123017E-05 0.001768601 -0.005259709 -0.3728327
10 0.04880161 0 0 0 0 -0.2194141
11 0.04874135 -0.0476583 0.06862446 0.797745 -0.5614887 0.1499991
12 0.06127064 0 0 0.07454634 0.2180856 -0.09955539
13 0.1028249 0 0 -0.1176855 -0.09469986 -0.01050035
14 0.05880699 0.02725041 0.0822537 -1.606689 1.364073 -0.07303324
15 -0.1009997 0 0 -1.943033 0.829322 -1.086443
16 -0.1219999 0 0 1.365968E-06 -3.730286E-06 -1.00981
17 -0.1347622 0 0 -0.1304774 0 0
18 -0.1343399 0 0 1.343786 0.117207 0.2903095
19 -0.1197386 0 -6.123033E-05 -0.001372244 -0.005376858 0.2012115
20 -0.04880161 0 0 0 0 -0.707715
21 -0.1889133 0.06475638 -0.0265498 -3.139415 -0.005103788 -0.4518085
22 -0.04874142 0.04765864 -0.06862451 1.787741 -0.276586 -0.7554917
23 -0.06127064 0 0 -0.06257772 0.2217633 -0.7094637
24 -0.1028246 0 0 -0.1176855 -0.09469986 -0.01050035
25 0.1304068 0.1682832 0 -2.9863 0.1782862 2.480819
26 0.08318153 0 0 1.862754E-09 0.01080976 -0.1885983
27 0.1212126 0 0 1.903468E-08 0.009046894 -0.1070848
28 0.1593245 0 0 1.312188E-07 0.04539627 -0.0304295
29 0.1627098 -0.02950026 -0.1623191 -2.08734 1.225112 2.158015
30 0.1374714 0 0 0.08679721 0.551026 -0.4392093
31 0.0939494 0.006642963 -0.02764245 -0.1624361 -0.5053021 -0.6111308
32 0.1246999 0 0 -0.1658487 0.01234173 -0.2868009
33 0.1734372 0 0 0.03248682 0.03702916 -0.02085749
34 0.1254524 -0.04655475 0.1773828 -2.320001 0.7397768 -1.181456
35 -0.1374712 0 0 -0.003631278 0.5571113 -0.6107717
36 -0.06898984 0 0 -0.2188647 -0.3819146 -0.4589869
37 -0.1247 0 0 -0.2580086 0.09659052 -0.1079267
38 -0.1734369 0 0 -0.1310644 0.2569922 0.5764164
39 0.1128714 0.1711765 -0.001024802 -0.09941915 -0.04612681 1.488819
40 0.128564 0.1071712 -0.1867254 -1.354115 0.9882598 0.1462188
41 0.0984958 0.02850619 0.1872715 -1.522045 1.066019 3.095513
42 0.1708579 0.009936064 0 0.07961603 0.001039538 0.205304
43 0.0049 0 0 0 0 0
44 0.5171545 -0.2663316 0.2896972 2.430585 -0.7927367 -0.3002183
45 0.1972673 0 0 0.2777414 0.2806624 -1.504368
46 0.05363192 -0.1692977 0 0.02985685 9.313226E-10 -1.256864
47 0.0006023012 -0.03346459 -0.04911327 -0.01257254 0.1572505 -1.682518
48 0.000602576 -0.03346451 0.0491133 0.01236444 0.004143188 -1.679478
49 0 -0.00544714 0 -1.56641 0.04836158 -1.529612
50 0.1349337 0.007935909 0.1169305 -0.3207247 -0.4064261 -0.4628433
51 0.06775701 0 0 0 0 0.813971
52 0.07025615 0 0 0.06959675 0.2419278 -0.2623629
53 0.05538215 -0.1613821 0 -1.818989E-12 4.908495E-05 -1.435881
54 0.1349336 0.007935909 -0.116931 0.3937735 0.1273551 -0.3601325
55 0.067757 0 0 0 0 1.08051
56 0.0702562 0 0 0.008444906 0.03368263 -0.751166
57 0.0553822 -0.161382 0 1.818989E-12 -5.42615E-05 -1.435881
time 113
0 0 0 0 0 0 0
1 -0.005908519 0.3587027 0.01230354 -5.747048E-09 -0.371453 -0.01441749
2 0 0.002591992 0 -1.388272 0.03704239 1.53475
3 0.152 0 0 0.05536401 0.02792699 0.03658095
4 0.05880687 0.02725044 -0.08225372 2.823627 1.361775 1.239633
5 0.159303 0.002208193 0.0009686507 -0.3726359 0.09070955 -0.7152556
6 0.122 0 0 0 0 -1.376642
7 0.1347621 0 0 -0.4804021 0 0
8 0.1343401 0 0 0.8884769 -0.5785519 -0.4762307
9 0.1197383 0 6.123017E-05 0.001768601 -0.005259709 -0.3728327
10 0.04880161 0 0 0 0 -0.2194141
11 0.04874135 -0.0476583 0.06862446 0.797745 -0.5614887 0.1499991
12 0.06127064 0 0 0.07454634 0.2180856 -0.09955539
13 0.1028249 0 0 -0.1176855 -0.09469986 -0.01050035
14 0.05880699 0.02725041 0.0822537 -1.599138 1.363695 -0.06546153
15 -0.1009997 0 0 -1.942357 0.8268698 -1.085121
16 -0.1219999 0 0 1.365967E-06 -3.730285E-06 -0.9963899
17 -0.1347622 0 0 -0.1310048 0 0
18 -0.1343399 0 0 1.34243 0.1174174 0.2877383
19 -0.1197386 0 -6.123033E-05 -0.001372244 -0.005376858 0.2012115
20 -0.04880161 0 0 0 0 -0.707715
21 -0.1889133 0.06475638 -0.0265498 -3.139415 -0.005103788 -0.4518085
22 -0.04874142 0.04765864 -0.06862451 1.787741 -0.276586 -0.7554917
23 -0.06127064 0 0 -0.06257772 0.2217633 -0.7094637
24 -0.1028246 0 0 -0.1176855 -0.09469986 -0.01050035
25 0.1304068 0.1682832 0 -2.988639 0.1802494 2.479012
26 0.08318153 0 0 2.008255E-08 0.00953195 -0.1972263
27 0.1212126 0 0 1.685165E-08 0.007945001 -0.1117399
28 0.1593245 0 0 1.610864E-08 0.04202122 -0.02014674
29 0.162642 -0.02967568 -0.1622237 -2.096605 1.223928 2.146142
30 0.1374714 0 0 0.08679721 0.551026 -0.4392093
31 0.0939494 0.006642963 -0.02764245 -0.1621086 -0.5082138 -0.6127196
32 0.1246999 0 0 -0.1649859 0.006277513 -0.2900619
33 0.1734372 0 0 0.03342806 0.03486777 -0.02973555
34 0.125392 -0.04671587 0.1773828 -2.316478 0.7408421 -1.182642
35 -0.1374712 0 0 -0.003631278 0.5571113 -0.6107717
36 -0.06898984 0 0 -0.2177579 -0.3807767 -0.4620356
37 -0.1247 0 0 -0.2580086 0.1017118 -0.109023
38 -0.1734369 0 0 -0.1310846 0.2587944 0.5763621
39 0.1151136 0.1711765 -0.000823654 -0.09941912 -0.03935916 1.483472
40 0.128564 0.1071712 -0.1867254 -1.363762 0.9879084 0.1347949
41 0.0984958 0.02850619 0.1872715 -1.511067 1.059455 3.107746
42 0.1708579 0.009936064 0 0.08217287 -0.001314483 0.1978546
43 0.0049 0 0 0 0 0
44 0.5171545 -0.2663316 0.2896972 2.435881 -0.7936918 -0.3077829
45 0.1972673 0 0 0.2778775 0.2778886 -1.503591
46 0.05363192 -0.1692977 0 0.02431618 0 -1.256841
47 0.0006023012 -0.03346459 -0.04911327 -0.01317283 0.1491366 -1.688732
48 0.000602576 -0.03346451 0.0491133 0.0129676 -0.003122986 -1.685871
49 0 -0.00544714 0 -1.566768 0.05063954 -1.528862
50 0.1349337 0.007935909 0.1169305 -0.3308608 -0.3984923 -0.4410816
51 0.06775701 0 0 0 0 0.7601559
52 0.07025615 0 0 0.06937537 0.2411357 -0.2325186
53 0.05538215 -0.1613821 0 -1.818989E-12 4.908495E-05 -1.435881
54 0.1349336 0.007935909 -0.116931 0.3943661 0.1174811 -0.3544113
55 0.067757 0 0 0 0 1.047996
56 0.0702562 0 0 0.01037756 0.03987062 -0.7301932
57 0.0553822 -0.161382 0 1.818989E-12 -5.42615E-05 -1.435881
time 114
0 0 0 0 0 0 0
1 -0.006304003 0.3598424 0.01175472 -3.249467E-09 -0.3723492 -0.01475092
2 0 0.002591992 0 -1.388921 0.04036631 1.534681
3 0.152 0 0 0.05411458 0.02906043 0.03755663
4 0.05880687 0.02725044 -0.08225372 2.823354 1.363174 1.239152
5 0.159303 0.002208193 0.0009686507 -0.3740634 0.09355441 -0.7147381
6 0.122 0 0 0 0 -1.3777
7 0.1347621 0 0 -0.4804021 0 0
8 0.1343401 0 0 0.8884769 -0.5785519 -0.4762307
9 0.1197383 0 6.123017E-05 0.001768601 -0.005259709 -0.3728327
10 0.04880161 0 0 0 0 -0.2194141
11 0.04874135 -0.0476583 0.06862446 0.797745 -0.5614887 0.1499991
12 0.06127064 0 0 0.07454634 0.2180856 -0.09955539
13 0.1028249 0 0 -0.1176855 -0.09469986 -0.01050035
14 0.05880699 0.02725041 0.0822537 -1.592397 1.363601 -0.05870057
15 -0.1009997 0 0 -1.941477 0.8245528 -1.083946
16 -0.1219999 0 0 1.365968E-06 -3.730286E-06 -0.9832476
17 -0.1347622 0 0 -0.1315446 0 0
18 -0.1343399 0 0 1.341101 0.1176055 0.2854309
19 -0.1197386 0 -6.123033E-05 -0.001372244 -0.005376858 0.2012115
20 -0.04880161 0 0 0 0 -0.707715
21 -0.1889133 0.06475638 -0.0265498 -3.139415 -0.005103788 -0.4518085
22 -0.04874142 0.04765864 -0.06862451 1.787741 -0.276586 -0.7554917
23 -0.06127064 0 0 -0.06257772 0.2217633 -0.7094637
24 -0.1028246 0 0 -0.1176855 -0.09469986 -0.01050035
25 0.1304068 0.1682832 0 -2.991071 0.1822568 2.476698
26 0.08318153 0 0 1.338822E-09 0.008238456 -0.2060375
27 0.1212126 0 0 1.105971E-08 0.006811639 -0.1177077
28 0.1593245 0 0 8.460635E-09 0.03757383 -0.01079506
29 0.1625984 -0.02985114 -0.1621118 -2.105832 1.222802 2.133945
30 0.1374714 0 0 0.08679721 0.551026 -0.4392093
31 0.0939494 0.006642963 -0.02764245 -0.1621295 -0.5110199 -0.6135107
32 0.1246999 0 0 -0.1640993 -7.416494E-05 -0.2933848
33 0.1734372 0 0 0.03451714 0.03190012 -0.03914375
34 0.125355 -0.04687146 0.1773828 -2.312904 0.7419367 -1.184102
35 -0.1374712 0 0 -0.003631278 0.5571113 -0.6107717
36 -0.06898984 0 0 -0.2167256 -0.3794853 -0.4648516
37 -0.1247 0 0 -0.2580089 0.1067668 -0.1100925
38 -0.1734369 0 0 -0.131111 0.261293 0.5762855
39 0.117187 0.1711765 -0.0006382535 -0.09941911 -0.03255642 1.478573
40 0.128564 0.1071712 -0.1867254 -1.373546 0.987713 0.1231901
41 0.0984958 0.02850619 0.1872715 -1.500055 1.051132 3.119979
42 0.1708579 0.009936064 0 0.08466468 -0.003726766 0.1904302
43 0.0049 0 0 0 0 0
44 0.5171545 -0.2663316 0.2896972 2.441433 -0.7947403 -0.315696
45 0.1972673 0 0 0.278205 0.2747963 -1.502017
46 0.05363192 -0.1692977 0 0.01869651 9.313226E-10 -1.25622
47 0.0006023012 -0.03346459 -0.04911327 -0.01374109 0.1408616 -1.694686
48 0.000602576 -0.03346451 0.0491133 0.01355529 -0.01071743 -1.692043
49 0 -0.00544714 0 -1.567075 0.05316076 -1.528193
50 0.1349337 0.007935909 0.1169305 -0.3403043 -0.3903271 -0.4207546
51 0.06775701 0 0 0 0 0.7077422
52 0.07025615 0 0 0.06907741 0.24011 -0.2031255
53 0.05538215 -0.1613821 0 -1.818989E-12 4.908495E-05 -1.435881
54 0.1349336 0.007935909 -0.116931 0.3947544 0.1083754 -0.3501189
55 0.067757 0 0 0 0 1.018026
56 0.0702562 0 0 0.01227391 0.04590062 -0.7101487
57 0.0553822 -0.161382 0 1.818989E-12 -5.42615E-05 -1.435881
time 115
0 0 0 0 0 0 0
1 -0.00664936 0.360861 0.01119012 -7.251028E-09 -0.373131 -0.01504195
2 0 0.002591992 0 -1.389591 0.04388227 1.53462
3 0.152 0 0 0.05286213 0.03018281 0.03884683
4 0.05880687 0.02725044 -0.08225372 2.821561 1.364326 1.23721
5 0.159303 0.002208193 0.0009686507 -0.3753049 0.09607341 -0.7148042
6 0.122 0 0 0 0 -1.378134
7 0.1347621 0 0 -0.4804021 0 0
8 0.1343401 0 0 0.8884769 -0.5785519 -0.4762307
9 0.1197383 0 6.123017E-05 0.001768601 -0.005259709 -0.3728327
10 0.04880161 0 0 0 0 -0.2194141
11 0.04874135 -0.0476583 0.06862446 0.797745 -0.5614887 0.1499991
12 0.06127064 0 0 0.07454634 0.2180856 -0.09955539
13 0.1028249 0 0 -0.1176855 -0.09469986 -0.01050035
14 0.05880699 0.02725041 0.0822537 -1.586498 1.363815 -0.05278264
15 -0.1009997 0 0 -1.940421 0.822383 -1.082963
16 -0.1219999 0 0 1.365967E-06 -3.730285E-06 -0.9704872
17 -0.1347622 0 0 -0.1320985 0 0
18 -0.1343399 0 0 1.339799 0.1177686 0.2833871
19 -0.1197386 0 -6.123033E-05 -0.001372244 -0.005376858 0.2012115
20 -0.04880161 0 0 0 0 -0.707715
21 -0.1889133 0.06475638 -0.0265498 -3.139415 -0.005103788 -0.4518085
22 -0.04874142 0.04765864 -0.06862451 1.787741 -0.276586 -0.7554917
23 -0.06127064 0 0 -0.06257772 0.2217633 -0.7094637
24 -0.1028246 0 0 -0.1176855 -0.09469986 -0.01050035
25 0.1304068 0.1682832 0 -2.993597 0.1843059 2.473874
26 0.08318153 0 0 1.105972E-09 0.006931468 -0.2149448
27 0.1212126 0 0 3.201472E-10 0.005654204 -0.1247512
28 0.1593245 0 0 1.736935E-08 0.03204841 -0.002495658
29 0.1625809 -0.0300258 -0.1619827 -2.115 1.221723 2.121457
30 0.1374714 0 0 0.08679721 0.551026 -0.4392093
31 0.0939494 0.006642963 -0.02764245 -0.1625244 -0.513706 -0.6129247
32 0.1246999 0 0 -0.1631898 -0.006688538 -0.2967612
33 0.1734372 0 0 0.03566091 0.02826731 -0.04893458
34 0.1253433 -0.04702034 0.1773828 -2.309288 0.7430597 -1.185824
35 -0.1374712 0 0 -0.003631278 0.5571113 -0.6107717
36 -0.06898984 0 0 -0.2157738 -0.3780309 -0.4674133
37 -0.1247 0 0 -0.2580072 0.1116913 -0.1111173
38 -0.1734369 0 0 -0.1311435 0.2644508 0.5761853
39 0.1190601 0.1711765 -0.0004711589 -0.09941913 -0.02573959 1.474207
40 0.128564 0.1071712 -0.1867254 -1.383464 0.9876744 0.1114111
41 0.0984958 0.02850619 0.1872715 -1.489076 1.041458 3.132212
42 0.1708579 0.009936064 0 0.0870849 -0.00618271 0.183081
43 0.0049 0 0 0 0 0
44 0.5171545 -0.2663316 0.2896972 2.447206 -0.79585 -0.3239021
45 0.1972673 0 0 0.2786983 0.2714145 -1.499741
46 0.05363192 -0.1692977 0 0.01300147 4.656613E-10 -1.254377
47 0.0006023012 -0.03346459 -0.04911327 -0.01427736 0.1324456 -1.7004
48 0.000602576 -0.03346451 0.0491133 0.01412752 -0.01865199 -1.698009
49 0 -0.00544714 0 -1.56733 0.05593412 -1.527606
50 0.1349337 0.007935909 0.1169305 -0.3489423 -0.3822602 -0.4021461
51 0.06775701 0 0 0 0 0.6577872
52 0.07025615 0 0 0.0687081 0.238869 -0.1743194
53 0.05538215 -0.1613821 0 -1.818989E-12 4.908495E-05 -1.435881
54 0.1349336 0.007935909 -0.116931 0.3949459 0.1000842 -0.3476969
55 0.067757 0 0 0 0 0.9912187
56 0.0702562 0 0 0.01413593 0.05181914 -0.6912518
57 0.0553822 -0.161382 0 1.818989E-12 -5.42615E-05 -1.435881
time 116
0 0 0 0 0 0 0
1 -0.006942481 0.3617447 0.01060948 -1.075432E-08 -0.3737947 -0.01528884
2 0 0.002591992 0 -1.390281 0.04758825 1.534567
3 0.152 0 0 0.05160767 0.03129132 0.04028379
4 0.05880687 0.02725044 -0.08225372 2.817982 1.365209 1.233547
5 0.159303 0.002208193 0.0009686507 -0.376359 0.09824041 -0.715905
6 0.122 0 0 0 0 -1.377484
7 0.1347621 0 0 -0.4804021 0 0
8 0.1343401 0 0 0.8884769 -0.5785519 -0.4762307
9 0.1197383 0 6.123017E-05 0.001768601 -0.005259709 -0.3728327
10 0.04880161 0 0 0 0 -0.2194141
11 0.04874135 -0.0476583 0.06862446 0.797745 -0.5614887 0.1499991
12 0.06127064 0 0 0.07454634 0.2180856 -0.09955539
13 0.1028249 0 0 -0.1176855 -0.09469986 -0.01050035
14 0.05880699 0.02725041 0.0822537 -1.581475 1.364357 -0.04774246
15 -0.1009997 0 0 -1.93922 0.8203718 -1.082217
16 -0.1219999 0 0 1.365968E-06 -3.730285E-06 -0.958215
17 -0.1347622 0 0 -0.1326608 0 0
18 -0.1343399 0 0 1.338524 0.1179039 0.2816072
19 -0.1197386 0 -6.123033E-05 -0.001372244 -0.005376858 0.2012115
20 -0.04880161 0 0 0 0 -0.707715
21 -0.1889133 0.06475638 -0.0265498 -3.139415 -0.005103788 -0.4518085
22 -0.04874142 0.04765864 -0.06862451 1.787741 -0.276586 -0.7554917
23 -0.06127064 0 0 -0.06257772 0.2217633 -0.7094637
24 -0.1028246 0 0 -0.1176855 -0.09469986 -0.01050035
25 0.1304068 0.1682832 0 -2.996215 0.1863938 2.470537
26 0.08318153 0 0 -1.338797E-09 0.005613918 -0.2238768
27 0.1212126 0 0 -1.164165E-10 0.004479667 -0.1326248
28 0.1593245 0 0 2.76213E-09 0.02558757 0.004630586
29 0.1625915 -0.03019881 -0.1618358 -2.124089 1.220644 2.108716
30 0.1374714 0 0 0.08679721 0.551026 -0.4392093
31 0.0939494 0.006642963 -0.02764245 -0.1638632 -0.5162545 -0.6099104
32 0.1246999 0 0 -0.1622586 -0.01354094 -0.3001832
33 0.1734372 0 0 0.03684652 0.02412067 -0.05897231
34 0.1253587 -0.04716131 0.1773828 -2.305637 0.7442105 -1.187795
35 -0.1374712 0 0 -0.003631278 0.5571113 -0.6107717
36 -0.06898984 0 0 -0.2149093 -0.3763314 -0.4697033
37 -0.1247 0 0 -0.2580062 0.1164223 -0.1120818
38 -0.1734369 0 0 -0.1311822 0.2682315 0.5760611
39 0.1207013 0.1711765 -0.0003249282 -0.09941915 -0.01892979 1.470455
40 0.128564 0.1071712 -0.1867254 -1.393508 0.9877937 0.09946536
41 0.0984958 0.02850619 0.1872715 -1.478197 1.030843 -3.13874
42 0.1708579 0.009936064 0 0.08942965 -0.008667952 0.1758637
43 0.0049 0 0 0 0 0
44 0.5171545 -0.2663316 0.2896972 2.453162 -0.796989 -0.3323454
45 0.1972673 0 0 0.2793321 0.2677722 -1.496859
46 0.05363192 -0.1692977 0 0.007234677 4.656613E-10 -1.251348
47 0.0006023012 -0.03346459 -0.04911327 -0.01478161 0.1239084 -1.705894
48 0.000602576 -0.03346451 0.0491133 0.01468428 -0.02681349 -1.703786
49 0 -0.00544714 0 -1.567532 0.05896958 -1.527106
50 0.1349337 0.007935909 0.1169305 -0.3564051 -0.3747212 -0.386074
51 0.06775701 0 0 0 0 0.6113445
52 0.07025615 0 0 0.06827463 0.237442 -0.1466939
53 0.05538215 -0.1613821 0 -1.818989E-12 4.908495E-05 -1.435881
54 0.1349336 0.007935909 -0.116931 0.3949481 0.09265342 -0.3475865
55 0.067757 0 0 0 0 0.9681901
56 0.0702562 0 0 0.01596559 0.05767252 -0.6737202
57 0.0553822 -0.161382 0 1.818989E-12 -5.42615E-05 -1.435881
time 117
0 0 0 0 0 0 0
1 -0.007181272 0.3624797 0.01001253 -9.255684E-09 -0.374336 -0.01548983
2 0 0.002591992 0 -1.390993 0.05148121 1.534523
3 0.152 0 0 0.05034354 0.03237753 0.04167643
4 0.05880687 0.02725044 -0.08225372 2.812353 1.365799 1.227908
5 0.159303 0.002208193 0.0009686507 -0.3772214 0.1000296 -0.7182733
6 0.122 0 0 0 0 -1.375692
7 0.1347621 0 0 -0.4804021 0 0
8 0.1343401 0 0 0.8884769 -0.5785519 -0.4762307
9 0.1197383 0 6.123017E-05 0.001768601 -0.005259709 -0.3728327
10 0.04880161 0 0 0 0 -0.2194141
11 0.04874135 -0.0476583 0.06862446 0.797745 -0.5614887 0.1499991
12 0.06127064 0 0 0.07454634 0.2180856 -0.09955539
13 0.1028249 0 0 -0.1176855 -0.09469986 -0.01050035
14 0.05880699 0.02725041 0.0822537 -1.57736 1.36542 -0.04361361
15 -0.1009997 0 0 -1.937907 0.8185309 -1.081752
16 -0.1219999 0 0 1.365969E-06 -3.730286E-06 -0.9465358
17 -0.1347622 0 0 -0.1332333 0 0
18 -0.1343399 0 0 1.337275 0.1180087 0.2800907
19 -0.1197386 0 -6.123033E-05 -0.001372244 -0.005376858 0.2012115
20 -0.04880161 0 0 0 0 -0.707715
21 -0.1889133 0.06475638 -0.0265498 -3.139415 -0.005103788 -0.4518085
22 -0.04874142 0.04765864 -0.06862451 1.787741 -0.276586 -0.7554917
23 -0.06127064 0 0 -0.06257772 0.2217633 -0.7094637
24 -0.1028246 0 0 -0.1176855 -0.09469986 -0.01050035
25 0.1304068 0.1682832 0 -2.998924 0.1885175 2.466685
26 0.08318153 0 0 2.793993E-09 0.004288431 -0.2327539
27 0.1212126 0 0 6.839437E-10 0.003295445 -0.1410915
28 0.1593245 0 0 -7.166661E-08 0.01903163 0.0104593
29 0.1626322 -0.03036932 -0.1616703 -2.133081 1.219566 2.095752
30 0.1374714 0 0 0.08679721 0.551026 -0.4392093
31 0.0939494 0.006642963 -0.02764245 -0.1663563 -0.5186483 -0.6037
32 0.1246999 0 0 -0.1613078 -0.0206069 -0.303645
33 0.1734372 0 0 0.03804915 0.01960213 -0.06910356
34 0.1254033 -0.04729319 0.1773828 -2.30196 0.7453879 -1.190003
35 -0.1374712 0 0 -0.003631278 0.5571113 -0.6107717
36 -0.06898984 0 0 -0.2141382 -0.3742761 -0.4717003
37 -0.1247 0 0 -0.2580082 0.1208974 -0.1129702
38 -0.1734369 0 0 -0.1312273 0.2725989 0.5759129
39 0.1220793 0.1711765 -0.0002021207 -0.09941912 -0.01214811 1.4674
40 0.128564 0.1071712 -0.1867254 -1.403672 0.9880714 0.08736043
41 0.0984958 0.02850619 0.1872715 -1.467483 1.019699 -3.126507
42 0.1708579 0.009936064 0 0.09169491 -0.01116825 0.168834
43 0.0049 0 0 0 0 0
44 0.5171545 -0.2663316 0.2896972 2.459265 -0.7981251 -0.3409707
45 0.1972673 0 0 0.2800809 0.2638986 -1.493464
46 0.05363192 -0.1692977 0 0.001399785 -1.164153E-10 -1.247164
47 0.0006023012 -0.03346459 -0.04911327 -0.01525383 0.11527 -1.711185
48 0.000602576 -0.03346451 0.0491133 0.01522559 -0.03504485 -1.709388
49 0 -0.00544714 0 -1.567679 0.06227608 -1.526695
50 0.1349337 0.007935909 0.1169305 -0.3623884 -0.3679232 -0.3735442
51 0.06775701 0 0 0 0 0.5694701
52 0.07025615 0 0 0.06778394 0.2358562 -0.1208398
53 0.05538215 -0.1613821 0 -1.818989E-12 4.908495E-05 -1.435881
54 0.1349336 0.007935909 -0.116931 0.3947676 0.08612884 -0.3502287
55 0.067757 0 0 0 0 0.9495576
56 0.0702562 0 0 0.01776482 0.06350736 -0.6581246
57 0.0553822 -0.161382 0 1.818989E-12 -5.42615E-05 -1.435881
time 118
0 0 0 0 0 0 0
1 -0.007363629 0.3630524 0.009399005 7.505832E-10 -0.3747504 -0.01564315
2 0 0.002591992 0 -1.391726 0.05555871 1.534488
3 0.152 0 0 0.04907772 0.03344169 0.04302046
4 0.05880687 0.02725044 -0.08225372 2.804411 1.366073 1.220034
5 0.159303 0.002208193 0.0009686507 -0.377889 0.1014151 -0.7216345
6 0.122 0 0 0 0 -1.372995
7 0.1347621 0 0 -0.4804021 0 0
8 0.1343401 0 0 0.8884769 -0.5785519 -0.4762307
9 0.1197383 0 6.123017E-05 0.001768601 -0.005259709 -0.3728327
10 0.04880161 0 0 0 0 -0.2194141
11 0.04874135 -0.0476583 0.06862446 0.797745 -0.5614887 0.1499991
12 0.06127064 0 0 0.07454634 0.2180856 -0.09955539
13 0.1028249 0 0 -0.1176855 -0.09469986 -0.01050035
14 0.05880699 0.02725041 0.0822537 -1.574187 1.367074 -0.04042904
15 -0.1009997 0 0 -1.936511 0.8168718 -1.081613
16 -0.1219999 0 0 1.365969E-06 -3.730286E-06 -0.9355547
17 -0.1347622 0 0 -0.1338176 0 0
18 -0.1343399 0 0 1.336055 0.1180802 0.2788382
19 -0.1197386 0 -6.123033E-05 -0.001372244 -0.005376858 0.2012115
20 -0.04880161 0 0 0 0 -0.707715
21 -0.1889133 0.06475638 -0.0265498 -3.139415 -0.005103788 -0.4518085
22 -0.04874142 0.04765864 -0.06862451 1.787741 -0.276586 -0.7554917
23 -0.06127064 0 0 -0.06257772 0.2217633 -0.7094637
24 -0.1028246 0 0 -0.1176855 -0.09469986 -0.01050035
25 0.1304068 0.1682832 0 -3.001724 0.190674 2.462318
26 0.08318153 0 0 8.440147E-10 0.00295786 -0.2415057
27 0.1212126 0 0 1.1205E-09 0.002108794 -0.1499107
28 0.1593245 0 0 -1.110253E-07 0.01252326 0.01487634
29 0.162705 -0.0305365 -0.1614856 -2.141954 1.218487 2.082605
30 0.1374714 0 0 0.08679721 0.551026 -0.4392093
31 0.0939494 0.006642963 -0.02764245 -0.1695619 -0.5208707 -0.5951558
32 0.1246999 0 0 -0.1603393 -0.02786206 -0.30714
33 0.1734372 0 0 0.03925083 0.01486033 -0.07918273
34 0.1254787 -0.04741478 0.1773828 -2.298267 0.7465914 -1.192437
35 -0.1374712 0 0 -0.003631278 0.5571113 -0.6107717
36 -0.06898984 0 0 -0.2134673 -0.3718205 -0.4733866
37 -0.1247 0 0 -0.2580079 0.1248402 -0.1137629
38 -0.1734369 0 0 -0.1312787 0.2775159 0.575739
39 0.1231625 0.1711765 -0.0001052953 -0.09941914 -0.005415589 1.465125
40 0.128564 0.1071712 -0.1867254 -1.413953 0.9885097 0.0751022
41 0.0984958 0.02850619 0.1872715 -1.457001 1.008433 -3.114274
42 0.1708579 0.009936064 0 0.09387581 -0.01366922 0.1620462
43 0.0049 0 0 0 0 0
44 0.5171545 -0.2663316 0.2896972 2.465477 -0.7992266 -0.349722
45 0.1972673 0 0 0.2809193 0.259822 -1.489653
46 0.05363192 -0.1692977 0 -0.004499601 0 -1.241861
47 0.0006023012 -0.03346459 -0.04911327 -0.01569403 0.1065501 -1.716294
48 0.000602576 -0.03346451 0.0491133 0.01575141 -0.04329402 -1.71483
49 0 -0.00544714 0 -1.567771 0.06586321 -1.526379
50 0.1349337 0.007935909 0.1169305 -0.3668741 -0.3620758 -0.3655595
51 0.06775701 0 0 0 0 0.5333597
52 0.07025615 0 0 0.06724121 0.2341309 -0.09734379
53 0.05538215 -0.1613821 0 -1.818989E-12 4.908495E-05 -1.435881
54 0.1349336 0.007935909 -0.116931 0.3944121 0.08055658 -0.3560649
55 0.067757 0 0 0 0 0.9359387
56 0.0702562 0 0 0.01953562 0.06937008 -0.6446825
57 0.0553822 -0.161382 0 1.818989E-12 -5.42615E-05 -1.435881
time 119
0 0 0 0 0 0 0
1 -0.00748745 0.3634491 0.008768631 -2.251998E-09 -0.3750308 -0.01574693
2 0 0.002591992 0 -1.392481 0.05981793 1.534462
3 0.152 0 0 0.04781819 0.03448456 0.04431249
4 0.05880687 0.02725044 -0.08225372 2.794504 1.366008 1.210277
5 0.159303 0.002208193 0.0009686507 -0.3783583 0.1023707 -0.7257129
6 0.122 0 0 0 0 -1.369628
7 0.1347621 0 0 -0.4804021 0 0
8 0.1343401 0 0 0.8884769 -0.5785519 -0.4762307
9 0.1197383 0 6.123017E-05 0.001768601 -0.005259709 -0.3728327
10 0.04880161 0 0 0 0 -0.2194141
11 0.04874135 -0.0476583 0.06862446 0.797745 -0.5614887 0.1499991
12 0.06127064 0 0 0.07454634 0.2180856 -0.09955539
13 0.1028249 0 0 -0.1176855 -0.09469986 -0.01050035
14 0.05880699 0.02725041 0.0822537 -1.571989 1.369103 -0.03822264
15 -0.1009997 0 0 -1.935063 0.8154061 -1.081845
16 -0.1219999 0 0 1.365969E-06 -3.730286E-06 -0.9253774
17 -0.1347622 0 0 -0.1344136 0 0
18 -0.1343399 0 0 1.33486 0.1181159 0.2778493
19 -0.1197386 0 -6.123033E-05 -0.001372244 -0.005376858 0.2012115
20 -0.04880161 0 0 0 0 -0.707715
21 -0.1889133 0.06475638 -0.0265498 -3.139415 -0.005103788 -0.4518085
22 -0.04874142 0.04765864 -0.06862451 1.787741 -0.276586 -0.7554917
23 -0.06127064 0 0 -0.06257772 0.2217633 -0.7094637
24 -0.1028246 0 0 -0.1176855 -0.09469986 -0.01050035
25 0.1304068 0.1682832 0 -3.004614 0.192861 2.457432
26 0.08318153 0 0 2.25555E-09 0.001624833 -0.2500498
27 0.1212126 0 0 -5.238692E-10 0.0009270021 -0.1588454
28 0.1593245 0 0 1.000827E-08 0.006168708 0.01779656
29 0.1628119 -0.03069949 -0.1612809 -2.15069 1.217407 2.069306
30 0.1374714 0 0 0.08679721 0.551026 -0.4392093
31 0.0939494 0.006642963 -0.02764245 -0.1730376 -0.523098 -0.5862458
32 0.1246999 0 0 -0.1593521 -0.03528108 -0.3106564
33 0.1734372 0 0 0.04043452 0.01004428 -0.0890665
34 0.125587 -0.04752491 0.1773828 -2.294566 0.7478198 -1.195084
35 -0.1374712 0 0 -0.003631278 0.5571113 -0.6107717
36 -0.06898984 0 0 -0.2129026 -0.3689168 -0.4747408
37 -0.1247 0 0 -0.2580081 0.1280826 -0.1144445
38 -0.1734369 0 0 -0.1313367 0.282782 0.575541
39 0.1239195 0.1711765 -3.701029E-05 -0.09941912 0.001246706 1.463715
40 0.128564 0.1071712 -0.1867254 -1.424343 0.9891093 0.062698
41 0.0984958 0.02850619 0.1872715 -1.446817 0.9974582 -3.102041
42 0.1708579 0.009936064 0 0.09596362 -0.0161555 0.1555478
43 0.0049 0 0 0 0 0
44 0.5171545 -0.2663316 0.2896972 2.471763 -0.8002608 -0.3585437
45 0.1972673 0 0 0.2818218 0.2555719 -1.485518
46 0.05363192 -0.1692977 0 -0.01016448 1.862645E-09 -1.235471
47 0.0006023012 -0.03346459 -0.04911327 -0.01610224 0.09776893 -1.72124
48 0.000602576 -0.03346451 0.0491133 0.01626179 -0.05150898 -1.720129
49 0 -0.00544714 0 -1.567806 0.06974022 -1.52616
50 0.1349337 0.007935909 0.1169305 -0.3698463 -0.3573913 -0.3631254
51 0.06775701 0 0 0 0 0.5052363
52 0.07025615 0 0 0.06665358 0.2321477 -0.07679735
53 0.05538215 -0.1613821 0 -1.818989E-12 4.908495E-05 -1.435881
54 0.1349336 0.007935909 -0.116931 0.3938885 0.0759824 -0.3655359
55 0.067757 0 0 0 0 0.9279503
56 0.0702562 0 0 0.02127993 0.07530696 -0.6330866
57 0.0553822 -0.161382 0 1.818989E-12 -5.42615E-05 -1.435881
time 120
0 0 0 0 0 0 0
1 -0.007550627 0.3636559 0.008121142 -5.004721E-09 -0.3751737 -0.01579943
2 0 0.002591992 0 -1.393257 0.06425606 1.534445
3 0.152 0 0 0.04656857 0.03550458 0.04554577
4 0.05880687 0.02725044 -0.08225372 2.78391 1.365579 1.199877
5 0.159303 0.002208193 0.0009686507 -0.3786257 0.1028709 -0.7302337
6 0.122 0 0 0 0 -1.365828
7 0.1347621 0 0 -0.4804021 0 0
8 0.1343401 0 0 0.8884769 -0.5785519 -0.4762307
9 0.1197383 0 6.123017E-05 0.001768601 -0.005259709 -0.3728327
10 0.04880161 0 0 0 0 -0.2194141
11 0.04874135 -0.0476583 0.06862446 0.797745 -0.5614887 0.1499991
12 0.06127064 0 0 0.07454634 0.2180856 -0.09955539
13 0.1028249 0 0 -0.1176855 -0.09469986 -0.01050035
14 0.05880699 0.02725041 0.0822537 -1.570798 1.371291 -0.03702761
15 -0.1009997 0 0 -1.933595 0.814146 -1.082493
16 -0.1219999 0 0 1.365969E-06 -3.730286E-06 -0.9161091
17 -0.1347622 0 0 -0.1350175 0 0
18 -0.1343399 0 0 1.333693 0.1181159 0.277124
19 -0.1197386 0 -6.123033E-05 -0.001372244 -0.005376858 0.2012115
20 -0.04880161 0 0 0 0 -0.707715
21 -0.1889133 0.06475638 -0.0265498 -3.139415 -0.005103788 -0.4518085
22 -0.04874142 0.04765864 -0.06862451 1.787741 -0.276586 -0.7554917
23 -0.06127064 0 0 -0.06257772 0.2217633 -0.7094637
24 -0.1028246 0 0 -0.1176855 -0.09469986 -0.01050035
25 0.1304068 0.1682832 0 -3.007593 0.1950749 2.452025
26 0.08318153 0 0 4.001777E-11 0.0002921453 -0.258319
27 0.1212126 0 0 -2.000888E-11 -0.0002427125 -0.1676511
28 0.1593245 0 0 8.725465E-12 3.606853E-05 0.01779384
29 0.1629549 -0.03085744 -0.1610555 -2.159267 1.216329 2.05589
30 0.1374714 0 0 0.08679721 0.551026 -0.4392093
31 0.0939494 0.006642963 -0.02764245 -0.1763414 -0.5258198 -0.5778598
32 0.1246999 0 0 -0.1583484 -0.04283951 -0.3145339
33 0.1734372 0 0 0.04158778 0.005303288 -0.09862331
34 0.12573 -0.04762238 0.1773828 -2.290864 0.7490723 -1.197933
35 -0.1374712 0 0 -0.003631278 0.5571113 -0.6107717
36 -0.06898984 0 0 -0.2124514 -0.3655229 -0.4758064
37 -0.1247 0 0 -0.2580072 0.1307199 -0.1149974
38 -0.1734369 0 0 -0.1314012 0.2881516 0.5753162
39 0.1243187 0.1711765 1.767185E-07 -0.09941913 0.007817706 1.46322
40 0.128564 0.1071712 -0.1867254 -1.434837 0.9898705 0.05015553
41 0.0984958 0.02850619 0.1872715 -1.437025 0.9871831 -3.089807
42 0.1708579 0.009936064 0 0.09795796 -0.01861366 0.1494011
43 0.0049 0 0 0 0 0
44 0.5171545 -0.2663316 0.2896972 2.478084 -0.8011964 -0.3673801
45 0.1972673 0 0 0.2827632 0.251177 -1.481156
46 0.05363192 -0.1692977 0 -0.01582935 2.328306E-09 -1.228029
47 0.0006023012 -0.03346459 -0.04911327 -0.01647843 0.0889462 -1.726041
48 0.000602576 -0.03346451 0.0491133 0.0167567 -0.05963764 -1.7253
49 0 -0.00544714 0 -1.567783 0.07391664 -1.52604
50 0.1349337 0.007935909 0.1169305 -0.3712875 -0.3540803 -0.3671584
51 0.06775701 0 0 0 0 0.4867791
52 0.07025615 0 0 0.0660276 0.2301661 -0.05910219
53 0.05538215 -0.1613821 0 -1.818989E-12 4.908495E-05 -1.435881
54 0.1349336 0.007935909 -0.116931 0.3932033 0.07245201 -0.3791502
55 0.067757 0 0 0 0 0.9261358
56 0.0702562 0 0 0.02299969 0.081365 -0.6230351
57 0.0553822 -0.161382 0 1.818989E-12 -5.42615E-05 -1.435881
end
